config_id,seed,mode,objective,objective_mode,score_mean,score_std,val_loss_mean,val_loss_std,val_acc_mean,val_acc_std,best_epoch_mean,best_epoch_std,train_time_sec,config_json
caef39297887,42,holdout,val_loss,min,0.12037073232629047,0.0,0.12037073232629047,0.0,0.96,0.0,104.0,0.0,0.2123262882232666,"{""callbacks"": {""early_stopping"": true, ""min_delta"": 0.0, ""mode"": ""auto"", ""monitor"": ""val_loss"", ""patience"": 40, ""restore_best_weights"": true, ""verbose"": 0}, ""cv"": {""k"": 5, ""seed"": 42, ""shuffle"": true}, ""data"": {""train_path"": ""data/MONK/MONK1/monks-1.train""}, ""model"": {""activation"": ""tanh"", ""dropout"": 0.0, ""hidden_units"": [4]}, ""optim"": {""lr"": 0.3, ""momentum"": 0.5, ""name"": ""sgd""}, ""regularizer"": {""l2"": 0.0}, ""seed"": 42, ""split"": {""stratified"": true, ""val_size"": 0.2}, ""training"": {""batch_size"": 32, ""epochs"": 1000, ""include_reg_in_val"": false, ""shuffle"": true}}"
d73e64a69237,42,holdout,val_loss,min,0.12037073232629047,0.0,0.12037073232629047,0.0,0.96,0.0,104.0,0.0,0.2214655876159668,"{""callbacks"": {""early_stopping"": true, ""min_delta"": 0.0, ""mode"": ""auto"", ""monitor"": ""val_loss"", ""patience"": 40, ""restore_best_weights"": true, ""verbose"": 0}, ""cv"": {""k"": 5, ""seed"": 42, ""shuffle"": true}, ""data"": {""train_path"": ""data/MONK/MONK1/monks-1.train""}, ""model"": {""activation"": ""tanh"", ""dropout"": 0.0, ""hidden_units"": [4]}, ""optim"": {""lr"": 0.3, ""momentum"": 0.5, ""name"": ""sgd""}, ""regularizer"": {""l2"": 0.0}, ""seed"": 42, ""split"": {""stratified"": true, ""val_size"": 0.2}, ""training"": {""batch_size"": 32, ""epochs"": 800, ""include_reg_in_val"": false, ""shuffle"": true}}"
4642d8502f97,42,holdout,val_loss,min,0.006363870626386508,0.0,0.006363870626386508,0.0,1.0,0.0,800.0,0.0,1.4304497241973877,"{""callbacks"": {""early_stopping"": true, ""min_delta"": 0.0, ""mode"": ""auto"", ""monitor"": ""val_loss"", ""patience"": 40, ""restore_best_weights"": true, ""verbose"": 0}, ""cv"": {""k"": 5, ""seed"": 42, ""shuffle"": true}, ""data"": {""train_path"": ""data/MONK/MONK1/monks-1.train""}, ""model"": {""activation"": ""tanh"", ""dropout"": 0.0, ""hidden_units"": [4]}, ""optim"": {""lr"": 0.3, ""momentum"": 0.0, ""name"": ""sgd""}, ""regularizer"": {""l2"": 0.0}, ""seed"": 42, ""split"": {""stratified"": true, ""val_size"": 0.2}, ""training"": {""batch_size"": 32, ""epochs"": 800, ""include_reg_in_val"": false, ""shuffle"": true}}"
7a4e5caf62da,42,holdout,val_loss,min,0.1456058259471567,0.0,0.1456058259471567,0.0,0.96,0.0,98.0,0.0,0.28484392166137695,"{""callbacks"": {""early_stopping"": true, ""min_delta"": 0.0, ""mode"": ""auto"", ""monitor"": ""val_loss"", ""patience"": 40, ""restore_best_weights"": true, ""verbose"": 0}, ""cv"": {""k"": 5, ""seed"": 42, ""shuffle"": true}, ""data"": {""train_path"": ""data/MONK/MONK1/monks-1.train""}, ""model"": {""activation"": ""tanh"", ""dropout"": 0.0, ""hidden_units"": [4]}, ""optim"": {""lr"": 0.3, ""momentum"": 0.9, ""name"": ""sgd""}, ""regularizer"": {""l2"": 0.0}, ""seed"": 42, ""split"": {""stratified"": true, ""val_size"": 0.2}, ""training"": {""batch_size"": 32, ""epochs"": 800, ""include_reg_in_val"": false, ""shuffle"": true}}"
c8bfbe79ef21,42,holdout,val_loss,min,0.1456058259471567,0.0,0.1456058259471567,0.0,0.96,0.0,98.0,0.0,0.2965521812438965,"{""callbacks"": {""early_stopping"": true, ""min_delta"": 0.0, ""mode"": ""auto"", ""monitor"": ""val_loss"", ""patience"": 40, ""restore_best_weights"": true, ""verbose"": 0}, ""cv"": {""k"": 5, ""seed"": 42, ""shuffle"": true}, ""data"": {""train_path"": ""data/MONK/MONK1/monks-1.train""}, ""model"": {""activation"": ""tanh"", ""dropout"": 0.0, ""hidden_units"": [4]}, ""optim"": {""lr"": 0.3, ""momentum"": 0.9, ""name"": ""sgd""}, ""regularizer"": {""l2"": 0.0}, ""seed"": 42, ""split"": {""stratified"": true, ""val_size"": 0.2}, ""training"": {""batch_size"": 32, ""epochs"": 1000, ""include_reg_in_val"": false, ""shuffle"": true}}"
60d4d168b4f1,42,holdout,val_loss,min,0.023033547356028944,0.0,0.023033547356028944,0.0,1.0,0.0,754.0,0.0,1.9843149185180664,"{""callbacks"": {""early_stopping"": true, ""min_delta"": 0.0, ""mode"": ""auto"", ""monitor"": ""val_loss"", ""patience"": 40, ""restore_best_weights"": true, ""verbose"": 0}, ""cv"": {""k"": 5, ""seed"": 42, ""shuffle"": true}, ""data"": {""train_path"": ""data/MONK/MONK1/monks-1.train""}, ""model"": {""activation"": ""tanh"", ""dropout"": 0.0, ""hidden_units"": [4]}, ""optim"": {""lr"": 0.3, ""momentum"": 0.9, ""name"": ""sgd""}, ""regularizer"": {""l2"": 0.0}, ""seed"": 42, ""split"": {""stratified"": true, ""val_size"": 0.2}, ""training"": {""batch_size"": 16, ""epochs"": 800, ""include_reg_in_val"": false, ""shuffle"": true}}"
5ab2c3b06e0e,42,holdout,val_loss,min,0.0025235423555064274,0.0,0.0025235423555064274,0.0,1.0,0.0,1000.0,0.0,2.3129382133483887,"{""callbacks"": {""early_stopping"": true, ""min_delta"": 0.0, ""mode"": ""auto"", ""monitor"": ""val_loss"", ""patience"": 40, ""restore_best_weights"": true, ""verbose"": 0}, ""cv"": {""k"": 5, ""seed"": 42, ""shuffle"": true}, ""data"": {""train_path"": ""data/MONK/MONK1/monks-1.train""}, ""model"": {""activation"": ""tanh"", ""dropout"": 0.0, ""hidden_units"": [4]}, ""optim"": {""lr"": 0.3, ""momentum"": 0.0, ""name"": ""sgd""}, ""regularizer"": {""l2"": 0.0}, ""seed"": 42, ""split"": {""stratified"": true, ""val_size"": 0.2}, ""training"": {""batch_size"": 16, ""epochs"": 1000, ""include_reg_in_val"": false, ""shuffle"": true}}"
d83a43052b21,42,holdout,val_loss,min,0.003406695849079136,0.0,0.003406695849079136,0.0,1.0,0.0,800.0,0.0,2.3303256034851074,"{""callbacks"": {""early_stopping"": true, ""min_delta"": 0.0, ""mode"": ""auto"", ""monitor"": ""val_loss"", ""patience"": 40, ""restore_best_weights"": true, ""verbose"": 0}, ""cv"": {""k"": 5, ""seed"": 42, ""shuffle"": true}, ""data"": {""train_path"": ""data/MONK/MONK1/monks-1.train""}, ""model"": {""activation"": ""tanh"", ""dropout"": 0.0, ""hidden_units"": [4]}, ""optim"": {""lr"": 0.3, ""momentum"": 0.0, ""name"": ""sgd""}, ""regularizer"": {""l2"": 0.0}, ""seed"": 42, ""split"": {""stratified"": true, ""val_size"": 0.2}, ""training"": {""batch_size"": 16, ""epochs"": 800, ""include_reg_in_val"": false, ""shuffle"": true}}"
65566bcf335a,42,holdout,val_loss,min,0.023033547356028944,0.0,0.023033547356028944,0.0,1.0,0.0,754.0,0.0,2.1526308059692383,"{""callbacks"": {""early_stopping"": true, ""min_delta"": 0.0, ""mode"": ""auto"", ""monitor"": ""val_loss"", ""patience"": 40, ""restore_best_weights"": true, ""verbose"": 0}, ""cv"": {""k"": 5, ""seed"": 42, ""shuffle"": true}, ""data"": {""train_path"": ""data/MONK/MONK1/monks-1.train""}, ""model"": {""activation"": ""tanh"", ""dropout"": 0.0, ""hidden_units"": [4]}, ""optim"": {""lr"": 0.3, ""momentum"": 0.9, ""name"": ""sgd""}, ""regularizer"": {""l2"": 0.0}, ""seed"": 42, ""split"": {""stratified"": true, ""val_size"": 0.2}, ""training"": {""batch_size"": 16, ""epochs"": 1000, ""include_reg_in_val"": false, ""shuffle"": true}}"
ec978bad7c11,42,holdout,val_loss,min,0.0016671231239531307,0.0,0.0016671231239531307,0.0,1.0,0.0,800.0,0.0,2.3795166015625,"{""callbacks"": {""early_stopping"": true, ""min_delta"": 0.0, ""mode"": ""auto"", ""monitor"": ""val_loss"", ""patience"": 40, ""restore_best_weights"": true, ""verbose"": 0}, ""cv"": {""k"": 5, ""seed"": 42, ""shuffle"": true}, ""data"": {""train_path"": ""data/MONK/MONK1/monks-1.train""}, ""model"": {""activation"": ""tanh"", ""dropout"": 0.0, ""hidden_units"": [4]}, ""optim"": {""lr"": 0.3, ""momentum"": 0.5, ""name"": ""sgd""}, ""regularizer"": {""l2"": 0.0}, ""seed"": 42, ""split"": {""stratified"": true, ""val_size"": 0.2}, ""training"": {""batch_size"": 16, ""epochs"": 800, ""include_reg_in_val"": false, ""shuffle"": true}}"
f978fd827059,42,holdout,val_loss,min,0.0012587544255719607,0.0,0.0012587544255719607,0.0,1.0,0.0,999.0,0.0,2.609415292739868,"{""callbacks"": {""early_stopping"": true, ""min_delta"": 0.0, ""mode"": ""auto"", ""monitor"": ""val_loss"", ""patience"": 40, ""restore_best_weights"": true, ""verbose"": 0}, ""cv"": {""k"": 5, ""seed"": 42, ""shuffle"": true}, ""data"": {""train_path"": ""data/MONK/MONK1/monks-1.train""}, ""model"": {""activation"": ""tanh"", ""dropout"": 0.0, ""hidden_units"": [4]}, ""optim"": {""lr"": 0.3, ""momentum"": 0.5, ""name"": ""sgd""}, ""regularizer"": {""l2"": 0.0}, ""seed"": 42, ""split"": {""stratified"": true, ""val_size"": 0.2}, ""training"": {""batch_size"": 16, ""epochs"": 1000, ""include_reg_in_val"": false, ""shuffle"": true}}"
7914cff295d1,42,holdout,val_loss,min,0.0045787552828174686,0.0,0.0045787552828174686,0.0,1.0,0.0,1000.0,0.0,1.666370153427124,"{""callbacks"": {""early_stopping"": true, ""min_delta"": 0.0, ""mode"": ""auto"", ""monitor"": ""val_loss"", ""patience"": 40, ""restore_best_weights"": true, ""verbose"": 0}, ""cv"": {""k"": 5, ""seed"": 42, ""shuffle"": true}, ""data"": {""train_path"": ""data/MONK/MONK1/monks-1.train""}, ""model"": {""activation"": ""tanh"", ""dropout"": 0.0, ""hidden_units"": [4]}, ""optim"": {""lr"": 0.3, ""momentum"": 0.0, ""name"": ""sgd""}, ""regularizer"": {""l2"": 0.0}, ""seed"": 42, ""split"": {""stratified"": true, ""val_size"": 0.2}, ""training"": {""batch_size"": 32, ""epochs"": 1000, ""include_reg_in_val"": false, ""shuffle"": true}}"
dd364f71abc0,42,holdout,val_loss,min,0.008369516246800325,0.0,0.008369516246800325,0.0,1.0,0.0,800.0,0.0,1.2450122833251953,"{""callbacks"": {""early_stopping"": true, ""min_delta"": 0.0, ""mode"": ""auto"", ""monitor"": ""val_loss"", ""patience"": 40, ""restore_best_weights"": true, ""verbose"": 0}, ""cv"": {""k"": 5, ""seed"": 42, ""shuffle"": true}, ""data"": {""train_path"": ""data/MONK/MONK1/monks-1.train""}, ""model"": {""activation"": ""tanh"", ""dropout"": 0.0, ""hidden_units"": [4]}, ""optim"": {""lr"": 0.2, ""momentum"": 0.0, ""name"": ""sgd""}, ""regularizer"": {""l2"": 0.0}, ""seed"": 42, ""split"": {""stratified"": true, ""val_size"": 0.2}, ""training"": {""batch_size"": 16, ""epochs"": 800, ""include_reg_in_val"": false, ""shuffle"": true}}"
955f59af0072,42,holdout,val_loss,min,0.030528943722665906,0.0,0.030528943722665906,0.0,1.0,0.0,542.0,0.0,0.8813431262969971,"{""callbacks"": {""early_stopping"": true, ""min_delta"": 0.0, ""mode"": ""auto"", ""monitor"": ""val_loss"", ""patience"": 40, ""restore_best_weights"": true, ""verbose"": 0}, ""cv"": {""k"": 5, ""seed"": 42, ""shuffle"": true}, ""data"": {""train_path"": ""data/MONK/MONK1/monks-1.train""}, ""model"": {""activation"": ""tanh"", ""dropout"": 0.0, ""hidden_units"": [4]}, ""optim"": {""lr"": 0.2, ""momentum"": 0.0, ""name"": ""sgd""}, ""regularizer"": {""l2"": 0.0}, ""seed"": 42, ""split"": {""stratified"": true, ""val_size"": 0.2}, ""training"": {""batch_size"": 32, ""epochs"": 800, ""include_reg_in_val"": false, ""shuffle"": true}}"
12f95827f30c,42,holdout,val_loss,min,0.030528943722665906,0.0,0.030528943722665906,0.0,1.0,0.0,542.0,0.0,0.8805971145629883,"{""callbacks"": {""early_stopping"": true, ""min_delta"": 0.0, ""mode"": ""auto"", ""monitor"": ""val_loss"", ""patience"": 40, ""restore_best_weights"": true, ""verbose"": 0}, ""cv"": {""k"": 5, ""seed"": 42, ""shuffle"": true}, ""data"": {""train_path"": ""data/MONK/MONK1/monks-1.train""}, ""model"": {""activation"": ""tanh"", ""dropout"": 0.0, ""hidden_units"": [4]}, ""optim"": {""lr"": 0.2, ""momentum"": 0.0, ""name"": ""sgd""}, ""regularizer"": {""l2"": 0.0}, ""seed"": 42, ""split"": {""stratified"": true, ""val_size"": 0.2}, ""training"": {""batch_size"": 32, ""epochs"": 1000, ""include_reg_in_val"": false, ""shuffle"": true}}"
d574e59ab2d3,42,holdout,val_loss,min,0.1060940282245745,0.0,0.1060940282245745,0.0,0.96,0.0,54.0,0.0,0.20403718948364258,"{""callbacks"": {""early_stopping"": true, ""min_delta"": 0.0, ""mode"": ""auto"", ""monitor"": ""val_loss"", ""patience"": 40, ""restore_best_weights"": true, ""verbose"": 0}, ""cv"": {""k"": 5, ""seed"": 42, ""shuffle"": true}, ""data"": {""train_path"": ""data/MONK/MONK1/monks-1.train""}, ""model"": {""activation"": ""tanh"", ""dropout"": 0.0, ""hidden_units"": [4]}, ""optim"": {""lr"": 0.2, ""momentum"": 0.9, ""name"": ""sgd""}, ""regularizer"": {""l2"": 0.0}, ""seed"": 42, ""split"": {""stratified"": true, ""val_size"": 0.2}, ""training"": {""batch_size"": 32, ""epochs"": 800, ""include_reg_in_val"": false, ""shuffle"": true}}"
5ff016aaa18d,42,holdout,val_loss,min,0.1060940282245745,0.0,0.1060940282245745,0.0,0.96,0.0,54.0,0.0,0.2853386402130127,"{""callbacks"": {""early_stopping"": true, ""min_delta"": 0.0, ""mode"": ""auto"", ""monitor"": ""val_loss"", ""patience"": 40, ""restore_best_weights"": true, ""verbose"": 0}, ""cv"": {""k"": 5, ""seed"": 42, ""shuffle"": true}, ""data"": {""train_path"": ""data/MONK/MONK1/monks-1.train""}, ""model"": {""activation"": ""tanh"", ""dropout"": 0.0, ""hidden_units"": [4]}, ""optim"": {""lr"": 0.2, ""momentum"": 0.9, ""name"": ""sgd""}, ""regularizer"": {""l2"": 0.0}, ""seed"": 42, ""split"": {""stratified"": true, ""val_size"": 0.2}, ""training"": {""batch_size"": 32, ""epochs"": 1000, ""include_reg_in_val"": false, ""shuffle"": true}}"
fd47074264d2,42,holdout,val_loss,min,0.004258218979519588,0.0,0.004258218979519588,0.0,1.0,0.0,800.0,0.0,1.50296950340271,"{""callbacks"": {""early_stopping"": true, ""min_delta"": 0.0, ""mode"": ""auto"", ""monitor"": ""val_loss"", ""patience"": 40, ""restore_best_weights"": true, ""verbose"": 0}, ""cv"": {""k"": 5, ""seed"": 42, ""shuffle"": true}, ""data"": {""train_path"": ""data/MONK/MONK1/monks-1.train""}, ""model"": {""activation"": ""tanh"", ""dropout"": 0.0, ""hidden_units"": [4]}, ""optim"": {""lr"": 0.2, ""momentum"": 0.5, ""name"": ""sgd""}, ""regularizer"": {""l2"": 0.0}, ""seed"": 42, ""split"": {""stratified"": true, ""val_size"": 0.2}, ""training"": {""batch_size"": 32, ""epochs"": 800, ""include_reg_in_val"": false, ""shuffle"": true}}"
592b4e92cc2d,42,holdout,val_loss,min,0.003186853209974636,0.0,0.003186853209974636,0.0,1.0,0.0,971.0,0.0,2.124018669128418,"{""callbacks"": {""early_stopping"": true, ""min_delta"": 0.0, ""mode"": ""auto"", ""monitor"": ""val_loss"", ""patience"": 40, ""restore_best_weights"": true, ""verbose"": 0}, ""cv"": {""k"": 5, ""seed"": 42, ""shuffle"": true}, ""data"": {""train_path"": ""data/MONK/MONK1/monks-1.train""}, ""model"": {""activation"": ""tanh"", ""dropout"": 0.0, ""hidden_units"": [4]}, ""optim"": {""lr"": 0.2, ""momentum"": 0.5, ""name"": ""sgd""}, ""regularizer"": {""l2"": 0.0}, ""seed"": 42, ""split"": {""stratified"": true, ""val_size"": 0.2}, ""training"": {""batch_size"": 32, ""epochs"": 1000, ""include_reg_in_val"": false, ""shuffle"": true}}"
74afd9213e45,42,holdout,val_loss,min,0.0024005440165503337,0.0,0.0024005440165503337,0.0,1.0,0.0,800.0,0.0,2.180460214614868,"{""callbacks"": {""early_stopping"": true, ""min_delta"": 0.0, ""mode"": ""auto"", ""monitor"": ""val_loss"", ""patience"": 40, ""restore_best_weights"": true, ""verbose"": 0}, ""cv"": {""k"": 5, ""seed"": 42, ""shuffle"": true}, ""data"": {""train_path"": ""data/MONK/MONK1/monks-1.train""}, ""model"": {""activation"": ""tanh"", ""dropout"": 0.0, ""hidden_units"": [4]}, ""optim"": {""lr"": 0.2, ""momentum"": 0.5, ""name"": ""sgd""}, ""regularizer"": {""l2"": 0.0}, ""seed"": 42, ""split"": {""stratified"": true, ""val_size"": 0.2}, ""training"": {""batch_size"": 16, ""epochs"": 800, ""include_reg_in_val"": false, ""shuffle"": true}}"
17fcfd8bb6c1,42,holdout,val_loss,min,0.0013394710860387363,0.0,0.0013394710860387363,0.0,1.0,0.0,800.0,0.0,2.198075294494629,"{""callbacks"": {""early_stopping"": true, ""min_delta"": 0.0, ""mode"": ""auto"", ""monitor"": ""val_loss"", ""patience"": 40, ""restore_best_weights"": true, ""verbose"": 0}, ""cv"": {""k"": 5, ""seed"": 42, ""shuffle"": true}, ""data"": {""train_path"": ""data/MONK/MONK1/monks-1.train""}, ""model"": {""activation"": ""tanh"", ""dropout"": 0.0, ""hidden_units"": [4]}, ""optim"": {""lr"": 0.2, ""momentum"": 0.9, ""name"": ""sgd""}, ""regularizer"": {""l2"": 0.0}, ""seed"": 42, ""split"": {""stratified"": true, ""val_size"": 0.2}, ""training"": {""batch_size"": 16, ""epochs"": 800, ""include_reg_in_val"": false, ""shuffle"": true}}"
b29da44ff4f9,42,holdout,val_loss,min,0.2750656537038463,0.0,0.2750656537038463,0.0,0.84,0.0,253.0,0.0,0.4595777988433838,"{""callbacks"": {""early_stopping"": true, ""min_delta"": 0.0, ""mode"": ""auto"", ""monitor"": ""val_loss"", ""patience"": 40, ""restore_best_weights"": true, ""verbose"": 0}, ""cv"": {""k"": 5, ""seed"": 42, ""shuffle"": true}, ""data"": {""train_path"": ""data/MONK/MONK1/monks-1.train""}, ""model"": {""activation"": ""tanh"", ""dropout"": 0.0, ""hidden_units"": [4]}, ""optim"": {""lr"": 0.1, ""momentum"": 0.0, ""name"": ""sgd""}, ""regularizer"": {""l2"": 0.0}, ""seed"": 42, ""split"": {""stratified"": true, ""val_size"": 0.2}, ""training"": {""batch_size"": 32, ""epochs"": 1000, ""include_reg_in_val"": false, ""shuffle"": true}}"
1997e4acd8b5,42,holdout,val_loss,min,0.0017971493397769547,0.0,0.0017971493397769547,0.0,1.0,0.0,1000.0,0.0,2.668759822845459,"{""callbacks"": {""early_stopping"": true, ""min_delta"": 0.0, ""mode"": ""auto"", ""monitor"": ""val_loss"", ""patience"": 40, ""restore_best_weights"": true, ""verbose"": 0}, ""cv"": {""k"": 5, ""seed"": 42, ""shuffle"": true}, ""data"": {""train_path"": ""data/MONK/MONK1/monks-1.train""}, ""model"": {""activation"": ""tanh"", ""dropout"": 0.0, ""hidden_units"": [4]}, ""optim"": {""lr"": 0.2, ""momentum"": 0.5, ""name"": ""sgd""}, ""regularizer"": {""l2"": 0.0}, ""seed"": 42, ""split"": {""stratified"": true, ""val_size"": 0.2}, ""training"": {""batch_size"": 16, ""epochs"": 1000, ""include_reg_in_val"": false, ""shuffle"": true}}"
57aa5694ff9a,42,holdout,val_loss,min,0.2750656537038463,0.0,0.2750656537038463,0.0,0.84,0.0,253.0,0.0,0.5762333869934082,"{""callbacks"": {""early_stopping"": true, ""min_delta"": 0.0, ""mode"": ""auto"", ""monitor"": ""val_loss"", ""patience"": 40, ""restore_best_weights"": true, ""verbose"": 0}, ""cv"": {""k"": 5, ""seed"": 42, ""shuffle"": true}, ""data"": {""train_path"": ""data/MONK/MONK1/monks-1.train""}, ""model"": {""activation"": ""tanh"", ""dropout"": 0.0, ""hidden_units"": [4]}, ""optim"": {""lr"": 0.1, ""momentum"": 0.0, ""name"": ""sgd""}, ""regularizer"": {""l2"": 0.0}, ""seed"": 42, ""split"": {""stratified"": true, ""val_size"": 0.2}, ""training"": {""batch_size"": 32, ""epochs"": 800, ""include_reg_in_val"": false, ""shuffle"": true}}"
c477c6c183c4,42,holdout,val_loss,min,0.0058705611936389025,0.0,0.0058705611936389025,0.0,1.0,0.0,1000.0,0.0,2.9684669971466064,"{""callbacks"": {""early_stopping"": true, ""min_delta"": 0.0, ""mode"": ""auto"", ""monitor"": ""val_loss"", ""patience"": 40, ""restore_best_weights"": true, ""verbose"": 0}, ""cv"": {""k"": 5, ""seed"": 42, ""shuffle"": true}, ""data"": {""train_path"": ""data/MONK/MONK1/monks-1.train""}, ""model"": {""activation"": ""tanh"", ""dropout"": 0.0, ""hidden_units"": [4]}, ""optim"": {""lr"": 0.2, ""momentum"": 0.0, ""name"": ""sgd""}, ""regularizer"": {""l2"": 0.0}, ""seed"": 42, ""split"": {""stratified"": true, ""val_size"": 0.2}, ""training"": {""batch_size"": 16, ""epochs"": 1000, ""include_reg_in_val"": false, ""shuffle"": true}}"
bea9a8b177a1,42,holdout,val_loss,min,0.030522374600472215,0.0,0.030522374600472215,0.0,1.0,0.0,543.0,0.0,0.948976993560791,"{""callbacks"": {""early_stopping"": true, ""min_delta"": 0.0, ""mode"": ""auto"", ""monitor"": ""val_loss"", ""patience"": 40, ""restore_best_weights"": true, ""verbose"": 0}, ""cv"": {""k"": 5, ""seed"": 42, ""shuffle"": true}, ""data"": {""train_path"": ""data/MONK/MONK1/monks-1.train""}, ""model"": {""activation"": ""tanh"", ""dropout"": 0.0, ""hidden_units"": [4]}, ""optim"": {""lr"": 0.1, ""momentum"": 0.5, ""name"": ""sgd""}, ""regularizer"": {""l2"": 0.0}, ""seed"": 42, ""split"": {""stratified"": true, ""val_size"": 0.2}, ""training"": {""batch_size"": 32, ""epochs"": 800, ""include_reg_in_val"": false, ""shuffle"": true}}"
6cf2b5b2f3ef,42,holdout,val_loss,min,0.02348312143549628,0.0,0.02348312143549628,0.0,1.0,0.0,800.0,0.0,2.2918381690979004,"{""callbacks"": {""early_stopping"": true, ""min_delta"": 0.0, ""mode"": ""auto"", ""monitor"": ""val_loss"", ""patience"": 40, ""restore_best_weights"": true, ""verbose"": 0}, ""cv"": {""k"": 5, ""seed"": 42, ""shuffle"": true}, ""data"": {""train_path"": ""data/MONK/MONK1/monks-1.train""}, ""model"": {""activation"": ""tanh"", ""dropout"": 0.0, ""hidden_units"": [4]}, ""optim"": {""lr"": 0.1, ""momentum"": 0.0, ""name"": ""sgd""}, ""regularizer"": {""l2"": 0.0}, ""seed"": 42, ""split"": {""stratified"": true, ""val_size"": 0.2}, ""training"": {""batch_size"": 16, ""epochs"": 800, ""include_reg_in_val"": false, ""shuffle"": true}}"
189726f53cb6,42,holdout,val_loss,min,0.030522374600472215,0.0,0.030522374600472215,0.0,1.0,0.0,543.0,0.0,1.054131269454956,"{""callbacks"": {""early_stopping"": true, ""min_delta"": 0.0, ""mode"": ""auto"", ""monitor"": ""val_loss"", ""patience"": 40, ""restore_best_weights"": true, ""verbose"": 0}, ""cv"": {""k"": 5, ""seed"": 42, ""shuffle"": true}, ""data"": {""train_path"": ""data/MONK/MONK1/monks-1.train""}, ""model"": {""activation"": ""tanh"", ""dropout"": 0.0, ""hidden_units"": [4]}, ""optim"": {""lr"": 0.1, ""momentum"": 0.5, ""name"": ""sgd""}, ""regularizer"": {""l2"": 0.0}, ""seed"": 42, ""split"": {""stratified"": true, ""val_size"": 0.2}, ""training"": {""batch_size"": 32, ""epochs"": 1000, ""include_reg_in_val"": false, ""shuffle"": true}}"
714034b15dec,42,holdout,val_loss,min,0.0980964872788903,0.0,0.0980964872788903,0.0,0.96,0.0,105.0,0.0,0.26204466819763184,"{""callbacks"": {""early_stopping"": true, ""min_delta"": 0.0, ""mode"": ""auto"", ""monitor"": ""val_loss"", ""patience"": 40, ""restore_best_weights"": true, ""verbose"": 0}, ""cv"": {""k"": 5, ""seed"": 42, ""shuffle"": true}, ""data"": {""train_path"": ""data/MONK/MONK1/monks-1.train""}, ""model"": {""activation"": ""tanh"", ""dropout"": 0.0, ""hidden_units"": [4]}, ""optim"": {""lr"": 0.1, ""momentum"": 0.9, ""name"": ""sgd""}, ""regularizer"": {""l2"": 0.0}, ""seed"": 42, ""split"": {""stratified"": true, ""val_size"": 0.2}, ""training"": {""batch_size"": 32, ""epochs"": 800, ""include_reg_in_val"": false, ""shuffle"": true}}"
942763c1a07d,42,holdout,val_loss,min,0.0009798733423847317,0.0,0.0009798733423847317,0.0,1.0,0.0,1000.0,0.0,3.0929114818573,"{""callbacks"": {""early_stopping"": true, ""min_delta"": 0.0, ""mode"": ""auto"", ""monitor"": ""val_loss"", ""patience"": 40, ""restore_best_weights"": true, ""verbose"": 0}, ""cv"": {""k"": 5, ""seed"": 42, ""shuffle"": true}, ""data"": {""train_path"": ""data/MONK/MONK1/monks-1.train""}, ""model"": {""activation"": ""tanh"", ""dropout"": 0.0, ""hidden_units"": [4]}, ""optim"": {""lr"": 0.2, ""momentum"": 0.9, ""name"": ""sgd""}, ""regularizer"": {""l2"": 0.0}, ""seed"": 42, ""split"": {""stratified"": true, ""val_size"": 0.2}, ""training"": {""batch_size"": 16, ""epochs"": 1000, ""include_reg_in_val"": false, ""shuffle"": true}}"
7e15ba626685,42,holdout,val_loss,min,0.017402995495523127,0.0,0.017402995495523127,0.0,1.0,0.0,1000.0,0.0,2.513549566268921,"{""callbacks"": {""early_stopping"": true, ""min_delta"": 0.0, ""mode"": ""auto"", ""monitor"": ""val_loss"", ""patience"": 40, ""restore_best_weights"": true, ""verbose"": 0}, ""cv"": {""k"": 5, ""seed"": 42, ""shuffle"": true}, ""data"": {""train_path"": ""data/MONK/MONK1/monks-1.train""}, ""model"": {""activation"": ""tanh"", ""dropout"": 0.0, ""hidden_units"": [4]}, ""optim"": {""lr"": 0.1, ""momentum"": 0.0, ""name"": ""sgd""}, ""regularizer"": {""l2"": 0.0}, ""seed"": 42, ""split"": {""stratified"": true, ""val_size"": 0.2}, ""training"": {""batch_size"": 16, ""epochs"": 1000, ""include_reg_in_val"": false, ""shuffle"": true}}"
5996a47ad85a,42,holdout,val_loss,min,0.0980964872788903,0.0,0.0980964872788903,0.0,0.96,0.0,105.0,0.0,0.27277064323425293,"{""callbacks"": {""early_stopping"": true, ""min_delta"": 0.0, ""mode"": ""auto"", ""monitor"": ""val_loss"", ""patience"": 40, ""restore_best_weights"": true, ""verbose"": 0}, ""cv"": {""k"": 5, ""seed"": 42, ""shuffle"": true}, ""data"": {""train_path"": ""data/MONK/MONK1/monks-1.train""}, ""model"": {""activation"": ""tanh"", ""dropout"": 0.0, ""hidden_units"": [4]}, ""optim"": {""lr"": 0.1, ""momentum"": 0.9, ""name"": ""sgd""}, ""regularizer"": {""l2"": 0.0}, ""seed"": 42, ""split"": {""stratified"": true, ""val_size"": 0.2}, ""training"": {""batch_size"": 32, ""epochs"": 1000, ""include_reg_in_val"": false, ""shuffle"": true}}"
50394dd9748b,42,holdout,val_loss,min,0.38191712185671295,0.0,0.38191712185671295,0.0,0.88,0.0,243.0,0.0,0.4471266269683838,"{""callbacks"": {""early_stopping"": true, ""min_delta"": 0.0, ""mode"": ""auto"", ""monitor"": ""val_loss"", ""patience"": 40, ""restore_best_weights"": true, ""verbose"": 0}, ""cv"": {""k"": 5, ""seed"": 42, ""shuffle"": true}, ""data"": {""train_path"": ""data/MONK/MONK1/monks-1.train""}, ""model"": {""activation"": ""tanh"", ""dropout"": 0.0, ""hidden_units"": [4]}, ""optim"": {""lr"": 0.05, ""momentum"": 0.0, ""name"": ""sgd""}, ""regularizer"": {""l2"": 0.0}, ""seed"": 42, ""split"": {""stratified"": true, ""val_size"": 0.2}, ""training"": {""batch_size"": 32, ""epochs"": 800, ""include_reg_in_val"": false, ""shuffle"": true}}"
63a9bda2ec81,42,holdout,val_loss,min,0.38191712185671295,0.0,0.38191712185671295,0.0,0.88,0.0,243.0,0.0,0.6485395431518555,"{""callbacks"": {""early_stopping"": true, ""min_delta"": 0.0, ""mode"": ""auto"", ""monitor"": ""val_loss"", ""patience"": 40, ""restore_best_weights"": true, ""verbose"": 0}, ""cv"": {""k"": 5, ""seed"": 42, ""shuffle"": true}, ""data"": {""train_path"": ""data/MONK/MONK1/monks-1.train""}, ""model"": {""activation"": ""tanh"", ""dropout"": 0.0, ""hidden_units"": [4]}, ""optim"": {""lr"": 0.05, ""momentum"": 0.0, ""name"": ""sgd""}, ""regularizer"": {""l2"": 0.0}, ""seed"": 42, ""split"": {""stratified"": true, ""val_size"": 0.2}, ""training"": {""batch_size"": 32, ""epochs"": 1000, ""include_reg_in_val"": false, ""shuffle"": true}}"
11bd60625c48,42,holdout,val_loss,min,0.008553190157297108,0.0,0.008553190157297108,0.0,1.0,0.0,800.0,0.0,2.5089657306671143,"{""callbacks"": {""early_stopping"": true, ""min_delta"": 0.0, ""mode"": ""auto"", ""monitor"": ""val_loss"", ""patience"": 40, ""restore_best_weights"": true, ""verbose"": 0}, ""cv"": {""k"": 5, ""seed"": 42, ""shuffle"": true}, ""data"": {""train_path"": ""data/MONK/MONK1/monks-1.train""}, ""model"": {""activation"": ""tanh"", ""dropout"": 0.0, ""hidden_units"": [4]}, ""optim"": {""lr"": 0.1, ""momentum"": 0.5, ""name"": ""sgd""}, ""regularizer"": {""l2"": 0.0}, ""seed"": 42, ""split"": {""stratified"": true, ""val_size"": 0.2}, ""training"": {""batch_size"": 16, ""epochs"": 800, ""include_reg_in_val"": false, ""shuffle"": true}}"
05901f8ed8dc,42,holdout,val_loss,min,0.27131805141255116,0.0,0.27131805141255116,0.0,0.84,0.0,327.0,0.0,0.935837984085083,"{""callbacks"": {""early_stopping"": true, ""min_delta"": 0.0, ""mode"": ""auto"", ""monitor"": ""val_loss"", ""patience"": 40, ""restore_best_weights"": true, ""verbose"": 0}, ""cv"": {""k"": 5, ""seed"": 42, ""shuffle"": true}, ""data"": {""train_path"": ""data/MONK/MONK1/monks-1.train""}, ""model"": {""activation"": ""tanh"", ""dropout"": 0.0, ""hidden_units"": [4]}, ""optim"": {""lr"": 0.05, ""momentum"": 0.0, ""name"": ""sgd""}, ""regularizer"": {""l2"": 0.0}, ""seed"": 42, ""split"": {""stratified"": true, ""val_size"": 0.2}, ""training"": {""batch_size"": 16, ""epochs"": 1000, ""include_reg_in_val"": false, ""shuffle"": true}}"
b3b5707ab341,42,holdout,val_loss,min,0.27131805141255116,0.0,0.27131805141255116,0.0,0.84,0.0,327.0,0.0,1.1609644889831543,"{""callbacks"": {""early_stopping"": true, ""min_delta"": 0.0, ""mode"": ""auto"", ""monitor"": ""val_loss"", ""patience"": 40, ""restore_best_weights"": true, ""verbose"": 0}, ""cv"": {""k"": 5, ""seed"": 42, ""shuffle"": true}, ""data"": {""train_path"": ""data/MONK/MONK1/monks-1.train""}, ""model"": {""activation"": ""tanh"", ""dropout"": 0.0, ""hidden_units"": [4]}, ""optim"": {""lr"": 0.05, ""momentum"": 0.0, ""name"": ""sgd""}, ""regularizer"": {""l2"": 0.0}, ""seed"": 42, ""split"": {""stratified"": true, ""val_size"": 0.2}, ""training"": {""batch_size"": 16, ""epochs"": 800, ""include_reg_in_val"": false, ""shuffle"": true}}"
fba28dc637ce,42,holdout,val_loss,min,0.27448731005567883,0.0,0.27448731005567883,0.0,0.84,0.0,244.0,0.0,0.5445351600646973,"{""callbacks"": {""early_stopping"": true, ""min_delta"": 0.0, ""mode"": ""auto"", ""monitor"": ""val_loss"", ""patience"": 40, ""restore_best_weights"": true, ""verbose"": 0}, ""cv"": {""k"": 5, ""seed"": 42, ""shuffle"": true}, ""data"": {""train_path"": ""data/MONK/MONK1/monks-1.train""}, ""model"": {""activation"": ""tanh"", ""dropout"": 0.0, ""hidden_units"": [4]}, ""optim"": {""lr"": 0.05, ""momentum"": 0.5, ""name"": ""sgd""}, ""regularizer"": {""l2"": 0.0}, ""seed"": 42, ""split"": {""stratified"": true, ""val_size"": 0.2}, ""training"": {""batch_size"": 32, ""epochs"": 800, ""include_reg_in_val"": false, ""shuffle"": true}}"
1caae2e8ee5c,42,holdout,val_loss,min,0.006254510241615627,0.0,0.006254510241615627,0.0,1.0,0.0,1000.0,0.0,2.679158926010132,"{""callbacks"": {""early_stopping"": true, ""min_delta"": 0.0, ""mode"": ""auto"", ""monitor"": ""val_loss"", ""patience"": 40, ""restore_best_weights"": true, ""verbose"": 0}, ""cv"": {""k"": 5, ""seed"": 42, ""shuffle"": true}, ""data"": {""train_path"": ""data/MONK/MONK1/monks-1.train""}, ""model"": {""activation"": ""tanh"", ""dropout"": 0.0, ""hidden_units"": [4]}, ""optim"": {""lr"": 0.1, ""momentum"": 0.5, ""name"": ""sgd""}, ""regularizer"": {""l2"": 0.0}, ""seed"": 42, ""split"": {""stratified"": true, ""val_size"": 0.2}, ""training"": {""batch_size"": 16, ""epochs"": 1000, ""include_reg_in_val"": false, ""shuffle"": true}}"
135360e0578b,42,holdout,val_loss,min,0.27448731005567883,0.0,0.27448731005567883,0.0,0.84,0.0,244.0,0.0,0.4667212963104248,"{""callbacks"": {""early_stopping"": true, ""min_delta"": 0.0, ""mode"": ""auto"", ""monitor"": ""val_loss"", ""patience"": 40, ""restore_best_weights"": true, ""verbose"": 0}, ""cv"": {""k"": 5, ""seed"": 42, ""shuffle"": true}, ""data"": {""train_path"": ""data/MONK/MONK1/monks-1.train""}, ""model"": {""activation"": ""tanh"", ""dropout"": 0.0, ""hidden_units"": [4]}, ""optim"": {""lr"": 0.05, ""momentum"": 0.5, ""name"": ""sgd""}, ""regularizer"": {""l2"": 0.0}, ""seed"": 42, ""split"": {""stratified"": true, ""val_size"": 0.2}, ""training"": {""batch_size"": 32, ""epochs"": 1000, ""include_reg_in_val"": false, ""shuffle"": true}}"
145ac628cc46,42,holdout,val_loss,min,0.0016616769029942945,0.0,0.0016616769029942945,0.0,1.0,0.0,800.0,0.0,2.4891576766967773,"{""callbacks"": {""early_stopping"": true, ""min_delta"": 0.0, ""mode"": ""auto"", ""monitor"": ""val_loss"", ""patience"": 40, ""restore_best_weights"": true, ""verbose"": 0}, ""cv"": {""k"": 5, ""seed"": 42, ""shuffle"": true}, ""data"": {""train_path"": ""data/MONK/MONK1/monks-1.train""}, ""model"": {""activation"": ""tanh"", ""dropout"": 0.0, ""hidden_units"": [4]}, ""optim"": {""lr"": 0.1, ""momentum"": 0.9, ""name"": ""sgd""}, ""regularizer"": {""l2"": 0.0}, ""seed"": 42, ""split"": {""stratified"": true, ""val_size"": 0.2}, ""training"": {""batch_size"": 16, ""epochs"": 800, ""include_reg_in_val"": false, ""shuffle"": true}}"
3b4f85e541ae,42,holdout,val_loss,min,0.0011664224510423641,0.0,0.0011664224510423641,0.0,1.0,0.0,1000.0,0.0,2.5964174270629883,"{""callbacks"": {""early_stopping"": true, ""min_delta"": 0.0, ""mode"": ""auto"", ""monitor"": ""val_loss"", ""patience"": 40, ""restore_best_weights"": true, ""verbose"": 0}, ""cv"": {""k"": 5, ""seed"": 42, ""shuffle"": true}, ""data"": {""train_path"": ""data/MONK/MONK1/monks-1.train""}, ""model"": {""activation"": ""tanh"", ""dropout"": 0.0, ""hidden_units"": [4]}, ""optim"": {""lr"": 0.1, ""momentum"": 0.9, ""name"": ""sgd""}, ""regularizer"": {""l2"": 0.0}, ""seed"": 42, ""split"": {""stratified"": true, ""val_size"": 0.2}, ""training"": {""batch_size"": 16, ""epochs"": 1000, ""include_reg_in_val"": false, ""shuffle"": true}}"
d9bb7c3a5b50,42,holdout,val_loss,min,0.02252224430632994,0.0,0.02252224430632994,0.0,1.0,0.0,800.0,0.0,2.179361343383789,"{""callbacks"": {""early_stopping"": true, ""min_delta"": 0.0, ""mode"": ""auto"", ""monitor"": ""val_loss"", ""patience"": 40, ""restore_best_weights"": true, ""verbose"": 0}, ""cv"": {""k"": 5, ""seed"": 42, ""shuffle"": true}, ""data"": {""train_path"": ""data/MONK/MONK1/monks-1.train""}, ""model"": {""activation"": ""tanh"", ""dropout"": 0.0, ""hidden_units"": [4]}, ""optim"": {""lr"": 0.05, ""momentum"": 0.5, ""name"": ""sgd""}, ""regularizer"": {""l2"": 0.0}, ""seed"": 42, ""split"": {""stratified"": true, ""val_size"": 0.2}, ""training"": {""batch_size"": 16, ""epochs"": 800, ""include_reg_in_val"": false, ""shuffle"": true}}"
75015330fe9b,42,holdout,val_loss,min,0.010282899799374213,0.0,0.010282899799374213,0.0,1.0,0.0,754.0,0.0,1.3372845649719238,"{""callbacks"": {""early_stopping"": true, ""min_delta"": 0.0, ""mode"": ""auto"", ""monitor"": ""val_loss"", ""patience"": 40, ""restore_best_weights"": true, ""verbose"": 0}, ""cv"": {""k"": 5, ""seed"": 42, ""shuffle"": true}, ""data"": {""train_path"": ""data/MONK/MONK1/monks-1.train""}, ""model"": {""activation"": ""tanh"", ""dropout"": 0.0, ""hidden_units"": [4]}, ""optim"": {""lr"": 0.05, ""momentum"": 0.9, ""name"": ""sgd""}, ""regularizer"": {""l2"": 0.0}, ""seed"": 42, ""split"": {""stratified"": true, ""val_size"": 0.2}, ""training"": {""batch_size"": 32, ""epochs"": 800, ""include_reg_in_val"": false, ""shuffle"": true}}"
94653232dd1d,42,holdout,val_loss,min,0.010282899799374213,0.0,0.010282899799374213,0.0,1.0,0.0,754.0,0.0,1.3316614627838135,"{""callbacks"": {""early_stopping"": true, ""min_delta"": 0.0, ""mode"": ""auto"", ""monitor"": ""val_loss"", ""patience"": 40, ""restore_best_weights"": true, ""verbose"": 0}, ""cv"": {""k"": 5, ""seed"": 42, ""shuffle"": true}, ""data"": {""train_path"": ""data/MONK/MONK1/monks-1.train""}, ""model"": {""activation"": ""tanh"", ""dropout"": 0.0, ""hidden_units"": [4]}, ""optim"": {""lr"": 0.05, ""momentum"": 0.9, ""name"": ""sgd""}, ""regularizer"": {""l2"": 0.0}, ""seed"": 42, ""split"": {""stratified"": true, ""val_size"": 0.2}, ""training"": {""batch_size"": 32, ""epochs"": 1000, ""include_reg_in_val"": false, ""shuffle"": true}}"
14967434a92c,42,holdout,val_loss,min,0.002390733384352224,0.0,0.002390733384352224,0.0,1.0,0.0,800.0,0.0,2.425732374191284,"{""callbacks"": {""early_stopping"": true, ""min_delta"": 0.0, ""mode"": ""auto"", ""monitor"": ""val_loss"", ""patience"": 40, ""restore_best_weights"": true, ""verbose"": 0}, ""cv"": {""k"": 5, ""seed"": 42, ""shuffle"": true}, ""data"": {""train_path"": ""data/MONK/MONK1/monks-1.train""}, ""model"": {""activation"": ""tanh"", ""dropout"": 0.0, ""hidden_units"": [4]}, ""optim"": {""lr"": 0.05, ""momentum"": 0.9, ""name"": ""sgd""}, ""regularizer"": {""l2"": 0.0}, ""seed"": 42, ""split"": {""stratified"": true, ""val_size"": 0.2}, ""training"": {""batch_size"": 16, ""epochs"": 800, ""include_reg_in_val"": false, ""shuffle"": true}}"
ed552a9462f8,42,holdout,val_loss,min,0.46110484075235375,0.0,0.46110484075235375,0.0,0.84,0.0,534.0,0.0,0.9028759002685547,"{""callbacks"": {""early_stopping"": true, ""min_delta"": 0.0, ""mode"": ""auto"", ""monitor"": ""val_loss"", ""patience"": 40, ""restore_best_weights"": true, ""verbose"": 0}, ""cv"": {""k"": 5, ""seed"": 42, ""shuffle"": true}, ""data"": {""train_path"": ""data/MONK/MONK1/monks-1.train""}, ""model"": {""activation"": ""tanh"", ""dropout"": 0.0, ""hidden_units"": [4]}, ""optim"": {""lr"": 0.01, ""momentum"": 0.0, ""name"": ""sgd""}, ""regularizer"": {""l2"": 0.0}, ""seed"": 42, ""split"": {""stratified"": true, ""val_size"": 0.2}, ""training"": {""batch_size"": 32, ""epochs"": 800, ""include_reg_in_val"": false, ""shuffle"": true}}"
92dc1d033cc3,42,holdout,val_loss,min,0.46110484075235375,0.0,0.46110484075235375,0.0,0.84,0.0,534.0,0.0,0.9263324737548828,"{""callbacks"": {""early_stopping"": true, ""min_delta"": 0.0, ""mode"": ""auto"", ""monitor"": ""val_loss"", ""patience"": 40, ""restore_best_weights"": true, ""verbose"": 0}, ""cv"": {""k"": 5, ""seed"": 42, ""shuffle"": true}, ""data"": {""train_path"": ""data/MONK/MONK1/monks-1.train""}, ""model"": {""activation"": ""tanh"", ""dropout"": 0.0, ""hidden_units"": [4]}, ""optim"": {""lr"": 0.01, ""momentum"": 0.0, ""name"": ""sgd""}, ""regularizer"": {""l2"": 0.0}, ""seed"": 42, ""split"": {""stratified"": true, ""val_size"": 0.2}, ""training"": {""batch_size"": 32, ""epochs"": 1000, ""include_reg_in_val"": false, ""shuffle"": true}}"
3d7e0aeda744,42,holdout,val_loss,min,0.35283487445062645,0.0,0.35283487445062645,0.0,0.88,0.0,800.0,0.0,2.1775856018066406,"{""callbacks"": {""early_stopping"": true, ""min_delta"": 0.0, ""mode"": ""auto"", ""monitor"": ""val_loss"", ""patience"": 40, ""restore_best_weights"": true, ""verbose"": 0}, ""cv"": {""k"": 5, ""seed"": 42, ""shuffle"": true}, ""data"": {""train_path"": ""data/MONK/MONK1/monks-1.train""}, ""model"": {""activation"": ""tanh"", ""dropout"": 0.0, ""hidden_units"": [4]}, ""optim"": {""lr"": 0.01, ""momentum"": 0.0, ""name"": ""sgd""}, ""regularizer"": {""l2"": 0.0}, ""seed"": 42, ""split"": {""stratified"": true, ""val_size"": 0.2}, ""training"": {""batch_size"": 16, ""epochs"": 800, ""include_reg_in_val"": false, ""shuffle"": true}}"
20513994e6ba,42,holdout,val_loss,min,0.01658473298216089,0.0,0.01658473298216089,0.0,1.0,0.0,1000.0,0.0,3.0656933784484863,"{""callbacks"": {""early_stopping"": true, ""min_delta"": 0.0, ""mode"": ""auto"", ""monitor"": ""val_loss"", ""patience"": 40, ""restore_best_weights"": true, ""verbose"": 0}, ""cv"": {""k"": 5, ""seed"": 42, ""shuffle"": true}, ""data"": {""train_path"": ""data/MONK/MONK1/monks-1.train""}, ""model"": {""activation"": ""tanh"", ""dropout"": 0.0, ""hidden_units"": [4]}, ""optim"": {""lr"": 0.05, ""momentum"": 0.5, ""name"": ""sgd""}, ""regularizer"": {""l2"": 0.0}, ""seed"": 42, ""split"": {""stratified"": true, ""val_size"": 0.2}, ""training"": {""batch_size"": 16, ""epochs"": 1000, ""include_reg_in_val"": false, ""shuffle"": true}}"
a34bec5c1ece,42,holdout,val_loss,min,0.0016618903988955607,0.0,0.0016618903988955607,0.0,1.0,0.0,1000.0,0.0,3.0114502906799316,"{""callbacks"": {""early_stopping"": true, ""min_delta"": 0.0, ""mode"": ""auto"", ""monitor"": ""val_loss"", ""patience"": 40, ""restore_best_weights"": true, ""verbose"": 0}, ""cv"": {""k"": 5, ""seed"": 42, ""shuffle"": true}, ""data"": {""train_path"": ""data/MONK/MONK1/monks-1.train""}, ""model"": {""activation"": ""tanh"", ""dropout"": 0.0, ""hidden_units"": [4]}, ""optim"": {""lr"": 0.05, ""momentum"": 0.9, ""name"": ""sgd""}, ""regularizer"": {""l2"": 0.0}, ""seed"": 42, ""split"": {""stratified"": true, ""val_size"": 0.2}, ""training"": {""batch_size"": 16, ""epochs"": 1000, ""include_reg_in_val"": false, ""shuffle"": true}}"
eb267a1175f2,42,holdout,val_loss,min,0.2689436578117749,0.0,0.2689436578117749,0.0,0.84,0.0,172.0,0.0,0.6357264518737793,"{""callbacks"": {""early_stopping"": true, ""min_delta"": 0.0, ""mode"": ""auto"", ""monitor"": ""val_loss"", ""patience"": 40, ""restore_best_weights"": true, ""verbose"": 0}, ""cv"": {""k"": 5, ""seed"": 42, ""shuffle"": true}, ""data"": {""train_path"": ""data/MONK/MONK1/monks-1.train""}, ""model"": {""activation"": ""tanh"", ""dropout"": 0.0, ""hidden_units"": [4]}, ""optim"": {""lr"": 0.01, ""momentum"": 0.9, ""name"": ""sgd""}, ""regularizer"": {""l2"": 0.0}, ""seed"": 42, ""split"": {""stratified"": true, ""val_size"": 0.2}, ""training"": {""batch_size"": 16, ""epochs"": 800, ""include_reg_in_val"": false, ""shuffle"": true}}"
c1f9b396c938,42,holdout,val_loss,min,0.2689436578117749,0.0,0.2689436578117749,0.0,0.84,0.0,172.0,0.0,0.6536209583282471,"{""callbacks"": {""early_stopping"": true, ""min_delta"": 0.0, ""mode"": ""auto"", ""monitor"": ""val_loss"", ""patience"": 40, ""restore_best_weights"": true, ""verbose"": 0}, ""cv"": {""k"": 5, ""seed"": 42, ""shuffle"": true}, ""data"": {""train_path"": ""data/MONK/MONK1/monks-1.train""}, ""model"": {""activation"": ""tanh"", ""dropout"": 0.0, ""hidden_units"": [4]}, ""optim"": {""lr"": 0.01, ""momentum"": 0.9, ""name"": ""sgd""}, ""regularizer"": {""l2"": 0.0}, ""seed"": 42, ""split"": {""stratified"": true, ""val_size"": 0.2}, ""training"": {""batch_size"": 16, ""epochs"": 1000, ""include_reg_in_val"": false, ""shuffle"": true}}"
763630e6b859,42,holdout,val_loss,min,0.3154665132888731,0.0,0.3154665132888731,0.0,0.88,0.0,998.0,0.0,2.375694751739502,"{""callbacks"": {""early_stopping"": true, ""min_delta"": 0.0, ""mode"": ""auto"", ""monitor"": ""val_loss"", ""patience"": 40, ""restore_best_weights"": true, ""verbose"": 0}, ""cv"": {""k"": 5, ""seed"": 42, ""shuffle"": true}, ""data"": {""train_path"": ""data/MONK/MONK1/monks-1.train""}, ""model"": {""activation"": ""tanh"", ""dropout"": 0.0, ""hidden_units"": [4]}, ""optim"": {""lr"": 0.01, ""momentum"": 0.0, ""name"": ""sgd""}, ""regularizer"": {""l2"": 0.0}, ""seed"": 42, ""split"": {""stratified"": true, ""val_size"": 0.2}, ""training"": {""batch_size"": 16, ""epochs"": 1000, ""include_reg_in_val"": false, ""shuffle"": true}}"
6a606be4d734,42,holdout,val_loss,min,0.28133107920081124,0.0,0.28133107920081124,0.0,0.84,0.0,679.0,0.0,1.9270591735839844,"{""callbacks"": {""early_stopping"": true, ""min_delta"": 0.0, ""mode"": ""auto"", ""monitor"": ""val_loss"", ""patience"": 40, ""restore_best_weights"": true, ""verbose"": 0}, ""cv"": {""k"": 5, ""seed"": 42, ""shuffle"": true}, ""data"": {""train_path"": ""data/MONK/MONK1/monks-1.train""}, ""model"": {""activation"": ""tanh"", ""dropout"": 0.0, ""hidden_units"": [4]}, ""optim"": {""lr"": 0.01, ""momentum"": 0.5, ""name"": ""sgd""}, ""regularizer"": {""l2"": 0.0}, ""seed"": 42, ""split"": {""stratified"": true, ""val_size"": 0.2}, ""training"": {""batch_size"": 16, ""epochs"": 800, ""include_reg_in_val"": false, ""shuffle"": true}}"
9e8bcdcc3d7a,42,holdout,val_loss,min,0.33311842937884056,0.0,0.33311842937884056,0.0,0.88,0.0,800.0,0.0,1.4334323406219482,"{""callbacks"": {""early_stopping"": true, ""min_delta"": 0.0, ""mode"": ""auto"", ""monitor"": ""val_loss"", ""patience"": 40, ""restore_best_weights"": true, ""verbose"": 0}, ""cv"": {""k"": 5, ""seed"": 42, ""shuffle"": true}, ""data"": {""train_path"": ""data/MONK/MONK1/monks-1.train""}, ""model"": {""activation"": ""tanh"", ""dropout"": 0.0, ""hidden_units"": [4]}, ""optim"": {""lr"": 0.01, ""momentum"": 0.5, ""name"": ""sgd""}, ""regularizer"": {""l2"": 0.0}, ""seed"": 42, ""split"": {""stratified"": true, ""val_size"": 0.2}, ""training"": {""batch_size"": 32, ""epochs"": 800, ""include_reg_in_val"": false, ""shuffle"": true}}"
1b443c57790f,42,holdout,val_loss,min,0.2787390743393291,0.0,0.2787390743393291,0.0,0.84,0.0,248.0,0.0,0.7695574760437012,"{""callbacks"": {""early_stopping"": true, ""min_delta"": 0.0, ""mode"": ""auto"", ""monitor"": ""val_loss"", ""patience"": 40, ""restore_best_weights"": true, ""verbose"": 0}, ""cv"": {""k"": 5, ""seed"": 42, ""shuffle"": true}, ""data"": {""train_path"": ""data/MONK/MONK1/monks-1.train""}, ""model"": {""activation"": ""tanh"", ""dropout"": 0.0, ""hidden_units"": [4]}, ""optim"": {""lr"": 0.01, ""momentum"": 0.9, ""name"": ""sgd""}, ""regularizer"": {""l2"": 0.0}, ""seed"": 42, ""split"": {""stratified"": true, ""val_size"": 0.2}, ""training"": {""batch_size"": 32, ""epochs"": 1000, ""include_reg_in_val"": false, ""shuffle"": true}}"
7351a3a1d871,42,holdout,val_loss,min,0.2787390743393291,0.0,0.2787390743393291,0.0,0.84,0.0,248.0,0.0,0.8057787418365479,"{""callbacks"": {""early_stopping"": true, ""min_delta"": 0.0, ""mode"": ""auto"", ""monitor"": ""val_loss"", ""patience"": 40, ""restore_best_weights"": true, ""verbose"": 0}, ""cv"": {""k"": 5, ""seed"": 42, ""shuffle"": true}, ""data"": {""train_path"": ""data/MONK/MONK1/monks-1.train""}, ""model"": {""activation"": ""tanh"", ""dropout"": 0.0, ""hidden_units"": [4]}, ""optim"": {""lr"": 0.01, ""momentum"": 0.9, ""name"": ""sgd""}, ""regularizer"": {""l2"": 0.0}, ""seed"": 42, ""split"": {""stratified"": true, ""val_size"": 0.2}, ""training"": {""batch_size"": 32, ""epochs"": 800, ""include_reg_in_val"": false, ""shuffle"": true}}"
6a83ee92c7d5,42,holdout,val_loss,min,0.3029669818803027,0.0,0.3029669818803027,0.0,0.84,0.0,966.0,0.0,1.7739653587341309,"{""callbacks"": {""early_stopping"": true, ""min_delta"": 0.0, ""mode"": ""auto"", ""monitor"": ""val_loss"", ""patience"": 40, ""restore_best_weights"": true, ""verbose"": 0}, ""cv"": {""k"": 5, ""seed"": 42, ""shuffle"": true}, ""data"": {""train_path"": ""data/MONK/MONK1/monks-1.train""}, ""model"": {""activation"": ""tanh"", ""dropout"": 0.0, ""hidden_units"": [4]}, ""optim"": {""lr"": 0.01, ""momentum"": 0.5, ""name"": ""sgd""}, ""regularizer"": {""l2"": 0.0}, ""seed"": 42, ""split"": {""stratified"": true, ""val_size"": 0.2}, ""training"": {""batch_size"": 32, ""epochs"": 1000, ""include_reg_in_val"": false, ""shuffle"": true}}"
5afa79918c08,42,holdout,val_loss,min,0.6636796689879968,0.0,0.6636796689879968,0.0,0.6,0.0,800.0,0.0,1.3652677536010742,"{""callbacks"": {""early_stopping"": true, ""min_delta"": 0.0, ""mode"": ""auto"", ""monitor"": ""val_loss"", ""patience"": 40, ""restore_best_weights"": true, ""verbose"": 0}, ""cv"": {""k"": 5, ""seed"": 42, ""shuffle"": true}, ""data"": {""train_path"": ""data/MONK/MONK1/monks-1.train""}, ""model"": {""activation"": ""tanh"", ""dropout"": 0.0, ""hidden_units"": [4]}, ""optim"": {""lr"": 0.001, ""momentum"": 0.0, ""name"": ""sgd""}, ""regularizer"": {""l2"": 0.0}, ""seed"": 42, ""split"": {""stratified"": true, ""val_size"": 0.2}, ""training"": {""batch_size"": 32, ""epochs"": 800, ""include_reg_in_val"": false, ""shuffle"": true}}"
fb761865a5cc,42,holdout,val_loss,min,0.28133107920081124,0.0,0.28133107920081124,0.0,0.84,0.0,679.0,0.0,2.6312520503997803,"{""callbacks"": {""early_stopping"": true, ""min_delta"": 0.0, ""mode"": ""auto"", ""monitor"": ""val_loss"", ""patience"": 40, ""restore_best_weights"": true, ""verbose"": 0}, ""cv"": {""k"": 5, ""seed"": 42, ""shuffle"": true}, ""data"": {""train_path"": ""data/MONK/MONK1/monks-1.train""}, ""model"": {""activation"": ""tanh"", ""dropout"": 0.0, ""hidden_units"": [4]}, ""optim"": {""lr"": 0.01, ""momentum"": 0.5, ""name"": ""sgd""}, ""regularizer"": {""l2"": 0.0}, ""seed"": 42, ""split"": {""stratified"": true, ""val_size"": 0.2}, ""training"": {""batch_size"": 16, ""epochs"": 1000, ""include_reg_in_val"": false, ""shuffle"": true}}"
d3fdc9d6323c,42,holdout,val_loss,min,0.6506367504416274,0.0,0.6506367504416274,0.0,0.64,0.0,1000.0,0.0,1.6989920139312744,"{""callbacks"": {""early_stopping"": true, ""min_delta"": 0.0, ""mode"": ""auto"", ""monitor"": ""val_loss"", ""patience"": 40, ""restore_best_weights"": true, ""verbose"": 0}, ""cv"": {""k"": 5, ""seed"": 42, ""shuffle"": true}, ""data"": {""train_path"": ""data/MONK/MONK1/monks-1.train""}, ""model"": {""activation"": ""tanh"", ""dropout"": 0.0, ""hidden_units"": [4]}, ""optim"": {""lr"": 0.001, ""momentum"": 0.0, ""name"": ""sgd""}, ""regularizer"": {""l2"": 0.0}, ""seed"": 42, ""split"": {""stratified"": true, ""val_size"": 0.2}, ""training"": {""batch_size"": 32, ""epochs"": 1000, ""include_reg_in_val"": false, ""shuffle"": true}}"
78aea1daee33,42,holdout,val_loss,min,0.6099772219185359,0.0,0.6099772219185359,0.0,0.72,0.0,800.0,0.0,1.4734175205230713,"{""callbacks"": {""early_stopping"": true, ""min_delta"": 0.0, ""mode"": ""auto"", ""monitor"": ""val_loss"", ""patience"": 40, ""restore_best_weights"": true, ""verbose"": 0}, ""cv"": {""k"": 5, ""seed"": 42, ""shuffle"": true}, ""data"": {""train_path"": ""data/MONK/MONK1/monks-1.train""}, ""model"": {""activation"": ""tanh"", ""dropout"": 0.0, ""hidden_units"": [4]}, ""optim"": {""lr"": 0.001, ""momentum"": 0.5, ""name"": ""sgd""}, ""regularizer"": {""l2"": 0.0}, ""seed"": 42, ""split"": {""stratified"": true, ""val_size"": 0.2}, ""training"": {""batch_size"": 32, ""epochs"": 800, ""include_reg_in_val"": false, ""shuffle"": true}}"
4352b8864541,42,holdout,val_loss,min,0.6008240764222926,0.0,0.6008240764222926,0.0,0.68,0.0,1000.0,0.0,2.6499083042144775,"{""callbacks"": {""early_stopping"": true, ""min_delta"": 0.0, ""mode"": ""auto"", ""monitor"": ""val_loss"", ""patience"": 40, ""restore_best_weights"": true, ""verbose"": 0}, ""cv"": {""k"": 5, ""seed"": 42, ""shuffle"": true}, ""data"": {""train_path"": ""data/MONK/MONK1/monks-1.train""}, ""model"": {""activation"": ""tanh"", ""dropout"": 0.0, ""hidden_units"": [4]}, ""optim"": {""lr"": 0.001, ""momentum"": 0.0, ""name"": ""sgd""}, ""regularizer"": {""l2"": 0.0}, ""seed"": 42, ""split"": {""stratified"": true, ""val_size"": 0.2}, ""training"": {""batch_size"": 16, ""epochs"": 1000, ""include_reg_in_val"": false, ""shuffle"": true}}"
556d85eb8484,42,holdout,val_loss,min,0.6239622280706884,0.0,0.6239622280706884,0.0,0.72,0.0,800.0,0.0,2.9185614585876465,"{""callbacks"": {""early_stopping"": true, ""min_delta"": 0.0, ""mode"": ""auto"", ""monitor"": ""val_loss"", ""patience"": 40, ""restore_best_weights"": true, ""verbose"": 0}, ""cv"": {""k"": 5, ""seed"": 42, ""shuffle"": true}, ""data"": {""train_path"": ""data/MONK/MONK1/monks-1.train""}, ""model"": {""activation"": ""tanh"", ""dropout"": 0.0, ""hidden_units"": [4]}, ""optim"": {""lr"": 0.001, ""momentum"": 0.0, ""name"": ""sgd""}, ""regularizer"": {""l2"": 0.0}, ""seed"": 42, ""split"": {""stratified"": true, ""val_size"": 0.2}, ""training"": {""batch_size"": 16, ""epochs"": 800, ""include_reg_in_val"": false, ""shuffle"": true}}"
277c8ad91ffc,42,holdout,val_loss,min,0.21370872653598819,0.0,0.21370872653598819,0.0,0.92,0.0,22.0,0.0,0.285219669342041,"{""callbacks"": {""early_stopping"": true, ""min_delta"": 0.0, ""mode"": ""auto"", ""monitor"": ""val_loss"", ""patience"": 40, ""restore_best_weights"": true, ""verbose"": 0}, ""cv"": {""k"": 5, ""seed"": 42, ""shuffle"": true}, ""data"": {""train_path"": ""data/MONK/MONK1/monks-1.train""}, ""model"": {""activation"": ""tanh"", ""dropout"": 0.0, ""hidden_units"": [4]}, ""optim"": {""lr"": 0.3, ""momentum"": 0.0, ""name"": ""adam""}, ""regularizer"": {""l2"": 0.0}, ""seed"": 42, ""split"": {""stratified"": true, ""val_size"": 0.2}, ""training"": {""batch_size"": 16, ""epochs"": 800, ""include_reg_in_val"": false, ""shuffle"": true}}"
63b4169b816b,42,holdout,val_loss,min,0.5836316856044218,0.0,0.5836316856044218,0.0,0.72,0.0,1000.0,0.0,1.839667558670044,"{""callbacks"": {""early_stopping"": true, ""min_delta"": 0.0, ""mode"": ""auto"", ""monitor"": ""val_loss"", ""patience"": 40, ""restore_best_weights"": true, ""verbose"": 0}, ""cv"": {""k"": 5, ""seed"": 42, ""shuffle"": true}, ""data"": {""train_path"": ""data/MONK/MONK1/monks-1.train""}, ""model"": {""activation"": ""tanh"", ""dropout"": 0.0, ""hidden_units"": [4]}, ""optim"": {""lr"": 0.001, ""momentum"": 0.5, ""name"": ""sgd""}, ""regularizer"": {""l2"": 0.0}, ""seed"": 42, ""split"": {""stratified"": true, ""val_size"": 0.2}, ""training"": {""batch_size"": 32, ""epochs"": 1000, ""include_reg_in_val"": false, ""shuffle"": true}}"
69709cb86bf4,42,holdout,val_loss,min,0.4613167178920174,0.0,0.4613167178920174,0.0,0.84,0.0,538.0,0.0,1.1374123096466064,"{""callbacks"": {""early_stopping"": true, ""min_delta"": 0.0, ""mode"": ""auto"", ""monitor"": ""val_loss"", ""patience"": 40, ""restore_best_weights"": true, ""verbose"": 0}, ""cv"": {""k"": 5, ""seed"": 42, ""shuffle"": true}, ""data"": {""train_path"": ""data/MONK/MONK1/monks-1.train""}, ""model"": {""activation"": ""tanh"", ""dropout"": 0.0, ""hidden_units"": [4]}, ""optim"": {""lr"": 0.001, ""momentum"": 0.9, ""name"": ""sgd""}, ""regularizer"": {""l2"": 0.0}, ""seed"": 42, ""split"": {""stratified"": true, ""val_size"": 0.2}, ""training"": {""batch_size"": 32, ""epochs"": 800, ""include_reg_in_val"": false, ""shuffle"": true}}"
31422b347908,42,holdout,val_loss,min,0.21370872653598819,0.0,0.21370872653598819,0.0,0.92,0.0,22.0,0.0,0.3756124973297119,"{""callbacks"": {""early_stopping"": true, ""min_delta"": 0.0, ""mode"": ""auto"", ""monitor"": ""val_loss"", ""patience"": 40, ""restore_best_weights"": true, ""verbose"": 0}, ""cv"": {""k"": 5, ""seed"": 42, ""shuffle"": true}, ""data"": {""train_path"": ""data/MONK/MONK1/monks-1.train""}, ""model"": {""activation"": ""tanh"", ""dropout"": 0.0, ""hidden_units"": [4]}, ""optim"": {""lr"": 0.3, ""momentum"": 0.0, ""name"": ""adam""}, ""regularizer"": {""l2"": 0.0}, ""seed"": 42, ""split"": {""stratified"": true, ""val_size"": 0.2}, ""training"": {""batch_size"": 16, ""epochs"": 1000, ""include_reg_in_val"": false, ""shuffle"": true}}"
65d27070b8c1,42,holdout,val_loss,min,0.5330199560400024,0.0,0.5330199560400024,0.0,0.76,0.0,800.0,0.0,2.9808530807495117,"{""callbacks"": {""early_stopping"": true, ""min_delta"": 0.0, ""mode"": ""auto"", ""monitor"": ""val_loss"", ""patience"": 40, ""restore_best_weights"": true, ""verbose"": 0}, ""cv"": {""k"": 5, ""seed"": 42, ""shuffle"": true}, ""data"": {""train_path"": ""data/MONK/MONK1/monks-1.train""}, ""model"": {""activation"": ""tanh"", ""dropout"": 0.0, ""hidden_units"": [4]}, ""optim"": {""lr"": 0.001, ""momentum"": 0.5, ""name"": ""sgd""}, ""regularizer"": {""l2"": 0.0}, ""seed"": 42, ""split"": {""stratified"": true, ""val_size"": 0.2}, ""training"": {""batch_size"": 16, ""epochs"": 800, ""include_reg_in_val"": false, ""shuffle"": true}}"
7bc258cb205c,42,holdout,val_loss,min,0.04269891347078758,0.0,0.04269891347078758,0.0,1.0,0.0,57.0,0.0,0.22157621383666992,"{""callbacks"": {""early_stopping"": true, ""min_delta"": 0.0, ""mode"": ""auto"", ""monitor"": ""val_loss"", ""patience"": 40, ""restore_best_weights"": true, ""verbose"": 0}, ""cv"": {""k"": 5, ""seed"": 42, ""shuffle"": true}, ""data"": {""train_path"": ""data/MONK/MONK1/monks-1.train""}, ""model"": {""activation"": ""tanh"", ""dropout"": 0.0, ""hidden_units"": [4]}, ""optim"": {""lr"": 0.3, ""momentum"": 0.0, ""name"": ""adam""}, ""regularizer"": {""l2"": 0.0}, ""seed"": 42, ""split"": {""stratified"": true, ""val_size"": 0.2}, ""training"": {""batch_size"": 32, ""epochs"": 800, ""include_reg_in_val"": false, ""shuffle"": true}}"
ce07c858d16c,42,holdout,val_loss,min,0.04269891347078758,0.0,0.04269891347078758,0.0,1.0,0.0,57.0,0.0,0.21940398216247559,"{""callbacks"": {""early_stopping"": true, ""min_delta"": 0.0, ""mode"": ""auto"", ""monitor"": ""val_loss"", ""patience"": 40, ""restore_best_weights"": true, ""verbose"": 0}, ""cv"": {""k"": 5, ""seed"": 42, ""shuffle"": true}, ""data"": {""train_path"": ""data/MONK/MONK1/monks-1.train""}, ""model"": {""activation"": ""tanh"", ""dropout"": 0.0, ""hidden_units"": [4]}, ""optim"": {""lr"": 0.3, ""momentum"": 0.0, ""name"": ""adam""}, ""regularizer"": {""l2"": 0.0}, ""seed"": 42, ""split"": {""stratified"": true, ""val_size"": 0.2}, ""training"": {""batch_size"": 32, ""epochs"": 1000, ""include_reg_in_val"": false, ""shuffle"": true}}"
077ca3d839af,42,holdout,val_loss,min,0.21370872653598819,0.0,0.21370872653598819,0.0,0.92,0.0,22.0,0.0,0.2782735824584961,"{""callbacks"": {""early_stopping"": true, ""min_delta"": 0.0, ""mode"": ""auto"", ""monitor"": ""val_loss"", ""patience"": 40, ""restore_best_weights"": true, ""verbose"": 0}, ""cv"": {""k"": 5, ""seed"": 42, ""shuffle"": true}, ""data"": {""train_path"": ""data/MONK/MONK1/monks-1.train""}, ""model"": {""activation"": ""tanh"", ""dropout"": 0.0, ""hidden_units"": [4]}, ""optim"": {""lr"": 0.3, ""momentum"": 0.5, ""name"": ""adam""}, ""regularizer"": {""l2"": 0.0}, ""seed"": 42, ""split"": {""stratified"": true, ""val_size"": 0.2}, ""training"": {""batch_size"": 16, ""epochs"": 800, ""include_reg_in_val"": false, ""shuffle"": true}}"
30526742ad65,42,holdout,val_loss,min,0.04269891347078758,0.0,0.04269891347078758,0.0,1.0,0.0,57.0,0.0,0.22553396224975586,"{""callbacks"": {""early_stopping"": true, ""min_delta"": 0.0, ""mode"": ""auto"", ""monitor"": ""val_loss"", ""patience"": 40, ""restore_best_weights"": true, ""verbose"": 0}, ""cv"": {""k"": 5, ""seed"": 42, ""shuffle"": true}, ""data"": {""train_path"": ""data/MONK/MONK1/monks-1.train""}, ""model"": {""activation"": ""tanh"", ""dropout"": 0.0, ""hidden_units"": [4]}, ""optim"": {""lr"": 0.3, ""momentum"": 0.5, ""name"": ""adam""}, ""regularizer"": {""l2"": 0.0}, ""seed"": 42, ""split"": {""stratified"": true, ""val_size"": 0.2}, ""training"": {""batch_size"": 32, ""epochs"": 800, ""include_reg_in_val"": false, ""shuffle"": true}}"
cf883906029b,42,holdout,val_loss,min,0.4613167178920174,0.0,0.4613167178920174,0.0,0.84,0.0,538.0,0.0,1.1014800071716309,"{""callbacks"": {""early_stopping"": true, ""min_delta"": 0.0, ""mode"": ""auto"", ""monitor"": ""val_loss"", ""patience"": 40, ""restore_best_weights"": true, ""verbose"": 0}, ""cv"": {""k"": 5, ""seed"": 42, ""shuffle"": true}, ""data"": {""train_path"": ""data/MONK/MONK1/monks-1.train""}, ""model"": {""activation"": ""tanh"", ""dropout"": 0.0, ""hidden_units"": [4]}, ""optim"": {""lr"": 0.001, ""momentum"": 0.9, ""name"": ""sgd""}, ""regularizer"": {""l2"": 0.0}, ""seed"": 42, ""split"": {""stratified"": true, ""val_size"": 0.2}, ""training"": {""batch_size"": 32, ""epochs"": 1000, ""include_reg_in_val"": false, ""shuffle"": true}}"
7c39ab4d7222,42,holdout,val_loss,min,0.21370872653598819,0.0,0.21370872653598819,0.0,0.92,0.0,22.0,0.0,0.3212921619415283,"{""callbacks"": {""early_stopping"": true, ""min_delta"": 0.0, ""mode"": ""auto"", ""monitor"": ""val_loss"", ""patience"": 40, ""restore_best_weights"": true, ""verbose"": 0}, ""cv"": {""k"": 5, ""seed"": 42, ""shuffle"": true}, ""data"": {""train_path"": ""data/MONK/MONK1/monks-1.train""}, ""model"": {""activation"": ""tanh"", ""dropout"": 0.0, ""hidden_units"": [4]}, ""optim"": {""lr"": 0.3, ""momentum"": 0.5, ""name"": ""adam""}, ""regularizer"": {""l2"": 0.0}, ""seed"": 42, ""split"": {""stratified"": true, ""val_size"": 0.2}, ""training"": {""batch_size"": 16, ""epochs"": 1000, ""include_reg_in_val"": false, ""shuffle"": true}}"
c85bca7aed19,42,holdout,val_loss,min,0.04269891347078758,0.0,0.04269891347078758,0.0,1.0,0.0,57.0,0.0,0.22835183143615723,"{""callbacks"": {""early_stopping"": true, ""min_delta"": 0.0, ""mode"": ""auto"", ""monitor"": ""val_loss"", ""patience"": 40, ""restore_best_weights"": true, ""verbose"": 0}, ""cv"": {""k"": 5, ""seed"": 42, ""shuffle"": true}, ""data"": {""train_path"": ""data/MONK/MONK1/monks-1.train""}, ""model"": {""activation"": ""tanh"", ""dropout"": 0.0, ""hidden_units"": [4]}, ""optim"": {""lr"": 0.3, ""momentum"": 0.5, ""name"": ""adam""}, ""regularizer"": {""l2"": 0.0}, ""seed"": 42, ""split"": {""stratified"": true, ""val_size"": 0.2}, ""training"": {""batch_size"": 32, ""epochs"": 1000, ""include_reg_in_val"": false, ""shuffle"": true}}"
63944347073f,42,holdout,val_loss,min,0.21370872653598819,0.0,0.21370872653598819,0.0,0.92,0.0,22.0,0.0,0.23072028160095215,"{""callbacks"": {""early_stopping"": true, ""min_delta"": 0.0, ""mode"": ""auto"", ""monitor"": ""val_loss"", ""patience"": 40, ""restore_best_weights"": true, ""verbose"": 0}, ""cv"": {""k"": 5, ""seed"": 42, ""shuffle"": true}, ""data"": {""train_path"": ""data/MONK/MONK1/monks-1.train""}, ""model"": {""activation"": ""tanh"", ""dropout"": 0.0, ""hidden_units"": [4]}, ""optim"": {""lr"": 0.3, ""momentum"": 0.9, ""name"": ""adam""}, ""regularizer"": {""l2"": 0.0}, ""seed"": 42, ""split"": {""stratified"": true, ""val_size"": 0.2}, ""training"": {""batch_size"": 16, ""epochs"": 1000, ""include_reg_in_val"": false, ""shuffle"": true}}"
4a6b2ce40710,42,holdout,val_loss,min,0.04269891347078758,0.0,0.04269891347078758,0.0,1.0,0.0,57.0,0.0,0.2150437831878662,"{""callbacks"": {""early_stopping"": true, ""min_delta"": 0.0, ""mode"": ""auto"", ""monitor"": ""val_loss"", ""patience"": 40, ""restore_best_weights"": true, ""verbose"": 0}, ""cv"": {""k"": 5, ""seed"": 42, ""shuffle"": true}, ""data"": {""train_path"": ""data/MONK/MONK1/monks-1.train""}, ""model"": {""activation"": ""tanh"", ""dropout"": 0.0, ""hidden_units"": [4]}, ""optim"": {""lr"": 0.3, ""momentum"": 0.9, ""name"": ""adam""}, ""regularizer"": {""l2"": 0.0}, ""seed"": 42, ""split"": {""stratified"": true, ""val_size"": 0.2}, ""training"": {""batch_size"": 32, ""epochs"": 800, ""include_reg_in_val"": false, ""shuffle"": true}}"
8f974a1ad950,42,holdout,val_loss,min,0.21370872653598819,0.0,0.21370872653598819,0.0,0.92,0.0,22.0,0.0,0.28354382514953613,"{""callbacks"": {""early_stopping"": true, ""min_delta"": 0.0, ""mode"": ""auto"", ""monitor"": ""val_loss"", ""patience"": 40, ""restore_best_weights"": true, ""verbose"": 0}, ""cv"": {""k"": 5, ""seed"": 42, ""shuffle"": true}, ""data"": {""train_path"": ""data/MONK/MONK1/monks-1.train""}, ""model"": {""activation"": ""tanh"", ""dropout"": 0.0, ""hidden_units"": [4]}, ""optim"": {""lr"": 0.3, ""momentum"": 0.9, ""name"": ""adam""}, ""regularizer"": {""l2"": 0.0}, ""seed"": 42, ""split"": {""stratified"": true, ""val_size"": 0.2}, ""training"": {""batch_size"": 16, ""epochs"": 800, ""include_reg_in_val"": false, ""shuffle"": true}}"
8c0c34ab83d7,42,holdout,val_loss,min,0.04269891347078758,0.0,0.04269891347078758,0.0,1.0,0.0,57.0,0.0,0.24654054641723633,"{""callbacks"": {""early_stopping"": true, ""min_delta"": 0.0, ""mode"": ""auto"", ""monitor"": ""val_loss"", ""patience"": 40, ""restore_best_weights"": true, ""verbose"": 0}, ""cv"": {""k"": 5, ""seed"": 42, ""shuffle"": true}, ""data"": {""train_path"": ""data/MONK/MONK1/monks-1.train""}, ""model"": {""activation"": ""tanh"", ""dropout"": 0.0, ""hidden_units"": [4]}, ""optim"": {""lr"": 0.3, ""momentum"": 0.9, ""name"": ""adam""}, ""regularizer"": {""l2"": 0.0}, ""seed"": 42, ""split"": {""stratified"": true, ""val_size"": 0.2}, ""training"": {""batch_size"": 32, ""epochs"": 1000, ""include_reg_in_val"": false, ""shuffle"": true}}"
8daf5c477514,42,holdout,val_loss,min,0.5003388220451481,0.0,0.5003388220451481,0.0,0.76,0.0,1000.0,0.0,3.66153883934021,"{""callbacks"": {""early_stopping"": true, ""min_delta"": 0.0, ""mode"": ""auto"", ""monitor"": ""val_loss"", ""patience"": 40, ""restore_best_weights"": true, ""verbose"": 0}, ""cv"": {""k"": 5, ""seed"": 42, ""shuffle"": true}, ""data"": {""train_path"": ""data/MONK/MONK1/monks-1.train""}, ""model"": {""activation"": ""tanh"", ""dropout"": 0.0, ""hidden_units"": [4]}, ""optim"": {""lr"": 0.001, ""momentum"": 0.5, ""name"": ""sgd""}, ""regularizer"": {""l2"": 0.0}, ""seed"": 42, ""split"": {""stratified"": true, ""val_size"": 0.2}, ""training"": {""batch_size"": 16, ""epochs"": 1000, ""include_reg_in_val"": false, ""shuffle"": true}}"
fe2a2f02edf4,42,holdout,val_loss,min,0.05893597949572984,0.0,0.05893597949572984,0.0,1.0,0.0,65.0,0.0,0.2389981746673584,"{""callbacks"": {""early_stopping"": true, ""min_delta"": 0.0, ""mode"": ""auto"", ""monitor"": ""val_loss"", ""patience"": 40, ""restore_best_weights"": true, ""verbose"": 0}, ""cv"": {""k"": 5, ""seed"": 42, ""shuffle"": true}, ""data"": {""train_path"": ""data/MONK/MONK1/monks-1.train""}, ""model"": {""activation"": ""tanh"", ""dropout"": 0.0, ""hidden_units"": [4]}, ""optim"": {""lr"": 0.2, ""momentum"": 0.0, ""name"": ""adam""}, ""regularizer"": {""l2"": 0.0}, ""seed"": 42, ""split"": {""stratified"": true, ""val_size"": 0.2}, ""training"": {""batch_size"": 32, ""epochs"": 800, ""include_reg_in_val"": false, ""shuffle"": true}}"
79d84bbe5e2e,42,holdout,val_loss,min,0.05893597949572984,0.0,0.05893597949572984,0.0,1.0,0.0,65.0,0.0,0.2625772953033447,"{""callbacks"": {""early_stopping"": true, ""min_delta"": 0.0, ""mode"": ""auto"", ""monitor"": ""val_loss"", ""patience"": 40, ""restore_best_weights"": true, ""verbose"": 0}, ""cv"": {""k"": 5, ""seed"": 42, ""shuffle"": true}, ""data"": {""train_path"": ""data/MONK/MONK1/monks-1.train""}, ""model"": {""activation"": ""tanh"", ""dropout"": 0.0, ""hidden_units"": [4]}, ""optim"": {""lr"": 0.2, ""momentum"": 0.0, ""name"": ""adam""}, ""regularizer"": {""l2"": 0.0}, ""seed"": 42, ""split"": {""stratified"": true, ""val_size"": 0.2}, ""training"": {""batch_size"": 32, ""epochs"": 1000, ""include_reg_in_val"": false, ""shuffle"": true}}"
610a7a0e3257,42,holdout,val_loss,min,0.3565414843056041,0.0,0.3565414843056041,0.0,0.88,0.0,800.0,0.0,2.723841905593872,"{""callbacks"": {""early_stopping"": true, ""min_delta"": 0.0, ""mode"": ""auto"", ""monitor"": ""val_loss"", ""patience"": 40, ""restore_best_weights"": true, ""verbose"": 0}, ""cv"": {""k"": 5, ""seed"": 42, ""shuffle"": true}, ""data"": {""train_path"": ""data/MONK/MONK1/monks-1.train""}, ""model"": {""activation"": ""tanh"", ""dropout"": 0.0, ""hidden_units"": [4]}, ""optim"": {""lr"": 0.001, ""momentum"": 0.9, ""name"": ""sgd""}, ""regularizer"": {""l2"": 0.0}, ""seed"": 42, ""split"": {""stratified"": true, ""val_size"": 0.2}, ""training"": {""batch_size"": 16, ""epochs"": 800, ""include_reg_in_val"": false, ""shuffle"": true}}"
740a6374f06f,42,holdout,val_loss,min,0.1683019669656197,0.0,0.1683019669656197,0.0,0.88,0.0,94.0,0.0,0.5113675594329834,"{""callbacks"": {""early_stopping"": true, ""min_delta"": 0.0, ""mode"": ""auto"", ""monitor"": ""val_loss"", ""patience"": 40, ""restore_best_weights"": true, ""verbose"": 0}, ""cv"": {""k"": 5, ""seed"": 42, ""shuffle"": true}, ""data"": {""train_path"": ""data/MONK/MONK1/monks-1.train""}, ""model"": {""activation"": ""tanh"", ""dropout"": 0.0, ""hidden_units"": [4]}, ""optim"": {""lr"": 0.2, ""momentum"": 0.0, ""name"": ""adam""}, ""regularizer"": {""l2"": 0.0}, ""seed"": 42, ""split"": {""stratified"": true, ""val_size"": 0.2}, ""training"": {""batch_size"": 16, ""epochs"": 800, ""include_reg_in_val"": false, ""shuffle"": true}}"
8ef401e6dff3,42,holdout,val_loss,min,0.05893597949572984,0.0,0.05893597949572984,0.0,1.0,0.0,65.0,0.0,0.23953723907470703,"{""callbacks"": {""early_stopping"": true, ""min_delta"": 0.0, ""mode"": ""auto"", ""monitor"": ""val_loss"", ""patience"": 40, ""restore_best_weights"": true, ""verbose"": 0}, ""cv"": {""k"": 5, ""seed"": 42, ""shuffle"": true}, ""data"": {""train_path"": ""data/MONK/MONK1/monks-1.train""}, ""model"": {""activation"": ""tanh"", ""dropout"": 0.0, ""hidden_units"": [4]}, ""optim"": {""lr"": 0.2, ""momentum"": 0.5, ""name"": ""adam""}, ""regularizer"": {""l2"": 0.0}, ""seed"": 42, ""split"": {""stratified"": true, ""val_size"": 0.2}, ""training"": {""batch_size"": 32, ""epochs"": 800, ""include_reg_in_val"": false, ""shuffle"": true}}"
db3845c3a134,42,holdout,val_loss,min,0.1683019669656197,0.0,0.1683019669656197,0.0,0.88,0.0,94.0,0.0,0.5116708278656006,"{""callbacks"": {""early_stopping"": true, ""min_delta"": 0.0, ""mode"": ""auto"", ""monitor"": ""val_loss"", ""patience"": 40, ""restore_best_weights"": true, ""verbose"": 0}, ""cv"": {""k"": 5, ""seed"": 42, ""shuffle"": true}, ""data"": {""train_path"": ""data/MONK/MONK1/monks-1.train""}, ""model"": {""activation"": ""tanh"", ""dropout"": 0.0, ""hidden_units"": [4]}, ""optim"": {""lr"": 0.2, ""momentum"": 0.0, ""name"": ""adam""}, ""regularizer"": {""l2"": 0.0}, ""seed"": 42, ""split"": {""stratified"": true, ""val_size"": 0.2}, ""training"": {""batch_size"": 16, ""epochs"": 1000, ""include_reg_in_val"": false, ""shuffle"": true}}"
bcf7bf58a457,42,holdout,val_loss,min,0.1683019669656197,0.0,0.1683019669656197,0.0,0.88,0.0,94.0,0.0,0.5554568767547607,"{""callbacks"": {""early_stopping"": true, ""min_delta"": 0.0, ""mode"": ""auto"", ""monitor"": ""val_loss"", ""patience"": 40, ""restore_best_weights"": true, ""verbose"": 0}, ""cv"": {""k"": 5, ""seed"": 42, ""shuffle"": true}, ""data"": {""train_path"": ""data/MONK/MONK1/monks-1.train""}, ""model"": {""activation"": ""tanh"", ""dropout"": 0.0, ""hidden_units"": [4]}, ""optim"": {""lr"": 0.2, ""momentum"": 0.5, ""name"": ""adam""}, ""regularizer"": {""l2"": 0.0}, ""seed"": 42, ""split"": {""stratified"": true, ""val_size"": 0.2}, ""training"": {""batch_size"": 16, ""epochs"": 800, ""include_reg_in_val"": false, ""shuffle"": true}}"
559ae474311f,42,holdout,val_loss,min,0.05893597949572984,0.0,0.05893597949572984,0.0,1.0,0.0,65.0,0.0,0.3072781562805176,"{""callbacks"": {""early_stopping"": true, ""min_delta"": 0.0, ""mode"": ""auto"", ""monitor"": ""val_loss"", ""patience"": 40, ""restore_best_weights"": true, ""verbose"": 0}, ""cv"": {""k"": 5, ""seed"": 42, ""shuffle"": true}, ""data"": {""train_path"": ""data/MONK/MONK1/monks-1.train""}, ""model"": {""activation"": ""tanh"", ""dropout"": 0.0, ""hidden_units"": [4]}, ""optim"": {""lr"": 0.2, ""momentum"": 0.5, ""name"": ""adam""}, ""regularizer"": {""l2"": 0.0}, ""seed"": 42, ""split"": {""stratified"": true, ""val_size"": 0.2}, ""training"": {""batch_size"": 32, ""epochs"": 1000, ""include_reg_in_val"": false, ""shuffle"": true}}"
a962dee8c8e9,42,holdout,val_loss,min,0.05893597949572984,0.0,0.05893597949572984,0.0,1.0,0.0,65.0,0.0,0.23976445198059082,"{""callbacks"": {""early_stopping"": true, ""min_delta"": 0.0, ""mode"": ""auto"", ""monitor"": ""val_loss"", ""patience"": 40, ""restore_best_weights"": true, ""verbose"": 0}, ""cv"": {""k"": 5, ""seed"": 42, ""shuffle"": true}, ""data"": {""train_path"": ""data/MONK/MONK1/monks-1.train""}, ""model"": {""activation"": ""tanh"", ""dropout"": 0.0, ""hidden_units"": [4]}, ""optim"": {""lr"": 0.2, ""momentum"": 0.9, ""name"": ""adam""}, ""regularizer"": {""l2"": 0.0}, ""seed"": 42, ""split"": {""stratified"": true, ""val_size"": 0.2}, ""training"": {""batch_size"": 32, ""epochs"": 800, ""include_reg_in_val"": false, ""shuffle"": true}}"
418358b6506e,42,holdout,val_loss,min,0.05893597949572984,0.0,0.05893597949572984,0.0,1.0,0.0,65.0,0.0,0.23825359344482422,"{""callbacks"": {""early_stopping"": true, ""min_delta"": 0.0, ""mode"": ""auto"", ""monitor"": ""val_loss"", ""patience"": 40, ""restore_best_weights"": true, ""verbose"": 0}, ""cv"": {""k"": 5, ""seed"": 42, ""shuffle"": true}, ""data"": {""train_path"": ""data/MONK/MONK1/monks-1.train""}, ""model"": {""activation"": ""tanh"", ""dropout"": 0.0, ""hidden_units"": [4]}, ""optim"": {""lr"": 0.2, ""momentum"": 0.9, ""name"": ""adam""}, ""regularizer"": {""l2"": 0.0}, ""seed"": 42, ""split"": {""stratified"": true, ""val_size"": 0.2}, ""training"": {""batch_size"": 32, ""epochs"": 1000, ""include_reg_in_val"": false, ""shuffle"": true}}"
7d9defb83f26,42,holdout,val_loss,min,0.1683019669656197,0.0,0.1683019669656197,0.0,0.88,0.0,94.0,0.0,0.5930407047271729,"{""callbacks"": {""early_stopping"": true, ""min_delta"": 0.0, ""mode"": ""auto"", ""monitor"": ""val_loss"", ""patience"": 40, ""restore_best_weights"": true, ""verbose"": 0}, ""cv"": {""k"": 5, ""seed"": 42, ""shuffle"": true}, ""data"": {""train_path"": ""data/MONK/MONK1/monks-1.train""}, ""model"": {""activation"": ""tanh"", ""dropout"": 0.0, ""hidden_units"": [4]}, ""optim"": {""lr"": 0.2, ""momentum"": 0.5, ""name"": ""adam""}, ""regularizer"": {""l2"": 0.0}, ""seed"": 42, ""split"": {""stratified"": true, ""val_size"": 0.2}, ""training"": {""batch_size"": 16, ""epochs"": 1000, ""include_reg_in_val"": false, ""shuffle"": true}}"
a8557a9b51ef,42,holdout,val_loss,min,0.1683019669656197,0.0,0.1683019669656197,0.0,0.88,0.0,94.0,0.0,0.5080862045288086,"{""callbacks"": {""early_stopping"": true, ""min_delta"": 0.0, ""mode"": ""auto"", ""monitor"": ""val_loss"", ""patience"": 40, ""restore_best_weights"": true, ""verbose"": 0}, ""cv"": {""k"": 5, ""seed"": 42, ""shuffle"": true}, ""data"": {""train_path"": ""data/MONK/MONK1/monks-1.train""}, ""model"": {""activation"": ""tanh"", ""dropout"": 0.0, ""hidden_units"": [4]}, ""optim"": {""lr"": 0.2, ""momentum"": 0.9, ""name"": ""adam""}, ""regularizer"": {""l2"": 0.0}, ""seed"": 42, ""split"": {""stratified"": true, ""val_size"": 0.2}, ""training"": {""batch_size"": 16, ""epochs"": 1000, ""include_reg_in_val"": false, ""shuffle"": true}}"
df97eded46d5,42,holdout,val_loss,min,0.1683019669656197,0.0,0.1683019669656197,0.0,0.88,0.0,94.0,0.0,0.5838315486907959,"{""callbacks"": {""early_stopping"": true, ""min_delta"": 0.0, ""mode"": ""auto"", ""monitor"": ""val_loss"", ""patience"": 40, ""restore_best_weights"": true, ""verbose"": 0}, ""cv"": {""k"": 5, ""seed"": 42, ""shuffle"": true}, ""data"": {""train_path"": ""data/MONK/MONK1/monks-1.train""}, ""model"": {""activation"": ""tanh"", ""dropout"": 0.0, ""hidden_units"": [4]}, ""optim"": {""lr"": 0.2, ""momentum"": 0.9, ""name"": ""adam""}, ""regularizer"": {""l2"": 0.0}, ""seed"": 42, ""split"": {""stratified"": true, ""val_size"": 0.2}, ""training"": {""batch_size"": 16, ""epochs"": 800, ""include_reg_in_val"": false, ""shuffle"": true}}"
4bbb1cae2da3,42,holdout,val_loss,min,0.3160911653829973,0.0,0.3160911653829973,0.0,0.88,0.0,999.0,0.0,3.0217556953430176,"{""callbacks"": {""early_stopping"": true, ""min_delta"": 0.0, ""mode"": ""auto"", ""monitor"": ""val_loss"", ""patience"": 40, ""restore_best_weights"": true, ""verbose"": 0}, ""cv"": {""k"": 5, ""seed"": 42, ""shuffle"": true}, ""data"": {""train_path"": ""data/MONK/MONK1/monks-1.train""}, ""model"": {""activation"": ""tanh"", ""dropout"": 0.0, ""hidden_units"": [4]}, ""optim"": {""lr"": 0.001, ""momentum"": 0.9, ""name"": ""sgd""}, ""regularizer"": {""l2"": 0.0}, ""seed"": 42, ""split"": {""stratified"": true, ""val_size"": 0.2}, ""training"": {""batch_size"": 16, ""epochs"": 1000, ""include_reg_in_val"": false, ""shuffle"": true}}"
73037982cbf7,42,holdout,val_loss,min,0.010378090293233016,0.0,0.010378090293233016,0.0,1.0,0.0,105.0,0.0,0.6370713710784912,"{""callbacks"": {""early_stopping"": true, ""min_delta"": 0.0, ""mode"": ""auto"", ""monitor"": ""val_loss"", ""patience"": 40, ""restore_best_weights"": true, ""verbose"": 0}, ""cv"": {""k"": 5, ""seed"": 42, ""shuffle"": true}, ""data"": {""train_path"": ""data/MONK/MONK1/monks-1.train""}, ""model"": {""activation"": ""tanh"", ""dropout"": 0.0, ""hidden_units"": [4]}, ""optim"": {""lr"": 0.1, ""momentum"": 0.0, ""name"": ""adam""}, ""regularizer"": {""l2"": 0.0}, ""seed"": 42, ""split"": {""stratified"": true, ""val_size"": 0.2}, ""training"": {""batch_size"": 16, ""epochs"": 800, ""include_reg_in_val"": false, ""shuffle"": true}}"
0d880c03f9c7,42,holdout,val_loss,min,0.010378090293233016,0.0,0.010378090293233016,0.0,1.0,0.0,105.0,0.0,0.6338770389556885,"{""callbacks"": {""early_stopping"": true, ""min_delta"": 0.0, ""mode"": ""auto"", ""monitor"": ""val_loss"", ""patience"": 40, ""restore_best_weights"": true, ""verbose"": 0}, ""cv"": {""k"": 5, ""seed"": 42, ""shuffle"": true}, ""data"": {""train_path"": ""data/MONK/MONK1/monks-1.train""}, ""model"": {""activation"": ""tanh"", ""dropout"": 0.0, ""hidden_units"": [4]}, ""optim"": {""lr"": 0.1, ""momentum"": 0.0, ""name"": ""adam""}, ""regularizer"": {""l2"": 0.0}, ""seed"": 42, ""split"": {""stratified"": true, ""val_size"": 0.2}, ""training"": {""batch_size"": 16, ""epochs"": 1000, ""include_reg_in_val"": false, ""shuffle"": true}}"
29d6c4104413,42,holdout,val_loss,min,0.010378090293233016,0.0,0.010378090293233016,0.0,1.0,0.0,105.0,0.0,0.6495711803436279,"{""callbacks"": {""early_stopping"": true, ""min_delta"": 0.0, ""mode"": ""auto"", ""monitor"": ""val_loss"", ""patience"": 40, ""restore_best_weights"": true, ""verbose"": 0}, ""cv"": {""k"": 5, ""seed"": 42, ""shuffle"": true}, ""data"": {""train_path"": ""data/MONK/MONK1/monks-1.train""}, ""model"": {""activation"": ""tanh"", ""dropout"": 0.0, ""hidden_units"": [4]}, ""optim"": {""lr"": 0.1, ""momentum"": 0.5, ""name"": ""adam""}, ""regularizer"": {""l2"": 0.0}, ""seed"": 42, ""split"": {""stratified"": true, ""val_size"": 0.2}, ""training"": {""batch_size"": 16, ""epochs"": 800, ""include_reg_in_val"": false, ""shuffle"": true}}"
bc3bff922633,42,holdout,val_loss,min,0.010378090293233016,0.0,0.010378090293233016,0.0,1.0,0.0,105.0,0.0,0.5759108066558838,"{""callbacks"": {""early_stopping"": true, ""min_delta"": 0.0, ""mode"": ""auto"", ""monitor"": ""val_loss"", ""patience"": 40, ""restore_best_weights"": true, ""verbose"": 0}, ""cv"": {""k"": 5, ""seed"": 42, ""shuffle"": true}, ""data"": {""train_path"": ""data/MONK/MONK1/monks-1.train""}, ""model"": {""activation"": ""tanh"", ""dropout"": 0.0, ""hidden_units"": [4]}, ""optim"": {""lr"": 0.1, ""momentum"": 0.5, ""name"": ""adam""}, ""regularizer"": {""l2"": 0.0}, ""seed"": 42, ""split"": {""stratified"": true, ""val_size"": 0.2}, ""training"": {""batch_size"": 16, ""epochs"": 1000, ""include_reg_in_val"": false, ""shuffle"": true}}"
6fe8fd396d61,42,holdout,val_loss,min,0.010378090293233016,0.0,0.010378090293233016,0.0,1.0,0.0,105.0,0.0,0.7166473865509033,"{""callbacks"": {""early_stopping"": true, ""min_delta"": 0.0, ""mode"": ""auto"", ""monitor"": ""val_loss"", ""patience"": 40, ""restore_best_weights"": true, ""verbose"": 0}, ""cv"": {""k"": 5, ""seed"": 42, ""shuffle"": true}, ""data"": {""train_path"": ""data/MONK/MONK1/monks-1.train""}, ""model"": {""activation"": ""tanh"", ""dropout"": 0.0, ""hidden_units"": [4]}, ""optim"": {""lr"": 0.1, ""momentum"": 0.9, ""name"": ""adam""}, ""regularizer"": {""l2"": 0.0}, ""seed"": 42, ""split"": {""stratified"": true, ""val_size"": 0.2}, ""training"": {""batch_size"": 16, ""epochs"": 800, ""include_reg_in_val"": false, ""shuffle"": true}}"
cd2ac32410e5,42,holdout,val_loss,min,0.010378090293233016,0.0,0.010378090293233016,0.0,1.0,0.0,105.0,0.0,0.7572290897369385,"{""callbacks"": {""early_stopping"": true, ""min_delta"": 0.0, ""mode"": ""auto"", ""monitor"": ""val_loss"", ""patience"": 40, ""restore_best_weights"": true, ""verbose"": 0}, ""cv"": {""k"": 5, ""seed"": 42, ""shuffle"": true}, ""data"": {""train_path"": ""data/MONK/MONK1/monks-1.train""}, ""model"": {""activation"": ""tanh"", ""dropout"": 0.0, ""hidden_units"": [4]}, ""optim"": {""lr"": 0.1, ""momentum"": 0.9, ""name"": ""adam""}, ""regularizer"": {""l2"": 0.0}, ""seed"": 42, ""split"": {""stratified"": true, ""val_size"": 0.2}, ""training"": {""batch_size"": 16, ""epochs"": 1000, ""include_reg_in_val"": false, ""shuffle"": true}}"
062718ece32d,42,holdout,val_loss,min,0.0012350260291504795,0.0,0.0012350260291504795,0.0,1.0,0.0,800.0,0.0,2.081674575805664,"{""callbacks"": {""early_stopping"": true, ""min_delta"": 0.0, ""mode"": ""auto"", ""monitor"": ""val_loss"", ""patience"": 40, ""restore_best_weights"": true, ""verbose"": 0}, ""cv"": {""k"": 5, ""seed"": 42, ""shuffle"": true}, ""data"": {""train_path"": ""data/MONK/MONK1/monks-1.train""}, ""model"": {""activation"": ""tanh"", ""dropout"": 0.0, ""hidden_units"": [4]}, ""optim"": {""lr"": 0.1, ""momentum"": 0.0, ""name"": ""adam""}, ""regularizer"": {""l2"": 0.0}, ""seed"": 42, ""split"": {""stratified"": true, ""val_size"": 0.2}, ""training"": {""batch_size"": 32, ""epochs"": 800, ""include_reg_in_val"": false, ""shuffle"": true}}"
59cc91d2d3d3,42,holdout,val_loss,min,0.03885541407854583,0.0,0.03885541407854583,0.0,0.96,0.0,105.0,0.0,1.2751116752624512,"{""callbacks"": {""early_stopping"": true, ""min_delta"": 0.0, ""mode"": ""auto"", ""monitor"": ""val_loss"", ""patience"": 40, ""restore_best_weights"": true, ""verbose"": 0}, ""cv"": {""k"": 5, ""seed"": 42, ""shuffle"": true}, ""data"": {""train_path"": ""data/MONK/MONK1/monks-1.train""}, ""model"": {""activation"": ""tanh"", ""dropout"": 0.0, ""hidden_units"": [4]}, ""optim"": {""lr"": 0.05, ""momentum"": 0.0, ""name"": ""adam""}, ""regularizer"": {""l2"": 0.0}, ""seed"": 42, ""split"": {""stratified"": true, ""val_size"": 0.2}, ""training"": {""batch_size"": 16, ""epochs"": 800, ""include_reg_in_val"": false, ""shuffle"": true}}"
8baeeecd341e,42,holdout,val_loss,min,0.08610908979896621,0.0,0.08610908979896621,0.0,0.96,0.0,105.0,0.0,0.5586845874786377,"{""callbacks"": {""early_stopping"": true, ""min_delta"": 0.0, ""mode"": ""auto"", ""monitor"": ""val_loss"", ""patience"": 40, ""restore_best_weights"": true, ""verbose"": 0}, ""cv"": {""k"": 5, ""seed"": 42, ""shuffle"": true}, ""data"": {""train_path"": ""data/MONK/MONK1/monks-1.train""}, ""model"": {""activation"": ""tanh"", ""dropout"": 0.0, ""hidden_units"": [4]}, ""optim"": {""lr"": 0.05, ""momentum"": 0.0, ""name"": ""adam""}, ""regularizer"": {""l2"": 0.0}, ""seed"": 42, ""split"": {""stratified"": true, ""val_size"": 0.2}, ""training"": {""batch_size"": 32, ""epochs"": 800, ""include_reg_in_val"": false, ""shuffle"": true}}"
7758b3812322,42,holdout,val_loss,min,0.03885541407854583,0.0,0.03885541407854583,0.0,0.96,0.0,105.0,0.0,1.4048573970794678,"{""callbacks"": {""early_stopping"": true, ""min_delta"": 0.0, ""mode"": ""auto"", ""monitor"": ""val_loss"", ""patience"": 40, ""restore_best_weights"": true, ""verbose"": 0}, ""cv"": {""k"": 5, ""seed"": 42, ""shuffle"": true}, ""data"": {""train_path"": ""data/MONK/MONK1/monks-1.train""}, ""model"": {""activation"": ""tanh"", ""dropout"": 0.0, ""hidden_units"": [4]}, ""optim"": {""lr"": 0.05, ""momentum"": 0.0, ""name"": ""adam""}, ""regularizer"": {""l2"": 0.0}, ""seed"": 42, ""split"": {""stratified"": true, ""val_size"": 0.2}, ""training"": {""batch_size"": 16, ""epochs"": 1000, ""include_reg_in_val"": false, ""shuffle"": true}}"
531468c86eec,42,holdout,val_loss,min,0.0006141417798106899,0.0,0.0006141417798106899,0.0,1.0,0.0,994.0,0.0,2.843411922454834,"{""callbacks"": {""early_stopping"": true, ""min_delta"": 0.0, ""mode"": ""auto"", ""monitor"": ""val_loss"", ""patience"": 40, ""restore_best_weights"": true, ""verbose"": 0}, ""cv"": {""k"": 5, ""seed"": 42, ""shuffle"": true}, ""data"": {""train_path"": ""data/MONK/MONK1/monks-1.train""}, ""model"": {""activation"": ""tanh"", ""dropout"": 0.0, ""hidden_units"": [4]}, ""optim"": {""lr"": 0.1, ""momentum"": 0.0, ""name"": ""adam""}, ""regularizer"": {""l2"": 0.0}, ""seed"": 42, ""split"": {""stratified"": true, ""val_size"": 0.2}, ""training"": {""batch_size"": 32, ""epochs"": 1000, ""include_reg_in_val"": false, ""shuffle"": true}}"
fa4b6c295e79,42,holdout,val_loss,min,0.0006141417798106899,0.0,0.0006141417798106899,0.0,1.0,0.0,994.0,0.0,2.8218812942504883,"{""callbacks"": {""early_stopping"": true, ""min_delta"": 0.0, ""mode"": ""auto"", ""monitor"": ""val_loss"", ""patience"": 40, ""restore_best_weights"": true, ""verbose"": 0}, ""cv"": {""k"": 5, ""seed"": 42, ""shuffle"": true}, ""data"": {""train_path"": ""data/MONK/MONK1/monks-1.train""}, ""model"": {""activation"": ""tanh"", ""dropout"": 0.0, ""hidden_units"": [4]}, ""optim"": {""lr"": 0.1, ""momentum"": 0.5, ""name"": ""adam""}, ""regularizer"": {""l2"": 0.0}, ""seed"": 42, ""split"": {""stratified"": true, ""val_size"": 0.2}, ""training"": {""batch_size"": 32, ""epochs"": 1000, ""include_reg_in_val"": false, ""shuffle"": true}}"
dfe8b0f711ec,42,holdout,val_loss,min,0.08610908979896621,0.0,0.08610908979896621,0.0,0.96,0.0,105.0,0.0,0.7249574661254883,"{""callbacks"": {""early_stopping"": true, ""min_delta"": 0.0, ""mode"": ""auto"", ""monitor"": ""val_loss"", ""patience"": 40, ""restore_best_weights"": true, ""verbose"": 0}, ""cv"": {""k"": 5, ""seed"": 42, ""shuffle"": true}, ""data"": {""train_path"": ""data/MONK/MONK1/monks-1.train""}, ""model"": {""activation"": ""tanh"", ""dropout"": 0.0, ""hidden_units"": [4]}, ""optim"": {""lr"": 0.05, ""momentum"": 0.0, ""name"": ""adam""}, ""regularizer"": {""l2"": 0.0}, ""seed"": 42, ""split"": {""stratified"": true, ""val_size"": 0.2}, ""training"": {""batch_size"": 32, ""epochs"": 1000, ""include_reg_in_val"": false, ""shuffle"": true}}"
20db4bfb68aa,42,holdout,val_loss,min,0.03885541407854583,0.0,0.03885541407854583,0.0,0.96,0.0,105.0,0.0,0.6479380130767822,"{""callbacks"": {""early_stopping"": true, ""min_delta"": 0.0, ""mode"": ""auto"", ""monitor"": ""val_loss"", ""patience"": 40, ""restore_best_weights"": true, ""verbose"": 0}, ""cv"": {""k"": 5, ""seed"": 42, ""shuffle"": true}, ""data"": {""train_path"": ""data/MONK/MONK1/monks-1.train""}, ""model"": {""activation"": ""tanh"", ""dropout"": 0.0, ""hidden_units"": [4]}, ""optim"": {""lr"": 0.05, ""momentum"": 0.5, ""name"": ""adam""}, ""regularizer"": {""l2"": 0.0}, ""seed"": 42, ""split"": {""stratified"": true, ""val_size"": 0.2}, ""training"": {""batch_size"": 16, ""epochs"": 800, ""include_reg_in_val"": false, ""shuffle"": true}}"
47e66af78972,42,holdout,val_loss,min,0.08610908979896621,0.0,0.08610908979896621,0.0,0.96,0.0,105.0,0.0,0.5716791152954102,"{""callbacks"": {""early_stopping"": true, ""min_delta"": 0.0, ""mode"": ""auto"", ""monitor"": ""val_loss"", ""patience"": 40, ""restore_best_weights"": true, ""verbose"": 0}, ""cv"": {""k"": 5, ""seed"": 42, ""shuffle"": true}, ""data"": {""train_path"": ""data/MONK/MONK1/monks-1.train""}, ""model"": {""activation"": ""tanh"", ""dropout"": 0.0, ""hidden_units"": [4]}, ""optim"": {""lr"": 0.05, ""momentum"": 0.5, ""name"": ""adam""}, ""regularizer"": {""l2"": 0.0}, ""seed"": 42, ""split"": {""stratified"": true, ""val_size"": 0.2}, ""training"": {""batch_size"": 32, ""epochs"": 800, ""include_reg_in_val"": false, ""shuffle"": true}}"
f1ba32a451dc,42,holdout,val_loss,min,0.0012350260291504795,0.0,0.0012350260291504795,0.0,1.0,0.0,800.0,0.0,3.2980141639709473,"{""callbacks"": {""early_stopping"": true, ""min_delta"": 0.0, ""mode"": ""auto"", ""monitor"": ""val_loss"", ""patience"": 40, ""restore_best_weights"": true, ""verbose"": 0}, ""cv"": {""k"": 5, ""seed"": 42, ""shuffle"": true}, ""data"": {""train_path"": ""data/MONK/MONK1/monks-1.train""}, ""model"": {""activation"": ""tanh"", ""dropout"": 0.0, ""hidden_units"": [4]}, ""optim"": {""lr"": 0.1, ""momentum"": 0.5, ""name"": ""adam""}, ""regularizer"": {""l2"": 0.0}, ""seed"": 42, ""split"": {""stratified"": true, ""val_size"": 0.2}, ""training"": {""batch_size"": 32, ""epochs"": 800, ""include_reg_in_val"": false, ""shuffle"": true}}"
1f2b86a941e1,42,holdout,val_loss,min,0.08610908979896621,0.0,0.08610908979896621,0.0,0.96,0.0,105.0,0.0,0.3928487300872803,"{""callbacks"": {""early_stopping"": true, ""min_delta"": 0.0, ""mode"": ""auto"", ""monitor"": ""val_loss"", ""patience"": 40, ""restore_best_weights"": true, ""verbose"": 0}, ""cv"": {""k"": 5, ""seed"": 42, ""shuffle"": true}, ""data"": {""train_path"": ""data/MONK/MONK1/monks-1.train""}, ""model"": {""activation"": ""tanh"", ""dropout"": 0.0, ""hidden_units"": [4]}, ""optim"": {""lr"": 0.05, ""momentum"": 0.5, ""name"": ""adam""}, ""regularizer"": {""l2"": 0.0}, ""seed"": 42, ""split"": {""stratified"": true, ""val_size"": 0.2}, ""training"": {""batch_size"": 32, ""epochs"": 1000, ""include_reg_in_val"": false, ""shuffle"": true}}"
21592a8ca436,42,holdout,val_loss,min,0.03885541407854583,0.0,0.03885541407854583,0.0,0.96,0.0,105.0,0.0,0.9523017406463623,"{""callbacks"": {""early_stopping"": true, ""min_delta"": 0.0, ""mode"": ""auto"", ""monitor"": ""val_loss"", ""patience"": 40, ""restore_best_weights"": true, ""verbose"": 0}, ""cv"": {""k"": 5, ""seed"": 42, ""shuffle"": true}, ""data"": {""train_path"": ""data/MONK/MONK1/monks-1.train""}, ""model"": {""activation"": ""tanh"", ""dropout"": 0.0, ""hidden_units"": [4]}, ""optim"": {""lr"": 0.05, ""momentum"": 0.5, ""name"": ""adam""}, ""regularizer"": {""l2"": 0.0}, ""seed"": 42, ""split"": {""stratified"": true, ""val_size"": 0.2}, ""training"": {""batch_size"": 16, ""epochs"": 1000, ""include_reg_in_val"": false, ""shuffle"": true}}"
d3d82e9c8554,42,holdout,val_loss,min,0.03885541407854583,0.0,0.03885541407854583,0.0,0.96,0.0,105.0,0.0,0.586249589920044,"{""callbacks"": {""early_stopping"": true, ""min_delta"": 0.0, ""mode"": ""auto"", ""monitor"": ""val_loss"", ""patience"": 40, ""restore_best_weights"": true, ""verbose"": 0}, ""cv"": {""k"": 5, ""seed"": 42, ""shuffle"": true}, ""data"": {""train_path"": ""data/MONK/MONK1/monks-1.train""}, ""model"": {""activation"": ""tanh"", ""dropout"": 0.0, ""hidden_units"": [4]}, ""optim"": {""lr"": 0.05, ""momentum"": 0.9, ""name"": ""adam""}, ""regularizer"": {""l2"": 0.0}, ""seed"": 42, ""split"": {""stratified"": true, ""val_size"": 0.2}, ""training"": {""batch_size"": 16, ""epochs"": 800, ""include_reg_in_val"": false, ""shuffle"": true}}"
0275e6fef028,42,holdout,val_loss,min,0.03885541407854583,0.0,0.03885541407854583,0.0,0.96,0.0,105.0,0.0,0.5696005821228027,"{""callbacks"": {""early_stopping"": true, ""min_delta"": 0.0, ""mode"": ""auto"", ""monitor"": ""val_loss"", ""patience"": 40, ""restore_best_weights"": true, ""verbose"": 0}, ""cv"": {""k"": 5, ""seed"": 42, ""shuffle"": true}, ""data"": {""train_path"": ""data/MONK/MONK1/monks-1.train""}, ""model"": {""activation"": ""tanh"", ""dropout"": 0.0, ""hidden_units"": [4]}, ""optim"": {""lr"": 0.05, ""momentum"": 0.9, ""name"": ""adam""}, ""regularizer"": {""l2"": 0.0}, ""seed"": 42, ""split"": {""stratified"": true, ""val_size"": 0.2}, ""training"": {""batch_size"": 16, ""epochs"": 1000, ""include_reg_in_val"": false, ""shuffle"": true}}"
0574cb2a7f3a,42,holdout,val_loss,min,0.08610908979896621,0.0,0.08610908979896621,0.0,0.96,0.0,105.0,0.0,0.5059928894042969,"{""callbacks"": {""early_stopping"": true, ""min_delta"": 0.0, ""mode"": ""auto"", ""monitor"": ""val_loss"", ""patience"": 40, ""restore_best_weights"": true, ""verbose"": 0}, ""cv"": {""k"": 5, ""seed"": 42, ""shuffle"": true}, ""data"": {""train_path"": ""data/MONK/MONK1/monks-1.train""}, ""model"": {""activation"": ""tanh"", ""dropout"": 0.0, ""hidden_units"": [4]}, ""optim"": {""lr"": 0.05, ""momentum"": 0.9, ""name"": ""adam""}, ""regularizer"": {""l2"": 0.0}, ""seed"": 42, ""split"": {""stratified"": true, ""val_size"": 0.2}, ""training"": {""batch_size"": 32, ""epochs"": 800, ""include_reg_in_val"": false, ""shuffle"": true}}"
02d09413c56b,42,holdout,val_loss,min,0.08610908979896621,0.0,0.08610908979896621,0.0,0.96,0.0,105.0,0.0,0.4434847831726074,"{""callbacks"": {""early_stopping"": true, ""min_delta"": 0.0, ""mode"": ""auto"", ""monitor"": ""val_loss"", ""patience"": 40, ""restore_best_weights"": true, ""verbose"": 0}, ""cv"": {""k"": 5, ""seed"": 42, ""shuffle"": true}, ""data"": {""train_path"": ""data/MONK/MONK1/monks-1.train""}, ""model"": {""activation"": ""tanh"", ""dropout"": 0.0, ""hidden_units"": [4]}, ""optim"": {""lr"": 0.05, ""momentum"": 0.9, ""name"": ""adam""}, ""regularizer"": {""l2"": 0.0}, ""seed"": 42, ""split"": {""stratified"": true, ""val_size"": 0.2}, ""training"": {""batch_size"": 32, ""epochs"": 1000, ""include_reg_in_val"": false, ""shuffle"": true}}"
6396db4feafc,42,holdout,val_loss,min,0.0012350260291504795,0.0,0.0012350260291504795,0.0,1.0,0.0,800.0,0.0,3.3000311851501465,"{""callbacks"": {""early_stopping"": true, ""min_delta"": 0.0, ""mode"": ""auto"", ""monitor"": ""val_loss"", ""patience"": 40, ""restore_best_weights"": true, ""verbose"": 0}, ""cv"": {""k"": 5, ""seed"": 42, ""shuffle"": true}, ""data"": {""train_path"": ""data/MONK/MONK1/monks-1.train""}, ""model"": {""activation"": ""tanh"", ""dropout"": 0.0, ""hidden_units"": [4]}, ""optim"": {""lr"": 0.1, ""momentum"": 0.9, ""name"": ""adam""}, ""regularizer"": {""l2"": 0.0}, ""seed"": 42, ""split"": {""stratified"": true, ""val_size"": 0.2}, ""training"": {""batch_size"": 32, ""epochs"": 800, ""include_reg_in_val"": false, ""shuffle"": true}}"
952ca600dcce,42,holdout,val_loss,min,0.0006141417798106899,0.0,0.0006141417798106899,0.0,1.0,0.0,994.0,0.0,3.3045458793640137,"{""callbacks"": {""early_stopping"": true, ""min_delta"": 0.0, ""mode"": ""auto"", ""monitor"": ""val_loss"", ""patience"": 40, ""restore_best_weights"": true, ""verbose"": 0}, ""cv"": {""k"": 5, ""seed"": 42, ""shuffle"": true}, ""data"": {""train_path"": ""data/MONK/MONK1/monks-1.train""}, ""model"": {""activation"": ""tanh"", ""dropout"": 0.0, ""hidden_units"": [4]}, ""optim"": {""lr"": 0.1, ""momentum"": 0.9, ""name"": ""adam""}, ""regularizer"": {""l2"": 0.0}, ""seed"": 42, ""split"": {""stratified"": true, ""val_size"": 0.2}, ""training"": {""batch_size"": 32, ""epochs"": 1000, ""include_reg_in_val"": false, ""shuffle"": true}}"
a3a406f476c7,42,holdout,val_loss,min,0.021010900946696772,0.0,0.021010900946696772,0.0,1.0,0.0,653.0,0.0,1.7694828510284424,"{""callbacks"": {""early_stopping"": true, ""min_delta"": 0.0, ""mode"": ""auto"", ""monitor"": ""val_loss"", ""patience"": 40, ""restore_best_weights"": true, ""verbose"": 0}, ""cv"": {""k"": 5, ""seed"": 42, ""shuffle"": true}, ""data"": {""train_path"": ""data/MONK/MONK1/monks-1.train""}, ""model"": {""activation"": ""tanh"", ""dropout"": 0.0, ""hidden_units"": [4]}, ""optim"": {""lr"": 0.01, ""momentum"": 0.0, ""name"": ""adam""}, ""regularizer"": {""l2"": 0.0}, ""seed"": 42, ""split"": {""stratified"": true, ""val_size"": 0.2}, ""training"": {""batch_size"": 32, ""epochs"": 1000, ""include_reg_in_val"": false, ""shuffle"": true}}"
72e2b3943a8b,42,holdout,val_loss,min,0.021010900946696772,0.0,0.021010900946696772,0.0,1.0,0.0,653.0,0.0,1.8170814514160156,"{""callbacks"": {""early_stopping"": true, ""min_delta"": 0.0, ""mode"": ""auto"", ""monitor"": ""val_loss"", ""patience"": 40, ""restore_best_weights"": true, ""verbose"": 0}, ""cv"": {""k"": 5, ""seed"": 42, ""shuffle"": true}, ""data"": {""train_path"": ""data/MONK/MONK1/monks-1.train""}, ""model"": {""activation"": ""tanh"", ""dropout"": 0.0, ""hidden_units"": [4]}, ""optim"": {""lr"": 0.01, ""momentum"": 0.0, ""name"": ""adam""}, ""regularizer"": {""l2"": 0.0}, ""seed"": 42, ""split"": {""stratified"": true, ""val_size"": 0.2}, ""training"": {""batch_size"": 32, ""epochs"": 800, ""include_reg_in_val"": false, ""shuffle"": true}}"
9f7dfac3b4b5,42,holdout,val_loss,min,0.021010900946696772,0.0,0.021010900946696772,0.0,1.0,0.0,653.0,0.0,1.8036084175109863,"{""callbacks"": {""early_stopping"": true, ""min_delta"": 0.0, ""mode"": ""auto"", ""monitor"": ""val_loss"", ""patience"": 40, ""restore_best_weights"": true, ""verbose"": 0}, ""cv"": {""k"": 5, ""seed"": 42, ""shuffle"": true}, ""data"": {""train_path"": ""data/MONK/MONK1/monks-1.train""}, ""model"": {""activation"": ""tanh"", ""dropout"": 0.0, ""hidden_units"": [4]}, ""optim"": {""lr"": 0.01, ""momentum"": 0.5, ""name"": ""adam""}, ""regularizer"": {""l2"": 0.0}, ""seed"": 42, ""split"": {""stratified"": true, ""val_size"": 0.2}, ""training"": {""batch_size"": 32, ""epochs"": 800, ""include_reg_in_val"": false, ""shuffle"": true}}"
20124150ec86,42,holdout,val_loss,min,0.021010900946696772,0.0,0.021010900946696772,0.0,1.0,0.0,653.0,0.0,1.8768270015716553,"{""callbacks"": {""early_stopping"": true, ""min_delta"": 0.0, ""mode"": ""auto"", ""monitor"": ""val_loss"", ""patience"": 40, ""restore_best_weights"": true, ""verbose"": 0}, ""cv"": {""k"": 5, ""seed"": 42, ""shuffle"": true}, ""data"": {""train_path"": ""data/MONK/MONK1/monks-1.train""}, ""model"": {""activation"": ""tanh"", ""dropout"": 0.0, ""hidden_units"": [4]}, ""optim"": {""lr"": 0.01, ""momentum"": 0.5, ""name"": ""adam""}, ""regularizer"": {""l2"": 0.0}, ""seed"": 42, ""split"": {""stratified"": true, ""val_size"": 0.2}, ""training"": {""batch_size"": 32, ""epochs"": 1000, ""include_reg_in_val"": false, ""shuffle"": true}}"
48d5271c70c8,42,holdout,val_loss,min,0.003993133534448197,0.0,0.003993133534448197,0.0,1.0,0.0,754.0,0.0,3.443904399871826,"{""callbacks"": {""early_stopping"": true, ""min_delta"": 0.0, ""mode"": ""auto"", ""monitor"": ""val_loss"", ""patience"": 40, ""restore_best_weights"": true, ""verbose"": 0}, ""cv"": {""k"": 5, ""seed"": 42, ""shuffle"": true}, ""data"": {""train_path"": ""data/MONK/MONK1/monks-1.train""}, ""model"": {""activation"": ""tanh"", ""dropout"": 0.0, ""hidden_units"": [4]}, ""optim"": {""lr"": 0.01, ""momentum"": 0.0, ""name"": ""adam""}, ""regularizer"": {""l2"": 0.0}, ""seed"": 42, ""split"": {""stratified"": true, ""val_size"": 0.2}, ""training"": {""batch_size"": 16, ""epochs"": 800, ""include_reg_in_val"": false, ""shuffle"": true}}"
eb42ecabf280,42,holdout,val_loss,min,0.003993133534448197,0.0,0.003993133534448197,0.0,1.0,0.0,754.0,0.0,3.490673065185547,"{""callbacks"": {""early_stopping"": true, ""min_delta"": 0.0, ""mode"": ""auto"", ""monitor"": ""val_loss"", ""patience"": 40, ""restore_best_weights"": true, ""verbose"": 0}, ""cv"": {""k"": 5, ""seed"": 42, ""shuffle"": true}, ""data"": {""train_path"": ""data/MONK/MONK1/monks-1.train""}, ""model"": {""activation"": ""tanh"", ""dropout"": 0.0, ""hidden_units"": [4]}, ""optim"": {""lr"": 0.01, ""momentum"": 0.0, ""name"": ""adam""}, ""regularizer"": {""l2"": 0.0}, ""seed"": 42, ""split"": {""stratified"": true, ""val_size"": 0.2}, ""training"": {""batch_size"": 16, ""epochs"": 1000, ""include_reg_in_val"": false, ""shuffle"": true}}"
7682748450a3,42,holdout,val_loss,min,0.003993133534448197,0.0,0.003993133534448197,0.0,1.0,0.0,754.0,0.0,3.3134920597076416,"{""callbacks"": {""early_stopping"": true, ""min_delta"": 0.0, ""mode"": ""auto"", ""monitor"": ""val_loss"", ""patience"": 40, ""restore_best_weights"": true, ""verbose"": 0}, ""cv"": {""k"": 5, ""seed"": 42, ""shuffle"": true}, ""data"": {""train_path"": ""data/MONK/MONK1/monks-1.train""}, ""model"": {""activation"": ""tanh"", ""dropout"": 0.0, ""hidden_units"": [4]}, ""optim"": {""lr"": 0.01, ""momentum"": 0.5, ""name"": ""adam""}, ""regularizer"": {""l2"": 0.0}, ""seed"": 42, ""split"": {""stratified"": true, ""val_size"": 0.2}, ""training"": {""batch_size"": 16, ""epochs"": 1000, ""include_reg_in_val"": false, ""shuffle"": true}}"
e6db61087075,42,holdout,val_loss,min,0.003993133534448197,0.0,0.003993133534448197,0.0,1.0,0.0,754.0,0.0,3.3798415660858154,"{""callbacks"": {""early_stopping"": true, ""min_delta"": 0.0, ""mode"": ""auto"", ""monitor"": ""val_loss"", ""patience"": 40, ""restore_best_weights"": true, ""verbose"": 0}, ""cv"": {""k"": 5, ""seed"": 42, ""shuffle"": true}, ""data"": {""train_path"": ""data/MONK/MONK1/monks-1.train""}, ""model"": {""activation"": ""tanh"", ""dropout"": 0.0, ""hidden_units"": [4]}, ""optim"": {""lr"": 0.01, ""momentum"": 0.5, ""name"": ""adam""}, ""regularizer"": {""l2"": 0.0}, ""seed"": 42, ""split"": {""stratified"": true, ""val_size"": 0.2}, ""training"": {""batch_size"": 16, ""epochs"": 800, ""include_reg_in_val"": false, ""shuffle"": true}}"
1633e160ed7f,42,holdout,val_loss,min,0.021010900946696772,0.0,0.021010900946696772,0.0,1.0,0.0,653.0,0.0,1.6519584655761719,"{""callbacks"": {""early_stopping"": true, ""min_delta"": 0.0, ""mode"": ""auto"", ""monitor"": ""val_loss"", ""patience"": 40, ""restore_best_weights"": true, ""verbose"": 0}, ""cv"": {""k"": 5, ""seed"": 42, ""shuffle"": true}, ""data"": {""train_path"": ""data/MONK/MONK1/monks-1.train""}, ""model"": {""activation"": ""tanh"", ""dropout"": 0.0, ""hidden_units"": [4]}, ""optim"": {""lr"": 0.01, ""momentum"": 0.9, ""name"": ""adam""}, ""regularizer"": {""l2"": 0.0}, ""seed"": 42, ""split"": {""stratified"": true, ""val_size"": 0.2}, ""training"": {""batch_size"": 32, ""epochs"": 800, ""include_reg_in_val"": false, ""shuffle"": true}}"
d58d07c46996,42,holdout,val_loss,min,0.021010900946696772,0.0,0.021010900946696772,0.0,1.0,0.0,653.0,0.0,1.8176822662353516,"{""callbacks"": {""early_stopping"": true, ""min_delta"": 0.0, ""mode"": ""auto"", ""monitor"": ""val_loss"", ""patience"": 40, ""restore_best_weights"": true, ""verbose"": 0}, ""cv"": {""k"": 5, ""seed"": 42, ""shuffle"": true}, ""data"": {""train_path"": ""data/MONK/MONK1/monks-1.train""}, ""model"": {""activation"": ""tanh"", ""dropout"": 0.0, ""hidden_units"": [4]}, ""optim"": {""lr"": 0.01, ""momentum"": 0.9, ""name"": ""adam""}, ""regularizer"": {""l2"": 0.0}, ""seed"": 42, ""split"": {""stratified"": true, ""val_size"": 0.2}, ""training"": {""batch_size"": 32, ""epochs"": 1000, ""include_reg_in_val"": false, ""shuffle"": true}}"
d6b0c3a11465,42,holdout,val_loss,min,0.4726136783787121,0.0,0.4726136783787121,0.0,0.76,0.0,247.0,0.0,0.6594853401184082,"{""callbacks"": {""early_stopping"": true, ""min_delta"": 0.0, ""mode"": ""auto"", ""monitor"": ""val_loss"", ""patience"": 40, ""restore_best_weights"": true, ""verbose"": 0}, ""cv"": {""k"": 5, ""seed"": 42, ""shuffle"": true}, ""data"": {""train_path"": ""data/MONK/MONK1/monks-1.train""}, ""model"": {""activation"": ""tanh"", ""dropout"": 0.0, ""hidden_units"": [4]}, ""optim"": {""lr"": 0.001, ""momentum"": 0.0, ""name"": ""adam""}, ""regularizer"": {""l2"": 0.0}, ""seed"": 42, ""split"": {""stratified"": true, ""val_size"": 0.2}, ""training"": {""batch_size"": 32, ""epochs"": 800, ""include_reg_in_val"": false, ""shuffle"": true}}"
57f5037aa190,42,holdout,val_loss,min,0.4726136783787121,0.0,0.4726136783787121,0.0,0.76,0.0,247.0,0.0,0.6802058219909668,"{""callbacks"": {""early_stopping"": true, ""min_delta"": 0.0, ""mode"": ""auto"", ""monitor"": ""val_loss"", ""patience"": 40, ""restore_best_weights"": true, ""verbose"": 0}, ""cv"": {""k"": 5, ""seed"": 42, ""shuffle"": true}, ""data"": {""train_path"": ""data/MONK/MONK1/monks-1.train""}, ""model"": {""activation"": ""tanh"", ""dropout"": 0.0, ""hidden_units"": [4]}, ""optim"": {""lr"": 0.001, ""momentum"": 0.0, ""name"": ""adam""}, ""regularizer"": {""l2"": 0.0}, ""seed"": 42, ""split"": {""stratified"": true, ""val_size"": 0.2}, ""training"": {""batch_size"": 32, ""epochs"": 1000, ""include_reg_in_val"": false, ""shuffle"": true}}"
2f9ee39c6c0b,42,holdout,val_loss,min,0.4726136783787121,0.0,0.4726136783787121,0.0,0.76,0.0,247.0,0.0,0.6741657257080078,"{""callbacks"": {""early_stopping"": true, ""min_delta"": 0.0, ""mode"": ""auto"", ""monitor"": ""val_loss"", ""patience"": 40, ""restore_best_weights"": true, ""verbose"": 0}, ""cv"": {""k"": 5, ""seed"": 42, ""shuffle"": true}, ""data"": {""train_path"": ""data/MONK/MONK1/monks-1.train""}, ""model"": {""activation"": ""tanh"", ""dropout"": 0.0, ""hidden_units"": [4]}, ""optim"": {""lr"": 0.001, ""momentum"": 0.5, ""name"": ""adam""}, ""regularizer"": {""l2"": 0.0}, ""seed"": 42, ""split"": {""stratified"": true, ""val_size"": 0.2}, ""training"": {""batch_size"": 32, ""epochs"": 1000, ""include_reg_in_val"": false, ""shuffle"": true}}"
d07f8998e410,42,holdout,val_loss,min,0.4726136783787121,0.0,0.4726136783787121,0.0,0.76,0.0,247.0,0.0,0.7754123210906982,"{""callbacks"": {""early_stopping"": true, ""min_delta"": 0.0, ""mode"": ""auto"", ""monitor"": ""val_loss"", ""patience"": 40, ""restore_best_weights"": true, ""verbose"": 0}, ""cv"": {""k"": 5, ""seed"": 42, ""shuffle"": true}, ""data"": {""train_path"": ""data/MONK/MONK1/monks-1.train""}, ""model"": {""activation"": ""tanh"", ""dropout"": 0.0, ""hidden_units"": [4]}, ""optim"": {""lr"": 0.001, ""momentum"": 0.5, ""name"": ""adam""}, ""regularizer"": {""l2"": 0.0}, ""seed"": 42, ""split"": {""stratified"": true, ""val_size"": 0.2}, ""training"": {""batch_size"": 32, ""epochs"": 800, ""include_reg_in_val"": false, ""shuffle"": true}}"
f753e541d1e8,42,holdout,val_loss,min,0.003993133534448197,0.0,0.003993133534448197,0.0,1.0,0.0,754.0,0.0,3.0818638801574707,"{""callbacks"": {""early_stopping"": true, ""min_delta"": 0.0, ""mode"": ""auto"", ""monitor"": ""val_loss"", ""patience"": 40, ""restore_best_weights"": true, ""verbose"": 0}, ""cv"": {""k"": 5, ""seed"": 42, ""shuffle"": true}, ""data"": {""train_path"": ""data/MONK/MONK1/monks-1.train""}, ""model"": {""activation"": ""tanh"", ""dropout"": 0.0, ""hidden_units"": [4]}, ""optim"": {""lr"": 0.01, ""momentum"": 0.9, ""name"": ""adam""}, ""regularizer"": {""l2"": 0.0}, ""seed"": 42, ""split"": {""stratified"": true, ""val_size"": 0.2}, ""training"": {""batch_size"": 16, ""epochs"": 800, ""include_reg_in_val"": false, ""shuffle"": true}}"
fe849e8f80d0,42,holdout,val_loss,min,0.003993133534448197,0.0,0.003993133534448197,0.0,1.0,0.0,754.0,0.0,3.0836892127990723,"{""callbacks"": {""early_stopping"": true, ""min_delta"": 0.0, ""mode"": ""auto"", ""monitor"": ""val_loss"", ""patience"": 40, ""restore_best_weights"": true, ""verbose"": 0}, ""cv"": {""k"": 5, ""seed"": 42, ""shuffle"": true}, ""data"": {""train_path"": ""data/MONK/MONK1/monks-1.train""}, ""model"": {""activation"": ""tanh"", ""dropout"": 0.0, ""hidden_units"": [4]}, ""optim"": {""lr"": 0.01, ""momentum"": 0.9, ""name"": ""adam""}, ""regularizer"": {""l2"": 0.0}, ""seed"": 42, ""split"": {""stratified"": true, ""val_size"": 0.2}, ""training"": {""batch_size"": 16, ""epochs"": 1000, ""include_reg_in_val"": false, ""shuffle"": true}}"
395be5740cfc,42,holdout,val_loss,min,0.4726136783787121,0.0,0.4726136783787121,0.0,0.76,0.0,247.0,0.0,0.7597136497497559,"{""callbacks"": {""early_stopping"": true, ""min_delta"": 0.0, ""mode"": ""auto"", ""monitor"": ""val_loss"", ""patience"": 40, ""restore_best_weights"": true, ""verbose"": 0}, ""cv"": {""k"": 5, ""seed"": 42, ""shuffle"": true}, ""data"": {""train_path"": ""data/MONK/MONK1/monks-1.train""}, ""model"": {""activation"": ""tanh"", ""dropout"": 0.0, ""hidden_units"": [4]}, ""optim"": {""lr"": 0.001, ""momentum"": 0.9, ""name"": ""adam""}, ""regularizer"": {""l2"": 0.0}, ""seed"": 42, ""split"": {""stratified"": true, ""val_size"": 0.2}, ""training"": {""batch_size"": 32, ""epochs"": 800, ""include_reg_in_val"": false, ""shuffle"": true}}"
48a32f10e4ec,42,holdout,val_loss,min,0.4726136783787121,0.0,0.4726136783787121,0.0,0.76,0.0,247.0,0.0,0.8024966716766357,"{""callbacks"": {""early_stopping"": true, ""min_delta"": 0.0, ""mode"": ""auto"", ""monitor"": ""val_loss"", ""patience"": 40, ""restore_best_weights"": true, ""verbose"": 0}, ""cv"": {""k"": 5, ""seed"": 42, ""shuffle"": true}, ""data"": {""train_path"": ""data/MONK/MONK1/monks-1.train""}, ""model"": {""activation"": ""tanh"", ""dropout"": 0.0, ""hidden_units"": [4]}, ""optim"": {""lr"": 0.001, ""momentum"": 0.9, ""name"": ""adam""}, ""regularizer"": {""l2"": 0.0}, ""seed"": 42, ""split"": {""stratified"": true, ""val_size"": 0.2}, ""training"": {""batch_size"": 32, ""epochs"": 1000, ""include_reg_in_val"": false, ""shuffle"": true}}"
5ed5cce3fa8d,42,holdout,val_loss,min,0.18825591174871942,0.0,0.18825591174871942,0.0,0.88,0.0,800.0,0.0,3.6436450481414795,"{""callbacks"": {""early_stopping"": true, ""min_delta"": 0.0, ""mode"": ""auto"", ""monitor"": ""val_loss"", ""patience"": 40, ""restore_best_weights"": true, ""verbose"": 0}, ""cv"": {""k"": 5, ""seed"": 42, ""shuffle"": true}, ""data"": {""train_path"": ""data/MONK/MONK1/monks-1.train""}, ""model"": {""activation"": ""tanh"", ""dropout"": 0.0, ""hidden_units"": [4]}, ""optim"": {""lr"": 0.001, ""momentum"": 0.0, ""name"": ""adam""}, ""regularizer"": {""l2"": 0.0}, ""seed"": 42, ""split"": {""stratified"": true, ""val_size"": 0.2}, ""training"": {""batch_size"": 16, ""epochs"": 800, ""include_reg_in_val"": false, ""shuffle"": true}}"
96f2d02facc2,42,holdout,val_loss,min,0.18825591174871942,0.0,0.18825591174871942,0.0,0.88,0.0,800.0,0.0,3.357503652572632,"{""callbacks"": {""early_stopping"": true, ""min_delta"": 0.0, ""mode"": ""auto"", ""monitor"": ""val_loss"", ""patience"": 40, ""restore_best_weights"": true, ""verbose"": 0}, ""cv"": {""k"": 5, ""seed"": 42, ""shuffle"": true}, ""data"": {""train_path"": ""data/MONK/MONK1/monks-1.train""}, ""model"": {""activation"": ""tanh"", ""dropout"": 0.0, ""hidden_units"": [4]}, ""optim"": {""lr"": 0.001, ""momentum"": 0.5, ""name"": ""adam""}, ""regularizer"": {""l2"": 0.0}, ""seed"": 42, ""split"": {""stratified"": true, ""val_size"": 0.2}, ""training"": {""batch_size"": 16, ""epochs"": 800, ""include_reg_in_val"": false, ""shuffle"": true}}"
c8eaf6e506f6,42,holdout,val_loss,min,0.13629207152981163,0.0,0.13629207152981163,0.0,0.88,0.0,1000.0,0.0,4.435993432998657,"{""callbacks"": {""early_stopping"": true, ""min_delta"": 0.0, ""mode"": ""auto"", ""monitor"": ""val_loss"", ""patience"": 40, ""restore_best_weights"": true, ""verbose"": 0}, ""cv"": {""k"": 5, ""seed"": 42, ""shuffle"": true}, ""data"": {""train_path"": ""data/MONK/MONK1/monks-1.train""}, ""model"": {""activation"": ""tanh"", ""dropout"": 0.0, ""hidden_units"": [4]}, ""optim"": {""lr"": 0.001, ""momentum"": 0.0, ""name"": ""adam""}, ""regularizer"": {""l2"": 0.0}, ""seed"": 42, ""split"": {""stratified"": true, ""val_size"": 0.2}, ""training"": {""batch_size"": 16, ""epochs"": 1000, ""include_reg_in_val"": false, ""shuffle"": true}}"
3f1030d300c9,42,holdout,val_loss,min,0.18825591174871942,0.0,0.18825591174871942,0.0,0.88,0.0,800.0,0.0,3.6203434467315674,"{""callbacks"": {""early_stopping"": true, ""min_delta"": 0.0, ""mode"": ""auto"", ""monitor"": ""val_loss"", ""patience"": 40, ""restore_best_weights"": true, ""verbose"": 0}, ""cv"": {""k"": 5, ""seed"": 42, ""shuffle"": true}, ""data"": {""train_path"": ""data/MONK/MONK1/monks-1.train""}, ""model"": {""activation"": ""tanh"", ""dropout"": 0.0, ""hidden_units"": [4]}, ""optim"": {""lr"": 0.001, ""momentum"": 0.9, ""name"": ""adam""}, ""regularizer"": {""l2"": 0.0}, ""seed"": 42, ""split"": {""stratified"": true, ""val_size"": 0.2}, ""training"": {""batch_size"": 16, ""epochs"": 800, ""include_reg_in_val"": false, ""shuffle"": true}}"
f1c3c7375595,42,holdout,val_loss,min,0.0034180553405876567,0.0,0.0034180553405876567,0.0,1.0,0.0,800.0,0.0,2.8218557834625244,"{""callbacks"": {""early_stopping"": true, ""min_delta"": 0.0, ""mode"": ""auto"", ""monitor"": ""val_loss"", ""patience"": 40, ""restore_best_weights"": true, ""verbose"": 0}, ""cv"": {""k"": 5, ""seed"": 42, ""shuffle"": true}, ""data"": {""train_path"": ""data/MONK/MONK1/monks-1.train""}, ""model"": {""activation"": ""tanh"", ""dropout"": 0.0, ""hidden_units"": [4]}, ""optim"": {""lr"": 0.3, ""momentum"": 0.0, ""name"": ""sgd""}, ""regularizer"": {""l2"": ""1e-6""}, ""seed"": 42, ""split"": {""stratified"": true, ""val_size"": 0.2}, ""training"": {""batch_size"": 16, ""epochs"": 800, ""include_reg_in_val"": false, ""shuffle"": true}}"
bc63f17e566e,42,holdout,val_loss,min,0.13629207152981163,0.0,0.13629207152981163,0.0,0.88,0.0,1000.0,0.0,4.630481481552124,"{""callbacks"": {""early_stopping"": true, ""min_delta"": 0.0, ""mode"": ""auto"", ""monitor"": ""val_loss"", ""patience"": 40, ""restore_best_weights"": true, ""verbose"": 0}, ""cv"": {""k"": 5, ""seed"": 42, ""shuffle"": true}, ""data"": {""train_path"": ""data/MONK/MONK1/monks-1.train""}, ""model"": {""activation"": ""tanh"", ""dropout"": 0.0, ""hidden_units"": [4]}, ""optim"": {""lr"": 0.001, ""momentum"": 0.5, ""name"": ""adam""}, ""regularizer"": {""l2"": 0.0}, ""seed"": 42, ""split"": {""stratified"": true, ""val_size"": 0.2}, ""training"": {""batch_size"": 16, ""epochs"": 1000, ""include_reg_in_val"": false, ""shuffle"": true}}"
b90f4a1a32d7,42,holdout,val_loss,min,0.006372657944897221,0.0,0.006372657944897221,0.0,1.0,0.0,800.0,0.0,1.708150863647461,"{""callbacks"": {""early_stopping"": true, ""min_delta"": 0.0, ""mode"": ""auto"", ""monitor"": ""val_loss"", ""patience"": 40, ""restore_best_weights"": true, ""verbose"": 0}, ""cv"": {""k"": 5, ""seed"": 42, ""shuffle"": true}, ""data"": {""train_path"": ""data/MONK/MONK1/monks-1.train""}, ""model"": {""activation"": ""tanh"", ""dropout"": 0.0, ""hidden_units"": [4]}, ""optim"": {""lr"": 0.3, ""momentum"": 0.0, ""name"": ""sgd""}, ""regularizer"": {""l2"": ""1e-6""}, ""seed"": 42, ""split"": {""stratified"": true, ""val_size"": 0.2}, ""training"": {""batch_size"": 32, ""epochs"": 800, ""include_reg_in_val"": false, ""shuffle"": true}}"
6dcab13fe72b,42,holdout,val_loss,min,0.12036134143905244,0.0,0.12036134143905244,0.0,0.96,0.0,104.0,0.0,0.32048749923706055,"{""callbacks"": {""early_stopping"": true, ""min_delta"": 0.0, ""mode"": ""auto"", ""monitor"": ""val_loss"", ""patience"": 40, ""restore_best_weights"": true, ""verbose"": 0}, ""cv"": {""k"": 5, ""seed"": 42, ""shuffle"": true}, ""data"": {""train_path"": ""data/MONK/MONK1/monks-1.train""}, ""model"": {""activation"": ""tanh"", ""dropout"": 0.0, ""hidden_units"": [4]}, ""optim"": {""lr"": 0.3, ""momentum"": 0.5, ""name"": ""sgd""}, ""regularizer"": {""l2"": ""1e-6""}, ""seed"": 42, ""split"": {""stratified"": true, ""val_size"": 0.2}, ""training"": {""batch_size"": 32, ""epochs"": 800, ""include_reg_in_val"": false, ""shuffle"": true}}"
70c7b31c28cb,42,holdout,val_loss,min,0.12036134143905244,0.0,0.12036134143905244,0.0,0.96,0.0,104.0,0.0,0.38916015625,"{""callbacks"": {""early_stopping"": true, ""min_delta"": 0.0, ""mode"": ""auto"", ""monitor"": ""val_loss"", ""patience"": 40, ""restore_best_weights"": true, ""verbose"": 0}, ""cv"": {""k"": 5, ""seed"": 42, ""shuffle"": true}, ""data"": {""train_path"": ""data/MONK/MONK1/monks-1.train""}, ""model"": {""activation"": ""tanh"", ""dropout"": 0.0, ""hidden_units"": [4]}, ""optim"": {""lr"": 0.3, ""momentum"": 0.5, ""name"": ""sgd""}, ""regularizer"": {""l2"": ""1e-6""}, ""seed"": 42, ""split"": {""stratified"": true, ""val_size"": 0.2}, ""training"": {""batch_size"": 32, ""epochs"": 1000, ""include_reg_in_val"": false, ""shuffle"": true}}"
9ab84d892ad1,42,holdout,val_loss,min,0.004590777583877093,0.0,0.004590777583877093,0.0,1.0,0.0,1000.0,0.0,2.10111665725708,"{""callbacks"": {""early_stopping"": true, ""min_delta"": 0.0, ""mode"": ""auto"", ""monitor"": ""val_loss"", ""patience"": 40, ""restore_best_weights"": true, ""verbose"": 0}, ""cv"": {""k"": 5, ""seed"": 42, ""shuffle"": true}, ""data"": {""train_path"": ""data/MONK/MONK1/monks-1.train""}, ""model"": {""activation"": ""tanh"", ""dropout"": 0.0, ""hidden_units"": [4]}, ""optim"": {""lr"": 0.3, ""momentum"": 0.0, ""name"": ""sgd""}, ""regularizer"": {""l2"": ""1e-6""}, ""seed"": 42, ""split"": {""stratified"": true, ""val_size"": 0.2}, ""training"": {""batch_size"": 32, ""epochs"": 1000, ""include_reg_in_val"": false, ""shuffle"": true}}"
2c5f6fd64629,42,holdout,val_loss,min,0.00253677667010431,0.0,0.00253677667010431,0.0,1.0,0.0,1000.0,0.0,3.5116803646087646,"{""callbacks"": {""early_stopping"": true, ""min_delta"": 0.0, ""mode"": ""auto"", ""monitor"": ""val_loss"", ""patience"": 40, ""restore_best_weights"": true, ""verbose"": 0}, ""cv"": {""k"": 5, ""seed"": 42, ""shuffle"": true}, ""data"": {""train_path"": ""data/MONK/MONK1/monks-1.train""}, ""model"": {""activation"": ""tanh"", ""dropout"": 0.0, ""hidden_units"": [4]}, ""optim"": {""lr"": 0.3, ""momentum"": 0.0, ""name"": ""sgd""}, ""regularizer"": {""l2"": ""1e-6""}, ""seed"": 42, ""split"": {""stratified"": true, ""val_size"": 0.2}, ""training"": {""batch_size"": 16, ""epochs"": 1000, ""include_reg_in_val"": false, ""shuffle"": true}}"
5873d111614b,42,holdout,val_loss,min,0.13629207152981163,0.0,0.13629207152981163,0.0,0.88,0.0,1000.0,0.0,4.402385711669922,"{""callbacks"": {""early_stopping"": true, ""min_delta"": 0.0, ""mode"": ""auto"", ""monitor"": ""val_loss"", ""patience"": 40, ""restore_best_weights"": true, ""verbose"": 0}, ""cv"": {""k"": 5, ""seed"": 42, ""shuffle"": true}, ""data"": {""train_path"": ""data/MONK/MONK1/monks-1.train""}, ""model"": {""activation"": ""tanh"", ""dropout"": 0.0, ""hidden_units"": [4]}, ""optim"": {""lr"": 0.001, ""momentum"": 0.9, ""name"": ""adam""}, ""regularizer"": {""l2"": 0.0}, ""seed"": 42, ""split"": {""stratified"": true, ""val_size"": 0.2}, ""training"": {""batch_size"": 16, ""epochs"": 1000, ""include_reg_in_val"": false, ""shuffle"": true}}"
11a018daecff,42,holdout,val_loss,min,0.1444030130013519,0.0,0.1444030130013519,0.0,0.96,0.0,98.0,0.0,0.3605690002441406,"{""callbacks"": {""early_stopping"": true, ""min_delta"": 0.0, ""mode"": ""auto"", ""monitor"": ""val_loss"", ""patience"": 40, ""restore_best_weights"": true, ""verbose"": 0}, ""cv"": {""k"": 5, ""seed"": 42, ""shuffle"": true}, ""data"": {""train_path"": ""data/MONK/MONK1/monks-1.train""}, ""model"": {""activation"": ""tanh"", ""dropout"": 0.0, ""hidden_units"": [4]}, ""optim"": {""lr"": 0.3, ""momentum"": 0.9, ""name"": ""sgd""}, ""regularizer"": {""l2"": ""1e-6""}, ""seed"": 42, ""split"": {""stratified"": true, ""val_size"": 0.2}, ""training"": {""batch_size"": 32, ""epochs"": 800, ""include_reg_in_val"": false, ""shuffle"": true}}"
fd3170717abf,42,holdout,val_loss,min,0.1444030130013519,0.0,0.1444030130013519,0.0,0.96,0.0,98.0,0.0,0.3094210624694824,"{""callbacks"": {""early_stopping"": true, ""min_delta"": 0.0, ""mode"": ""auto"", ""monitor"": ""val_loss"", ""patience"": 40, ""restore_best_weights"": true, ""verbose"": 0}, ""cv"": {""k"": 5, ""seed"": 42, ""shuffle"": true}, ""data"": {""train_path"": ""data/MONK/MONK1/monks-1.train""}, ""model"": {""activation"": ""tanh"", ""dropout"": 0.0, ""hidden_units"": [4]}, ""optim"": {""lr"": 0.3, ""momentum"": 0.9, ""name"": ""sgd""}, ""regularizer"": {""l2"": ""1e-6""}, ""seed"": 42, ""split"": {""stratified"": true, ""val_size"": 0.2}, ""training"": {""batch_size"": 32, ""epochs"": 1000, ""include_reg_in_val"": false, ""shuffle"": true}}"
030297ac02b2,42,holdout,val_loss,min,0.03051041961473817,0.0,0.03051041961473817,0.0,1.0,0.0,542.0,0.0,1.2119677066802979,"{""callbacks"": {""early_stopping"": true, ""min_delta"": 0.0, ""mode"": ""auto"", ""monitor"": ""val_loss"", ""patience"": 40, ""restore_best_weights"": true, ""verbose"": 0}, ""cv"": {""k"": 5, ""seed"": 42, ""shuffle"": true}, ""data"": {""train_path"": ""data/MONK/MONK1/monks-1.train""}, ""model"": {""activation"": ""tanh"", ""dropout"": 0.0, ""hidden_units"": [4]}, ""optim"": {""lr"": 0.2, ""momentum"": 0.0, ""name"": ""sgd""}, ""regularizer"": {""l2"": ""1e-6""}, ""seed"": 42, ""split"": {""stratified"": true, ""val_size"": 0.2}, ""training"": {""batch_size"": 32, ""epochs"": 800, ""include_reg_in_val"": false, ""shuffle"": true}}"
040c01e3e8fe,42,holdout,val_loss,min,0.03051041961473817,0.0,0.03051041961473817,0.0,1.0,0.0,542.0,0.0,1.1601076126098633,"{""callbacks"": {""early_stopping"": true, ""min_delta"": 0.0, ""mode"": ""auto"", ""monitor"": ""val_loss"", ""patience"": 40, ""restore_best_weights"": true, ""verbose"": 0}, ""cv"": {""k"": 5, ""seed"": 42, ""shuffle"": true}, ""data"": {""train_path"": ""data/MONK/MONK1/monks-1.train""}, ""model"": {""activation"": ""tanh"", ""dropout"": 0.0, ""hidden_units"": [4]}, ""optim"": {""lr"": 0.2, ""momentum"": 0.0, ""name"": ""sgd""}, ""regularizer"": {""l2"": ""1e-6""}, ""seed"": 42, ""split"": {""stratified"": true, ""val_size"": 0.2}, ""training"": {""batch_size"": 32, ""epochs"": 1000, ""include_reg_in_val"": false, ""shuffle"": true}}"
3e2aaf8df0f4,42,holdout,val_loss,min,0.0016823309660514056,0.0,0.0016823309660514056,0.0,1.0,0.0,800.0,0.0,2.9397144317626953,"{""callbacks"": {""early_stopping"": true, ""min_delta"": 0.0, ""mode"": ""auto"", ""monitor"": ""val_loss"", ""patience"": 40, ""restore_best_weights"": true, ""verbose"": 0}, ""cv"": {""k"": 5, ""seed"": 42, ""shuffle"": true}, ""data"": {""train_path"": ""data/MONK/MONK1/monks-1.train""}, ""model"": {""activation"": ""tanh"", ""dropout"": 0.0, ""hidden_units"": [4]}, ""optim"": {""lr"": 0.3, ""momentum"": 0.5, ""name"": ""sgd""}, ""regularizer"": {""l2"": ""1e-6""}, ""seed"": 42, ""split"": {""stratified"": true, ""val_size"": 0.2}, ""training"": {""batch_size"": 16, ""epochs"": 800, ""include_reg_in_val"": false, ""shuffle"": true}}"
aad50e16a748,42,holdout,val_loss,min,0.021433215258779312,0.0,0.021433215258779312,0.0,1.0,0.0,754.0,0.0,2.79630446434021,"{""callbacks"": {""early_stopping"": true, ""min_delta"": 0.0, ""mode"": ""auto"", ""monitor"": ""val_loss"", ""patience"": 40, ""restore_best_weights"": true, ""verbose"": 0}, ""cv"": {""k"": 5, ""seed"": 42, ""shuffle"": true}, ""data"": {""train_path"": ""data/MONK/MONK1/monks-1.train""}, ""model"": {""activation"": ""tanh"", ""dropout"": 0.0, ""hidden_units"": [4]}, ""optim"": {""lr"": 0.3, ""momentum"": 0.9, ""name"": ""sgd""}, ""regularizer"": {""l2"": ""1e-6""}, ""seed"": 42, ""split"": {""stratified"": true, ""val_size"": 0.2}, ""training"": {""batch_size"": 16, ""epochs"": 800, ""include_reg_in_val"": false, ""shuffle"": true}}"
e2cd78b27298,42,holdout,val_loss,min,0.008364977136527434,0.0,0.008364977136527434,0.0,1.0,0.0,800.0,0.0,2.447322368621826,"{""callbacks"": {""early_stopping"": true, ""min_delta"": 0.0, ""mode"": ""auto"", ""monitor"": ""val_loss"", ""patience"": 40, ""restore_best_weights"": true, ""verbose"": 0}, ""cv"": {""k"": 5, ""seed"": 42, ""shuffle"": true}, ""data"": {""train_path"": ""data/MONK/MONK1/monks-1.train""}, ""model"": {""activation"": ""tanh"", ""dropout"": 0.0, ""hidden_units"": [4]}, ""optim"": {""lr"": 0.2, ""momentum"": 0.0, ""name"": ""sgd""}, ""regularizer"": {""l2"": ""1e-6""}, ""seed"": 42, ""split"": {""stratified"": true, ""val_size"": 0.2}, ""training"": {""batch_size"": 16, ""epochs"": 800, ""include_reg_in_val"": false, ""shuffle"": true}}"
a13bd05b5482,42,holdout,val_loss,min,0.021433215258779312,0.0,0.021433215258779312,0.0,1.0,0.0,754.0,0.0,2.931049108505249,"{""callbacks"": {""early_stopping"": true, ""min_delta"": 0.0, ""mode"": ""auto"", ""monitor"": ""val_loss"", ""patience"": 40, ""restore_best_weights"": true, ""verbose"": 0}, ""cv"": {""k"": 5, ""seed"": 42, ""shuffle"": true}, ""data"": {""train_path"": ""data/MONK/MONK1/monks-1.train""}, ""model"": {""activation"": ""tanh"", ""dropout"": 0.0, ""hidden_units"": [4]}, ""optim"": {""lr"": 0.3, ""momentum"": 0.9, ""name"": ""sgd""}, ""regularizer"": {""l2"": ""1e-6""}, ""seed"": 42, ""split"": {""stratified"": true, ""val_size"": 0.2}, ""training"": {""batch_size"": 16, ""epochs"": 1000, ""include_reg_in_val"": false, ""shuffle"": true}}"
7125d17a97ea,42,holdout,val_loss,min,0.0012753450034070667,0.0,0.0012753450034070667,0.0,1.0,0.0,999.0,0.0,3.7805569171905518,"{""callbacks"": {""early_stopping"": true, ""min_delta"": 0.0, ""mode"": ""auto"", ""monitor"": ""val_loss"", ""patience"": 40, ""restore_best_weights"": true, ""verbose"": 0}, ""cv"": {""k"": 5, ""seed"": 42, ""shuffle"": true}, ""data"": {""train_path"": ""data/MONK/MONK1/monks-1.train""}, ""model"": {""activation"": ""tanh"", ""dropout"": 0.0, ""hidden_units"": [4]}, ""optim"": {""lr"": 0.3, ""momentum"": 0.5, ""name"": ""sgd""}, ""regularizer"": {""l2"": ""1e-6""}, ""seed"": 42, ""split"": {""stratified"": true, ""val_size"": 0.2}, ""training"": {""batch_size"": 16, ""epochs"": 1000, ""include_reg_in_val"": false, ""shuffle"": true}}"
d30acc073f26,42,holdout,val_loss,min,0.004270586039680505,0.0,0.004270586039680505,0.0,1.0,0.0,800.0,0.0,1.6771812438964844,"{""callbacks"": {""early_stopping"": true, ""min_delta"": 0.0, ""mode"": ""auto"", ""monitor"": ""val_loss"", ""patience"": 40, ""restore_best_weights"": true, ""verbose"": 0}, ""cv"": {""k"": 5, ""seed"": 42, ""shuffle"": true}, ""data"": {""train_path"": ""data/MONK/MONK1/monks-1.train""}, ""model"": {""activation"": ""tanh"", ""dropout"": 0.0, ""hidden_units"": [4]}, ""optim"": {""lr"": 0.2, ""momentum"": 0.5, ""name"": ""sgd""}, ""regularizer"": {""l2"": ""1e-6""}, ""seed"": 42, ""split"": {""stratified"": true, ""val_size"": 0.2}, ""training"": {""batch_size"": 32, ""epochs"": 800, ""include_reg_in_val"": false, ""shuffle"": true}}"
e3e0ec3a4cfc,42,holdout,val_loss,min,0.0058723735077715914,0.0,0.0058723735077715914,0.0,1.0,0.0,1000.0,0.0,3.174717426300049,"{""callbacks"": {""early_stopping"": true, ""min_delta"": 0.0, ""mode"": ""auto"", ""monitor"": ""val_loss"", ""patience"": 40, ""restore_best_weights"": true, ""verbose"": 0}, ""cv"": {""k"": 5, ""seed"": 42, ""shuffle"": true}, ""data"": {""train_path"": ""data/MONK/MONK1/monks-1.train""}, ""model"": {""activation"": ""tanh"", ""dropout"": 0.0, ""hidden_units"": [4]}, ""optim"": {""lr"": 0.2, ""momentum"": 0.0, ""name"": ""sgd""}, ""regularizer"": {""l2"": ""1e-6""}, ""seed"": 42, ""split"": {""stratified"": true, ""val_size"": 0.2}, ""training"": {""batch_size"": 16, ""epochs"": 1000, ""include_reg_in_val"": false, ""shuffle"": true}}"
25badedc1785,42,holdout,val_loss,min,0.10608410964984509,0.0,0.10608410964984509,0.0,0.96,0.0,54.0,0.0,0.19991445541381836,"{""callbacks"": {""early_stopping"": true, ""min_delta"": 0.0, ""mode"": ""auto"", ""monitor"": ""val_loss"", ""patience"": 40, ""restore_best_weights"": true, ""verbose"": 0}, ""cv"": {""k"": 5, ""seed"": 42, ""shuffle"": true}, ""data"": {""train_path"": ""data/MONK/MONK1/monks-1.train""}, ""model"": {""activation"": ""tanh"", ""dropout"": 0.0, ""hidden_units"": [4]}, ""optim"": {""lr"": 0.2, ""momentum"": 0.9, ""name"": ""sgd""}, ""regularizer"": {""l2"": ""1e-6""}, ""seed"": 42, ""split"": {""stratified"": true, ""val_size"": 0.2}, ""training"": {""batch_size"": 32, ""epochs"": 800, ""include_reg_in_val"": false, ""shuffle"": true}}"
27b53da33b83,42,holdout,val_loss,min,0.10608410964984509,0.0,0.10608410964984509,0.0,0.96,0.0,54.0,0.0,0.23247218132019043,"{""callbacks"": {""early_stopping"": true, ""min_delta"": 0.0, ""mode"": ""auto"", ""monitor"": ""val_loss"", ""patience"": 40, ""restore_best_weights"": true, ""verbose"": 0}, ""cv"": {""k"": 5, ""seed"": 42, ""shuffle"": true}, ""data"": {""train_path"": ""data/MONK/MONK1/monks-1.train""}, ""model"": {""activation"": ""tanh"", ""dropout"": 0.0, ""hidden_units"": [4]}, ""optim"": {""lr"": 0.2, ""momentum"": 0.9, ""name"": ""sgd""}, ""regularizer"": {""l2"": ""1e-6""}, ""seed"": 42, ""split"": {""stratified"": true, ""val_size"": 0.2}, ""training"": {""batch_size"": 32, ""epochs"": 1000, ""include_reg_in_val"": false, ""shuffle"": true}}"
6df312369248,42,holdout,val_loss,min,0.27506727077613347,0.0,0.27506727077613347,0.0,0.84,0.0,253.0,0.0,0.5402746200561523,"{""callbacks"": {""early_stopping"": true, ""min_delta"": 0.0, ""mode"": ""auto"", ""monitor"": ""val_loss"", ""patience"": 40, ""restore_best_weights"": true, ""verbose"": 0}, ""cv"": {""k"": 5, ""seed"": 42, ""shuffle"": true}, ""data"": {""train_path"": ""data/MONK/MONK1/monks-1.train""}, ""model"": {""activation"": ""tanh"", ""dropout"": 0.0, ""hidden_units"": [4]}, ""optim"": {""lr"": 0.1, ""momentum"": 0.0, ""name"": ""sgd""}, ""regularizer"": {""l2"": ""1e-6""}, ""seed"": 42, ""split"": {""stratified"": true, ""val_size"": 0.2}, ""training"": {""batch_size"": 32, ""epochs"": 800, ""include_reg_in_val"": false, ""shuffle"": true}}"
d5930f441ffb,42,holdout,val_loss,min,0.0032004973661742594,0.0,0.0032004973661742594,0.0,1.0,0.0,971.0,0.0,2.069295644760132,"{""callbacks"": {""early_stopping"": true, ""min_delta"": 0.0, ""mode"": ""auto"", ""monitor"": ""val_loss"", ""patience"": 40, ""restore_best_weights"": true, ""verbose"": 0}, ""cv"": {""k"": 5, ""seed"": 42, ""shuffle"": true}, ""data"": {""train_path"": ""data/MONK/MONK1/monks-1.train""}, ""model"": {""activation"": ""tanh"", ""dropout"": 0.0, ""hidden_units"": [4]}, ""optim"": {""lr"": 0.2, ""momentum"": 0.5, ""name"": ""sgd""}, ""regularizer"": {""l2"": ""1e-6""}, ""seed"": 42, ""split"": {""stratified"": true, ""val_size"": 0.2}, ""training"": {""batch_size"": 32, ""epochs"": 1000, ""include_reg_in_val"": false, ""shuffle"": true}}"
c15d3dc6f8ca,42,holdout,val_loss,min,0.27506727077613347,0.0,0.27506727077613347,0.0,0.84,0.0,253.0,0.0,0.5507311820983887,"{""callbacks"": {""early_stopping"": true, ""min_delta"": 0.0, ""mode"": ""auto"", ""monitor"": ""val_loss"", ""patience"": 40, ""restore_best_weights"": true, ""verbose"": 0}, ""cv"": {""k"": 5, ""seed"": 42, ""shuffle"": true}, ""data"": {""train_path"": ""data/MONK/MONK1/monks-1.train""}, ""model"": {""activation"": ""tanh"", ""dropout"": 0.0, ""hidden_units"": [4]}, ""optim"": {""lr"": 0.1, ""momentum"": 0.0, ""name"": ""sgd""}, ""regularizer"": {""l2"": ""1e-6""}, ""seed"": 42, ""split"": {""stratified"": true, ""val_size"": 0.2}, ""training"": {""batch_size"": 32, ""epochs"": 1000, ""include_reg_in_val"": false, ""shuffle"": true}}"
ed990ac4cc04,42,holdout,val_loss,min,0.002413326065936888,0.0,0.002413326065936888,0.0,1.0,0.0,800.0,0.0,3.393615484237671,"{""callbacks"": {""early_stopping"": true, ""min_delta"": 0.0, ""mode"": ""auto"", ""monitor"": ""val_loss"", ""patience"": 40, ""restore_best_weights"": true, ""verbose"": 0}, ""cv"": {""k"": 5, ""seed"": 42, ""shuffle"": true}, ""data"": {""train_path"": ""data/MONK/MONK1/monks-1.train""}, ""model"": {""activation"": ""tanh"", ""dropout"": 0.0, ""hidden_units"": [4]}, ""optim"": {""lr"": 0.2, ""momentum"": 0.5, ""name"": ""sgd""}, ""regularizer"": {""l2"": ""1e-6""}, ""seed"": 42, ""split"": {""stratified"": true, ""val_size"": 0.2}, ""training"": {""batch_size"": 16, ""epochs"": 800, ""include_reg_in_val"": false, ""shuffle"": true}}"
82000470d329,42,holdout,val_loss,min,0.0018114745789463062,0.0,0.0018114745789463062,0.0,1.0,0.0,1000.0,0.0,4.001410245895386,"{""callbacks"": {""early_stopping"": true, ""min_delta"": 0.0, ""mode"": ""auto"", ""monitor"": ""val_loss"", ""patience"": 40, ""restore_best_weights"": true, ""verbose"": 0}, ""cv"": {""k"": 5, ""seed"": 42, ""shuffle"": true}, ""data"": {""train_path"": ""data/MONK/MONK1/monks-1.train""}, ""model"": {""activation"": ""tanh"", ""dropout"": 0.0, ""hidden_units"": [4]}, ""optim"": {""lr"": 0.2, ""momentum"": 0.5, ""name"": ""sgd""}, ""regularizer"": {""l2"": ""1e-6""}, ""seed"": 42, ""split"": {""stratified"": true, ""val_size"": 0.2}, ""training"": {""batch_size"": 16, ""epochs"": 1000, ""include_reg_in_val"": false, ""shuffle"": true}}"
9d8a577c6ab9,42,holdout,val_loss,min,0.0013650313397387203,0.0,0.0013650313397387203,0.0,1.0,0.0,800.0,0.0,3.0988519191741943,"{""callbacks"": {""early_stopping"": true, ""min_delta"": 0.0, ""mode"": ""auto"", ""monitor"": ""val_loss"", ""patience"": 40, ""restore_best_weights"": true, ""verbose"": 0}, ""cv"": {""k"": 5, ""seed"": 42, ""shuffle"": true}, ""data"": {""train_path"": ""data/MONK/MONK1/monks-1.train""}, ""model"": {""activation"": ""tanh"", ""dropout"": 0.0, ""hidden_units"": [4]}, ""optim"": {""lr"": 0.2, ""momentum"": 0.9, ""name"": ""sgd""}, ""regularizer"": {""l2"": ""1e-6""}, ""seed"": 42, ""split"": {""stratified"": true, ""val_size"": 0.2}, ""training"": {""batch_size"": 16, ""epochs"": 800, ""include_reg_in_val"": false, ""shuffle"": true}}"
d4e7e16152ac,42,holdout,val_loss,min,0.023477415314278147,0.0,0.023477415314278147,0.0,1.0,0.0,800.0,0.0,2.4067163467407227,"{""callbacks"": {""early_stopping"": true, ""min_delta"": 0.0, ""mode"": ""auto"", ""monitor"": ""val_loss"", ""patience"": 40, ""restore_best_weights"": true, ""verbose"": 0}, ""cv"": {""k"": 5, ""seed"": 42, ""shuffle"": true}, ""data"": {""train_path"": ""data/MONK/MONK1/monks-1.train""}, ""model"": {""activation"": ""tanh"", ""dropout"": 0.0, ""hidden_units"": [4]}, ""optim"": {""lr"": 0.1, ""momentum"": 0.0, ""name"": ""sgd""}, ""regularizer"": {""l2"": ""1e-6""}, ""seed"": 42, ""split"": {""stratified"": true, ""val_size"": 0.2}, ""training"": {""batch_size"": 16, ""epochs"": 800, ""include_reg_in_val"": false, ""shuffle"": true}}"
a1a861d3dbe6,42,holdout,val_loss,min,0.030506835085640945,0.0,0.030506835085640945,0.0,1.0,0.0,543.0,0.0,1.3547213077545166,"{""callbacks"": {""early_stopping"": true, ""min_delta"": 0.0, ""mode"": ""auto"", ""monitor"": ""val_loss"", ""patience"": 40, ""restore_best_weights"": true, ""verbose"": 0}, ""cv"": {""k"": 5, ""seed"": 42, ""shuffle"": true}, ""data"": {""train_path"": ""data/MONK/MONK1/monks-1.train""}, ""model"": {""activation"": ""tanh"", ""dropout"": 0.0, ""hidden_units"": [4]}, ""optim"": {""lr"": 0.1, ""momentum"": 0.5, ""name"": ""sgd""}, ""regularizer"": {""l2"": ""1e-6""}, ""seed"": 42, ""split"": {""stratified"": true, ""val_size"": 0.2}, ""training"": {""batch_size"": 32, ""epochs"": 800, ""include_reg_in_val"": false, ""shuffle"": true}}"
107fddeca367,42,holdout,val_loss,min,0.0980310760967087,0.0,0.0980310760967087,0.0,0.96,0.0,105.0,0.0,0.3082420825958252,"{""callbacks"": {""early_stopping"": true, ""min_delta"": 0.0, ""mode"": ""auto"", ""monitor"": ""val_loss"", ""patience"": 40, ""restore_best_weights"": true, ""verbose"": 0}, ""cv"": {""k"": 5, ""seed"": 42, ""shuffle"": true}, ""data"": {""train_path"": ""data/MONK/MONK1/monks-1.train""}, ""model"": {""activation"": ""tanh"", ""dropout"": 0.0, ""hidden_units"": [4]}, ""optim"": {""lr"": 0.1, ""momentum"": 0.9, ""name"": ""sgd""}, ""regularizer"": {""l2"": ""1e-6""}, ""seed"": 42, ""split"": {""stratified"": true, ""val_size"": 0.2}, ""training"": {""batch_size"": 32, ""epochs"": 800, ""include_reg_in_val"": false, ""shuffle"": true}}"
74483b832444,42,holdout,val_loss,min,0.0010107107618039732,0.0,0.0010107107618039732,0.0,1.0,0.0,1000.0,0.0,3.962108850479126,"{""callbacks"": {""early_stopping"": true, ""min_delta"": 0.0, ""mode"": ""auto"", ""monitor"": ""val_loss"", ""patience"": 40, ""restore_best_weights"": true, ""verbose"": 0}, ""cv"": {""k"": 5, ""seed"": 42, ""shuffle"": true}, ""data"": {""train_path"": ""data/MONK/MONK1/monks-1.train""}, ""model"": {""activation"": ""tanh"", ""dropout"": 0.0, ""hidden_units"": [4]}, ""optim"": {""lr"": 0.2, ""momentum"": 0.9, ""name"": ""sgd""}, ""regularizer"": {""l2"": ""1e-6""}, ""seed"": 42, ""split"": {""stratified"": true, ""val_size"": 0.2}, ""training"": {""batch_size"": 16, ""epochs"": 1000, ""include_reg_in_val"": false, ""shuffle"": true}}"
d95f87dab80c,42,holdout,val_loss,min,0.030506835085640945,0.0,0.030506835085640945,0.0,1.0,0.0,543.0,0.0,1.2869899272918701,"{""callbacks"": {""early_stopping"": true, ""min_delta"": 0.0, ""mode"": ""auto"", ""monitor"": ""val_loss"", ""patience"": 40, ""restore_best_weights"": true, ""verbose"": 0}, ""cv"": {""k"": 5, ""seed"": 42, ""shuffle"": true}, ""data"": {""train_path"": ""data/MONK/MONK1/monks-1.train""}, ""model"": {""activation"": ""tanh"", ""dropout"": 0.0, ""hidden_units"": [4]}, ""optim"": {""lr"": 0.1, ""momentum"": 0.5, ""name"": ""sgd""}, ""regularizer"": {""l2"": ""1e-6""}, ""seed"": 42, ""split"": {""stratified"": true, ""val_size"": 0.2}, ""training"": {""batch_size"": 32, ""epochs"": 1000, ""include_reg_in_val"": false, ""shuffle"": true}}"
8150ca752b94,42,holdout,val_loss,min,0.0980310760967087,0.0,0.0980310760967087,0.0,0.96,0.0,105.0,0.0,0.32141733169555664,"{""callbacks"": {""early_stopping"": true, ""min_delta"": 0.0, ""mode"": ""auto"", ""monitor"": ""val_loss"", ""patience"": 40, ""restore_best_weights"": true, ""verbose"": 0}, ""cv"": {""k"": 5, ""seed"": 42, ""shuffle"": true}, ""data"": {""train_path"": ""data/MONK/MONK1/monks-1.train""}, ""model"": {""activation"": ""tanh"", ""dropout"": 0.0, ""hidden_units"": [4]}, ""optim"": {""lr"": 0.1, ""momentum"": 0.9, ""name"": ""sgd""}, ""regularizer"": {""l2"": ""1e-6""}, ""seed"": 42, ""split"": {""stratified"": true, ""val_size"": 0.2}, ""training"": {""batch_size"": 32, ""epochs"": 1000, ""include_reg_in_val"": false, ""shuffle"": true}}"
9071fb15a151,42,holdout,val_loss,min,0.017403475574844462,0.0,0.017403475574844462,0.0,1.0,0.0,1000.0,0.0,3.53892183303833,"{""callbacks"": {""early_stopping"": true, ""min_delta"": 0.0, ""mode"": ""auto"", ""monitor"": ""val_loss"", ""patience"": 40, ""restore_best_weights"": true, ""verbose"": 0}, ""cv"": {""k"": 5, ""seed"": 42, ""shuffle"": true}, ""data"": {""train_path"": ""data/MONK/MONK1/monks-1.train""}, ""model"": {""activation"": ""tanh"", ""dropout"": 0.0, ""hidden_units"": [4]}, ""optim"": {""lr"": 0.1, ""momentum"": 0.0, ""name"": ""sgd""}, ""regularizer"": {""l2"": ""1e-6""}, ""seed"": 42, ""split"": {""stratified"": true, ""val_size"": 0.2}, ""training"": {""batch_size"": 16, ""epochs"": 1000, ""include_reg_in_val"": false, ""shuffle"": true}}"
4de6c52fda30,42,holdout,val_loss,min,0.008557131939174149,0.0,0.008557131939174149,0.0,1.0,0.0,800.0,0.0,2.74007511138916,"{""callbacks"": {""early_stopping"": true, ""min_delta"": 0.0, ""mode"": ""auto"", ""monitor"": ""val_loss"", ""patience"": 40, ""restore_best_weights"": true, ""verbose"": 0}, ""cv"": {""k"": 5, ""seed"": 42, ""shuffle"": true}, ""data"": {""train_path"": ""data/MONK/MONK1/monks-1.train""}, ""model"": {""activation"": ""tanh"", ""dropout"": 0.0, ""hidden_units"": [4]}, ""optim"": {""lr"": 0.1, ""momentum"": 0.5, ""name"": ""sgd""}, ""regularizer"": {""l2"": ""1e-6""}, ""seed"": 42, ""split"": {""stratified"": true, ""val_size"": 0.2}, ""training"": {""batch_size"": 16, ""epochs"": 800, ""include_reg_in_val"": false, ""shuffle"": true}}"
d8b495bd4108,42,holdout,val_loss,min,0.381922030503913,0.0,0.381922030503913,0.0,0.88,0.0,243.0,0.0,0.6055953502655029,"{""callbacks"": {""early_stopping"": true, ""min_delta"": 0.0, ""mode"": ""auto"", ""monitor"": ""val_loss"", ""patience"": 40, ""restore_best_weights"": true, ""verbose"": 0}, ""cv"": {""k"": 5, ""seed"": 42, ""shuffle"": true}, ""data"": {""train_path"": ""data/MONK/MONK1/monks-1.train""}, ""model"": {""activation"": ""tanh"", ""dropout"": 0.0, ""hidden_units"": [4]}, ""optim"": {""lr"": 0.05, ""momentum"": 0.0, ""name"": ""sgd""}, ""regularizer"": {""l2"": ""1e-6""}, ""seed"": 42, ""split"": {""stratified"": true, ""val_size"": 0.2}, ""training"": {""batch_size"": 32, ""epochs"": 800, ""include_reg_in_val"": false, ""shuffle"": true}}"
b783fbacc57a,42,holdout,val_loss,min,0.381922030503913,0.0,0.381922030503913,0.0,0.88,0.0,243.0,0.0,0.5977005958557129,"{""callbacks"": {""early_stopping"": true, ""min_delta"": 0.0, ""mode"": ""auto"", ""monitor"": ""val_loss"", ""patience"": 40, ""restore_best_weights"": true, ""verbose"": 0}, ""cv"": {""k"": 5, ""seed"": 42, ""shuffle"": true}, ""data"": {""train_path"": ""data/MONK/MONK1/monks-1.train""}, ""model"": {""activation"": ""tanh"", ""dropout"": 0.0, ""hidden_units"": [4]}, ""optim"": {""lr"": 0.05, ""momentum"": 0.0, ""name"": ""sgd""}, ""regularizer"": {""l2"": ""1e-6""}, ""seed"": 42, ""split"": {""stratified"": true, ""val_size"": 0.2}, ""training"": {""batch_size"": 32, ""epochs"": 1000, ""include_reg_in_val"": false, ""shuffle"": true}}"
4b080c52cdb0,42,holdout,val_loss,min,0.2713163508127326,0.0,0.2713163508127326,0.0,0.84,0.0,327.0,0.0,1.2502565383911133,"{""callbacks"": {""early_stopping"": true, ""min_delta"": 0.0, ""mode"": ""auto"", ""monitor"": ""val_loss"", ""patience"": 40, ""restore_best_weights"": true, ""verbose"": 0}, ""cv"": {""k"": 5, ""seed"": 42, ""shuffle"": true}, ""data"": {""train_path"": ""data/MONK/MONK1/monks-1.train""}, ""model"": {""activation"": ""tanh"", ""dropout"": 0.0, ""hidden_units"": [4]}, ""optim"": {""lr"": 0.05, ""momentum"": 0.0, ""name"": ""sgd""}, ""regularizer"": {""l2"": ""1e-6""}, ""seed"": 42, ""split"": {""stratified"": true, ""val_size"": 0.2}, ""training"": {""batch_size"": 16, ""epochs"": 800, ""include_reg_in_val"": false, ""shuffle"": true}}"
2bd5ec32784c,42,holdout,val_loss,min,0.2713163508127326,0.0,0.2713163508127326,0.0,0.84,0.0,327.0,0.0,1.2438149452209473,"{""callbacks"": {""early_stopping"": true, ""min_delta"": 0.0, ""mode"": ""auto"", ""monitor"": ""val_loss"", ""patience"": 40, ""restore_best_weights"": true, ""verbose"": 0}, ""cv"": {""k"": 5, ""seed"": 42, ""shuffle"": true}, ""data"": {""train_path"": ""data/MONK/MONK1/monks-1.train""}, ""model"": {""activation"": ""tanh"", ""dropout"": 0.0, ""hidden_units"": [4]}, ""optim"": {""lr"": 0.05, ""momentum"": 0.0, ""name"": ""sgd""}, ""regularizer"": {""l2"": ""1e-6""}, ""seed"": 42, ""split"": {""stratified"": true, ""val_size"": 0.2}, ""training"": {""batch_size"": 16, ""epochs"": 1000, ""include_reg_in_val"": false, ""shuffle"": true}}"
43b977222ad4,42,holdout,val_loss,min,0.006262525946180038,0.0,0.006262525946180038,0.0,1.0,0.0,1000.0,0.0,3.4039158821105957,"{""callbacks"": {""early_stopping"": true, ""min_delta"": 0.0, ""mode"": ""auto"", ""monitor"": ""val_loss"", ""patience"": 40, ""restore_best_weights"": true, ""verbose"": 0}, ""cv"": {""k"": 5, ""seed"": 42, ""shuffle"": true}, ""data"": {""train_path"": ""data/MONK/MONK1/monks-1.train""}, ""model"": {""activation"": ""tanh"", ""dropout"": 0.0, ""hidden_units"": [4]}, ""optim"": {""lr"": 0.1, ""momentum"": 0.5, ""name"": ""sgd""}, ""regularizer"": {""l2"": ""1e-6""}, ""seed"": 42, ""split"": {""stratified"": true, ""val_size"": 0.2}, ""training"": {""batch_size"": 16, ""epochs"": 1000, ""include_reg_in_val"": false, ""shuffle"": true}}"
9fb16dec9558,42,holdout,val_loss,min,0.27448935954205117,0.0,0.27448935954205117,0.0,0.84,0.0,244.0,0.0,0.668083667755127,"{""callbacks"": {""early_stopping"": true, ""min_delta"": 0.0, ""mode"": ""auto"", ""monitor"": ""val_loss"", ""patience"": 40, ""restore_best_weights"": true, ""verbose"": 0}, ""cv"": {""k"": 5, ""seed"": 42, ""shuffle"": true}, ""data"": {""train_path"": ""data/MONK/MONK1/monks-1.train""}, ""model"": {""activation"": ""tanh"", ""dropout"": 0.0, ""hidden_units"": [4]}, ""optim"": {""lr"": 0.05, ""momentum"": 0.5, ""name"": ""sgd""}, ""regularizer"": {""l2"": ""1e-6""}, ""seed"": 42, ""split"": {""stratified"": true, ""val_size"": 0.2}, ""training"": {""batch_size"": 32, ""epochs"": 800, ""include_reg_in_val"": false, ""shuffle"": true}}"
47c9e218f03c,42,holdout,val_loss,min,0.001662378630865552,0.0,0.001662378630865552,0.0,1.0,0.0,800.0,0.0,2.8458027839660645,"{""callbacks"": {""early_stopping"": true, ""min_delta"": 0.0, ""mode"": ""auto"", ""monitor"": ""val_loss"", ""patience"": 40, ""restore_best_weights"": true, ""verbose"": 0}, ""cv"": {""k"": 5, ""seed"": 42, ""shuffle"": true}, ""data"": {""train_path"": ""data/MONK/MONK1/monks-1.train""}, ""model"": {""activation"": ""tanh"", ""dropout"": 0.0, ""hidden_units"": [4]}, ""optim"": {""lr"": 0.1, ""momentum"": 0.9, ""name"": ""sgd""}, ""regularizer"": {""l2"": ""1e-6""}, ""seed"": 42, ""split"": {""stratified"": true, ""val_size"": 0.2}, ""training"": {""batch_size"": 16, ""epochs"": 800, ""include_reg_in_val"": false, ""shuffle"": true}}"
19a2dbe1c925,42,holdout,val_loss,min,0.27448935954205117,0.0,0.27448935954205117,0.0,0.84,0.0,244.0,0.0,0.7341902256011963,"{""callbacks"": {""early_stopping"": true, ""min_delta"": 0.0, ""mode"": ""auto"", ""monitor"": ""val_loss"", ""patience"": 40, ""restore_best_weights"": true, ""verbose"": 0}, ""cv"": {""k"": 5, ""seed"": 42, ""shuffle"": true}, ""data"": {""train_path"": ""data/MONK/MONK1/monks-1.train""}, ""model"": {""activation"": ""tanh"", ""dropout"": 0.0, ""hidden_units"": [4]}, ""optim"": {""lr"": 0.05, ""momentum"": 0.5, ""name"": ""sgd""}, ""regularizer"": {""l2"": ""1e-6""}, ""seed"": 42, ""split"": {""stratified"": true, ""val_size"": 0.2}, ""training"": {""batch_size"": 32, ""epochs"": 1000, ""include_reg_in_val"": false, ""shuffle"": true}}"
63e6f7c537ff,42,holdout,val_loss,min,0.0011724868199524026,0.0,0.0011724868199524026,0.0,1.0,0.0,1000.0,0.0,3.353990316390991,"{""callbacks"": {""early_stopping"": true, ""min_delta"": 0.0, ""mode"": ""auto"", ""monitor"": ""val_loss"", ""patience"": 40, ""restore_best_weights"": true, ""verbose"": 0}, ""cv"": {""k"": 5, ""seed"": 42, ""shuffle"": true}, ""data"": {""train_path"": ""data/MONK/MONK1/monks-1.train""}, ""model"": {""activation"": ""tanh"", ""dropout"": 0.0, ""hidden_units"": [4]}, ""optim"": {""lr"": 0.1, ""momentum"": 0.9, ""name"": ""sgd""}, ""regularizer"": {""l2"": ""1e-6""}, ""seed"": 42, ""split"": {""stratified"": true, ""val_size"": 0.2}, ""training"": {""batch_size"": 16, ""epochs"": 1000, ""include_reg_in_val"": false, ""shuffle"": true}}"
df8873dbd752,42,holdout,val_loss,min,0.01019918796524366,0.0,0.01019918796524366,0.0,1.0,0.0,754.0,0.0,1.6682333946228027,"{""callbacks"": {""early_stopping"": true, ""min_delta"": 0.0, ""mode"": ""auto"", ""monitor"": ""val_loss"", ""patience"": 40, ""restore_best_weights"": true, ""verbose"": 0}, ""cv"": {""k"": 5, ""seed"": 42, ""shuffle"": true}, ""data"": {""train_path"": ""data/MONK/MONK1/monks-1.train""}, ""model"": {""activation"": ""tanh"", ""dropout"": 0.0, ""hidden_units"": [4]}, ""optim"": {""lr"": 0.05, ""momentum"": 0.9, ""name"": ""sgd""}, ""regularizer"": {""l2"": ""1e-6""}, ""seed"": 42, ""split"": {""stratified"": true, ""val_size"": 0.2}, ""training"": {""batch_size"": 32, ""epochs"": 800, ""include_reg_in_val"": false, ""shuffle"": true}}"
bd54e77b8172,42,holdout,val_loss,min,0.022519778069364494,0.0,0.022519778069364494,0.0,1.0,0.0,800.0,0.0,2.8236072063446045,"{""callbacks"": {""early_stopping"": true, ""min_delta"": 0.0, ""mode"": ""auto"", ""monitor"": ""val_loss"", ""patience"": 40, ""restore_best_weights"": true, ""verbose"": 0}, ""cv"": {""k"": 5, ""seed"": 42, ""shuffle"": true}, ""data"": {""train_path"": ""data/MONK/MONK1/monks-1.train""}, ""model"": {""activation"": ""tanh"", ""dropout"": 0.0, ""hidden_units"": [4]}, ""optim"": {""lr"": 0.05, ""momentum"": 0.5, ""name"": ""sgd""}, ""regularizer"": {""l2"": ""1e-6""}, ""seed"": 42, ""split"": {""stratified"": true, ""val_size"": 0.2}, ""training"": {""batch_size"": 16, ""epochs"": 800, ""include_reg_in_val"": false, ""shuffle"": true}}"
3002e0129ed0,42,holdout,val_loss,min,0.01019918796524366,0.0,0.01019918796524366,0.0,1.0,0.0,754.0,0.0,1.6353518962860107,"{""callbacks"": {""early_stopping"": true, ""min_delta"": 0.0, ""mode"": ""auto"", ""monitor"": ""val_loss"", ""patience"": 40, ""restore_best_weights"": true, ""verbose"": 0}, ""cv"": {""k"": 5, ""seed"": 42, ""shuffle"": true}, ""data"": {""train_path"": ""data/MONK/MONK1/monks-1.train""}, ""model"": {""activation"": ""tanh"", ""dropout"": 0.0, ""hidden_units"": [4]}, ""optim"": {""lr"": 0.05, ""momentum"": 0.9, ""name"": ""sgd""}, ""regularizer"": {""l2"": ""1e-6""}, ""seed"": 42, ""split"": {""stratified"": true, ""val_size"": 0.2}, ""training"": {""batch_size"": 32, ""epochs"": 1000, ""include_reg_in_val"": false, ""shuffle"": true}}"
a3e4d6f6bca4,42,holdout,val_loss,min,0.002398679926534732,0.0,0.002398679926534732,0.0,1.0,0.0,800.0,0.0,2.8466756343841553,"{""callbacks"": {""early_stopping"": true, ""min_delta"": 0.0, ""mode"": ""auto"", ""monitor"": ""val_loss"", ""patience"": 40, ""restore_best_weights"": true, ""verbose"": 0}, ""cv"": {""k"": 5, ""seed"": 42, ""shuffle"": true}, ""data"": {""train_path"": ""data/MONK/MONK1/monks-1.train""}, ""model"": {""activation"": ""tanh"", ""dropout"": 0.0, ""hidden_units"": [4]}, ""optim"": {""lr"": 0.05, ""momentum"": 0.9, ""name"": ""sgd""}, ""regularizer"": {""l2"": ""1e-6""}, ""seed"": 42, ""split"": {""stratified"": true, ""val_size"": 0.2}, ""training"": {""batch_size"": 16, ""epochs"": 800, ""include_reg_in_val"": false, ""shuffle"": true}}"
f3db5a043b1c,42,holdout,val_loss,min,0.4611054771583594,0.0,0.4611054771583594,0.0,0.84,0.0,534.0,0.0,1.1269567012786865,"{""callbacks"": {""early_stopping"": true, ""min_delta"": 0.0, ""mode"": ""auto"", ""monitor"": ""val_loss"", ""patience"": 40, ""restore_best_weights"": true, ""verbose"": 0}, ""cv"": {""k"": 5, ""seed"": 42, ""shuffle"": true}, ""data"": {""train_path"": ""data/MONK/MONK1/monks-1.train""}, ""model"": {""activation"": ""tanh"", ""dropout"": 0.0, ""hidden_units"": [4]}, ""optim"": {""lr"": 0.01, ""momentum"": 0.0, ""name"": ""sgd""}, ""regularizer"": {""l2"": ""1e-6""}, ""seed"": 42, ""split"": {""stratified"": true, ""val_size"": 0.2}, ""training"": {""batch_size"": 32, ""epochs"": 800, ""include_reg_in_val"": false, ""shuffle"": true}}"
be7d08fb04c0,42,holdout,val_loss,min,0.4611054771583594,0.0,0.4611054771583594,0.0,0.84,0.0,534.0,0.0,1.1317992210388184,"{""callbacks"": {""early_stopping"": true, ""min_delta"": 0.0, ""mode"": ""auto"", ""monitor"": ""val_loss"", ""patience"": 40, ""restore_best_weights"": true, ""verbose"": 0}, ""cv"": {""k"": 5, ""seed"": 42, ""shuffle"": true}, ""data"": {""train_path"": ""data/MONK/MONK1/monks-1.train""}, ""model"": {""activation"": ""tanh"", ""dropout"": 0.0, ""hidden_units"": [4]}, ""optim"": {""lr"": 0.01, ""momentum"": 0.0, ""name"": ""sgd""}, ""regularizer"": {""l2"": ""1e-6""}, ""seed"": 42, ""split"": {""stratified"": true, ""val_size"": 0.2}, ""training"": {""batch_size"": 32, ""epochs"": 1000, ""include_reg_in_val"": false, ""shuffle"": true}}"
0cf06581955d,42,holdout,val_loss,min,0.0165877864014127,0.0,0.0165877864014127,0.0,1.0,0.0,1000.0,0.0,3.6883039474487305,"{""callbacks"": {""early_stopping"": true, ""min_delta"": 0.0, ""mode"": ""auto"", ""monitor"": ""val_loss"", ""patience"": 40, ""restore_best_weights"": true, ""verbose"": 0}, ""cv"": {""k"": 5, ""seed"": 42, ""shuffle"": true}, ""data"": {""train_path"": ""data/MONK/MONK1/monks-1.train""}, ""model"": {""activation"": ""tanh"", ""dropout"": 0.0, ""hidden_units"": [4]}, ""optim"": {""lr"": 0.05, ""momentum"": 0.5, ""name"": ""sgd""}, ""regularizer"": {""l2"": ""1e-6""}, ""seed"": 42, ""split"": {""stratified"": true, ""val_size"": 0.2}, ""training"": {""batch_size"": 16, ""epochs"": 1000, ""include_reg_in_val"": false, ""shuffle"": true}}"
d29e09ca6827,42,holdout,val_loss,min,0.35283975240893184,0.0,0.35283975240893184,0.0,0.88,0.0,800.0,0.0,2.557757616043091,"{""callbacks"": {""early_stopping"": true, ""min_delta"": 0.0, ""mode"": ""auto"", ""monitor"": ""val_loss"", ""patience"": 40, ""restore_best_weights"": true, ""verbose"": 0}, ""cv"": {""k"": 5, ""seed"": 42, ""shuffle"": true}, ""data"": {""train_path"": ""data/MONK/MONK1/monks-1.train""}, ""model"": {""activation"": ""tanh"", ""dropout"": 0.0, ""hidden_units"": [4]}, ""optim"": {""lr"": 0.01, ""momentum"": 0.0, ""name"": ""sgd""}, ""regularizer"": {""l2"": ""1e-6""}, ""seed"": 42, ""split"": {""stratified"": true, ""val_size"": 0.2}, ""training"": {""batch_size"": 16, ""epochs"": 800, ""include_reg_in_val"": false, ""shuffle"": true}}"
7aefe5f84423,42,holdout,val_loss,min,0.001672002165724905,0.0,0.001672002165724905,0.0,1.0,0.0,1000.0,0.0,3.3293938636779785,"{""callbacks"": {""early_stopping"": true, ""min_delta"": 0.0, ""mode"": ""auto"", ""monitor"": ""val_loss"", ""patience"": 40, ""restore_best_weights"": true, ""verbose"": 0}, ""cv"": {""k"": 5, ""seed"": 42, ""shuffle"": true}, ""data"": {""train_path"": ""data/MONK/MONK1/monks-1.train""}, ""model"": {""activation"": ""tanh"", ""dropout"": 0.0, ""hidden_units"": [4]}, ""optim"": {""lr"": 0.05, ""momentum"": 0.9, ""name"": ""sgd""}, ""regularizer"": {""l2"": ""1e-6""}, ""seed"": 42, ""split"": {""stratified"": true, ""val_size"": 0.2}, ""training"": {""batch_size"": 16, ""epochs"": 1000, ""include_reg_in_val"": false, ""shuffle"": true}}"
f6f8fa2e2451,42,holdout,val_loss,min,0.2689392048130282,0.0,0.2689392048130282,0.0,0.84,0.0,172.0,0.0,0.7784783840179443,"{""callbacks"": {""early_stopping"": true, ""min_delta"": 0.0, ""mode"": ""auto"", ""monitor"": ""val_loss"", ""patience"": 40, ""restore_best_weights"": true, ""verbose"": 0}, ""cv"": {""k"": 5, ""seed"": 42, ""shuffle"": true}, ""data"": {""train_path"": ""data/MONK/MONK1/monks-1.train""}, ""model"": {""activation"": ""tanh"", ""dropout"": 0.0, ""hidden_units"": [4]}, ""optim"": {""lr"": 0.01, ""momentum"": 0.9, ""name"": ""sgd""}, ""regularizer"": {""l2"": ""1e-6""}, ""seed"": 42, ""split"": {""stratified"": true, ""val_size"": 0.2}, ""training"": {""batch_size"": 16, ""epochs"": 800, ""include_reg_in_val"": false, ""shuffle"": true}}"
e5a1d2416147,42,holdout,val_loss,min,0.2689392048130282,0.0,0.2689392048130282,0.0,0.84,0.0,172.0,0.0,0.740957498550415,"{""callbacks"": {""early_stopping"": true, ""min_delta"": 0.0, ""mode"": ""auto"", ""monitor"": ""val_loss"", ""patience"": 40, ""restore_best_weights"": true, ""verbose"": 0}, ""cv"": {""k"": 5, ""seed"": 42, ""shuffle"": true}, ""data"": {""train_path"": ""data/MONK/MONK1/monks-1.train""}, ""model"": {""activation"": ""tanh"", ""dropout"": 0.0, ""hidden_units"": [4]}, ""optim"": {""lr"": 0.01, ""momentum"": 0.9, ""name"": ""sgd""}, ""regularizer"": {""l2"": ""1e-6""}, ""seed"": 42, ""split"": {""stratified"": true, ""val_size"": 0.2}, ""training"": {""batch_size"": 16, ""epochs"": 1000, ""include_reg_in_val"": false, ""shuffle"": true}}"
86626c1b49e0,42,holdout,val_loss,min,0.2787410769127254,0.0,0.2787410769127254,0.0,0.84,0.0,248.0,0.0,0.5909104347229004,"{""callbacks"": {""early_stopping"": true, ""min_delta"": 0.0, ""mode"": ""auto"", ""monitor"": ""val_loss"", ""patience"": 40, ""restore_best_weights"": true, ""verbose"": 0}, ""cv"": {""k"": 5, ""seed"": 42, ""shuffle"": true}, ""data"": {""train_path"": ""data/MONK/MONK1/monks-1.train""}, ""model"": {""activation"": ""tanh"", ""dropout"": 0.0, ""hidden_units"": [4]}, ""optim"": {""lr"": 0.01, ""momentum"": 0.9, ""name"": ""sgd""}, ""regularizer"": {""l2"": ""1e-6""}, ""seed"": 42, ""split"": {""stratified"": true, ""val_size"": 0.2}, ""training"": {""batch_size"": 32, ""epochs"": 800, ""include_reg_in_val"": false, ""shuffle"": true}}"
cf4dca0ec7b5,42,holdout,val_loss,min,0.3154708219320625,0.0,0.3154708219320625,0.0,0.88,0.0,998.0,0.0,3.0409796237945557,"{""callbacks"": {""early_stopping"": true, ""min_delta"": 0.0, ""mode"": ""auto"", ""monitor"": ""val_loss"", ""patience"": 40, ""restore_best_weights"": true, ""verbose"": 0}, ""cv"": {""k"": 5, ""seed"": 42, ""shuffle"": true}, ""data"": {""train_path"": ""data/MONK/MONK1/monks-1.train""}, ""model"": {""activation"": ""tanh"", ""dropout"": 0.0, ""hidden_units"": [4]}, ""optim"": {""lr"": 0.01, ""momentum"": 0.0, ""name"": ""sgd""}, ""regularizer"": {""l2"": ""1e-6""}, ""seed"": 42, ""split"": {""stratified"": true, ""val_size"": 0.2}, ""training"": {""batch_size"": 16, ""epochs"": 1000, ""include_reg_in_val"": false, ""shuffle"": true}}"
2579d6094ded,42,holdout,val_loss,min,0.2787410769127254,0.0,0.2787410769127254,0.0,0.84,0.0,248.0,0.0,0.6377711296081543,"{""callbacks"": {""early_stopping"": true, ""min_delta"": 0.0, ""mode"": ""auto"", ""monitor"": ""val_loss"", ""patience"": 40, ""restore_best_weights"": true, ""verbose"": 0}, ""cv"": {""k"": 5, ""seed"": 42, ""shuffle"": true}, ""data"": {""train_path"": ""data/MONK/MONK1/monks-1.train""}, ""model"": {""activation"": ""tanh"", ""dropout"": 0.0, ""hidden_units"": [4]}, ""optim"": {""lr"": 0.01, ""momentum"": 0.9, ""name"": ""sgd""}, ""regularizer"": {""l2"": ""1e-6""}, ""seed"": 42, ""split"": {""stratified"": true, ""val_size"": 0.2}, ""training"": {""batch_size"": 32, ""epochs"": 1000, ""include_reg_in_val"": false, ""shuffle"": true}}"
a14bf1d6b1a6,42,holdout,val_loss,min,0.3331230692889471,0.0,0.3331230692889471,0.0,0.88,0.0,800.0,0.0,1.6391005516052246,"{""callbacks"": {""early_stopping"": true, ""min_delta"": 0.0, ""mode"": ""auto"", ""monitor"": ""val_loss"", ""patience"": 40, ""restore_best_weights"": true, ""verbose"": 0}, ""cv"": {""k"": 5, ""seed"": 42, ""shuffle"": true}, ""data"": {""train_path"": ""data/MONK/MONK1/monks-1.train""}, ""model"": {""activation"": ""tanh"", ""dropout"": 0.0, ""hidden_units"": [4]}, ""optim"": {""lr"": 0.01, ""momentum"": 0.5, ""name"": ""sgd""}, ""regularizer"": {""l2"": ""1e-6""}, ""seed"": 42, ""split"": {""stratified"": true, ""val_size"": 0.2}, ""training"": {""batch_size"": 32, ""epochs"": 800, ""include_reg_in_val"": false, ""shuffle"": true}}"
0b4c7f5432ee,42,holdout,val_loss,min,0.2813319881256258,0.0,0.2813319881256258,0.0,0.84,0.0,679.0,0.0,2.467587471008301,"{""callbacks"": {""early_stopping"": true, ""min_delta"": 0.0, ""mode"": ""auto"", ""monitor"": ""val_loss"", ""patience"": 40, ""restore_best_weights"": true, ""verbose"": 0}, ""cv"": {""k"": 5, ""seed"": 42, ""shuffle"": true}, ""data"": {""train_path"": ""data/MONK/MONK1/monks-1.train""}, ""model"": {""activation"": ""tanh"", ""dropout"": 0.0, ""hidden_units"": [4]}, ""optim"": {""lr"": 0.01, ""momentum"": 0.5, ""name"": ""sgd""}, ""regularizer"": {""l2"": ""1e-6""}, ""seed"": 42, ""split"": {""stratified"": true, ""val_size"": 0.2}, ""training"": {""batch_size"": 16, ""epochs"": 800, ""include_reg_in_val"": false, ""shuffle"": true}}"
b303ab197f7a,42,holdout,val_loss,min,0.3029702159967422,0.0,0.3029702159967422,0.0,0.84,0.0,966.0,0.0,2.1271016597747803,"{""callbacks"": {""early_stopping"": true, ""min_delta"": 0.0, ""mode"": ""auto"", ""monitor"": ""val_loss"", ""patience"": 40, ""restore_best_weights"": true, ""verbose"": 0}, ""cv"": {""k"": 5, ""seed"": 42, ""shuffle"": true}, ""data"": {""train_path"": ""data/MONK/MONK1/monks-1.train""}, ""model"": {""activation"": ""tanh"", ""dropout"": 0.0, ""hidden_units"": [4]}, ""optim"": {""lr"": 0.01, ""momentum"": 0.5, ""name"": ""sgd""}, ""regularizer"": {""l2"": ""1e-6""}, ""seed"": 42, ""split"": {""stratified"": true, ""val_size"": 0.2}, ""training"": {""batch_size"": 32, ""epochs"": 1000, ""include_reg_in_val"": false, ""shuffle"": true}}"
3b9935d85fd6,42,holdout,val_loss,min,0.2813319881256258,0.0,0.2813319881256258,0.0,0.84,0.0,679.0,0.0,2.469109296798706,"{""callbacks"": {""early_stopping"": true, ""min_delta"": 0.0, ""mode"": ""auto"", ""monitor"": ""val_loss"", ""patience"": 40, ""restore_best_weights"": true, ""verbose"": 0}, ""cv"": {""k"": 5, ""seed"": 42, ""shuffle"": true}, ""data"": {""train_path"": ""data/MONK/MONK1/monks-1.train""}, ""model"": {""activation"": ""tanh"", ""dropout"": 0.0, ""hidden_units"": [4]}, ""optim"": {""lr"": 0.01, ""momentum"": 0.5, ""name"": ""sgd""}, ""regularizer"": {""l2"": ""1e-6""}, ""seed"": 42, ""split"": {""stratified"": true, ""val_size"": 0.2}, ""training"": {""batch_size"": 16, ""epochs"": 1000, ""include_reg_in_val"": false, ""shuffle"": true}}"
1b1c8098774b,42,holdout,val_loss,min,0.663679594687179,0.0,0.663679594687179,0.0,0.6,0.0,800.0,0.0,1.506767988204956,"{""callbacks"": {""early_stopping"": true, ""min_delta"": 0.0, ""mode"": ""auto"", ""monitor"": ""val_loss"", ""patience"": 40, ""restore_best_weights"": true, ""verbose"": 0}, ""cv"": {""k"": 5, ""seed"": 42, ""shuffle"": true}, ""data"": {""train_path"": ""data/MONK/MONK1/monks-1.train""}, ""model"": {""activation"": ""tanh"", ""dropout"": 0.0, ""hidden_units"": [4]}, ""optim"": {""lr"": 0.001, ""momentum"": 0.0, ""name"": ""sgd""}, ""regularizer"": {""l2"": ""1e-6""}, ""seed"": 42, ""split"": {""stratified"": true, ""val_size"": 0.2}, ""training"": {""batch_size"": 32, ""epochs"": 800, ""include_reg_in_val"": false, ""shuffle"": true}}"
5e1a8e4f4b41,42,holdout,val_loss,min,0.6239623346152959,0.0,0.6239623346152959,0.0,0.72,0.0,800.0,0.0,2.6110520362854004,"{""callbacks"": {""early_stopping"": true, ""min_delta"": 0.0, ""mode"": ""auto"", ""monitor"": ""val_loss"", ""patience"": 40, ""restore_best_weights"": true, ""verbose"": 0}, ""cv"": {""k"": 5, ""seed"": 42, ""shuffle"": true}, ""data"": {""train_path"": ""data/MONK/MONK1/monks-1.train""}, ""model"": {""activation"": ""tanh"", ""dropout"": 0.0, ""hidden_units"": [4]}, ""optim"": {""lr"": 0.001, ""momentum"": 0.0, ""name"": ""sgd""}, ""regularizer"": {""l2"": ""1e-6""}, ""seed"": 42, ""split"": {""stratified"": true, ""val_size"": 0.2}, ""training"": {""batch_size"": 16, ""epochs"": 800, ""include_reg_in_val"": false, ""shuffle"": true}}"
c82365391a3e,42,holdout,val_loss,min,0.6506367248981124,0.0,0.6506367248981124,0.0,0.64,0.0,1000.0,0.0,2.0673577785491943,"{""callbacks"": {""early_stopping"": true, ""min_delta"": 0.0, ""mode"": ""auto"", ""monitor"": ""val_loss"", ""patience"": 40, ""restore_best_weights"": true, ""verbose"": 0}, ""cv"": {""k"": 5, ""seed"": 42, ""shuffle"": true}, ""data"": {""train_path"": ""data/MONK/MONK1/monks-1.train""}, ""model"": {""activation"": ""tanh"", ""dropout"": 0.0, ""hidden_units"": [4]}, ""optim"": {""lr"": 0.001, ""momentum"": 0.0, ""name"": ""sgd""}, ""regularizer"": {""l2"": ""1e-6""}, ""seed"": 42, ""split"": {""stratified"": true, ""val_size"": 0.2}, ""training"": {""batch_size"": 32, ""epochs"": 1000, ""include_reg_in_val"": false, ""shuffle"": true}}"
7069b93969a4,42,holdout,val_loss,min,0.6099774024975587,0.0,0.6099774024975587,0.0,0.72,0.0,800.0,0.0,1.7029523849487305,"{""callbacks"": {""early_stopping"": true, ""min_delta"": 0.0, ""mode"": ""auto"", ""monitor"": ""val_loss"", ""patience"": 40, ""restore_best_weights"": true, ""verbose"": 0}, ""cv"": {""k"": 5, ""seed"": 42, ""shuffle"": true}, ""data"": {""train_path"": ""data/MONK/MONK1/monks-1.train""}, ""model"": {""activation"": ""tanh"", ""dropout"": 0.0, ""hidden_units"": [4]}, ""optim"": {""lr"": 0.001, ""momentum"": 0.5, ""name"": ""sgd""}, ""regularizer"": {""l2"": ""1e-6""}, ""seed"": 42, ""split"": {""stratified"": true, ""val_size"": 0.2}, ""training"": {""batch_size"": 32, ""epochs"": 800, ""include_reg_in_val"": false, ""shuffle"": true}}"
e09d48098f58,42,holdout,val_loss,min,0.600824313706544,0.0,0.600824313706544,0.0,0.68,0.0,1000.0,0.0,3.0862057209014893,"{""callbacks"": {""early_stopping"": true, ""min_delta"": 0.0, ""mode"": ""auto"", ""monitor"": ""val_loss"", ""patience"": 40, ""restore_best_weights"": true, ""verbose"": 0}, ""cv"": {""k"": 5, ""seed"": 42, ""shuffle"": true}, ""data"": {""train_path"": ""data/MONK/MONK1/monks-1.train""}, ""model"": {""activation"": ""tanh"", ""dropout"": 0.0, ""hidden_units"": [4]}, ""optim"": {""lr"": 0.001, ""momentum"": 0.0, ""name"": ""sgd""}, ""regularizer"": {""l2"": ""1e-6""}, ""seed"": 42, ""split"": {""stratified"": true, ""val_size"": 0.2}, ""training"": {""batch_size"": 16, ""epochs"": 1000, ""include_reg_in_val"": false, ""shuffle"": true}}"
257b828be172,42,holdout,val_loss,min,0.5330205177392813,0.0,0.5330205177392813,0.0,0.76,0.0,800.0,0.0,2.7085115909576416,"{""callbacks"": {""early_stopping"": true, ""min_delta"": 0.0, ""mode"": ""auto"", ""monitor"": ""val_loss"", ""patience"": 40, ""restore_best_weights"": true, ""verbose"": 0}, ""cv"": {""k"": 5, ""seed"": 42, ""shuffle"": true}, ""data"": {""train_path"": ""data/MONK/MONK1/monks-1.train""}, ""model"": {""activation"": ""tanh"", ""dropout"": 0.0, ""hidden_units"": [4]}, ""optim"": {""lr"": 0.001, ""momentum"": 0.5, ""name"": ""sgd""}, ""regularizer"": {""l2"": ""1e-6""}, ""seed"": 42, ""split"": {""stratified"": true, ""val_size"": 0.2}, ""training"": {""batch_size"": 16, ""epochs"": 800, ""include_reg_in_val"": false, ""shuffle"": true}}"
389f8618d504,42,holdout,val_loss,min,0.21323285549695137,0.0,0.21323285549695137,0.0,0.92,0.0,22.0,0.0,0.283494234085083,"{""callbacks"": {""early_stopping"": true, ""min_delta"": 0.0, ""mode"": ""auto"", ""monitor"": ""val_loss"", ""patience"": 40, ""restore_best_weights"": true, ""verbose"": 0}, ""cv"": {""k"": 5, ""seed"": 42, ""shuffle"": true}, ""data"": {""train_path"": ""data/MONK/MONK1/monks-1.train""}, ""model"": {""activation"": ""tanh"", ""dropout"": 0.0, ""hidden_units"": [4]}, ""optim"": {""lr"": 0.3, ""momentum"": 0.0, ""name"": ""adam""}, ""regularizer"": {""l2"": ""1e-6""}, ""seed"": 42, ""split"": {""stratified"": true, ""val_size"": 0.2}, ""training"": {""batch_size"": 16, ""epochs"": 800, ""include_reg_in_val"": false, ""shuffle"": true}}"
c78f968e5228,42,holdout,val_loss,min,0.5836320161896515,0.0,0.5836320161896515,0.0,0.72,0.0,1000.0,0.0,2.1731910705566406,"{""callbacks"": {""early_stopping"": true, ""min_delta"": 0.0, ""mode"": ""auto"", ""monitor"": ""val_loss"", ""patience"": 40, ""restore_best_weights"": true, ""verbose"": 0}, ""cv"": {""k"": 5, ""seed"": 42, ""shuffle"": true}, ""data"": {""train_path"": ""data/MONK/MONK1/monks-1.train""}, ""model"": {""activation"": ""tanh"", ""dropout"": 0.0, ""hidden_units"": [4]}, ""optim"": {""lr"": 0.001, ""momentum"": 0.5, ""name"": ""sgd""}, ""regularizer"": {""l2"": ""1e-6""}, ""seed"": 42, ""split"": {""stratified"": true, ""val_size"": 0.2}, ""training"": {""batch_size"": 32, ""epochs"": 1000, ""include_reg_in_val"": false, ""shuffle"": true}}"
629b01c3b9e6,42,holdout,val_loss,min,0.06567697096020375,0.0,0.06567697096020375,0.0,1.0,0.0,41.0,0.0,0.21105122566223145,"{""callbacks"": {""early_stopping"": true, ""min_delta"": 0.0, ""mode"": ""auto"", ""monitor"": ""val_loss"", ""patience"": 40, ""restore_best_weights"": true, ""verbose"": 0}, ""cv"": {""k"": 5, ""seed"": 42, ""shuffle"": true}, ""data"": {""train_path"": ""data/MONK/MONK1/monks-1.train""}, ""model"": {""activation"": ""tanh"", ""dropout"": 0.0, ""hidden_units"": [4]}, ""optim"": {""lr"": 0.3, ""momentum"": 0.0, ""name"": ""adam""}, ""regularizer"": {""l2"": ""1e-6""}, ""seed"": 42, ""split"": {""stratified"": true, ""val_size"": 0.2}, ""training"": {""batch_size"": 32, ""epochs"": 800, ""include_reg_in_val"": false, ""shuffle"": true}}"
365360c5f836,42,holdout,val_loss,min,0.21323285549695137,0.0,0.21323285549695137,0.0,0.92,0.0,22.0,0.0,0.2754783630371094,"{""callbacks"": {""early_stopping"": true, ""min_delta"": 0.0, ""mode"": ""auto"", ""monitor"": ""val_loss"", ""patience"": 40, ""restore_best_weights"": true, ""verbose"": 0}, ""cv"": {""k"": 5, ""seed"": 42, ""shuffle"": true}, ""data"": {""train_path"": ""data/MONK/MONK1/monks-1.train""}, ""model"": {""activation"": ""tanh"", ""dropout"": 0.0, ""hidden_units"": [4]}, ""optim"": {""lr"": 0.3, ""momentum"": 0.0, ""name"": ""adam""}, ""regularizer"": {""l2"": ""1e-6""}, ""seed"": 42, ""split"": {""stratified"": true, ""val_size"": 0.2}, ""training"": {""batch_size"": 16, ""epochs"": 1000, ""include_reg_in_val"": false, ""shuffle"": true}}"
35531d1da2ca,42,holdout,val_loss,min,0.06567697096020375,0.0,0.06567697096020375,0.0,1.0,0.0,41.0,0.0,0.20398211479187012,"{""callbacks"": {""early_stopping"": true, ""min_delta"": 0.0, ""mode"": ""auto"", ""monitor"": ""val_loss"", ""patience"": 40, ""restore_best_weights"": true, ""verbose"": 0}, ""cv"": {""k"": 5, ""seed"": 42, ""shuffle"": true}, ""data"": {""train_path"": ""data/MONK/MONK1/monks-1.train""}, ""model"": {""activation"": ""tanh"", ""dropout"": 0.0, ""hidden_units"": [4]}, ""optim"": {""lr"": 0.3, ""momentum"": 0.0, ""name"": ""adam""}, ""regularizer"": {""l2"": ""1e-6""}, ""seed"": 42, ""split"": {""stratified"": true, ""val_size"": 0.2}, ""training"": {""batch_size"": 32, ""epochs"": 1000, ""include_reg_in_val"": false, ""shuffle"": true}}"
7897448437b9,42,holdout,val_loss,min,0.21323285549695137,0.0,0.21323285549695137,0.0,0.92,0.0,22.0,0.0,0.24742341041564941,"{""callbacks"": {""early_stopping"": true, ""min_delta"": 0.0, ""mode"": ""auto"", ""monitor"": ""val_loss"", ""patience"": 40, ""restore_best_weights"": true, ""verbose"": 0}, ""cv"": {""k"": 5, ""seed"": 42, ""shuffle"": true}, ""data"": {""train_path"": ""data/MONK/MONK1/monks-1.train""}, ""model"": {""activation"": ""tanh"", ""dropout"": 0.0, ""hidden_units"": [4]}, ""optim"": {""lr"": 0.3, ""momentum"": 0.5, ""name"": ""adam""}, ""regularizer"": {""l2"": ""1e-6""}, ""seed"": 42, ""split"": {""stratified"": true, ""val_size"": 0.2}, ""training"": {""batch_size"": 16, ""epochs"": 800, ""include_reg_in_val"": false, ""shuffle"": true}}"
b2bfeaf18fd2,42,holdout,val_loss,min,0.21323285549695137,0.0,0.21323285549695137,0.0,0.92,0.0,22.0,0.0,0.25939464569091797,"{""callbacks"": {""early_stopping"": true, ""min_delta"": 0.0, ""mode"": ""auto"", ""monitor"": ""val_loss"", ""patience"": 40, ""restore_best_weights"": true, ""verbose"": 0}, ""cv"": {""k"": 5, ""seed"": 42, ""shuffle"": true}, ""data"": {""train_path"": ""data/MONK/MONK1/monks-1.train""}, ""model"": {""activation"": ""tanh"", ""dropout"": 0.0, ""hidden_units"": [4]}, ""optim"": {""lr"": 0.3, ""momentum"": 0.5, ""name"": ""adam""}, ""regularizer"": {""l2"": ""1e-6""}, ""seed"": 42, ""split"": {""stratified"": true, ""val_size"": 0.2}, ""training"": {""batch_size"": 16, ""epochs"": 1000, ""include_reg_in_val"": false, ""shuffle"": true}}"
5e1ef55518bb,42,holdout,val_loss,min,0.46131734057071866,0.0,0.46131734057071866,0.0,0.84,0.0,538.0,0.0,1.31782865524292,"{""callbacks"": {""early_stopping"": true, ""min_delta"": 0.0, ""mode"": ""auto"", ""monitor"": ""val_loss"", ""patience"": 40, ""restore_best_weights"": true, ""verbose"": 0}, ""cv"": {""k"": 5, ""seed"": 42, ""shuffle"": true}, ""data"": {""train_path"": ""data/MONK/MONK1/monks-1.train""}, ""model"": {""activation"": ""tanh"", ""dropout"": 0.0, ""hidden_units"": [4]}, ""optim"": {""lr"": 0.001, ""momentum"": 0.9, ""name"": ""sgd""}, ""regularizer"": {""l2"": ""1e-6""}, ""seed"": 42, ""split"": {""stratified"": true, ""val_size"": 0.2}, ""training"": {""batch_size"": 32, ""epochs"": 800, ""include_reg_in_val"": false, ""shuffle"": true}}"
a9579736e7b9,42,holdout,val_loss,min,0.06567697096020375,0.0,0.06567697096020375,0.0,1.0,0.0,41.0,0.0,0.2134246826171875,"{""callbacks"": {""early_stopping"": true, ""min_delta"": 0.0, ""mode"": ""auto"", ""monitor"": ""val_loss"", ""patience"": 40, ""restore_best_weights"": true, ""verbose"": 0}, ""cv"": {""k"": 5, ""seed"": 42, ""shuffle"": true}, ""data"": {""train_path"": ""data/MONK/MONK1/monks-1.train""}, ""model"": {""activation"": ""tanh"", ""dropout"": 0.0, ""hidden_units"": [4]}, ""optim"": {""lr"": 0.3, ""momentum"": 0.5, ""name"": ""adam""}, ""regularizer"": {""l2"": ""1e-6""}, ""seed"": 42, ""split"": {""stratified"": true, ""val_size"": 0.2}, ""training"": {""batch_size"": 32, ""epochs"": 800, ""include_reg_in_val"": false, ""shuffle"": true}}"
407c7878ab6b,42,holdout,val_loss,min,0.06567697096020375,0.0,0.06567697096020375,0.0,1.0,0.0,41.0,0.0,0.19774413108825684,"{""callbacks"": {""early_stopping"": true, ""min_delta"": 0.0, ""mode"": ""auto"", ""monitor"": ""val_loss"", ""patience"": 40, ""restore_best_weights"": true, ""verbose"": 0}, ""cv"": {""k"": 5, ""seed"": 42, ""shuffle"": true}, ""data"": {""train_path"": ""data/MONK/MONK1/monks-1.train""}, ""model"": {""activation"": ""tanh"", ""dropout"": 0.0, ""hidden_units"": [4]}, ""optim"": {""lr"": 0.3, ""momentum"": 0.5, ""name"": ""adam""}, ""regularizer"": {""l2"": ""1e-6""}, ""seed"": 42, ""split"": {""stratified"": true, ""val_size"": 0.2}, ""training"": {""batch_size"": 32, ""epochs"": 1000, ""include_reg_in_val"": false, ""shuffle"": true}}"
7626050f160d,42,holdout,val_loss,min,0.5003394748837197,0.0,0.5003394748837197,0.0,0.76,0.0,1000.0,0.0,3.4568755626678467,"{""callbacks"": {""early_stopping"": true, ""min_delta"": 0.0, ""mode"": ""auto"", ""monitor"": ""val_loss"", ""patience"": 40, ""restore_best_weights"": true, ""verbose"": 0}, ""cv"": {""k"": 5, ""seed"": 42, ""shuffle"": true}, ""data"": {""train_path"": ""data/MONK/MONK1/monks-1.train""}, ""model"": {""activation"": ""tanh"", ""dropout"": 0.0, ""hidden_units"": [4]}, ""optim"": {""lr"": 0.001, ""momentum"": 0.5, ""name"": ""sgd""}, ""regularizer"": {""l2"": ""1e-6""}, ""seed"": 42, ""split"": {""stratified"": true, ""val_size"": 0.2}, ""training"": {""batch_size"": 16, ""epochs"": 1000, ""include_reg_in_val"": false, ""shuffle"": true}}"
b6bd9d895259,42,holdout,val_loss,min,0.21323285549695137,0.0,0.21323285549695137,0.0,0.92,0.0,22.0,0.0,0.25961875915527344,"{""callbacks"": {""early_stopping"": true, ""min_delta"": 0.0, ""mode"": ""auto"", ""monitor"": ""val_loss"", ""patience"": 40, ""restore_best_weights"": true, ""verbose"": 0}, ""cv"": {""k"": 5, ""seed"": 42, ""shuffle"": true}, ""data"": {""train_path"": ""data/MONK/MONK1/monks-1.train""}, ""model"": {""activation"": ""tanh"", ""dropout"": 0.0, ""hidden_units"": [4]}, ""optim"": {""lr"": 0.3, ""momentum"": 0.9, ""name"": ""adam""}, ""regularizer"": {""l2"": ""1e-6""}, ""seed"": 42, ""split"": {""stratified"": true, ""val_size"": 0.2}, ""training"": {""batch_size"": 16, ""epochs"": 800, ""include_reg_in_val"": false, ""shuffle"": true}}"
c1726c8173ee,42,holdout,val_loss,min,0.46131734057071866,0.0,0.46131734057071866,0.0,0.84,0.0,538.0,0.0,1.2320749759674072,"{""callbacks"": {""early_stopping"": true, ""min_delta"": 0.0, ""mode"": ""auto"", ""monitor"": ""val_loss"", ""patience"": 40, ""restore_best_weights"": true, ""verbose"": 0}, ""cv"": {""k"": 5, ""seed"": 42, ""shuffle"": true}, ""data"": {""train_path"": ""data/MONK/MONK1/monks-1.train""}, ""model"": {""activation"": ""tanh"", ""dropout"": 0.0, ""hidden_units"": [4]}, ""optim"": {""lr"": 0.001, ""momentum"": 0.9, ""name"": ""sgd""}, ""regularizer"": {""l2"": ""1e-6""}, ""seed"": 42, ""split"": {""stratified"": true, ""val_size"": 0.2}, ""training"": {""batch_size"": 32, ""epochs"": 1000, ""include_reg_in_val"": false, ""shuffle"": true}}"
6624da18ad50,42,holdout,val_loss,min,0.06567697096020375,0.0,0.06567697096020375,0.0,1.0,0.0,41.0,0.0,0.21248102188110352,"{""callbacks"": {""early_stopping"": true, ""min_delta"": 0.0, ""mode"": ""auto"", ""monitor"": ""val_loss"", ""patience"": 40, ""restore_best_weights"": true, ""verbose"": 0}, ""cv"": {""k"": 5, ""seed"": 42, ""shuffle"": true}, ""data"": {""train_path"": ""data/MONK/MONK1/monks-1.train""}, ""model"": {""activation"": ""tanh"", ""dropout"": 0.0, ""hidden_units"": [4]}, ""optim"": {""lr"": 0.3, ""momentum"": 0.9, ""name"": ""adam""}, ""regularizer"": {""l2"": ""1e-6""}, ""seed"": 42, ""split"": {""stratified"": true, ""val_size"": 0.2}, ""training"": {""batch_size"": 32, ""epochs"": 800, ""include_reg_in_val"": false, ""shuffle"": true}}"
5b22b818031d,42,holdout,val_loss,min,0.21323285549695137,0.0,0.21323285549695137,0.0,0.92,0.0,22.0,0.0,0.2728860378265381,"{""callbacks"": {""early_stopping"": true, ""min_delta"": 0.0, ""mode"": ""auto"", ""monitor"": ""val_loss"", ""patience"": 40, ""restore_best_weights"": true, ""verbose"": 0}, ""cv"": {""k"": 5, ""seed"": 42, ""shuffle"": true}, ""data"": {""train_path"": ""data/MONK/MONK1/monks-1.train""}, ""model"": {""activation"": ""tanh"", ""dropout"": 0.0, ""hidden_units"": [4]}, ""optim"": {""lr"": 0.3, ""momentum"": 0.9, ""name"": ""adam""}, ""regularizer"": {""l2"": ""1e-6""}, ""seed"": 42, ""split"": {""stratified"": true, ""val_size"": 0.2}, ""training"": {""batch_size"": 16, ""epochs"": 1000, ""include_reg_in_val"": false, ""shuffle"": true}}"
851224dd8c7f,42,holdout,val_loss,min,0.06567697096020375,0.0,0.06567697096020375,0.0,1.0,0.0,41.0,0.0,0.20088601112365723,"{""callbacks"": {""early_stopping"": true, ""min_delta"": 0.0, ""mode"": ""auto"", ""monitor"": ""val_loss"", ""patience"": 40, ""restore_best_weights"": true, ""verbose"": 0}, ""cv"": {""k"": 5, ""seed"": 42, ""shuffle"": true}, ""data"": {""train_path"": ""data/MONK/MONK1/monks-1.train""}, ""model"": {""activation"": ""tanh"", ""dropout"": 0.0, ""hidden_units"": [4]}, ""optim"": {""lr"": 0.3, ""momentum"": 0.9, ""name"": ""adam""}, ""regularizer"": {""l2"": ""1e-6""}, ""seed"": 42, ""split"": {""stratified"": true, ""val_size"": 0.2}, ""training"": {""batch_size"": 32, ""epochs"": 1000, ""include_reg_in_val"": false, ""shuffle"": true}}"
e52d050948de,42,holdout,val_loss,min,0.35654628416997214,0.0,0.35654628416997214,0.0,0.88,0.0,800.0,0.0,2.6442930698394775,"{""callbacks"": {""early_stopping"": true, ""min_delta"": 0.0, ""mode"": ""auto"", ""monitor"": ""val_loss"", ""patience"": 40, ""restore_best_weights"": true, ""verbose"": 0}, ""cv"": {""k"": 5, ""seed"": 42, ""shuffle"": true}, ""data"": {""train_path"": ""data/MONK/MONK1/monks-1.train""}, ""model"": {""activation"": ""tanh"", ""dropout"": 0.0, ""hidden_units"": [4]}, ""optim"": {""lr"": 0.001, ""momentum"": 0.9, ""name"": ""sgd""}, ""regularizer"": {""l2"": ""1e-6""}, ""seed"": 42, ""split"": {""stratified"": true, ""val_size"": 0.2}, ""training"": {""batch_size"": 16, ""epochs"": 800, ""include_reg_in_val"": false, ""shuffle"": true}}"
40b8446173b9,42,holdout,val_loss,min,0.03689314542598082,0.0,0.03689314542598082,0.0,1.0,0.0,70.0,0.0,0.2947835922241211,"{""callbacks"": {""early_stopping"": true, ""min_delta"": 0.0, ""mode"": ""auto"", ""monitor"": ""val_loss"", ""patience"": 40, ""restore_best_weights"": true, ""verbose"": 0}, ""cv"": {""k"": 5, ""seed"": 42, ""shuffle"": true}, ""data"": {""train_path"": ""data/MONK/MONK1/monks-1.train""}, ""model"": {""activation"": ""tanh"", ""dropout"": 0.0, ""hidden_units"": [4]}, ""optim"": {""lr"": 0.2, ""momentum"": 0.0, ""name"": ""adam""}, ""regularizer"": {""l2"": ""1e-6""}, ""seed"": 42, ""split"": {""stratified"": true, ""val_size"": 0.2}, ""training"": {""batch_size"": 32, ""epochs"": 800, ""include_reg_in_val"": false, ""shuffle"": true}}"
13ff6ae3d490,42,holdout,val_loss,min,0.03689314542598082,0.0,0.03689314542598082,0.0,1.0,0.0,70.0,0.0,0.31215429306030273,"{""callbacks"": {""early_stopping"": true, ""min_delta"": 0.0, ""mode"": ""auto"", ""monitor"": ""val_loss"", ""patience"": 40, ""restore_best_weights"": true, ""verbose"": 0}, ""cv"": {""k"": 5, ""seed"": 42, ""shuffle"": true}, ""data"": {""train_path"": ""data/MONK/MONK1/monks-1.train""}, ""model"": {""activation"": ""tanh"", ""dropout"": 0.0, ""hidden_units"": [4]}, ""optim"": {""lr"": 0.2, ""momentum"": 0.0, ""name"": ""adam""}, ""regularizer"": {""l2"": ""1e-6""}, ""seed"": 42, ""split"": {""stratified"": true, ""val_size"": 0.2}, ""training"": {""batch_size"": 32, ""epochs"": 1000, ""include_reg_in_val"": false, ""shuffle"": true}}"
4b6f93b7d083,42,holdout,val_loss,min,0.03689314542598082,0.0,0.03689314542598082,0.0,1.0,0.0,70.0,0.0,0.2984344959259033,"{""callbacks"": {""early_stopping"": true, ""min_delta"": 0.0, ""mode"": ""auto"", ""monitor"": ""val_loss"", ""patience"": 40, ""restore_best_weights"": true, ""verbose"": 0}, ""cv"": {""k"": 5, ""seed"": 42, ""shuffle"": true}, ""data"": {""train_path"": ""data/MONK/MONK1/monks-1.train""}, ""model"": {""activation"": ""tanh"", ""dropout"": 0.0, ""hidden_units"": [4]}, ""optim"": {""lr"": 0.2, ""momentum"": 0.5, ""name"": ""adam""}, ""regularizer"": {""l2"": ""1e-6""}, ""seed"": 42, ""split"": {""stratified"": true, ""val_size"": 0.2}, ""training"": {""batch_size"": 32, ""epochs"": 800, ""include_reg_in_val"": false, ""shuffle"": true}}"
abcb99e63b56,42,holdout,val_loss,min,0.16841010156268602,0.0,0.16841010156268602,0.0,0.88,0.0,94.0,0.0,0.6274998188018799,"{""callbacks"": {""early_stopping"": true, ""min_delta"": 0.0, ""mode"": ""auto"", ""monitor"": ""val_loss"", ""patience"": 40, ""restore_best_weights"": true, ""verbose"": 0}, ""cv"": {""k"": 5, ""seed"": 42, ""shuffle"": true}, ""data"": {""train_path"": ""data/MONK/MONK1/monks-1.train""}, ""model"": {""activation"": ""tanh"", ""dropout"": 0.0, ""hidden_units"": [4]}, ""optim"": {""lr"": 0.2, ""momentum"": 0.0, ""name"": ""adam""}, ""regularizer"": {""l2"": ""1e-6""}, ""seed"": 42, ""split"": {""stratified"": true, ""val_size"": 0.2}, ""training"": {""batch_size"": 16, ""epochs"": 800, ""include_reg_in_val"": false, ""shuffle"": true}}"
eb0293d7ec1b,42,holdout,val_loss,min,0.16841010156268602,0.0,0.16841010156268602,0.0,0.88,0.0,94.0,0.0,0.5842347145080566,"{""callbacks"": {""early_stopping"": true, ""min_delta"": 0.0, ""mode"": ""auto"", ""monitor"": ""val_loss"", ""patience"": 40, ""restore_best_weights"": true, ""verbose"": 0}, ""cv"": {""k"": 5, ""seed"": 42, ""shuffle"": true}, ""data"": {""train_path"": ""data/MONK/MONK1/monks-1.train""}, ""model"": {""activation"": ""tanh"", ""dropout"": 0.0, ""hidden_units"": [4]}, ""optim"": {""lr"": 0.2, ""momentum"": 0.0, ""name"": ""adam""}, ""regularizer"": {""l2"": ""1e-6""}, ""seed"": 42, ""split"": {""stratified"": true, ""val_size"": 0.2}, ""training"": {""batch_size"": 16, ""epochs"": 1000, ""include_reg_in_val"": false, ""shuffle"": true}}"
5e95dd2e11c0,42,holdout,val_loss,min,0.03689314542598082,0.0,0.03689314542598082,0.0,1.0,0.0,70.0,0.0,0.2893943786621094,"{""callbacks"": {""early_stopping"": true, ""min_delta"": 0.0, ""mode"": ""auto"", ""monitor"": ""val_loss"", ""patience"": 40, ""restore_best_weights"": true, ""verbose"": 0}, ""cv"": {""k"": 5, ""seed"": 42, ""shuffle"": true}, ""data"": {""train_path"": ""data/MONK/MONK1/monks-1.train""}, ""model"": {""activation"": ""tanh"", ""dropout"": 0.0, ""hidden_units"": [4]}, ""optim"": {""lr"": 0.2, ""momentum"": 0.5, ""name"": ""adam""}, ""regularizer"": {""l2"": ""1e-6""}, ""seed"": 42, ""split"": {""stratified"": true, ""val_size"": 0.2}, ""training"": {""batch_size"": 32, ""epochs"": 1000, ""include_reg_in_val"": false, ""shuffle"": true}}"
e281e3ea2ba9,42,holdout,val_loss,min,0.16841010156268602,0.0,0.16841010156268602,0.0,0.88,0.0,94.0,0.0,0.5883495807647705,"{""callbacks"": {""early_stopping"": true, ""min_delta"": 0.0, ""mode"": ""auto"", ""monitor"": ""val_loss"", ""patience"": 40, ""restore_best_weights"": true, ""verbose"": 0}, ""cv"": {""k"": 5, ""seed"": 42, ""shuffle"": true}, ""data"": {""train_path"": ""data/MONK/MONK1/monks-1.train""}, ""model"": {""activation"": ""tanh"", ""dropout"": 0.0, ""hidden_units"": [4]}, ""optim"": {""lr"": 0.2, ""momentum"": 0.5, ""name"": ""adam""}, ""regularizer"": {""l2"": ""1e-6""}, ""seed"": 42, ""split"": {""stratified"": true, ""val_size"": 0.2}, ""training"": {""batch_size"": 16, ""epochs"": 800, ""include_reg_in_val"": false, ""shuffle"": true}}"
be9e39dce1db,42,holdout,val_loss,min,0.16841010156268602,0.0,0.16841010156268602,0.0,0.88,0.0,94.0,0.0,0.5795762538909912,"{""callbacks"": {""early_stopping"": true, ""min_delta"": 0.0, ""mode"": ""auto"", ""monitor"": ""val_loss"", ""patience"": 40, ""restore_best_weights"": true, ""verbose"": 0}, ""cv"": {""k"": 5, ""seed"": 42, ""shuffle"": true}, ""data"": {""train_path"": ""data/MONK/MONK1/monks-1.train""}, ""model"": {""activation"": ""tanh"", ""dropout"": 0.0, ""hidden_units"": [4]}, ""optim"": {""lr"": 0.2, ""momentum"": 0.5, ""name"": ""adam""}, ""regularizer"": {""l2"": ""1e-6""}, ""seed"": 42, ""split"": {""stratified"": true, ""val_size"": 0.2}, ""training"": {""batch_size"": 16, ""epochs"": 1000, ""include_reg_in_val"": false, ""shuffle"": true}}"
695518eb1659,42,holdout,val_loss,min,0.03689314542598082,0.0,0.03689314542598082,0.0,1.0,0.0,70.0,0.0,0.2714812755584717,"{""callbacks"": {""early_stopping"": true, ""min_delta"": 0.0, ""mode"": ""auto"", ""monitor"": ""val_loss"", ""patience"": 40, ""restore_best_weights"": true, ""verbose"": 0}, ""cv"": {""k"": 5, ""seed"": 42, ""shuffle"": true}, ""data"": {""train_path"": ""data/MONK/MONK1/monks-1.train""}, ""model"": {""activation"": ""tanh"", ""dropout"": 0.0, ""hidden_units"": [4]}, ""optim"": {""lr"": 0.2, ""momentum"": 0.9, ""name"": ""adam""}, ""regularizer"": {""l2"": ""1e-6""}, ""seed"": 42, ""split"": {""stratified"": true, ""val_size"": 0.2}, ""training"": {""batch_size"": 32, ""epochs"": 1000, ""include_reg_in_val"": false, ""shuffle"": true}}"
9d3676172e44,42,holdout,val_loss,min,0.03689314542598082,0.0,0.03689314542598082,0.0,1.0,0.0,70.0,0.0,0.29323816299438477,"{""callbacks"": {""early_stopping"": true, ""min_delta"": 0.0, ""mode"": ""auto"", ""monitor"": ""val_loss"", ""patience"": 40, ""restore_best_weights"": true, ""verbose"": 0}, ""cv"": {""k"": 5, ""seed"": 42, ""shuffle"": true}, ""data"": {""train_path"": ""data/MONK/MONK1/monks-1.train""}, ""model"": {""activation"": ""tanh"", ""dropout"": 0.0, ""hidden_units"": [4]}, ""optim"": {""lr"": 0.2, ""momentum"": 0.9, ""name"": ""adam""}, ""regularizer"": {""l2"": ""1e-6""}, ""seed"": 42, ""split"": {""stratified"": true, ""val_size"": 0.2}, ""training"": {""batch_size"": 32, ""epochs"": 800, ""include_reg_in_val"": false, ""shuffle"": true}}"
8c5428bfd0ac,42,holdout,val_loss,min,0.16841010156268602,0.0,0.16841010156268602,0.0,0.88,0.0,94.0,0.0,0.5896608829498291,"{""callbacks"": {""early_stopping"": true, ""min_delta"": 0.0, ""mode"": ""auto"", ""monitor"": ""val_loss"", ""patience"": 40, ""restore_best_weights"": true, ""verbose"": 0}, ""cv"": {""k"": 5, ""seed"": 42, ""shuffle"": true}, ""data"": {""train_path"": ""data/MONK/MONK1/monks-1.train""}, ""model"": {""activation"": ""tanh"", ""dropout"": 0.0, ""hidden_units"": [4]}, ""optim"": {""lr"": 0.2, ""momentum"": 0.9, ""name"": ""adam""}, ""regularizer"": {""l2"": ""1e-6""}, ""seed"": 42, ""split"": {""stratified"": true, ""val_size"": 0.2}, ""training"": {""batch_size"": 16, ""epochs"": 800, ""include_reg_in_val"": false, ""shuffle"": true}}"
5a6e7e281161,42,holdout,val_loss,min,0.16841010156268602,0.0,0.16841010156268602,0.0,0.88,0.0,94.0,0.0,0.5335707664489746,"{""callbacks"": {""early_stopping"": true, ""min_delta"": 0.0, ""mode"": ""auto"", ""monitor"": ""val_loss"", ""patience"": 40, ""restore_best_weights"": true, ""verbose"": 0}, ""cv"": {""k"": 5, ""seed"": 42, ""shuffle"": true}, ""data"": {""train_path"": ""data/MONK/MONK1/monks-1.train""}, ""model"": {""activation"": ""tanh"", ""dropout"": 0.0, ""hidden_units"": [4]}, ""optim"": {""lr"": 0.2, ""momentum"": 0.9, ""name"": ""adam""}, ""regularizer"": {""l2"": ""1e-6""}, ""seed"": 42, ""split"": {""stratified"": true, ""val_size"": 0.2}, ""training"": {""batch_size"": 16, ""epochs"": 1000, ""include_reg_in_val"": false, ""shuffle"": true}}"
16c437eb41c4,42,holdout,val_loss,min,0.01038787008296564,0.0,0.01038787008296564,0.0,1.0,0.0,105.0,0.0,0.6005280017852783,"{""callbacks"": {""early_stopping"": true, ""min_delta"": 0.0, ""mode"": ""auto"", ""monitor"": ""val_loss"", ""patience"": 40, ""restore_best_weights"": true, ""verbose"": 0}, ""cv"": {""k"": 5, ""seed"": 42, ""shuffle"": true}, ""data"": {""train_path"": ""data/MONK/MONK1/monks-1.train""}, ""model"": {""activation"": ""tanh"", ""dropout"": 0.0, ""hidden_units"": [4]}, ""optim"": {""lr"": 0.1, ""momentum"": 0.0, ""name"": ""adam""}, ""regularizer"": {""l2"": ""1e-6""}, ""seed"": 42, ""split"": {""stratified"": true, ""val_size"": 0.2}, ""training"": {""batch_size"": 16, ""epochs"": 800, ""include_reg_in_val"": false, ""shuffle"": true}}"
09701e3c0cbd,42,holdout,val_loss,min,0.01038787008296564,0.0,0.01038787008296564,0.0,1.0,0.0,105.0,0.0,0.6280107498168945,"{""callbacks"": {""early_stopping"": true, ""min_delta"": 0.0, ""mode"": ""auto"", ""monitor"": ""val_loss"", ""patience"": 40, ""restore_best_weights"": true, ""verbose"": 0}, ""cv"": {""k"": 5, ""seed"": 42, ""shuffle"": true}, ""data"": {""train_path"": ""data/MONK/MONK1/monks-1.train""}, ""model"": {""activation"": ""tanh"", ""dropout"": 0.0, ""hidden_units"": [4]}, ""optim"": {""lr"": 0.1, ""momentum"": 0.0, ""name"": ""adam""}, ""regularizer"": {""l2"": ""1e-6""}, ""seed"": 42, ""split"": {""stratified"": true, ""val_size"": 0.2}, ""training"": {""batch_size"": 16, ""epochs"": 1000, ""include_reg_in_val"": false, ""shuffle"": true}}"
494d703b7a88,42,holdout,val_loss,min,0.01038787008296564,0.0,0.01038787008296564,0.0,1.0,0.0,105.0,0.0,0.6148297786712646,"{""callbacks"": {""early_stopping"": true, ""min_delta"": 0.0, ""mode"": ""auto"", ""monitor"": ""val_loss"", ""patience"": 40, ""restore_best_weights"": true, ""verbose"": 0}, ""cv"": {""k"": 5, ""seed"": 42, ""shuffle"": true}, ""data"": {""train_path"": ""data/MONK/MONK1/monks-1.train""}, ""model"": {""activation"": ""tanh"", ""dropout"": 0.0, ""hidden_units"": [4]}, ""optim"": {""lr"": 0.1, ""momentum"": 0.5, ""name"": ""adam""}, ""regularizer"": {""l2"": ""1e-6""}, ""seed"": 42, ""split"": {""stratified"": true, ""val_size"": 0.2}, ""training"": {""batch_size"": 16, ""epochs"": 800, ""include_reg_in_val"": false, ""shuffle"": true}}"
170044cddefc,42,holdout,val_loss,min,0.01038787008296564,0.0,0.01038787008296564,0.0,1.0,0.0,105.0,0.0,0.5987651348114014,"{""callbacks"": {""early_stopping"": true, ""min_delta"": 0.0, ""mode"": ""auto"", ""monitor"": ""val_loss"", ""patience"": 40, ""restore_best_weights"": true, ""verbose"": 0}, ""cv"": {""k"": 5, ""seed"": 42, ""shuffle"": true}, ""data"": {""train_path"": ""data/MONK/MONK1/monks-1.train""}, ""model"": {""activation"": ""tanh"", ""dropout"": 0.0, ""hidden_units"": [4]}, ""optim"": {""lr"": 0.1, ""momentum"": 0.5, ""name"": ""adam""}, ""regularizer"": {""l2"": ""1e-6""}, ""seed"": 42, ""split"": {""stratified"": true, ""val_size"": 0.2}, ""training"": {""batch_size"": 16, ""epochs"": 1000, ""include_reg_in_val"": false, ""shuffle"": true}}"
f00483c0fe03,42,holdout,val_loss,min,0.31609548551583777,0.0,0.31609548551583777,0.0,0.88,0.0,999.0,0.0,3.5174026489257812,"{""callbacks"": {""early_stopping"": true, ""min_delta"": 0.0, ""mode"": ""auto"", ""monitor"": ""val_loss"", ""patience"": 40, ""restore_best_weights"": true, ""verbose"": 0}, ""cv"": {""k"": 5, ""seed"": 42, ""shuffle"": true}, ""data"": {""train_path"": ""data/MONK/MONK1/monks-1.train""}, ""model"": {""activation"": ""tanh"", ""dropout"": 0.0, ""hidden_units"": [4]}, ""optim"": {""lr"": 0.001, ""momentum"": 0.9, ""name"": ""sgd""}, ""regularizer"": {""l2"": ""1e-6""}, ""seed"": 42, ""split"": {""stratified"": true, ""val_size"": 0.2}, ""training"": {""batch_size"": 16, ""epochs"": 1000, ""include_reg_in_val"": false, ""shuffle"": true}}"
d3a1b204fd5a,42,holdout,val_loss,min,0.01038787008296564,0.0,0.01038787008296564,0.0,1.0,0.0,105.0,0.0,0.6333296298980713,"{""callbacks"": {""early_stopping"": true, ""min_delta"": 0.0, ""mode"": ""auto"", ""monitor"": ""val_loss"", ""patience"": 40, ""restore_best_weights"": true, ""verbose"": 0}, ""cv"": {""k"": 5, ""seed"": 42, ""shuffle"": true}, ""data"": {""train_path"": ""data/MONK/MONK1/monks-1.train""}, ""model"": {""activation"": ""tanh"", ""dropout"": 0.0, ""hidden_units"": [4]}, ""optim"": {""lr"": 0.1, ""momentum"": 0.9, ""name"": ""adam""}, ""regularizer"": {""l2"": ""1e-6""}, ""seed"": 42, ""split"": {""stratified"": true, ""val_size"": 0.2}, ""training"": {""batch_size"": 16, ""epochs"": 800, ""include_reg_in_val"": false, ""shuffle"": true}}"
3b0320af3995,42,holdout,val_loss,min,0.01038787008296564,0.0,0.01038787008296564,0.0,1.0,0.0,105.0,0.0,0.6215808391571045,"{""callbacks"": {""early_stopping"": true, ""min_delta"": 0.0, ""mode"": ""auto"", ""monitor"": ""val_loss"", ""patience"": 40, ""restore_best_weights"": true, ""verbose"": 0}, ""cv"": {""k"": 5, ""seed"": 42, ""shuffle"": true}, ""data"": {""train_path"": ""data/MONK/MONK1/monks-1.train""}, ""model"": {""activation"": ""tanh"", ""dropout"": 0.0, ""hidden_units"": [4]}, ""optim"": {""lr"": 0.1, ""momentum"": 0.9, ""name"": ""adam""}, ""regularizer"": {""l2"": ""1e-6""}, ""seed"": 42, ""split"": {""stratified"": true, ""val_size"": 0.2}, ""training"": {""batch_size"": 16, ""epochs"": 1000, ""include_reg_in_val"": false, ""shuffle"": true}}"
ff659a8c6bd1,42,holdout,val_loss,min,0.03887375291074468,0.0,0.03887375291074468,0.0,0.96,0.0,105.0,0.0,0.6408631801605225,"{""callbacks"": {""early_stopping"": true, ""min_delta"": 0.0, ""mode"": ""auto"", ""monitor"": ""val_loss"", ""patience"": 40, ""restore_best_weights"": true, ""verbose"": 0}, ""cv"": {""k"": 5, ""seed"": 42, ""shuffle"": true}, ""data"": {""train_path"": ""data/MONK/MONK1/monks-1.train""}, ""model"": {""activation"": ""tanh"", ""dropout"": 0.0, ""hidden_units"": [4]}, ""optim"": {""lr"": 0.05, ""momentum"": 0.0, ""name"": ""adam""}, ""regularizer"": {""l2"": ""1e-6""}, ""seed"": 42, ""split"": {""stratified"": true, ""val_size"": 0.2}, ""training"": {""batch_size"": 16, ""epochs"": 800, ""include_reg_in_val"": false, ""shuffle"": true}}"
457003ffd670,42,holdout,val_loss,min,0.001312975509455184,0.0,0.001312975509455184,0.0,1.0,0.0,800.0,0.0,1.97633957862854,"{""callbacks"": {""early_stopping"": true, ""min_delta"": 0.0, ""mode"": ""auto"", ""monitor"": ""val_loss"", ""patience"": 40, ""restore_best_weights"": true, ""verbose"": 0}, ""cv"": {""k"": 5, ""seed"": 42, ""shuffle"": true}, ""data"": {""train_path"": ""data/MONK/MONK1/monks-1.train""}, ""model"": {""activation"": ""tanh"", ""dropout"": 0.0, ""hidden_units"": [4]}, ""optim"": {""lr"": 0.1, ""momentum"": 0.0, ""name"": ""adam""}, ""regularizer"": {""l2"": ""1e-6""}, ""seed"": 42, ""split"": {""stratified"": true, ""val_size"": 0.2}, ""training"": {""batch_size"": 32, ""epochs"": 800, ""include_reg_in_val"": false, ""shuffle"": true}}"
f07a19b5c5e7,42,holdout,val_loss,min,0.03887375291074468,0.0,0.03887375291074468,0.0,0.96,0.0,105.0,0.0,0.6070678234100342,"{""callbacks"": {""early_stopping"": true, ""min_delta"": 0.0, ""mode"": ""auto"", ""monitor"": ""val_loss"", ""patience"": 40, ""restore_best_weights"": true, ""verbose"": 0}, ""cv"": {""k"": 5, ""seed"": 42, ""shuffle"": true}, ""data"": {""train_path"": ""data/MONK/MONK1/monks-1.train""}, ""model"": {""activation"": ""tanh"", ""dropout"": 0.0, ""hidden_units"": [4]}, ""optim"": {""lr"": 0.05, ""momentum"": 0.0, ""name"": ""adam""}, ""regularizer"": {""l2"": ""1e-6""}, ""seed"": 42, ""split"": {""stratified"": true, ""val_size"": 0.2}, ""training"": {""batch_size"": 16, ""epochs"": 1000, ""include_reg_in_val"": false, ""shuffle"": true}}"
edf8253c4d81,42,holdout,val_loss,min,0.08591875532416463,0.0,0.08591875532416463,0.0,0.96,0.0,105.0,0.0,0.406508207321167,"{""callbacks"": {""early_stopping"": true, ""min_delta"": 0.0, ""mode"": ""auto"", ""monitor"": ""val_loss"", ""patience"": 40, ""restore_best_weights"": true, ""verbose"": 0}, ""cv"": {""k"": 5, ""seed"": 42, ""shuffle"": true}, ""data"": {""train_path"": ""data/MONK/MONK1/monks-1.train""}, ""model"": {""activation"": ""tanh"", ""dropout"": 0.0, ""hidden_units"": [4]}, ""optim"": {""lr"": 0.05, ""momentum"": 0.0, ""name"": ""adam""}, ""regularizer"": {""l2"": ""1e-6""}, ""seed"": 42, ""split"": {""stratified"": true, ""val_size"": 0.2}, ""training"": {""batch_size"": 32, ""epochs"": 800, ""include_reg_in_val"": false, ""shuffle"": true}}"
b7f70003f398,42,holdout,val_loss,min,0.0011472780126859756,0.0,0.0011472780126859756,0.0,1.0,0.0,826.0,0.0,2.1079037189483643,"{""callbacks"": {""early_stopping"": true, ""min_delta"": 0.0, ""mode"": ""auto"", ""monitor"": ""val_loss"", ""patience"": 40, ""restore_best_weights"": true, ""verbose"": 0}, ""cv"": {""k"": 5, ""seed"": 42, ""shuffle"": true}, ""data"": {""train_path"": ""data/MONK/MONK1/monks-1.train""}, ""model"": {""activation"": ""tanh"", ""dropout"": 0.0, ""hidden_units"": [4]}, ""optim"": {""lr"": 0.1, ""momentum"": 0.0, ""name"": ""adam""}, ""regularizer"": {""l2"": ""1e-6""}, ""seed"": 42, ""split"": {""stratified"": true, ""val_size"": 0.2}, ""training"": {""batch_size"": 32, ""epochs"": 1000, ""include_reg_in_val"": false, ""shuffle"": true}}"
cd61bfc44fa4,42,holdout,val_loss,min,0.001312975509455184,0.0,0.001312975509455184,0.0,1.0,0.0,800.0,0.0,2.0040414333343506,"{""callbacks"": {""early_stopping"": true, ""min_delta"": 0.0, ""mode"": ""auto"", ""monitor"": ""val_loss"", ""patience"": 40, ""restore_best_weights"": true, ""verbose"": 0}, ""cv"": {""k"": 5, ""seed"": 42, ""shuffle"": true}, ""data"": {""train_path"": ""data/MONK/MONK1/monks-1.train""}, ""model"": {""activation"": ""tanh"", ""dropout"": 0.0, ""hidden_units"": [4]}, ""optim"": {""lr"": 0.1, ""momentum"": 0.5, ""name"": ""adam""}, ""regularizer"": {""l2"": ""1e-6""}, ""seed"": 42, ""split"": {""stratified"": true, ""val_size"": 0.2}, ""training"": {""batch_size"": 32, ""epochs"": 800, ""include_reg_in_val"": false, ""shuffle"": true}}"
dab25c5b0d8d,42,holdout,val_loss,min,0.08591875532416463,0.0,0.08591875532416463,0.0,0.96,0.0,105.0,0.0,0.3832521438598633,"{""callbacks"": {""early_stopping"": true, ""min_delta"": 0.0, ""mode"": ""auto"", ""monitor"": ""val_loss"", ""patience"": 40, ""restore_best_weights"": true, ""verbose"": 0}, ""cv"": {""k"": 5, ""seed"": 42, ""shuffle"": true}, ""data"": {""train_path"": ""data/MONK/MONK1/monks-1.train""}, ""model"": {""activation"": ""tanh"", ""dropout"": 0.0, ""hidden_units"": [4]}, ""optim"": {""lr"": 0.05, ""momentum"": 0.0, ""name"": ""adam""}, ""regularizer"": {""l2"": ""1e-6""}, ""seed"": 42, ""split"": {""stratified"": true, ""val_size"": 0.2}, ""training"": {""batch_size"": 32, ""epochs"": 1000, ""include_reg_in_val"": false, ""shuffle"": true}}"
f88b13fc7213,42,holdout,val_loss,min,0.08591875532416463,0.0,0.08591875532416463,0.0,0.96,0.0,105.0,0.0,0.35248446464538574,"{""callbacks"": {""early_stopping"": true, ""min_delta"": 0.0, ""mode"": ""auto"", ""monitor"": ""val_loss"", ""patience"": 40, ""restore_best_weights"": true, ""verbose"": 0}, ""cv"": {""k"": 5, ""seed"": 42, ""shuffle"": true}, ""data"": {""train_path"": ""data/MONK/MONK1/monks-1.train""}, ""model"": {""activation"": ""tanh"", ""dropout"": 0.0, ""hidden_units"": [4]}, ""optim"": {""lr"": 0.05, ""momentum"": 0.5, ""name"": ""adam""}, ""regularizer"": {""l2"": ""1e-6""}, ""seed"": 42, ""split"": {""stratified"": true, ""val_size"": 0.2}, ""training"": {""batch_size"": 32, ""epochs"": 1000, ""include_reg_in_val"": false, ""shuffle"": true}}"
527e0474b1cc,42,holdout,val_loss,min,0.08591875532416463,0.0,0.08591875532416463,0.0,0.96,0.0,105.0,0.0,0.38707780838012695,"{""callbacks"": {""early_stopping"": true, ""min_delta"": 0.0, ""mode"": ""auto"", ""monitor"": ""val_loss"", ""patience"": 40, ""restore_best_weights"": true, ""verbose"": 0}, ""cv"": {""k"": 5, ""seed"": 42, ""shuffle"": true}, ""data"": {""train_path"": ""data/MONK/MONK1/monks-1.train""}, ""model"": {""activation"": ""tanh"", ""dropout"": 0.0, ""hidden_units"": [4]}, ""optim"": {""lr"": 0.05, ""momentum"": 0.5, ""name"": ""adam""}, ""regularizer"": {""l2"": ""1e-6""}, ""seed"": 42, ""split"": {""stratified"": true, ""val_size"": 0.2}, ""training"": {""batch_size"": 32, ""epochs"": 800, ""include_reg_in_val"": false, ""shuffle"": true}}"
190ce6e8c8d1,42,holdout,val_loss,min,0.03887375291074468,0.0,0.03887375291074468,0.0,0.96,0.0,105.0,0.0,0.6407985687255859,"{""callbacks"": {""early_stopping"": true, ""min_delta"": 0.0, ""mode"": ""auto"", ""monitor"": ""val_loss"", ""patience"": 40, ""restore_best_weights"": true, ""verbose"": 0}, ""cv"": {""k"": 5, ""seed"": 42, ""shuffle"": true}, ""data"": {""train_path"": ""data/MONK/MONK1/monks-1.train""}, ""model"": {""activation"": ""tanh"", ""dropout"": 0.0, ""hidden_units"": [4]}, ""optim"": {""lr"": 0.05, ""momentum"": 0.5, ""name"": ""adam""}, ""regularizer"": {""l2"": ""1e-6""}, ""seed"": 42, ""split"": {""stratified"": true, ""val_size"": 0.2}, ""training"": {""batch_size"": 16, ""epochs"": 800, ""include_reg_in_val"": false, ""shuffle"": true}}"
8720b4ad314d,42,holdout,val_loss,min,0.0011472780126859756,0.0,0.0011472780126859756,0.0,1.0,0.0,826.0,0.0,2.1774792671203613,"{""callbacks"": {""early_stopping"": true, ""min_delta"": 0.0, ""mode"": ""auto"", ""monitor"": ""val_loss"", ""patience"": 40, ""restore_best_weights"": true, ""verbose"": 0}, ""cv"": {""k"": 5, ""seed"": 42, ""shuffle"": true}, ""data"": {""train_path"": ""data/MONK/MONK1/monks-1.train""}, ""model"": {""activation"": ""tanh"", ""dropout"": 0.0, ""hidden_units"": [4]}, ""optim"": {""lr"": 0.1, ""momentum"": 0.5, ""name"": ""adam""}, ""regularizer"": {""l2"": ""1e-6""}, ""seed"": 42, ""split"": {""stratified"": true, ""val_size"": 0.2}, ""training"": {""batch_size"": 32, ""epochs"": 1000, ""include_reg_in_val"": false, ""shuffle"": true}}"
1fc721b4429b,42,holdout,val_loss,min,0.03887375291074468,0.0,0.03887375291074468,0.0,0.96,0.0,105.0,0.0,0.6072502136230469,"{""callbacks"": {""early_stopping"": true, ""min_delta"": 0.0, ""mode"": ""auto"", ""monitor"": ""val_loss"", ""patience"": 40, ""restore_best_weights"": true, ""verbose"": 0}, ""cv"": {""k"": 5, ""seed"": 42, ""shuffle"": true}, ""data"": {""train_path"": ""data/MONK/MONK1/monks-1.train""}, ""model"": {""activation"": ""tanh"", ""dropout"": 0.0, ""hidden_units"": [4]}, ""optim"": {""lr"": 0.05, ""momentum"": 0.5, ""name"": ""adam""}, ""regularizer"": {""l2"": ""1e-6""}, ""seed"": 42, ""split"": {""stratified"": true, ""val_size"": 0.2}, ""training"": {""batch_size"": 16, ""epochs"": 1000, ""include_reg_in_val"": false, ""shuffle"": true}}"
60a645704765,42,holdout,val_loss,min,0.001312975509455184,0.0,0.001312975509455184,0.0,1.0,0.0,800.0,0.0,2.1040430068969727,"{""callbacks"": {""early_stopping"": true, ""min_delta"": 0.0, ""mode"": ""auto"", ""monitor"": ""val_loss"", ""patience"": 40, ""restore_best_weights"": true, ""verbose"": 0}, ""cv"": {""k"": 5, ""seed"": 42, ""shuffle"": true}, ""data"": {""train_path"": ""data/MONK/MONK1/monks-1.train""}, ""model"": {""activation"": ""tanh"", ""dropout"": 0.0, ""hidden_units"": [4]}, ""optim"": {""lr"": 0.1, ""momentum"": 0.9, ""name"": ""adam""}, ""regularizer"": {""l2"": ""1e-6""}, ""seed"": 42, ""split"": {""stratified"": true, ""val_size"": 0.2}, ""training"": {""batch_size"": 32, ""epochs"": 800, ""include_reg_in_val"": false, ""shuffle"": true}}"
21efb26463fb,42,holdout,val_loss,min,0.03887375291074468,0.0,0.03887375291074468,0.0,0.96,0.0,105.0,0.0,0.6105313301086426,"{""callbacks"": {""early_stopping"": true, ""min_delta"": 0.0, ""mode"": ""auto"", ""monitor"": ""val_loss"", ""patience"": 40, ""restore_best_weights"": true, ""verbose"": 0}, ""cv"": {""k"": 5, ""seed"": 42, ""shuffle"": true}, ""data"": {""train_path"": ""data/MONK/MONK1/monks-1.train""}, ""model"": {""activation"": ""tanh"", ""dropout"": 0.0, ""hidden_units"": [4]}, ""optim"": {""lr"": 0.05, ""momentum"": 0.9, ""name"": ""adam""}, ""regularizer"": {""l2"": ""1e-6""}, ""seed"": 42, ""split"": {""stratified"": true, ""val_size"": 0.2}, ""training"": {""batch_size"": 16, ""epochs"": 800, ""include_reg_in_val"": false, ""shuffle"": true}}"
39f934652eca,42,holdout,val_loss,min,0.08591875532416463,0.0,0.08591875532416463,0.0,0.96,0.0,105.0,0.0,0.39542484283447266,"{""callbacks"": {""early_stopping"": true, ""min_delta"": 0.0, ""mode"": ""auto"", ""monitor"": ""val_loss"", ""patience"": 40, ""restore_best_weights"": true, ""verbose"": 0}, ""cv"": {""k"": 5, ""seed"": 42, ""shuffle"": true}, ""data"": {""train_path"": ""data/MONK/MONK1/monks-1.train""}, ""model"": {""activation"": ""tanh"", ""dropout"": 0.0, ""hidden_units"": [4]}, ""optim"": {""lr"": 0.05, ""momentum"": 0.9, ""name"": ""adam""}, ""regularizer"": {""l2"": ""1e-6""}, ""seed"": 42, ""split"": {""stratified"": true, ""val_size"": 0.2}, ""training"": {""batch_size"": 32, ""epochs"": 800, ""include_reg_in_val"": false, ""shuffle"": true}}"
d590a510e614,42,holdout,val_loss,min,0.08591875532416463,0.0,0.08591875532416463,0.0,0.96,0.0,105.0,0.0,0.39705848693847656,"{""callbacks"": {""early_stopping"": true, ""min_delta"": 0.0, ""mode"": ""auto"", ""monitor"": ""val_loss"", ""patience"": 40, ""restore_best_weights"": true, ""verbose"": 0}, ""cv"": {""k"": 5, ""seed"": 42, ""shuffle"": true}, ""data"": {""train_path"": ""data/MONK/MONK1/monks-1.train""}, ""model"": {""activation"": ""tanh"", ""dropout"": 0.0, ""hidden_units"": [4]}, ""optim"": {""lr"": 0.05, ""momentum"": 0.9, ""name"": ""adam""}, ""regularizer"": {""l2"": ""1e-6""}, ""seed"": 42, ""split"": {""stratified"": true, ""val_size"": 0.2}, ""training"": {""batch_size"": 32, ""epochs"": 1000, ""include_reg_in_val"": false, ""shuffle"": true}}"
33ad49b79942,42,holdout,val_loss,min,0.03887375291074468,0.0,0.03887375291074468,0.0,0.96,0.0,105.0,0.0,0.6069176197052002,"{""callbacks"": {""early_stopping"": true, ""min_delta"": 0.0, ""mode"": ""auto"", ""monitor"": ""val_loss"", ""patience"": 40, ""restore_best_weights"": true, ""verbose"": 0}, ""cv"": {""k"": 5, ""seed"": 42, ""shuffle"": true}, ""data"": {""train_path"": ""data/MONK/MONK1/monks-1.train""}, ""model"": {""activation"": ""tanh"", ""dropout"": 0.0, ""hidden_units"": [4]}, ""optim"": {""lr"": 0.05, ""momentum"": 0.9, ""name"": ""adam""}, ""regularizer"": {""l2"": ""1e-6""}, ""seed"": 42, ""split"": {""stratified"": true, ""val_size"": 0.2}, ""training"": {""batch_size"": 16, ""epochs"": 1000, ""include_reg_in_val"": false, ""shuffle"": true}}"
e3bc04a1121d,42,holdout,val_loss,min,0.0011472780126859756,0.0,0.0011472780126859756,0.0,1.0,0.0,826.0,0.0,2.1416192054748535,"{""callbacks"": {""early_stopping"": true, ""min_delta"": 0.0, ""mode"": ""auto"", ""monitor"": ""val_loss"", ""patience"": 40, ""restore_best_weights"": true, ""verbose"": 0}, ""cv"": {""k"": 5, ""seed"": 42, ""shuffle"": true}, ""data"": {""train_path"": ""data/MONK/MONK1/monks-1.train""}, ""model"": {""activation"": ""tanh"", ""dropout"": 0.0, ""hidden_units"": [4]}, ""optim"": {""lr"": 0.1, ""momentum"": 0.9, ""name"": ""adam""}, ""regularizer"": {""l2"": ""1e-6""}, ""seed"": 42, ""split"": {""stratified"": true, ""val_size"": 0.2}, ""training"": {""batch_size"": 32, ""epochs"": 1000, ""include_reg_in_val"": false, ""shuffle"": true}}"
2eacec286432,42,holdout,val_loss,min,0.021002123280611223,0.0,0.021002123280611223,0.0,1.0,0.0,653.0,0.0,1.7592737674713135,"{""callbacks"": {""early_stopping"": true, ""min_delta"": 0.0, ""mode"": ""auto"", ""monitor"": ""val_loss"", ""patience"": 40, ""restore_best_weights"": true, ""verbose"": 0}, ""cv"": {""k"": 5, ""seed"": 42, ""shuffle"": true}, ""data"": {""train_path"": ""data/MONK/MONK1/monks-1.train""}, ""model"": {""activation"": ""tanh"", ""dropout"": 0.0, ""hidden_units"": [4]}, ""optim"": {""lr"": 0.01, ""momentum"": 0.0, ""name"": ""adam""}, ""regularizer"": {""l2"": ""1e-6""}, ""seed"": 42, ""split"": {""stratified"": true, ""val_size"": 0.2}, ""training"": {""batch_size"": 32, ""epochs"": 800, ""include_reg_in_val"": false, ""shuffle"": true}}"
8f79f0a719dc,42,holdout,val_loss,min,0.021002123280611223,0.0,0.021002123280611223,0.0,1.0,0.0,653.0,0.0,1.7354323863983154,"{""callbacks"": {""early_stopping"": true, ""min_delta"": 0.0, ""mode"": ""auto"", ""monitor"": ""val_loss"", ""patience"": 40, ""restore_best_weights"": true, ""verbose"": 0}, ""cv"": {""k"": 5, ""seed"": 42, ""shuffle"": true}, ""data"": {""train_path"": ""data/MONK/MONK1/monks-1.train""}, ""model"": {""activation"": ""tanh"", ""dropout"": 0.0, ""hidden_units"": [4]}, ""optim"": {""lr"": 0.01, ""momentum"": 0.0, ""name"": ""adam""}, ""regularizer"": {""l2"": ""1e-6""}, ""seed"": 42, ""split"": {""stratified"": true, ""val_size"": 0.2}, ""training"": {""batch_size"": 32, ""epochs"": 1000, ""include_reg_in_val"": false, ""shuffle"": true}}"
034412782fcd,42,holdout,val_loss,min,0.021002123280611223,0.0,0.021002123280611223,0.0,1.0,0.0,653.0,0.0,1.6579644680023193,"{""callbacks"": {""early_stopping"": true, ""min_delta"": 0.0, ""mode"": ""auto"", ""monitor"": ""val_loss"", ""patience"": 40, ""restore_best_weights"": true, ""verbose"": 0}, ""cv"": {""k"": 5, ""seed"": 42, ""shuffle"": true}, ""data"": {""train_path"": ""data/MONK/MONK1/monks-1.train""}, ""model"": {""activation"": ""tanh"", ""dropout"": 0.0, ""hidden_units"": [4]}, ""optim"": {""lr"": 0.01, ""momentum"": 0.5, ""name"": ""adam""}, ""regularizer"": {""l2"": ""1e-6""}, ""seed"": 42, ""split"": {""stratified"": true, ""val_size"": 0.2}, ""training"": {""batch_size"": 32, ""epochs"": 800, ""include_reg_in_val"": false, ""shuffle"": true}}"
09fd1ff07950,42,holdout,val_loss,min,0.021002123280611223,0.0,0.021002123280611223,0.0,1.0,0.0,653.0,0.0,1.6942074298858643,"{""callbacks"": {""early_stopping"": true, ""min_delta"": 0.0, ""mode"": ""auto"", ""monitor"": ""val_loss"", ""patience"": 40, ""restore_best_weights"": true, ""verbose"": 0}, ""cv"": {""k"": 5, ""seed"": 42, ""shuffle"": true}, ""data"": {""train_path"": ""data/MONK/MONK1/monks-1.train""}, ""model"": {""activation"": ""tanh"", ""dropout"": 0.0, ""hidden_units"": [4]}, ""optim"": {""lr"": 0.01, ""momentum"": 0.5, ""name"": ""adam""}, ""regularizer"": {""l2"": ""1e-6""}, ""seed"": 42, ""split"": {""stratified"": true, ""val_size"": 0.2}, ""training"": {""batch_size"": 32, ""epochs"": 1000, ""include_reg_in_val"": false, ""shuffle"": true}}"
bf5adb55ea87,42,holdout,val_loss,min,0.004038536141677382,0.0,0.004038536141677382,0.0,1.0,0.0,754.0,0.0,3.284924268722534,"{""callbacks"": {""early_stopping"": true, ""min_delta"": 0.0, ""mode"": ""auto"", ""monitor"": ""val_loss"", ""patience"": 40, ""restore_best_weights"": true, ""verbose"": 0}, ""cv"": {""k"": 5, ""seed"": 42, ""shuffle"": true}, ""data"": {""train_path"": ""data/MONK/MONK1/monks-1.train""}, ""model"": {""activation"": ""tanh"", ""dropout"": 0.0, ""hidden_units"": [4]}, ""optim"": {""lr"": 0.01, ""momentum"": 0.0, ""name"": ""adam""}, ""regularizer"": {""l2"": ""1e-6""}, ""seed"": 42, ""split"": {""stratified"": true, ""val_size"": 0.2}, ""training"": {""batch_size"": 16, ""epochs"": 800, ""include_reg_in_val"": false, ""shuffle"": true}}"
011931efd2bf,42,holdout,val_loss,min,0.004038536141677382,0.0,0.004038536141677382,0.0,1.0,0.0,754.0,0.0,3.4936318397521973,"{""callbacks"": {""early_stopping"": true, ""min_delta"": 0.0, ""mode"": ""auto"", ""monitor"": ""val_loss"", ""patience"": 40, ""restore_best_weights"": true, ""verbose"": 0}, ""cv"": {""k"": 5, ""seed"": 42, ""shuffle"": true}, ""data"": {""train_path"": ""data/MONK/MONK1/monks-1.train""}, ""model"": {""activation"": ""tanh"", ""dropout"": 0.0, ""hidden_units"": [4]}, ""optim"": {""lr"": 0.01, ""momentum"": 0.0, ""name"": ""adam""}, ""regularizer"": {""l2"": ""1e-6""}, ""seed"": 42, ""split"": {""stratified"": true, ""val_size"": 0.2}, ""training"": {""batch_size"": 16, ""epochs"": 1000, ""include_reg_in_val"": false, ""shuffle"": true}}"
b03adb832d7e,42,holdout,val_loss,min,0.004038536141677382,0.0,0.004038536141677382,0.0,1.0,0.0,754.0,0.0,3.3904953002929688,"{""callbacks"": {""early_stopping"": true, ""min_delta"": 0.0, ""mode"": ""auto"", ""monitor"": ""val_loss"", ""patience"": 40, ""restore_best_weights"": true, ""verbose"": 0}, ""cv"": {""k"": 5, ""seed"": 42, ""shuffle"": true}, ""data"": {""train_path"": ""data/MONK/MONK1/monks-1.train""}, ""model"": {""activation"": ""tanh"", ""dropout"": 0.0, ""hidden_units"": [4]}, ""optim"": {""lr"": 0.01, ""momentum"": 0.5, ""name"": ""adam""}, ""regularizer"": {""l2"": ""1e-6""}, ""seed"": 42, ""split"": {""stratified"": true, ""val_size"": 0.2}, ""training"": {""batch_size"": 16, ""epochs"": 1000, ""include_reg_in_val"": false, ""shuffle"": true}}"
d2391f6269f4,42,holdout,val_loss,min,0.004038536141677382,0.0,0.004038536141677382,0.0,1.0,0.0,754.0,0.0,3.5649940967559814,"{""callbacks"": {""early_stopping"": true, ""min_delta"": 0.0, ""mode"": ""auto"", ""monitor"": ""val_loss"", ""patience"": 40, ""restore_best_weights"": true, ""verbose"": 0}, ""cv"": {""k"": 5, ""seed"": 42, ""shuffle"": true}, ""data"": {""train_path"": ""data/MONK/MONK1/monks-1.train""}, ""model"": {""activation"": ""tanh"", ""dropout"": 0.0, ""hidden_units"": [4]}, ""optim"": {""lr"": 0.01, ""momentum"": 0.5, ""name"": ""adam""}, ""regularizer"": {""l2"": ""1e-6""}, ""seed"": 42, ""split"": {""stratified"": true, ""val_size"": 0.2}, ""training"": {""batch_size"": 16, ""epochs"": 800, ""include_reg_in_val"": false, ""shuffle"": true}}"
a81f929e30a4,42,holdout,val_loss,min,0.021002123280611223,0.0,0.021002123280611223,0.0,1.0,0.0,653.0,0.0,1.766193151473999,"{""callbacks"": {""early_stopping"": true, ""min_delta"": 0.0, ""mode"": ""auto"", ""monitor"": ""val_loss"", ""patience"": 40, ""restore_best_weights"": true, ""verbose"": 0}, ""cv"": {""k"": 5, ""seed"": 42, ""shuffle"": true}, ""data"": {""train_path"": ""data/MONK/MONK1/monks-1.train""}, ""model"": {""activation"": ""tanh"", ""dropout"": 0.0, ""hidden_units"": [4]}, ""optim"": {""lr"": 0.01, ""momentum"": 0.9, ""name"": ""adam""}, ""regularizer"": {""l2"": ""1e-6""}, ""seed"": 42, ""split"": {""stratified"": true, ""val_size"": 0.2}, ""training"": {""batch_size"": 32, ""epochs"": 800, ""include_reg_in_val"": false, ""shuffle"": true}}"
76552e1a390c,42,holdout,val_loss,min,0.021002123280611223,0.0,0.021002123280611223,0.0,1.0,0.0,653.0,0.0,1.7605760097503662,"{""callbacks"": {""early_stopping"": true, ""min_delta"": 0.0, ""mode"": ""auto"", ""monitor"": ""val_loss"", ""patience"": 40, ""restore_best_weights"": true, ""verbose"": 0}, ""cv"": {""k"": 5, ""seed"": 42, ""shuffle"": true}, ""data"": {""train_path"": ""data/MONK/MONK1/monks-1.train""}, ""model"": {""activation"": ""tanh"", ""dropout"": 0.0, ""hidden_units"": [4]}, ""optim"": {""lr"": 0.01, ""momentum"": 0.9, ""name"": ""adam""}, ""regularizer"": {""l2"": ""1e-6""}, ""seed"": 42, ""split"": {""stratified"": true, ""val_size"": 0.2}, ""training"": {""batch_size"": 32, ""epochs"": 1000, ""include_reg_in_val"": false, ""shuffle"": true}}"
2220c25ccb8c,42,holdout,val_loss,min,0.4726134793387711,0.0,0.4726134793387711,0.0,0.76,0.0,247.0,0.0,0.728398323059082,"{""callbacks"": {""early_stopping"": true, ""min_delta"": 0.0, ""mode"": ""auto"", ""monitor"": ""val_loss"", ""patience"": 40, ""restore_best_weights"": true, ""verbose"": 0}, ""cv"": {""k"": 5, ""seed"": 42, ""shuffle"": true}, ""data"": {""train_path"": ""data/MONK/MONK1/monks-1.train""}, ""model"": {""activation"": ""tanh"", ""dropout"": 0.0, ""hidden_units"": [4]}, ""optim"": {""lr"": 0.001, ""momentum"": 0.0, ""name"": ""adam""}, ""regularizer"": {""l2"": ""1e-6""}, ""seed"": 42, ""split"": {""stratified"": true, ""val_size"": 0.2}, ""training"": {""batch_size"": 32, ""epochs"": 800, ""include_reg_in_val"": false, ""shuffle"": true}}"
fc32a9d88e8e,42,holdout,val_loss,min,0.4726134793387711,0.0,0.4726134793387711,0.0,0.76,0.0,247.0,0.0,0.7529428005218506,"{""callbacks"": {""early_stopping"": true, ""min_delta"": 0.0, ""mode"": ""auto"", ""monitor"": ""val_loss"", ""patience"": 40, ""restore_best_weights"": true, ""verbose"": 0}, ""cv"": {""k"": 5, ""seed"": 42, ""shuffle"": true}, ""data"": {""train_path"": ""data/MONK/MONK1/monks-1.train""}, ""model"": {""activation"": ""tanh"", ""dropout"": 0.0, ""hidden_units"": [4]}, ""optim"": {""lr"": 0.001, ""momentum"": 0.0, ""name"": ""adam""}, ""regularizer"": {""l2"": ""1e-6""}, ""seed"": 42, ""split"": {""stratified"": true, ""val_size"": 0.2}, ""training"": {""batch_size"": 32, ""epochs"": 1000, ""include_reg_in_val"": false, ""shuffle"": true}}"
847edf3917e2,42,holdout,val_loss,min,0.4726134793387711,0.0,0.4726134793387711,0.0,0.76,0.0,247.0,0.0,0.7049765586853027,"{""callbacks"": {""early_stopping"": true, ""min_delta"": 0.0, ""mode"": ""auto"", ""monitor"": ""val_loss"", ""patience"": 40, ""restore_best_weights"": true, ""verbose"": 0}, ""cv"": {""k"": 5, ""seed"": 42, ""shuffle"": true}, ""data"": {""train_path"": ""data/MONK/MONK1/monks-1.train""}, ""model"": {""activation"": ""tanh"", ""dropout"": 0.0, ""hidden_units"": [4]}, ""optim"": {""lr"": 0.001, ""momentum"": 0.5, ""name"": ""adam""}, ""regularizer"": {""l2"": ""1e-6""}, ""seed"": 42, ""split"": {""stratified"": true, ""val_size"": 0.2}, ""training"": {""batch_size"": 32, ""epochs"": 800, ""include_reg_in_val"": false, ""shuffle"": true}}"
96b5e6f71eaf,42,holdout,val_loss,min,0.004038536141677382,0.0,0.004038536141677382,0.0,1.0,0.0,754.0,0.0,3.2528109550476074,"{""callbacks"": {""early_stopping"": true, ""min_delta"": 0.0, ""mode"": ""auto"", ""monitor"": ""val_loss"", ""patience"": 40, ""restore_best_weights"": true, ""verbose"": 0}, ""cv"": {""k"": 5, ""seed"": 42, ""shuffle"": true}, ""data"": {""train_path"": ""data/MONK/MONK1/monks-1.train""}, ""model"": {""activation"": ""tanh"", ""dropout"": 0.0, ""hidden_units"": [4]}, ""optim"": {""lr"": 0.01, ""momentum"": 0.9, ""name"": ""adam""}, ""regularizer"": {""l2"": ""1e-6""}, ""seed"": 42, ""split"": {""stratified"": true, ""val_size"": 0.2}, ""training"": {""batch_size"": 16, ""epochs"": 800, ""include_reg_in_val"": false, ""shuffle"": true}}"
90a41797dc56,42,holdout,val_loss,min,0.004038536141677382,0.0,0.004038536141677382,0.0,1.0,0.0,754.0,0.0,3.4671738147735596,"{""callbacks"": {""early_stopping"": true, ""min_delta"": 0.0, ""mode"": ""auto"", ""monitor"": ""val_loss"", ""patience"": 40, ""restore_best_weights"": true, ""verbose"": 0}, ""cv"": {""k"": 5, ""seed"": 42, ""shuffle"": true}, ""data"": {""train_path"": ""data/MONK/MONK1/monks-1.train""}, ""model"": {""activation"": ""tanh"", ""dropout"": 0.0, ""hidden_units"": [4]}, ""optim"": {""lr"": 0.01, ""momentum"": 0.9, ""name"": ""adam""}, ""regularizer"": {""l2"": ""1e-6""}, ""seed"": 42, ""split"": {""stratified"": true, ""val_size"": 0.2}, ""training"": {""batch_size"": 16, ""epochs"": 1000, ""include_reg_in_val"": false, ""shuffle"": true}}"
941ff9c95967,42,holdout,val_loss,min,0.4726134793387711,0.0,0.4726134793387711,0.0,0.76,0.0,247.0,0.0,0.7909746170043945,"{""callbacks"": {""early_stopping"": true, ""min_delta"": 0.0, ""mode"": ""auto"", ""monitor"": ""val_loss"", ""patience"": 40, ""restore_best_weights"": true, ""verbose"": 0}, ""cv"": {""k"": 5, ""seed"": 42, ""shuffle"": true}, ""data"": {""train_path"": ""data/MONK/MONK1/monks-1.train""}, ""model"": {""activation"": ""tanh"", ""dropout"": 0.0, ""hidden_units"": [4]}, ""optim"": {""lr"": 0.001, ""momentum"": 0.5, ""name"": ""adam""}, ""regularizer"": {""l2"": ""1e-6""}, ""seed"": 42, ""split"": {""stratified"": true, ""val_size"": 0.2}, ""training"": {""batch_size"": 32, ""epochs"": 1000, ""include_reg_in_val"": false, ""shuffle"": true}}"
3a1afb6aa44d,42,holdout,val_loss,min,0.4726134793387711,0.0,0.4726134793387711,0.0,0.76,0.0,247.0,0.0,0.7247638702392578,"{""callbacks"": {""early_stopping"": true, ""min_delta"": 0.0, ""mode"": ""auto"", ""monitor"": ""val_loss"", ""patience"": 40, ""restore_best_weights"": true, ""verbose"": 0}, ""cv"": {""k"": 5, ""seed"": 42, ""shuffle"": true}, ""data"": {""train_path"": ""data/MONK/MONK1/monks-1.train""}, ""model"": {""activation"": ""tanh"", ""dropout"": 0.0, ""hidden_units"": [4]}, ""optim"": {""lr"": 0.001, ""momentum"": 0.9, ""name"": ""adam""}, ""regularizer"": {""l2"": ""1e-6""}, ""seed"": 42, ""split"": {""stratified"": true, ""val_size"": 0.2}, ""training"": {""batch_size"": 32, ""epochs"": 1000, ""include_reg_in_val"": false, ""shuffle"": true}}"
e19afe844bf2,42,holdout,val_loss,min,0.4726134793387711,0.0,0.4726134793387711,0.0,0.76,0.0,247.0,0.0,0.7759177684783936,"{""callbacks"": {""early_stopping"": true, ""min_delta"": 0.0, ""mode"": ""auto"", ""monitor"": ""val_loss"", ""patience"": 40, ""restore_best_weights"": true, ""verbose"": 0}, ""cv"": {""k"": 5, ""seed"": 42, ""shuffle"": true}, ""data"": {""train_path"": ""data/MONK/MONK1/monks-1.train""}, ""model"": {""activation"": ""tanh"", ""dropout"": 0.0, ""hidden_units"": [4]}, ""optim"": {""lr"": 0.001, ""momentum"": 0.9, ""name"": ""adam""}, ""regularizer"": {""l2"": ""1e-6""}, ""seed"": 42, ""split"": {""stratified"": true, ""val_size"": 0.2}, ""training"": {""batch_size"": 32, ""epochs"": 800, ""include_reg_in_val"": false, ""shuffle"": true}}"
6afa518b4299,42,holdout,val_loss,min,0.18825956375855996,0.0,0.18825956375855996,0.0,0.88,0.0,800.0,0.0,3.3942365646362305,"{""callbacks"": {""early_stopping"": true, ""min_delta"": 0.0, ""mode"": ""auto"", ""monitor"": ""val_loss"", ""patience"": 40, ""restore_best_weights"": true, ""verbose"": 0}, ""cv"": {""k"": 5, ""seed"": 42, ""shuffle"": true}, ""data"": {""train_path"": ""data/MONK/MONK1/monks-1.train""}, ""model"": {""activation"": ""tanh"", ""dropout"": 0.0, ""hidden_units"": [4]}, ""optim"": {""lr"": 0.001, ""momentum"": 0.0, ""name"": ""adam""}, ""regularizer"": {""l2"": ""1e-6""}, ""seed"": 42, ""split"": {""stratified"": true, ""val_size"": 0.2}, ""training"": {""batch_size"": 16, ""epochs"": 800, ""include_reg_in_val"": false, ""shuffle"": true}}"
27baa15db81c,42,holdout,val_loss,min,0.18825956375855996,0.0,0.18825956375855996,0.0,0.88,0.0,800.0,0.0,3.2562601566314697,"{""callbacks"": {""early_stopping"": true, ""min_delta"": 0.0, ""mode"": ""auto"", ""monitor"": ""val_loss"", ""patience"": 40, ""restore_best_weights"": true, ""verbose"": 0}, ""cv"": {""k"": 5, ""seed"": 42, ""shuffle"": true}, ""data"": {""train_path"": ""data/MONK/MONK1/monks-1.train""}, ""model"": {""activation"": ""tanh"", ""dropout"": 0.0, ""hidden_units"": [4]}, ""optim"": {""lr"": 0.001, ""momentum"": 0.5, ""name"": ""adam""}, ""regularizer"": {""l2"": ""1e-6""}, ""seed"": 42, ""split"": {""stratified"": true, ""val_size"": 0.2}, ""training"": {""batch_size"": 16, ""epochs"": 800, ""include_reg_in_val"": false, ""shuffle"": true}}"
23c930970d75,42,holdout,val_loss,min,0.13630164912703863,0.0,0.13630164912703863,0.0,0.88,0.0,1000.0,0.0,4.428341627120972,"{""callbacks"": {""early_stopping"": true, ""min_delta"": 0.0, ""mode"": ""auto"", ""monitor"": ""val_loss"", ""patience"": 40, ""restore_best_weights"": true, ""verbose"": 0}, ""cv"": {""k"": 5, ""seed"": 42, ""shuffle"": true}, ""data"": {""train_path"": ""data/MONK/MONK1/monks-1.train""}, ""model"": {""activation"": ""tanh"", ""dropout"": 0.0, ""hidden_units"": [4]}, ""optim"": {""lr"": 0.001, ""momentum"": 0.0, ""name"": ""adam""}, ""regularizer"": {""l2"": ""1e-6""}, ""seed"": 42, ""split"": {""stratified"": true, ""val_size"": 0.2}, ""training"": {""batch_size"": 16, ""epochs"": 1000, ""include_reg_in_val"": false, ""shuffle"": true}}"
fff31dab62fe,42,holdout,val_loss,min,0.13630164912703863,0.0,0.13630164912703863,0.0,0.88,0.0,1000.0,0.0,4.064084768295288,"{""callbacks"": {""early_stopping"": true, ""min_delta"": 0.0, ""mode"": ""auto"", ""monitor"": ""val_loss"", ""patience"": 40, ""restore_best_weights"": true, ""verbose"": 0}, ""cv"": {""k"": 5, ""seed"": 42, ""shuffle"": true}, ""data"": {""train_path"": ""data/MONK/MONK1/monks-1.train""}, ""model"": {""activation"": ""tanh"", ""dropout"": 0.0, ""hidden_units"": [4]}, ""optim"": {""lr"": 0.001, ""momentum"": 0.5, ""name"": ""adam""}, ""regularizer"": {""l2"": ""1e-6""}, ""seed"": 42, ""split"": {""stratified"": true, ""val_size"": 0.2}, ""training"": {""batch_size"": 16, ""epochs"": 1000, ""include_reg_in_val"": false, ""shuffle"": true}}"
0dd70d447009,42,holdout,val_loss,min,0.007794478213043215,0.0,0.007794478213043215,0.0,1.0,0.0,752.0,0.0,1.5612382888793945,"{""callbacks"": {""early_stopping"": true, ""min_delta"": 0.0, ""mode"": ""auto"", ""monitor"": ""val_loss"", ""patience"": 40, ""restore_best_weights"": true, ""verbose"": 0}, ""cv"": {""k"": 5, ""seed"": 42, ""shuffle"": true}, ""data"": {""train_path"": ""data/MONK/MONK1/monks-1.train""}, ""model"": {""activation"": ""tanh"", ""dropout"": 0.0, ""hidden_units"": [4]}, ""optim"": {""lr"": 0.3, ""momentum"": 0.0, ""name"": ""sgd""}, ""regularizer"": {""l2"": ""1e-4""}, ""seed"": 42, ""split"": {""stratified"": true, ""val_size"": 0.2}, ""training"": {""batch_size"": 32, ""epochs"": 800, ""include_reg_in_val"": false, ""shuffle"": true}}"
087950e5be5d,42,holdout,val_loss,min,0.11932636829053525,0.0,0.11932636829053525,0.0,0.96,0.0,104.0,0.0,0.3072822093963623,"{""callbacks"": {""early_stopping"": true, ""min_delta"": 0.0, ""mode"": ""auto"", ""monitor"": ""val_loss"", ""patience"": 40, ""restore_best_weights"": true, ""verbose"": 0}, ""cv"": {""k"": 5, ""seed"": 42, ""shuffle"": true}, ""data"": {""train_path"": ""data/MONK/MONK1/monks-1.train""}, ""model"": {""activation"": ""tanh"", ""dropout"": 0.0, ""hidden_units"": [4]}, ""optim"": {""lr"": 0.3, ""momentum"": 0.5, ""name"": ""sgd""}, ""regularizer"": {""l2"": ""1e-4""}, ""seed"": 42, ""split"": {""stratified"": true, ""val_size"": 0.2}, ""training"": {""batch_size"": 32, ""epochs"": 800, ""include_reg_in_val"": false, ""shuffle"": true}}"
6c948bfc5b5f,42,holdout,val_loss,min,0.18825956375855996,0.0,0.18825956375855996,0.0,0.88,0.0,800.0,0.0,3.4000580310821533,"{""callbacks"": {""early_stopping"": true, ""min_delta"": 0.0, ""mode"": ""auto"", ""monitor"": ""val_loss"", ""patience"": 40, ""restore_best_weights"": true, ""verbose"": 0}, ""cv"": {""k"": 5, ""seed"": 42, ""shuffle"": true}, ""data"": {""train_path"": ""data/MONK/MONK1/monks-1.train""}, ""model"": {""activation"": ""tanh"", ""dropout"": 0.0, ""hidden_units"": [4]}, ""optim"": {""lr"": 0.001, ""momentum"": 0.9, ""name"": ""adam""}, ""regularizer"": {""l2"": ""1e-6""}, ""seed"": 42, ""split"": {""stratified"": true, ""val_size"": 0.2}, ""training"": {""batch_size"": 16, ""epochs"": 800, ""include_reg_in_val"": false, ""shuffle"": true}}"
ea21cd87c11b,42,holdout,val_loss,min,0.007794478213043215,0.0,0.007794478213043215,0.0,1.0,0.0,752.0,0.0,1.5287315845489502,"{""callbacks"": {""early_stopping"": true, ""min_delta"": 0.0, ""mode"": ""auto"", ""monitor"": ""val_loss"", ""patience"": 40, ""restore_best_weights"": true, ""verbose"": 0}, ""cv"": {""k"": 5, ""seed"": 42, ""shuffle"": true}, ""data"": {""train_path"": ""data/MONK/MONK1/monks-1.train""}, ""model"": {""activation"": ""tanh"", ""dropout"": 0.0, ""hidden_units"": [4]}, ""optim"": {""lr"": 0.3, ""momentum"": 0.0, ""name"": ""sgd""}, ""regularizer"": {""l2"": ""1e-4""}, ""seed"": 42, ""split"": {""stratified"": true, ""val_size"": 0.2}, ""training"": {""batch_size"": 32, ""epochs"": 1000, ""include_reg_in_val"": false, ""shuffle"": true}}"
091067e14396,42,holdout,val_loss,min,0.004711499761153458,0.0,0.004711499761153458,0.0,1.0,0.0,800.0,0.0,2.583549976348877,"{""callbacks"": {""early_stopping"": true, ""min_delta"": 0.0, ""mode"": ""auto"", ""monitor"": ""val_loss"", ""patience"": 40, ""restore_best_weights"": true, ""verbose"": 0}, ""cv"": {""k"": 5, ""seed"": 42, ""shuffle"": true}, ""data"": {""train_path"": ""data/MONK/MONK1/monks-1.train""}, ""model"": {""activation"": ""tanh"", ""dropout"": 0.0, ""hidden_units"": [4]}, ""optim"": {""lr"": 0.3, ""momentum"": 0.0, ""name"": ""sgd""}, ""regularizer"": {""l2"": ""1e-4""}, ""seed"": 42, ""split"": {""stratified"": true, ""val_size"": 0.2}, ""training"": {""batch_size"": 16, ""epochs"": 800, ""include_reg_in_val"": false, ""shuffle"": true}}"
91c24a10df85,42,holdout,val_loss,min,0.11932636829053525,0.0,0.11932636829053525,0.0,0.96,0.0,104.0,0.0,0.3291606903076172,"{""callbacks"": {""early_stopping"": true, ""min_delta"": 0.0, ""mode"": ""auto"", ""monitor"": ""val_loss"", ""patience"": 40, ""restore_best_weights"": true, ""verbose"": 0}, ""cv"": {""k"": 5, ""seed"": 42, ""shuffle"": true}, ""data"": {""train_path"": ""data/MONK/MONK1/monks-1.train""}, ""model"": {""activation"": ""tanh"", ""dropout"": 0.0, ""hidden_units"": [4]}, ""optim"": {""lr"": 0.3, ""momentum"": 0.5, ""name"": ""sgd""}, ""regularizer"": {""l2"": ""1e-4""}, ""seed"": 42, ""split"": {""stratified"": true, ""val_size"": 0.2}, ""training"": {""batch_size"": 32, ""epochs"": 1000, ""include_reg_in_val"": false, ""shuffle"": true}}"
199b536f16a8,42,holdout,val_loss,min,0.13809876993375972,0.0,0.13809876993375972,0.0,0.96,0.0,72.0,0.0,0.24684667587280273,"{""callbacks"": {""early_stopping"": true, ""min_delta"": 0.0, ""mode"": ""auto"", ""monitor"": ""val_loss"", ""patience"": 40, ""restore_best_weights"": true, ""verbose"": 0}, ""cv"": {""k"": 5, ""seed"": 42, ""shuffle"": true}, ""data"": {""train_path"": ""data/MONK/MONK1/monks-1.train""}, ""model"": {""activation"": ""tanh"", ""dropout"": 0.0, ""hidden_units"": [4]}, ""optim"": {""lr"": 0.3, ""momentum"": 0.9, ""name"": ""sgd""}, ""regularizer"": {""l2"": ""1e-4""}, ""seed"": 42, ""split"": {""stratified"": true, ""val_size"": 0.2}, ""training"": {""batch_size"": 32, ""epochs"": 800, ""include_reg_in_val"": false, ""shuffle"": true}}"
77b232e9777c,42,holdout,val_loss,min,0.13809876993375972,0.0,0.13809876993375972,0.0,0.96,0.0,72.0,0.0,0.23156499862670898,"{""callbacks"": {""early_stopping"": true, ""min_delta"": 0.0, ""mode"": ""auto"", ""monitor"": ""val_loss"", ""patience"": 40, ""restore_best_weights"": true, ""verbose"": 0}, ""cv"": {""k"": 5, ""seed"": 42, ""shuffle"": true}, ""data"": {""train_path"": ""data/MONK/MONK1/monks-1.train""}, ""model"": {""activation"": ""tanh"", ""dropout"": 0.0, ""hidden_units"": [4]}, ""optim"": {""lr"": 0.3, ""momentum"": 0.9, ""name"": ""sgd""}, ""regularizer"": {""l2"": ""1e-4""}, ""seed"": 42, ""split"": {""stratified"": true, ""val_size"": 0.2}, ""training"": {""batch_size"": 32, ""epochs"": 1000, ""include_reg_in_val"": false, ""shuffle"": true}}"
e9a16db31dee,42,holdout,val_loss,min,0.13630164912703863,0.0,0.13630164912703863,0.0,0.88,0.0,1000.0,0.0,3.992305040359497,"{""callbacks"": {""early_stopping"": true, ""min_delta"": 0.0, ""mode"": ""auto"", ""monitor"": ""val_loss"", ""patience"": 40, ""restore_best_weights"": true, ""verbose"": 0}, ""cv"": {""k"": 5, ""seed"": 42, ""shuffle"": true}, ""data"": {""train_path"": ""data/MONK/MONK1/monks-1.train""}, ""model"": {""activation"": ""tanh"", ""dropout"": 0.0, ""hidden_units"": [4]}, ""optim"": {""lr"": 0.001, ""momentum"": 0.9, ""name"": ""adam""}, ""regularizer"": {""l2"": ""1e-6""}, ""seed"": 42, ""split"": {""stratified"": true, ""val_size"": 0.2}, ""training"": {""batch_size"": 16, ""epochs"": 1000, ""include_reg_in_val"": false, ""shuffle"": true}}"
41ac8d4c330e,42,holdout,val_loss,min,0.004066419234729181,0.0,0.004066419234729181,0.0,1.0,0.0,967.0,0.0,3.3125879764556885,"{""callbacks"": {""early_stopping"": true, ""min_delta"": 0.0, ""mode"": ""auto"", ""monitor"": ""val_loss"", ""patience"": 40, ""restore_best_weights"": true, ""verbose"": 0}, ""cv"": {""k"": 5, ""seed"": 42, ""shuffle"": true}, ""data"": {""train_path"": ""data/MONK/MONK1/monks-1.train""}, ""model"": {""activation"": ""tanh"", ""dropout"": 0.0, ""hidden_units"": [4]}, ""optim"": {""lr"": 0.3, ""momentum"": 0.0, ""name"": ""sgd""}, ""regularizer"": {""l2"": ""1e-4""}, ""seed"": 42, ""split"": {""stratified"": true, ""val_size"": 0.2}, ""training"": {""batch_size"": 16, ""epochs"": 1000, ""include_reg_in_val"": false, ""shuffle"": true}}"
41c941eb520d,42,holdout,val_loss,min,0.004583459588172745,0.0,0.004583459588172745,0.0,1.0,0.0,417.0,0.0,1.5944218635559082,"{""callbacks"": {""early_stopping"": true, ""min_delta"": 0.0, ""mode"": ""auto"", ""monitor"": ""val_loss"", ""patience"": 40, ""restore_best_weights"": true, ""verbose"": 0}, ""cv"": {""k"": 5, ""seed"": 42, ""shuffle"": true}, ""data"": {""train_path"": ""data/MONK/MONK1/monks-1.train""}, ""model"": {""activation"": ""tanh"", ""dropout"": 0.0, ""hidden_units"": [4]}, ""optim"": {""lr"": 0.3, ""momentum"": 0.9, ""name"": ""sgd""}, ""regularizer"": {""l2"": ""1e-4""}, ""seed"": 42, ""split"": {""stratified"": true, ""val_size"": 0.2}, ""training"": {""batch_size"": 16, ""epochs"": 800, ""include_reg_in_val"": false, ""shuffle"": true}}"
2a5880c3d7f9,42,holdout,val_loss,min,0.004583459588172745,0.0,0.004583459588172745,0.0,1.0,0.0,417.0,0.0,1.5059354305267334,"{""callbacks"": {""early_stopping"": true, ""min_delta"": 0.0, ""mode"": ""auto"", ""monitor"": ""val_loss"", ""patience"": 40, ""restore_best_weights"": true, ""verbose"": 0}, ""cv"": {""k"": 5, ""seed"": 42, ""shuffle"": true}, ""data"": {""train_path"": ""data/MONK/MONK1/monks-1.train""}, ""model"": {""activation"": ""tanh"", ""dropout"": 0.0, ""hidden_units"": [4]}, ""optim"": {""lr"": 0.3, ""momentum"": 0.9, ""name"": ""sgd""}, ""regularizer"": {""l2"": ""1e-4""}, ""seed"": 42, ""split"": {""stratified"": true, ""val_size"": 0.2}, ""training"": {""batch_size"": 16, ""epochs"": 1000, ""include_reg_in_val"": false, ""shuffle"": true}}"
ee078be3725a,42,holdout,val_loss,min,0.029146722762761073,0.0,0.029146722762761073,0.0,1.0,0.0,542.0,0.0,1.14439058303833,"{""callbacks"": {""early_stopping"": true, ""min_delta"": 0.0, ""mode"": ""auto"", ""monitor"": ""val_loss"", ""patience"": 40, ""restore_best_weights"": true, ""verbose"": 0}, ""cv"": {""k"": 5, ""seed"": 42, ""shuffle"": true}, ""data"": {""train_path"": ""data/MONK/MONK1/monks-1.train""}, ""model"": {""activation"": ""tanh"", ""dropout"": 0.0, ""hidden_units"": [4]}, ""optim"": {""lr"": 0.2, ""momentum"": 0.0, ""name"": ""sgd""}, ""regularizer"": {""l2"": ""1e-4""}, ""seed"": 42, ""split"": {""stratified"": true, ""val_size"": 0.2}, ""training"": {""batch_size"": 32, ""epochs"": 800, ""include_reg_in_val"": false, ""shuffle"": true}}"
d20e97561c62,42,holdout,val_loss,min,0.00343271771367187,0.0,0.00343271771367187,0.0,1.0,0.0,717.0,0.0,2.549224376678467,"{""callbacks"": {""early_stopping"": true, ""min_delta"": 0.0, ""mode"": ""auto"", ""monitor"": ""val_loss"", ""patience"": 40, ""restore_best_weights"": true, ""verbose"": 0}, ""cv"": {""k"": 5, ""seed"": 42, ""shuffle"": true}, ""data"": {""train_path"": ""data/MONK/MONK1/monks-1.train""}, ""model"": {""activation"": ""tanh"", ""dropout"": 0.0, ""hidden_units"": [4]}, ""optim"": {""lr"": 0.3, ""momentum"": 0.5, ""name"": ""sgd""}, ""regularizer"": {""l2"": ""1e-4""}, ""seed"": 42, ""split"": {""stratified"": true, ""val_size"": 0.2}, ""training"": {""batch_size"": 16, ""epochs"": 1000, ""include_reg_in_val"": false, ""shuffle"": true}}"
549fd0aa9987,42,holdout,val_loss,min,0.029146722762761073,0.0,0.029146722762761073,0.0,1.0,0.0,542.0,0.0,1.20259428024292,"{""callbacks"": {""early_stopping"": true, ""min_delta"": 0.0, ""mode"": ""auto"", ""monitor"": ""val_loss"", ""patience"": 40, ""restore_best_weights"": true, ""verbose"": 0}, ""cv"": {""k"": 5, ""seed"": 42, ""shuffle"": true}, ""data"": {""train_path"": ""data/MONK/MONK1/monks-1.train""}, ""model"": {""activation"": ""tanh"", ""dropout"": 0.0, ""hidden_units"": [4]}, ""optim"": {""lr"": 0.2, ""momentum"": 0.0, ""name"": ""sgd""}, ""regularizer"": {""l2"": ""1e-4""}, ""seed"": 42, ""split"": {""stratified"": true, ""val_size"": 0.2}, ""training"": {""batch_size"": 32, ""epochs"": 1000, ""include_reg_in_val"": false, ""shuffle"": true}}"
66ed8c124aa0,42,holdout,val_loss,min,0.00343271771367187,0.0,0.00343271771367187,0.0,1.0,0.0,717.0,0.0,2.724226713180542,"{""callbacks"": {""early_stopping"": true, ""min_delta"": 0.0, ""mode"": ""auto"", ""monitor"": ""val_loss"", ""patience"": 40, ""restore_best_weights"": true, ""verbose"": 0}, ""cv"": {""k"": 5, ""seed"": 42, ""shuffle"": true}, ""data"": {""train_path"": ""data/MONK/MONK1/monks-1.train""}, ""model"": {""activation"": ""tanh"", ""dropout"": 0.0, ""hidden_units"": [4]}, ""optim"": {""lr"": 0.3, ""momentum"": 0.5, ""name"": ""sgd""}, ""regularizer"": {""l2"": ""1e-4""}, ""seed"": 42, ""split"": {""stratified"": true, ""val_size"": 0.2}, ""training"": {""batch_size"": 16, ""epochs"": 800, ""include_reg_in_val"": false, ""shuffle"": true}}"
e25c82293a89,42,holdout,val_loss,min,0.008583888053190323,0.0,0.008583888053190323,0.0,1.0,0.0,800.0,0.0,2.5978262424468994,"{""callbacks"": {""early_stopping"": true, ""min_delta"": 0.0, ""mode"": ""auto"", ""monitor"": ""val_loss"", ""patience"": 40, ""restore_best_weights"": true, ""verbose"": 0}, ""cv"": {""k"": 5, ""seed"": 42, ""shuffle"": true}, ""data"": {""train_path"": ""data/MONK/MONK1/monks-1.train""}, ""model"": {""activation"": ""tanh"", ""dropout"": 0.0, ""hidden_units"": [4]}, ""optim"": {""lr"": 0.2, ""momentum"": 0.0, ""name"": ""sgd""}, ""regularizer"": {""l2"": ""1e-4""}, ""seed"": 42, ""split"": {""stratified"": true, ""val_size"": 0.2}, ""training"": {""batch_size"": 16, ""epochs"": 800, ""include_reg_in_val"": false, ""shuffle"": true}}"
a3cf61895cd9,42,holdout,val_loss,min,0.10586220363160947,0.0,0.10586220363160947,0.0,0.96,0.0,54.0,0.0,0.2167224884033203,"{""callbacks"": {""early_stopping"": true, ""min_delta"": 0.0, ""mode"": ""auto"", ""monitor"": ""val_loss"", ""patience"": 40, ""restore_best_weights"": true, ""verbose"": 0}, ""cv"": {""k"": 5, ""seed"": 42, ""shuffle"": true}, ""data"": {""train_path"": ""data/MONK/MONK1/monks-1.train""}, ""model"": {""activation"": ""tanh"", ""dropout"": 0.0, ""hidden_units"": [4]}, ""optim"": {""lr"": 0.2, ""momentum"": 0.9, ""name"": ""sgd""}, ""regularizer"": {""l2"": ""1e-4""}, ""seed"": 42, ""split"": {""stratified"": true, ""val_size"": 0.2}, ""training"": {""batch_size"": 32, ""epochs"": 800, ""include_reg_in_val"": false, ""shuffle"": true}}"
d45cedc88a97,42,holdout,val_loss,min,0.005765625695268037,0.0,0.005765625695268037,0.0,1.0,0.0,753.0,0.0,1.580580711364746,"{""callbacks"": {""early_stopping"": true, ""min_delta"": 0.0, ""mode"": ""auto"", ""monitor"": ""val_loss"", ""patience"": 40, ""restore_best_weights"": true, ""verbose"": 0}, ""cv"": {""k"": 5, ""seed"": 42, ""shuffle"": true}, ""data"": {""train_path"": ""data/MONK/MONK1/monks-1.train""}, ""model"": {""activation"": ""tanh"", ""dropout"": 0.0, ""hidden_units"": [4]}, ""optim"": {""lr"": 0.2, ""momentum"": 0.5, ""name"": ""sgd""}, ""regularizer"": {""l2"": ""1e-4""}, ""seed"": 42, ""split"": {""stratified"": true, ""val_size"": 0.2}, ""training"": {""batch_size"": 32, ""epochs"": 800, ""include_reg_in_val"": false, ""shuffle"": true}}"
79a1a1fbac9f,42,holdout,val_loss,min,0.10586220363160947,0.0,0.10586220363160947,0.0,0.96,0.0,54.0,0.0,0.20981216430664062,"{""callbacks"": {""early_stopping"": true, ""min_delta"": 0.0, ""mode"": ""auto"", ""monitor"": ""val_loss"", ""patience"": 40, ""restore_best_weights"": true, ""verbose"": 0}, ""cv"": {""k"": 5, ""seed"": 42, ""shuffle"": true}, ""data"": {""train_path"": ""data/MONK/MONK1/monks-1.train""}, ""model"": {""activation"": ""tanh"", ""dropout"": 0.0, ""hidden_units"": [4]}, ""optim"": {""lr"": 0.2, ""momentum"": 0.9, ""name"": ""sgd""}, ""regularizer"": {""l2"": ""1e-4""}, ""seed"": 42, ""split"": {""stratified"": true, ""val_size"": 0.2}, ""training"": {""batch_size"": 32, ""epochs"": 1000, ""include_reg_in_val"": false, ""shuffle"": true}}"
e2c06f21aca4,42,holdout,val_loss,min,0.006538910267525661,0.0,0.006538910267525661,0.0,1.0,0.0,1000.0,0.0,3.1582577228546143,"{""callbacks"": {""early_stopping"": true, ""min_delta"": 0.0, ""mode"": ""auto"", ""monitor"": ""val_loss"", ""patience"": 40, ""restore_best_weights"": true, ""verbose"": 0}, ""cv"": {""k"": 5, ""seed"": 42, ""shuffle"": true}, ""data"": {""train_path"": ""data/MONK/MONK1/monks-1.train""}, ""model"": {""activation"": ""tanh"", ""dropout"": 0.0, ""hidden_units"": [4]}, ""optim"": {""lr"": 0.2, ""momentum"": 0.0, ""name"": ""sgd""}, ""regularizer"": {""l2"": ""1e-4""}, ""seed"": 42, ""split"": {""stratified"": true, ""val_size"": 0.2}, ""training"": {""batch_size"": 16, ""epochs"": 1000, ""include_reg_in_val"": false, ""shuffle"": true}}"
df2580a0e956,42,holdout,val_loss,min,0.005765625695268037,0.0,0.005765625695268037,0.0,1.0,0.0,753.0,0.0,1.6662256717681885,"{""callbacks"": {""early_stopping"": true, ""min_delta"": 0.0, ""mode"": ""auto"", ""monitor"": ""val_loss"", ""patience"": 40, ""restore_best_weights"": true, ""verbose"": 0}, ""cv"": {""k"": 5, ""seed"": 42, ""shuffle"": true}, ""data"": {""train_path"": ""data/MONK/MONK1/monks-1.train""}, ""model"": {""activation"": ""tanh"", ""dropout"": 0.0, ""hidden_units"": [4]}, ""optim"": {""lr"": 0.2, ""momentum"": 0.5, ""name"": ""sgd""}, ""regularizer"": {""l2"": ""1e-4""}, ""seed"": 42, ""split"": {""stratified"": true, ""val_size"": 0.2}, ""training"": {""batch_size"": 32, ""epochs"": 1000, ""include_reg_in_val"": false, ""shuffle"": true}}"
73a2911bfcdc,42,holdout,val_loss,min,0.004581931695119485,0.0,0.004581931695119485,0.0,1.0,0.0,417.0,0.0,1.617021083831787,"{""callbacks"": {""early_stopping"": true, ""min_delta"": 0.0, ""mode"": ""auto"", ""monitor"": ""val_loss"", ""patience"": 40, ""restore_best_weights"": true, ""verbose"": 0}, ""cv"": {""k"": 5, ""seed"": 42, ""shuffle"": true}, ""data"": {""train_path"": ""data/MONK/MONK1/monks-1.train""}, ""model"": {""activation"": ""tanh"", ""dropout"": 0.0, ""hidden_units"": [4]}, ""optim"": {""lr"": 0.2, ""momentum"": 0.9, ""name"": ""sgd""}, ""regularizer"": {""l2"": ""1e-4""}, ""seed"": 42, ""split"": {""stratified"": true, ""val_size"": 0.2}, ""training"": {""batch_size"": 16, ""epochs"": 800, ""include_reg_in_val"": false, ""shuffle"": true}}"
701bb9bc0258,42,holdout,val_loss,min,0.004581931695119485,0.0,0.004581931695119485,0.0,1.0,0.0,417.0,0.0,1.635286808013916,"{""callbacks"": {""early_stopping"": true, ""min_delta"": 0.0, ""mode"": ""auto"", ""monitor"": ""val_loss"", ""patience"": 40, ""restore_best_weights"": true, ""verbose"": 0}, ""cv"": {""k"": 5, ""seed"": 42, ""shuffle"": true}, ""data"": {""train_path"": ""data/MONK/MONK1/monks-1.train""}, ""model"": {""activation"": ""tanh"", ""dropout"": 0.0, ""hidden_units"": [4]}, ""optim"": {""lr"": 0.2, ""momentum"": 0.9, ""name"": ""sgd""}, ""regularizer"": {""l2"": ""1e-4""}, ""seed"": 42, ""split"": {""stratified"": true, ""val_size"": 0.2}, ""training"": {""batch_size"": 16, ""epochs"": 1000, ""include_reg_in_val"": false, ""shuffle"": true}}"
d9330aeffa76,42,holdout,val_loss,min,0.2752329251578113,0.0,0.2752329251578113,0.0,0.84,0.0,253.0,0.0,0.6179485321044922,"{""callbacks"": {""early_stopping"": true, ""min_delta"": 0.0, ""mode"": ""auto"", ""monitor"": ""val_loss"", ""patience"": 40, ""restore_best_weights"": true, ""verbose"": 0}, ""cv"": {""k"": 5, ""seed"": 42, ""shuffle"": true}, ""data"": {""train_path"": ""data/MONK/MONK1/monks-1.train""}, ""model"": {""activation"": ""tanh"", ""dropout"": 0.0, ""hidden_units"": [4]}, ""optim"": {""lr"": 0.1, ""momentum"": 0.0, ""name"": ""sgd""}, ""regularizer"": {""l2"": ""1e-4""}, ""seed"": 42, ""split"": {""stratified"": true, ""val_size"": 0.2}, ""training"": {""batch_size"": 32, ""epochs"": 800, ""include_reg_in_val"": false, ""shuffle"": true}}"
ca6eb0dab4e1,42,holdout,val_loss,min,0.2752329251578113,0.0,0.2752329251578113,0.0,0.84,0.0,253.0,0.0,0.621835470199585,"{""callbacks"": {""early_stopping"": true, ""min_delta"": 0.0, ""mode"": ""auto"", ""monitor"": ""val_loss"", ""patience"": 40, ""restore_best_weights"": true, ""verbose"": 0}, ""cv"": {""k"": 5, ""seed"": 42, ""shuffle"": true}, ""data"": {""train_path"": ""data/MONK/MONK1/monks-1.train""}, ""model"": {""activation"": ""tanh"", ""dropout"": 0.0, ""hidden_units"": [4]}, ""optim"": {""lr"": 0.1, ""momentum"": 0.0, ""name"": ""sgd""}, ""regularizer"": {""l2"": ""1e-4""}, ""seed"": 42, ""split"": {""stratified"": true, ""val_size"": 0.2}, ""training"": {""batch_size"": 32, ""epochs"": 1000, ""include_reg_in_val"": false, ""shuffle"": true}}"
49118b1ff49f,42,holdout,val_loss,min,0.004044082488403744,0.0,0.004044082488403744,0.0,1.0,0.0,753.0,0.0,2.7100117206573486,"{""callbacks"": {""early_stopping"": true, ""min_delta"": 0.0, ""mode"": ""auto"", ""monitor"": ""val_loss"", ""patience"": 40, ""restore_best_weights"": true, ""verbose"": 0}, ""cv"": {""k"": 5, ""seed"": 42, ""shuffle"": true}, ""data"": {""train_path"": ""data/MONK/MONK1/monks-1.train""}, ""model"": {""activation"": ""tanh"", ""dropout"": 0.0, ""hidden_units"": [4]}, ""optim"": {""lr"": 0.2, ""momentum"": 0.5, ""name"": ""sgd""}, ""regularizer"": {""l2"": ""1e-4""}, ""seed"": 42, ""split"": {""stratified"": true, ""val_size"": 0.2}, ""training"": {""batch_size"": 16, ""epochs"": 1000, ""include_reg_in_val"": false, ""shuffle"": true}}"
78f040294e2c,42,holdout,val_loss,min,0.004044082488403744,0.0,0.004044082488403744,0.0,1.0,0.0,753.0,0.0,2.892815113067627,"{""callbacks"": {""early_stopping"": true, ""min_delta"": 0.0, ""mode"": ""auto"", ""monitor"": ""val_loss"", ""patience"": 40, ""restore_best_weights"": true, ""verbose"": 0}, ""cv"": {""k"": 5, ""seed"": 42, ""shuffle"": true}, ""data"": {""train_path"": ""data/MONK/MONK1/monks-1.train""}, ""model"": {""activation"": ""tanh"", ""dropout"": 0.0, ""hidden_units"": [4]}, ""optim"": {""lr"": 0.2, ""momentum"": 0.5, ""name"": ""sgd""}, ""regularizer"": {""l2"": ""1e-4""}, ""seed"": 42, ""split"": {""stratified"": true, ""val_size"": 0.2}, ""training"": {""batch_size"": 16, ""epochs"": 800, ""include_reg_in_val"": false, ""shuffle"": true}}"
fc8c40f83b78,42,holdout,val_loss,min,0.02940602338215454,0.0,0.02940602338215454,0.0,1.0,0.0,543.0,0.0,1.2333285808563232,"{""callbacks"": {""early_stopping"": true, ""min_delta"": 0.0, ""mode"": ""auto"", ""monitor"": ""val_loss"", ""patience"": 40, ""restore_best_weights"": true, ""verbose"": 0}, ""cv"": {""k"": 5, ""seed"": 42, ""shuffle"": true}, ""data"": {""train_path"": ""data/MONK/MONK1/monks-1.train""}, ""model"": {""activation"": ""tanh"", ""dropout"": 0.0, ""hidden_units"": [4]}, ""optim"": {""lr"": 0.1, ""momentum"": 0.5, ""name"": ""sgd""}, ""regularizer"": {""l2"": ""1e-4""}, ""seed"": 42, ""split"": {""stratified"": true, ""val_size"": 0.2}, ""training"": {""batch_size"": 32, ""epochs"": 800, ""include_reg_in_val"": false, ""shuffle"": true}}"
a986ef5f58b4,42,holdout,val_loss,min,0.02940602338215454,0.0,0.02940602338215454,0.0,1.0,0.0,543.0,0.0,1.2546110153198242,"{""callbacks"": {""early_stopping"": true, ""min_delta"": 0.0, ""mode"": ""auto"", ""monitor"": ""val_loss"", ""patience"": 40, ""restore_best_weights"": true, ""verbose"": 0}, ""cv"": {""k"": 5, ""seed"": 42, ""shuffle"": true}, ""data"": {""train_path"": ""data/MONK/MONK1/monks-1.train""}, ""model"": {""activation"": ""tanh"", ""dropout"": 0.0, ""hidden_units"": [4]}, ""optim"": {""lr"": 0.1, ""momentum"": 0.5, ""name"": ""sgd""}, ""regularizer"": {""l2"": ""1e-4""}, ""seed"": 42, ""split"": {""stratified"": true, ""val_size"": 0.2}, ""training"": {""batch_size"": 32, ""epochs"": 1000, ""include_reg_in_val"": false, ""shuffle"": true}}"
216f71c49e9c,42,holdout,val_loss,min,0.09214166166824352,0.0,0.09214166166824352,0.0,0.96,0.0,105.0,0.0,0.3251833915710449,"{""callbacks"": {""early_stopping"": true, ""min_delta"": 0.0, ""mode"": ""auto"", ""monitor"": ""val_loss"", ""patience"": 40, ""restore_best_weights"": true, ""verbose"": 0}, ""cv"": {""k"": 5, ""seed"": 42, ""shuffle"": true}, ""data"": {""train_path"": ""data/MONK/MONK1/monks-1.train""}, ""model"": {""activation"": ""tanh"", ""dropout"": 0.0, ""hidden_units"": [4]}, ""optim"": {""lr"": 0.1, ""momentum"": 0.9, ""name"": ""sgd""}, ""regularizer"": {""l2"": ""1e-4""}, ""seed"": 42, ""split"": {""stratified"": true, ""val_size"": 0.2}, ""training"": {""batch_size"": 32, ""epochs"": 800, ""include_reg_in_val"": false, ""shuffle"": true}}"
e242187a853e,42,holdout,val_loss,min,0.02315168371755024,0.0,0.02315168371755024,0.0,1.0,0.0,800.0,0.0,2.5596516132354736,"{""callbacks"": {""early_stopping"": true, ""min_delta"": 0.0, ""mode"": ""auto"", ""monitor"": ""val_loss"", ""patience"": 40, ""restore_best_weights"": true, ""verbose"": 0}, ""cv"": {""k"": 5, ""seed"": 42, ""shuffle"": true}, ""data"": {""train_path"": ""data/MONK/MONK1/monks-1.train""}, ""model"": {""activation"": ""tanh"", ""dropout"": 0.0, ""hidden_units"": [4]}, ""optim"": {""lr"": 0.1, ""momentum"": 0.0, ""name"": ""sgd""}, ""regularizer"": {""l2"": ""1e-4""}, ""seed"": 42, ""split"": {""stratified"": true, ""val_size"": 0.2}, ""training"": {""batch_size"": 16, ""epochs"": 800, ""include_reg_in_val"": false, ""shuffle"": true}}"
242930d4e3f6,42,holdout,val_loss,min,0.09214166166824352,0.0,0.09214166166824352,0.0,0.96,0.0,105.0,0.0,0.32577085494995117,"{""callbacks"": {""early_stopping"": true, ""min_delta"": 0.0, ""mode"": ""auto"", ""monitor"": ""val_loss"", ""patience"": 40, ""restore_best_weights"": true, ""verbose"": 0}, ""cv"": {""k"": 5, ""seed"": 42, ""shuffle"": true}, ""data"": {""train_path"": ""data/MONK/MONK1/monks-1.train""}, ""model"": {""activation"": ""tanh"", ""dropout"": 0.0, ""hidden_units"": [4]}, ""optim"": {""lr"": 0.1, ""momentum"": 0.9, ""name"": ""sgd""}, ""regularizer"": {""l2"": ""1e-4""}, ""seed"": 42, ""split"": {""stratified"": true, ""val_size"": 0.2}, ""training"": {""batch_size"": 32, ""epochs"": 1000, ""include_reg_in_val"": false, ""shuffle"": true}}"
6f3338d3ccc8,42,holdout,val_loss,min,0.003309700485407483,0.0,0.003309700485407483,0.0,1.0,0.0,591.0,0.0,2.0989019870758057,"{""callbacks"": {""early_stopping"": true, ""min_delta"": 0.0, ""mode"": ""auto"", ""monitor"": ""val_loss"", ""patience"": 40, ""restore_best_weights"": true, ""verbose"": 0}, ""cv"": {""k"": 5, ""seed"": 42, ""shuffle"": true}, ""data"": {""train_path"": ""data/MONK/MONK1/monks-1.train""}, ""model"": {""activation"": ""tanh"", ""dropout"": 0.0, ""hidden_units"": [4]}, ""optim"": {""lr"": 0.1, ""momentum"": 0.9, ""name"": ""sgd""}, ""regularizer"": {""l2"": ""1e-4""}, ""seed"": 42, ""split"": {""stratified"": true, ""val_size"": 0.2}, ""training"": {""batch_size"": 16, ""epochs"": 800, ""include_reg_in_val"": false, ""shuffle"": true}}"
09b683ba2e1e,42,holdout,val_loss,min,0.3824083251743987,0.0,0.3824083251743987,0.0,0.88,0.0,243.0,0.0,0.5418243408203125,"{""callbacks"": {""early_stopping"": true, ""min_delta"": 0.0, ""mode"": ""auto"", ""monitor"": ""val_loss"", ""patience"": 40, ""restore_best_weights"": true, ""verbose"": 0}, ""cv"": {""k"": 5, ""seed"": 42, ""shuffle"": true}, ""data"": {""train_path"": ""data/MONK/MONK1/monks-1.train""}, ""model"": {""activation"": ""tanh"", ""dropout"": 0.0, ""hidden_units"": [4]}, ""optim"": {""lr"": 0.05, ""momentum"": 0.0, ""name"": ""sgd""}, ""regularizer"": {""l2"": ""1e-4""}, ""seed"": 42, ""split"": {""stratified"": true, ""val_size"": 0.2}, ""training"": {""batch_size"": 32, ""epochs"": 800, ""include_reg_in_val"": false, ""shuffle"": true}}"
23e8d12e714f,42,holdout,val_loss,min,0.003309700485407483,0.0,0.003309700485407483,0.0,1.0,0.0,591.0,0.0,2.4832260608673096,"{""callbacks"": {""early_stopping"": true, ""min_delta"": 0.0, ""mode"": ""auto"", ""monitor"": ""val_loss"", ""patience"": 40, ""restore_best_weights"": true, ""verbose"": 0}, ""cv"": {""k"": 5, ""seed"": 42, ""shuffle"": true}, ""data"": {""train_path"": ""data/MONK/MONK1/monks-1.train""}, ""model"": {""activation"": ""tanh"", ""dropout"": 0.0, ""hidden_units"": [4]}, ""optim"": {""lr"": 0.1, ""momentum"": 0.9, ""name"": ""sgd""}, ""regularizer"": {""l2"": ""1e-4""}, ""seed"": 42, ""split"": {""stratified"": true, ""val_size"": 0.2}, ""training"": {""batch_size"": 16, ""epochs"": 1000, ""include_reg_in_val"": false, ""shuffle"": true}}"
dae0659e4f8e,42,holdout,val_loss,min,0.3824083251743987,0.0,0.3824083251743987,0.0,0.88,0.0,243.0,0.0,0.5931079387664795,"{""callbacks"": {""early_stopping"": true, ""min_delta"": 0.0, ""mode"": ""auto"", ""monitor"": ""val_loss"", ""patience"": 40, ""restore_best_weights"": true, ""verbose"": 0}, ""cv"": {""k"": 5, ""seed"": 42, ""shuffle"": true}, ""data"": {""train_path"": ""data/MONK/MONK1/monks-1.train""}, ""model"": {""activation"": ""tanh"", ""dropout"": 0.0, ""hidden_units"": [4]}, ""optim"": {""lr"": 0.05, ""momentum"": 0.0, ""name"": ""sgd""}, ""regularizer"": {""l2"": ""1e-4""}, ""seed"": 42, ""split"": {""stratified"": true, ""val_size"": 0.2}, ""training"": {""batch_size"": 32, ""epochs"": 1000, ""include_reg_in_val"": false, ""shuffle"": true}}"
4e2a3ea1a7df,42,holdout,val_loss,min,0.2710037362658849,0.0,0.2710037362658849,0.0,0.84,0.0,339.0,0.0,1.2555649280548096,"{""callbacks"": {""early_stopping"": true, ""min_delta"": 0.0, ""mode"": ""auto"", ""monitor"": ""val_loss"", ""patience"": 40, ""restore_best_weights"": true, ""verbose"": 0}, ""cv"": {""k"": 5, ""seed"": 42, ""shuffle"": true}, ""data"": {""train_path"": ""data/MONK/MONK1/monks-1.train""}, ""model"": {""activation"": ""tanh"", ""dropout"": 0.0, ""hidden_units"": [4]}, ""optim"": {""lr"": 0.05, ""momentum"": 0.0, ""name"": ""sgd""}, ""regularizer"": {""l2"": ""1e-4""}, ""seed"": 42, ""split"": {""stratified"": true, ""val_size"": 0.2}, ""training"": {""batch_size"": 16, ""epochs"": 800, ""include_reg_in_val"": false, ""shuffle"": true}}"
c60bf59e1f67,42,holdout,val_loss,min,0.2710037362658849,0.0,0.2710037362658849,0.0,0.84,0.0,339.0,0.0,1.1971473693847656,"{""callbacks"": {""early_stopping"": true, ""min_delta"": 0.0, ""mode"": ""auto"", ""monitor"": ""val_loss"", ""patience"": 40, ""restore_best_weights"": true, ""verbose"": 0}, ""cv"": {""k"": 5, ""seed"": 42, ""shuffle"": true}, ""data"": {""train_path"": ""data/MONK/MONK1/monks-1.train""}, ""model"": {""activation"": ""tanh"", ""dropout"": 0.0, ""hidden_units"": [4]}, ""optim"": {""lr"": 0.05, ""momentum"": 0.0, ""name"": ""sgd""}, ""regularizer"": {""l2"": ""1e-4""}, ""seed"": 42, ""split"": {""stratified"": true, ""val_size"": 0.2}, ""training"": {""batch_size"": 16, ""epochs"": 1000, ""include_reg_in_val"": false, ""shuffle"": true}}"
b198c700d51b,42,holdout,val_loss,min,0.009301023144501824,0.0,0.009301023144501824,0.0,1.0,0.0,800.0,0.0,3.4441893100738525,"{""callbacks"": {""early_stopping"": true, ""min_delta"": 0.0, ""mode"": ""auto"", ""monitor"": ""val_loss"", ""patience"": 40, ""restore_best_weights"": true, ""verbose"": 0}, ""cv"": {""k"": 5, ""seed"": 42, ""shuffle"": true}, ""data"": {""train_path"": ""data/MONK/MONK1/monks-1.train""}, ""model"": {""activation"": ""tanh"", ""dropout"": 0.0, ""hidden_units"": [4]}, ""optim"": {""lr"": 0.1, ""momentum"": 0.5, ""name"": ""sgd""}, ""regularizer"": {""l2"": ""1e-4""}, ""seed"": 42, ""split"": {""stratified"": true, ""val_size"": 0.2}, ""training"": {""batch_size"": 16, ""epochs"": 800, ""include_reg_in_val"": false, ""shuffle"": true}}"
e23c6fde33e7,42,holdout,val_loss,min,0.017650705092006877,0.0,0.017650705092006877,0.0,1.0,0.0,1000.0,0.0,4.04494833946228,"{""callbacks"": {""early_stopping"": true, ""min_delta"": 0.0, ""mode"": ""auto"", ""monitor"": ""val_loss"", ""patience"": 40, ""restore_best_weights"": true, ""verbose"": 0}, ""cv"": {""k"": 5, ""seed"": 42, ""shuffle"": true}, ""data"": {""train_path"": ""data/MONK/MONK1/monks-1.train""}, ""model"": {""activation"": ""tanh"", ""dropout"": 0.0, ""hidden_units"": [4]}, ""optim"": {""lr"": 0.1, ""momentum"": 0.0, ""name"": ""sgd""}, ""regularizer"": {""l2"": ""1e-4""}, ""seed"": 42, ""split"": {""stratified"": true, ""val_size"": 0.2}, ""training"": {""batch_size"": 16, ""epochs"": 1000, ""include_reg_in_val"": false, ""shuffle"": true}}"
6ab2f0a2d96e,42,holdout,val_loss,min,0.27469712817951547,0.0,0.27469712817951547,0.0,0.84,0.0,244.0,0.0,0.6169998645782471,"{""callbacks"": {""early_stopping"": true, ""min_delta"": 0.0, ""mode"": ""auto"", ""monitor"": ""val_loss"", ""patience"": 40, ""restore_best_weights"": true, ""verbose"": 0}, ""cv"": {""k"": 5, ""seed"": 42, ""shuffle"": true}, ""data"": {""train_path"": ""data/MONK/MONK1/monks-1.train""}, ""model"": {""activation"": ""tanh"", ""dropout"": 0.0, ""hidden_units"": [4]}, ""optim"": {""lr"": 0.05, ""momentum"": 0.5, ""name"": ""sgd""}, ""regularizer"": {""l2"": ""1e-4""}, ""seed"": 42, ""split"": {""stratified"": true, ""val_size"": 0.2}, ""training"": {""batch_size"": 32, ""epochs"": 800, ""include_reg_in_val"": false, ""shuffle"": true}}"
cf2cc4ef4771,42,holdout,val_loss,min,0.27469712817951547,0.0,0.27469712817951547,0.0,0.84,0.0,244.0,0.0,0.6801798343658447,"{""callbacks"": {""early_stopping"": true, ""min_delta"": 0.0, ""mode"": ""auto"", ""monitor"": ""val_loss"", ""patience"": 40, ""restore_best_weights"": true, ""verbose"": 0}, ""cv"": {""k"": 5, ""seed"": 42, ""shuffle"": true}, ""data"": {""train_path"": ""data/MONK/MONK1/monks-1.train""}, ""model"": {""activation"": ""tanh"", ""dropout"": 0.0, ""hidden_units"": [4]}, ""optim"": {""lr"": 0.05, ""momentum"": 0.5, ""name"": ""sgd""}, ""regularizer"": {""l2"": ""1e-4""}, ""seed"": 42, ""split"": {""stratified"": true, ""val_size"": 0.2}, ""training"": {""batch_size"": 32, ""epochs"": 1000, ""include_reg_in_val"": false, ""shuffle"": true}}"
ab437c93c3f2,42,holdout,val_loss,min,0.007323755031830392,0.0,0.007323755031830392,0.0,1.0,0.0,976.0,0.0,4.403069734573364,"{""callbacks"": {""early_stopping"": true, ""min_delta"": 0.0, ""mode"": ""auto"", ""monitor"": ""val_loss"", ""patience"": 40, ""restore_best_weights"": true, ""verbose"": 0}, ""cv"": {""k"": 5, ""seed"": 42, ""shuffle"": true}, ""data"": {""train_path"": ""data/MONK/MONK1/monks-1.train""}, ""model"": {""activation"": ""tanh"", ""dropout"": 0.0, ""hidden_units"": [4]}, ""optim"": {""lr"": 0.1, ""momentum"": 0.5, ""name"": ""sgd""}, ""regularizer"": {""l2"": ""1e-4""}, ""seed"": 42, ""split"": {""stratified"": true, ""val_size"": 0.2}, ""training"": {""batch_size"": 16, ""epochs"": 1000, ""include_reg_in_val"": false, ""shuffle"": true}}"
feab7b553c2c,42,holdout,val_loss,min,0.022471722389022033,0.0,0.022471722389022033,0.0,1.0,0.0,800.0,0.0,2.7720119953155518,"{""callbacks"": {""early_stopping"": true, ""min_delta"": 0.0, ""mode"": ""auto"", ""monitor"": ""val_loss"", ""patience"": 40, ""restore_best_weights"": true, ""verbose"": 0}, ""cv"": {""k"": 5, ""seed"": 42, ""shuffle"": true}, ""data"": {""train_path"": ""data/MONK/MONK1/monks-1.train""}, ""model"": {""activation"": ""tanh"", ""dropout"": 0.0, ""hidden_units"": [4]}, ""optim"": {""lr"": 0.05, ""momentum"": 0.5, ""name"": ""sgd""}, ""regularizer"": {""l2"": ""1e-4""}, ""seed"": 42, ""split"": {""stratified"": true, ""val_size"": 0.2}, ""training"": {""batch_size"": 16, ""epochs"": 800, ""include_reg_in_val"": false, ""shuffle"": true}}"
5298d4a6742b,42,holdout,val_loss,min,0.0064352990640354065,0.0,0.0064352990640354065,0.0,1.0,0.0,800.0,0.0,1.8107268810272217,"{""callbacks"": {""early_stopping"": true, ""min_delta"": 0.0, ""mode"": ""auto"", ""monitor"": ""val_loss"", ""patience"": 40, ""restore_best_weights"": true, ""verbose"": 0}, ""cv"": {""k"": 5, ""seed"": 42, ""shuffle"": true}, ""data"": {""train_path"": ""data/MONK/MONK1/monks-1.train""}, ""model"": {""activation"": ""tanh"", ""dropout"": 0.0, ""hidden_units"": [4]}, ""optim"": {""lr"": 0.05, ""momentum"": 0.9, ""name"": ""sgd""}, ""regularizer"": {""l2"": ""1e-4""}, ""seed"": 42, ""split"": {""stratified"": true, ""val_size"": 0.2}, ""training"": {""batch_size"": 32, ""epochs"": 800, ""include_reg_in_val"": false, ""shuffle"": true}}"
68ba5696670b,42,holdout,val_loss,min,0.0048658769162691915,0.0,0.0048658769162691915,0.0,1.0,0.0,969.0,0.0,2.003436326980591,"{""callbacks"": {""early_stopping"": true, ""min_delta"": 0.0, ""mode"": ""auto"", ""monitor"": ""val_loss"", ""patience"": 40, ""restore_best_weights"": true, ""verbose"": 0}, ""cv"": {""k"": 5, ""seed"": 42, ""shuffle"": true}, ""data"": {""train_path"": ""data/MONK/MONK1/monks-1.train""}, ""model"": {""activation"": ""tanh"", ""dropout"": 0.0, ""hidden_units"": [4]}, ""optim"": {""lr"": 0.05, ""momentum"": 0.9, ""name"": ""sgd""}, ""regularizer"": {""l2"": ""1e-4""}, ""seed"": 42, ""split"": {""stratified"": true, ""val_size"": 0.2}, ""training"": {""batch_size"": 32, ""epochs"": 1000, ""include_reg_in_val"": false, ""shuffle"": true}}"
706c33d9e4e9,42,holdout,val_loss,min,0.0036658267084527484,0.0,0.0036658267084527484,0.0,1.0,0.0,800.0,0.0,2.9444353580474854,"{""callbacks"": {""early_stopping"": true, ""min_delta"": 0.0, ""mode"": ""auto"", ""monitor"": ""val_loss"", ""patience"": 40, ""restore_best_weights"": true, ""verbose"": 0}, ""cv"": {""k"": 5, ""seed"": 42, ""shuffle"": true}, ""data"": {""train_path"": ""data/MONK/MONK1/monks-1.train""}, ""model"": {""activation"": ""tanh"", ""dropout"": 0.0, ""hidden_units"": [4]}, ""optim"": {""lr"": 0.05, ""momentum"": 0.9, ""name"": ""sgd""}, ""regularizer"": {""l2"": ""1e-4""}, ""seed"": 42, ""split"": {""stratified"": true, ""val_size"": 0.2}, ""training"": {""batch_size"": 16, ""epochs"": 800, ""include_reg_in_val"": false, ""shuffle"": true}}"
6469086dd1f8,42,holdout,val_loss,min,0.4611686189062833,0.0,0.4611686189062833,0.0,0.84,0.0,534.0,0.0,1.163625717163086,"{""callbacks"": {""early_stopping"": true, ""min_delta"": 0.0, ""mode"": ""auto"", ""monitor"": ""val_loss"", ""patience"": 40, ""restore_best_weights"": true, ""verbose"": 0}, ""cv"": {""k"": 5, ""seed"": 42, ""shuffle"": true}, ""data"": {""train_path"": ""data/MONK/MONK1/monks-1.train""}, ""model"": {""activation"": ""tanh"", ""dropout"": 0.0, ""hidden_units"": [4]}, ""optim"": {""lr"": 0.01, ""momentum"": 0.0, ""name"": ""sgd""}, ""regularizer"": {""l2"": ""1e-4""}, ""seed"": 42, ""split"": {""stratified"": true, ""val_size"": 0.2}, ""training"": {""batch_size"": 32, ""epochs"": 800, ""include_reg_in_val"": false, ""shuffle"": true}}"
bdecc53d43e1,42,holdout,val_loss,min,0.4611686189062833,0.0,0.4611686189062833,0.0,0.84,0.0,534.0,0.0,1.1089212894439697,"{""callbacks"": {""early_stopping"": true, ""min_delta"": 0.0, ""mode"": ""auto"", ""monitor"": ""val_loss"", ""patience"": 40, ""restore_best_weights"": true, ""verbose"": 0}, ""cv"": {""k"": 5, ""seed"": 42, ""shuffle"": true}, ""data"": {""train_path"": ""data/MONK/MONK1/monks-1.train""}, ""model"": {""activation"": ""tanh"", ""dropout"": 0.0, ""hidden_units"": [4]}, ""optim"": {""lr"": 0.01, ""momentum"": 0.0, ""name"": ""sgd""}, ""regularizer"": {""l2"": ""1e-4""}, ""seed"": 42, ""split"": {""stratified"": true, ""val_size"": 0.2}, ""training"": {""batch_size"": 32, ""epochs"": 1000, ""include_reg_in_val"": false, ""shuffle"": true}}"
610ceff87b48,42,holdout,val_loss,min,0.35332353496566105,0.0,0.35332353496566105,0.0,0.88,0.0,800.0,0.0,2.9861807823181152,"{""callbacks"": {""early_stopping"": true, ""min_delta"": 0.0, ""mode"": ""auto"", ""monitor"": ""val_loss"", ""patience"": 40, ""restore_best_weights"": true, ""verbose"": 0}, ""cv"": {""k"": 5, ""seed"": 42, ""shuffle"": true}, ""data"": {""train_path"": ""data/MONK/MONK1/monks-1.train""}, ""model"": {""activation"": ""tanh"", ""dropout"": 0.0, ""hidden_units"": [4]}, ""optim"": {""lr"": 0.01, ""momentum"": 0.0, ""name"": ""sgd""}, ""regularizer"": {""l2"": ""1e-4""}, ""seed"": 42, ""split"": {""stratified"": true, ""val_size"": 0.2}, ""training"": {""batch_size"": 16, ""epochs"": 800, ""include_reg_in_val"": false, ""shuffle"": true}}"
79e07261d8b3,42,holdout,val_loss,min,0.017050403013838186,0.0,0.017050403013838186,0.0,1.0,0.0,976.0,0.0,3.976686954498291,"{""callbacks"": {""early_stopping"": true, ""min_delta"": 0.0, ""mode"": ""auto"", ""monitor"": ""val_loss"", ""patience"": 40, ""restore_best_weights"": true, ""verbose"": 0}, ""cv"": {""k"": 5, ""seed"": 42, ""shuffle"": true}, ""data"": {""train_path"": ""data/MONK/MONK1/monks-1.train""}, ""model"": {""activation"": ""tanh"", ""dropout"": 0.0, ""hidden_units"": [4]}, ""optim"": {""lr"": 0.05, ""momentum"": 0.5, ""name"": ""sgd""}, ""regularizer"": {""l2"": ""1e-4""}, ""seed"": 42, ""split"": {""stratified"": true, ""val_size"": 0.2}, ""training"": {""batch_size"": 16, ""epochs"": 1000, ""include_reg_in_val"": false, ""shuffle"": true}}"
e2b1bf5a7cb5,42,holdout,val_loss,min,0.0032323673716242503,0.0,0.0032323673716242503,0.0,1.0,0.0,969.0,0.0,3.8948616981506348,"{""callbacks"": {""early_stopping"": true, ""min_delta"": 0.0, ""mode"": ""auto"", ""monitor"": ""val_loss"", ""patience"": 40, ""restore_best_weights"": true, ""verbose"": 0}, ""cv"": {""k"": 5, ""seed"": 42, ""shuffle"": true}, ""data"": {""train_path"": ""data/MONK/MONK1/monks-1.train""}, ""model"": {""activation"": ""tanh"", ""dropout"": 0.0, ""hidden_units"": [4]}, ""optim"": {""lr"": 0.05, ""momentum"": 0.9, ""name"": ""sgd""}, ""regularizer"": {""l2"": ""1e-4""}, ""seed"": 42, ""split"": {""stratified"": true, ""val_size"": 0.2}, ""training"": {""batch_size"": 16, ""epochs"": 1000, ""include_reg_in_val"": false, ""shuffle"": true}}"
f4c15fddb558,42,holdout,val_loss,min,0.268506592948475,0.0,0.268506592948475,0.0,0.84,0.0,172.0,0.0,0.7013392448425293,"{""callbacks"": {""early_stopping"": true, ""min_delta"": 0.0, ""mode"": ""auto"", ""monitor"": ""val_loss"", ""patience"": 40, ""restore_best_weights"": true, ""verbose"": 0}, ""cv"": {""k"": 5, ""seed"": 42, ""shuffle"": true}, ""data"": {""train_path"": ""data/MONK/MONK1/monks-1.train""}, ""model"": {""activation"": ""tanh"", ""dropout"": 0.0, ""hidden_units"": [4]}, ""optim"": {""lr"": 0.01, ""momentum"": 0.9, ""name"": ""sgd""}, ""regularizer"": {""l2"": ""1e-4""}, ""seed"": 42, ""split"": {""stratified"": true, ""val_size"": 0.2}, ""training"": {""batch_size"": 16, ""epochs"": 800, ""include_reg_in_val"": false, ""shuffle"": true}}"
c4d7073b1376,42,holdout,val_loss,min,0.3159000408948208,0.0,0.3159000408948208,0.0,0.88,0.0,998.0,0.0,3.2891573905944824,"{""callbacks"": {""early_stopping"": true, ""min_delta"": 0.0, ""mode"": ""auto"", ""monitor"": ""val_loss"", ""patience"": 40, ""restore_best_weights"": true, ""verbose"": 0}, ""cv"": {""k"": 5, ""seed"": 42, ""shuffle"": true}, ""data"": {""train_path"": ""data/MONK/MONK1/monks-1.train""}, ""model"": {""activation"": ""tanh"", ""dropout"": 0.0, ""hidden_units"": [4]}, ""optim"": {""lr"": 0.01, ""momentum"": 0.0, ""name"": ""sgd""}, ""regularizer"": {""l2"": ""1e-4""}, ""seed"": 42, ""split"": {""stratified"": true, ""val_size"": 0.2}, ""training"": {""batch_size"": 16, ""epochs"": 1000, ""include_reg_in_val"": false, ""shuffle"": true}}"
8668735fddd3,42,holdout,val_loss,min,0.2789451668992277,0.0,0.2789451668992277,0.0,0.84,0.0,248.0,0.0,0.6385271549224854,"{""callbacks"": {""early_stopping"": true, ""min_delta"": 0.0, ""mode"": ""auto"", ""monitor"": ""val_loss"", ""patience"": 40, ""restore_best_weights"": true, ""verbose"": 0}, ""cv"": {""k"": 5, ""seed"": 42, ""shuffle"": true}, ""data"": {""train_path"": ""data/MONK/MONK1/monks-1.train""}, ""model"": {""activation"": ""tanh"", ""dropout"": 0.0, ""hidden_units"": [4]}, ""optim"": {""lr"": 0.01, ""momentum"": 0.9, ""name"": ""sgd""}, ""regularizer"": {""l2"": ""1e-4""}, ""seed"": 42, ""split"": {""stratified"": true, ""val_size"": 0.2}, ""training"": {""batch_size"": 32, ""epochs"": 800, ""include_reg_in_val"": false, ""shuffle"": true}}"
9bb6aea76336,42,holdout,val_loss,min,0.268506592948475,0.0,0.268506592948475,0.0,0.84,0.0,172.0,0.0,0.8007287979125977,"{""callbacks"": {""early_stopping"": true, ""min_delta"": 0.0, ""mode"": ""auto"", ""monitor"": ""val_loss"", ""patience"": 40, ""restore_best_weights"": true, ""verbose"": 0}, ""cv"": {""k"": 5, ""seed"": 42, ""shuffle"": true}, ""data"": {""train_path"": ""data/MONK/MONK1/monks-1.train""}, ""model"": {""activation"": ""tanh"", ""dropout"": 0.0, ""hidden_units"": [4]}, ""optim"": {""lr"": 0.01, ""momentum"": 0.9, ""name"": ""sgd""}, ""regularizer"": {""l2"": ""1e-4""}, ""seed"": 42, ""split"": {""stratified"": true, ""val_size"": 0.2}, ""training"": {""batch_size"": 16, ""epochs"": 1000, ""include_reg_in_val"": false, ""shuffle"": true}}"
5e669753a815,42,holdout,val_loss,min,0.281427217207568,0.0,0.281427217207568,0.0,0.84,0.0,679.0,0.0,2.3369033336639404,"{""callbacks"": {""early_stopping"": true, ""min_delta"": 0.0, ""mode"": ""auto"", ""monitor"": ""val_loss"", ""patience"": 40, ""restore_best_weights"": true, ""verbose"": 0}, ""cv"": {""k"": 5, ""seed"": 42, ""shuffle"": true}, ""data"": {""train_path"": ""data/MONK/MONK1/monks-1.train""}, ""model"": {""activation"": ""tanh"", ""dropout"": 0.0, ""hidden_units"": [4]}, ""optim"": {""lr"": 0.01, ""momentum"": 0.5, ""name"": ""sgd""}, ""regularizer"": {""l2"": ""1e-4""}, ""seed"": 42, ""split"": {""stratified"": true, ""val_size"": 0.2}, ""training"": {""batch_size"": 16, ""epochs"": 800, ""include_reg_in_val"": false, ""shuffle"": true}}"
eb5909a50a0b,42,holdout,val_loss,min,0.2789451668992277,0.0,0.2789451668992277,0.0,0.84,0.0,248.0,0.0,0.6047914028167725,"{""callbacks"": {""early_stopping"": true, ""min_delta"": 0.0, ""mode"": ""auto"", ""monitor"": ""val_loss"", ""patience"": 40, ""restore_best_weights"": true, ""verbose"": 0}, ""cv"": {""k"": 5, ""seed"": 42, ""shuffle"": true}, ""data"": {""train_path"": ""data/MONK/MONK1/monks-1.train""}, ""model"": {""activation"": ""tanh"", ""dropout"": 0.0, ""hidden_units"": [4]}, ""optim"": {""lr"": 0.01, ""momentum"": 0.9, ""name"": ""sgd""}, ""regularizer"": {""l2"": ""1e-4""}, ""seed"": 42, ""split"": {""stratified"": true, ""val_size"": 0.2}, ""training"": {""batch_size"": 32, ""epochs"": 1000, ""include_reg_in_val"": false, ""shuffle"": true}}"
7fcf9af522fa,42,holdout,val_loss,min,0.33358457151641346,0.0,0.33358457151641346,0.0,0.88,0.0,800.0,0.0,1.865438461303711,"{""callbacks"": {""early_stopping"": true, ""min_delta"": 0.0, ""mode"": ""auto"", ""monitor"": ""val_loss"", ""patience"": 40, ""restore_best_weights"": true, ""verbose"": 0}, ""cv"": {""k"": 5, ""seed"": 42, ""shuffle"": true}, ""data"": {""train_path"": ""data/MONK/MONK1/monks-1.train""}, ""model"": {""activation"": ""tanh"", ""dropout"": 0.0, ""hidden_units"": [4]}, ""optim"": {""lr"": 0.01, ""momentum"": 0.5, ""name"": ""sgd""}, ""regularizer"": {""l2"": ""1e-4""}, ""seed"": 42, ""split"": {""stratified"": true, ""val_size"": 0.2}, ""training"": {""batch_size"": 32, ""epochs"": 800, ""include_reg_in_val"": false, ""shuffle"": true}}"
6510a6b155fa,42,holdout,val_loss,min,0.3032941167156688,0.0,0.3032941167156688,0.0,0.84,0.0,966.0,0.0,2.086230754852295,"{""callbacks"": {""early_stopping"": true, ""min_delta"": 0.0, ""mode"": ""auto"", ""monitor"": ""val_loss"", ""patience"": 40, ""restore_best_weights"": true, ""verbose"": 0}, ""cv"": {""k"": 5, ""seed"": 42, ""shuffle"": true}, ""data"": {""train_path"": ""data/MONK/MONK1/monks-1.train""}, ""model"": {""activation"": ""tanh"", ""dropout"": 0.0, ""hidden_units"": [4]}, ""optim"": {""lr"": 0.01, ""momentum"": 0.5, ""name"": ""sgd""}, ""regularizer"": {""l2"": ""1e-4""}, ""seed"": 42, ""split"": {""stratified"": true, ""val_size"": 0.2}, ""training"": {""batch_size"": 32, ""epochs"": 1000, ""include_reg_in_val"": false, ""shuffle"": true}}"
434fab8568c8,42,holdout,val_loss,min,0.281427217207568,0.0,0.281427217207568,0.0,0.84,0.0,679.0,0.0,3.0769264698028564,"{""callbacks"": {""early_stopping"": true, ""min_delta"": 0.0, ""mode"": ""auto"", ""monitor"": ""val_loss"", ""patience"": 40, ""restore_best_weights"": true, ""verbose"": 0}, ""cv"": {""k"": 5, ""seed"": 42, ""shuffle"": true}, ""data"": {""train_path"": ""data/MONK/MONK1/monks-1.train""}, ""model"": {""activation"": ""tanh"", ""dropout"": 0.0, ""hidden_units"": [4]}, ""optim"": {""lr"": 0.01, ""momentum"": 0.5, ""name"": ""sgd""}, ""regularizer"": {""l2"": ""1e-4""}, ""seed"": 42, ""split"": {""stratified"": true, ""val_size"": 0.2}, ""training"": {""batch_size"": 16, ""epochs"": 1000, ""include_reg_in_val"": false, ""shuffle"": true}}"
07418c4fb706,42,holdout,val_loss,min,0.6636722494836945,0.0,0.6636722494836945,0.0,0.6,0.0,800.0,0.0,1.6071698665618896,"{""callbacks"": {""early_stopping"": true, ""min_delta"": 0.0, ""mode"": ""auto"", ""monitor"": ""val_loss"", ""patience"": 40, ""restore_best_weights"": true, ""verbose"": 0}, ""cv"": {""k"": 5, ""seed"": 42, ""shuffle"": true}, ""data"": {""train_path"": ""data/MONK/MONK1/monks-1.train""}, ""model"": {""activation"": ""tanh"", ""dropout"": 0.0, ""hidden_units"": [4]}, ""optim"": {""lr"": 0.001, ""momentum"": 0.0, ""name"": ""sgd""}, ""regularizer"": {""l2"": ""1e-4""}, ""seed"": 42, ""split"": {""stratified"": true, ""val_size"": 0.2}, ""training"": {""batch_size"": 32, ""epochs"": 800, ""include_reg_in_val"": false, ""shuffle"": true}}"
380d8bddedf6,42,holdout,val_loss,min,0.6506342106598136,0.0,0.6506342106598136,0.0,0.64,0.0,1000.0,0.0,1.9584572315216064,"{""callbacks"": {""early_stopping"": true, ""min_delta"": 0.0, ""mode"": ""auto"", ""monitor"": ""val_loss"", ""patience"": 40, ""restore_best_weights"": true, ""verbose"": 0}, ""cv"": {""k"": 5, ""seed"": 42, ""shuffle"": true}, ""data"": {""train_path"": ""data/MONK/MONK1/monks-1.train""}, ""model"": {""activation"": ""tanh"", ""dropout"": 0.0, ""hidden_units"": [4]}, ""optim"": {""lr"": 0.001, ""momentum"": 0.0, ""name"": ""sgd""}, ""regularizer"": {""l2"": ""1e-4""}, ""seed"": 42, ""split"": {""stratified"": true, ""val_size"": 0.2}, ""training"": {""batch_size"": 32, ""epochs"": 1000, ""include_reg_in_val"": false, ""shuffle"": true}}"
bb11351596b7,42,holdout,val_loss,min,0.6099953121037035,0.0,0.6099953121037035,0.0,0.72,0.0,800.0,0.0,1.7247004508972168,"{""callbacks"": {""early_stopping"": true, ""min_delta"": 0.0, ""mode"": ""auto"", ""monitor"": ""val_loss"", ""patience"": 40, ""restore_best_weights"": true, ""verbose"": 0}, ""cv"": {""k"": 5, ""seed"": 42, ""shuffle"": true}, ""data"": {""train_path"": ""data/MONK/MONK1/monks-1.train""}, ""model"": {""activation"": ""tanh"", ""dropout"": 0.0, ""hidden_units"": [4]}, ""optim"": {""lr"": 0.001, ""momentum"": 0.5, ""name"": ""sgd""}, ""regularizer"": {""l2"": ""1e-4""}, ""seed"": 42, ""split"": {""stratified"": true, ""val_size"": 0.2}, ""training"": {""batch_size"": 32, ""epochs"": 800, ""include_reg_in_val"": false, ""shuffle"": true}}"
07bffe0f4ca3,42,holdout,val_loss,min,0.623972907596436,0.0,0.623972907596436,0.0,0.72,0.0,800.0,0.0,3.396944046020508,"{""callbacks"": {""early_stopping"": true, ""min_delta"": 0.0, ""mode"": ""auto"", ""monitor"": ""val_loss"", ""patience"": 40, ""restore_best_weights"": true, ""verbose"": 0}, ""cv"": {""k"": 5, ""seed"": 42, ""shuffle"": true}, ""data"": {""train_path"": ""data/MONK/MONK1/monks-1.train""}, ""model"": {""activation"": ""tanh"", ""dropout"": 0.0, ""hidden_units"": [4]}, ""optim"": {""lr"": 0.001, ""momentum"": 0.0, ""name"": ""sgd""}, ""regularizer"": {""l2"": ""1e-4""}, ""seed"": 42, ""split"": {""stratified"": true, ""val_size"": 0.2}, ""training"": {""batch_size"": 16, ""epochs"": 800, ""include_reg_in_val"": false, ""shuffle"": true}}"
98c0f8b53075,42,holdout,val_loss,min,0.5330762244275494,0.0,0.5330762244275494,0.0,0.76,0.0,800.0,0.0,2.954664707183838,"{""callbacks"": {""early_stopping"": true, ""min_delta"": 0.0, ""mode"": ""auto"", ""monitor"": ""val_loss"", ""patience"": 40, ""restore_best_weights"": true, ""verbose"": 0}, ""cv"": {""k"": 5, ""seed"": 42, ""shuffle"": true}, ""data"": {""train_path"": ""data/MONK/MONK1/monks-1.train""}, ""model"": {""activation"": ""tanh"", ""dropout"": 0.0, ""hidden_units"": [4]}, ""optim"": {""lr"": 0.001, ""momentum"": 0.5, ""name"": ""sgd""}, ""regularizer"": {""l2"": ""1e-4""}, ""seed"": 42, ""split"": {""stratified"": true, ""val_size"": 0.2}, ""training"": {""batch_size"": 16, ""epochs"": 800, ""include_reg_in_val"": false, ""shuffle"": true}}"
fcd1e7a5c1c6,42,holdout,val_loss,min,0.46137912594308184,0.0,0.46137912594308184,0.0,0.84,0.0,538.0,0.0,1.3622612953186035,"{""callbacks"": {""early_stopping"": true, ""min_delta"": 0.0, ""mode"": ""auto"", ""monitor"": ""val_loss"", ""patience"": 40, ""restore_best_weights"": true, ""verbose"": 0}, ""cv"": {""k"": 5, ""seed"": 42, ""shuffle"": true}, ""data"": {""train_path"": ""data/MONK/MONK1/monks-1.train""}, ""model"": {""activation"": ""tanh"", ""dropout"": 0.0, ""hidden_units"": [4]}, ""optim"": {""lr"": 0.001, ""momentum"": 0.9, ""name"": ""sgd""}, ""regularizer"": {""l2"": ""1e-4""}, ""seed"": 42, ""split"": {""stratified"": true, ""val_size"": 0.2}, ""training"": {""batch_size"": 32, ""epochs"": 800, ""include_reg_in_val"": false, ""shuffle"": true}}"
65d60d06312a,42,holdout,val_loss,min,0.011086614877443229,0.0,0.011086614877443229,0.0,1.0,0.0,106.0,0.0,0.6617672443389893,"{""callbacks"": {""early_stopping"": true, ""min_delta"": 0.0, ""mode"": ""auto"", ""monitor"": ""val_loss"", ""patience"": 40, ""restore_best_weights"": true, ""verbose"": 0}, ""cv"": {""k"": 5, ""seed"": 42, ""shuffle"": true}, ""data"": {""train_path"": ""data/MONK/MONK1/monks-1.train""}, ""model"": {""activation"": ""tanh"", ""dropout"": 0.0, ""hidden_units"": [4]}, ""optim"": {""lr"": 0.3, ""momentum"": 0.0, ""name"": ""adam""}, ""regularizer"": {""l2"": ""1e-4""}, ""seed"": 42, ""split"": {""stratified"": true, ""val_size"": 0.2}, ""training"": {""batch_size"": 16, ""epochs"": 800, ""include_reg_in_val"": false, ""shuffle"": true}}"
bd169bc47e11,42,holdout,val_loss,min,0.5836647941644569,0.0,0.5836647941644569,0.0,0.72,0.0,1000.0,0.0,2.748830795288086,"{""callbacks"": {""early_stopping"": true, ""min_delta"": 0.0, ""mode"": ""auto"", ""monitor"": ""val_loss"", ""patience"": 40, ""restore_best_weights"": true, ""verbose"": 0}, ""cv"": {""k"": 5, ""seed"": 42, ""shuffle"": true}, ""data"": {""train_path"": ""data/MONK/MONK1/monks-1.train""}, ""model"": {""activation"": ""tanh"", ""dropout"": 0.0, ""hidden_units"": [4]}, ""optim"": {""lr"": 0.001, ""momentum"": 0.5, ""name"": ""sgd""}, ""regularizer"": {""l2"": ""1e-4""}, ""seed"": 42, ""split"": {""stratified"": true, ""val_size"": 0.2}, ""training"": {""batch_size"": 32, ""epochs"": 1000, ""include_reg_in_val"": false, ""shuffle"": true}}"
306bce244073,42,holdout,val_loss,min,0.6008478428991408,0.0,0.6008478428991408,0.0,0.68,0.0,1000.0,0.0,4.156712055206299,"{""callbacks"": {""early_stopping"": true, ""min_delta"": 0.0, ""mode"": ""auto"", ""monitor"": ""val_loss"", ""patience"": 40, ""restore_best_weights"": true, ""verbose"": 0}, ""cv"": {""k"": 5, ""seed"": 42, ""shuffle"": true}, ""data"": {""train_path"": ""data/MONK/MONK1/monks-1.train""}, ""model"": {""activation"": ""tanh"", ""dropout"": 0.0, ""hidden_units"": [4]}, ""optim"": {""lr"": 0.001, ""momentum"": 0.0, ""name"": ""sgd""}, ""regularizer"": {""l2"": ""1e-4""}, ""seed"": 42, ""split"": {""stratified"": true, ""val_size"": 0.2}, ""training"": {""batch_size"": 16, ""epochs"": 1000, ""include_reg_in_val"": false, ""shuffle"": true}}"
758af18930f4,42,holdout,val_loss,min,0.11781517236302338,0.0,0.11781517236302338,0.0,0.92,0.0,52.0,0.0,0.22877120971679688,"{""callbacks"": {""early_stopping"": true, ""min_delta"": 0.0, ""mode"": ""auto"", ""monitor"": ""val_loss"", ""patience"": 40, ""restore_best_weights"": true, ""verbose"": 0}, ""cv"": {""k"": 5, ""seed"": 42, ""shuffle"": true}, ""data"": {""train_path"": ""data/MONK/MONK1/monks-1.train""}, ""model"": {""activation"": ""tanh"", ""dropout"": 0.0, ""hidden_units"": [4]}, ""optim"": {""lr"": 0.3, ""momentum"": 0.0, ""name"": ""adam""}, ""regularizer"": {""l2"": ""1e-4""}, ""seed"": 42, ""split"": {""stratified"": true, ""val_size"": 0.2}, ""training"": {""batch_size"": 32, ""epochs"": 800, ""include_reg_in_val"": false, ""shuffle"": true}}"
0e9a9668cf00,42,holdout,val_loss,min,0.11781517236302338,0.0,0.11781517236302338,0.0,0.92,0.0,52.0,0.0,0.22187542915344238,"{""callbacks"": {""early_stopping"": true, ""min_delta"": 0.0, ""mode"": ""auto"", ""monitor"": ""val_loss"", ""patience"": 40, ""restore_best_weights"": true, ""verbose"": 0}, ""cv"": {""k"": 5, ""seed"": 42, ""shuffle"": true}, ""data"": {""train_path"": ""data/MONK/MONK1/monks-1.train""}, ""model"": {""activation"": ""tanh"", ""dropout"": 0.0, ""hidden_units"": [4]}, ""optim"": {""lr"": 0.3, ""momentum"": 0.0, ""name"": ""adam""}, ""regularizer"": {""l2"": ""1e-4""}, ""seed"": 42, ""split"": {""stratified"": true, ""val_size"": 0.2}, ""training"": {""batch_size"": 32, ""epochs"": 1000, ""include_reg_in_val"": false, ""shuffle"": true}}"
a31b6ac90403,42,holdout,val_loss,min,0.3570222726568963,0.0,0.3570222726568963,0.0,0.88,0.0,800.0,0.0,2.7569830417633057,"{""callbacks"": {""early_stopping"": true, ""min_delta"": 0.0, ""mode"": ""auto"", ""monitor"": ""val_loss"", ""patience"": 40, ""restore_best_weights"": true, ""verbose"": 0}, ""cv"": {""k"": 5, ""seed"": 42, ""shuffle"": true}, ""data"": {""train_path"": ""data/MONK/MONK1/monks-1.train""}, ""model"": {""activation"": ""tanh"", ""dropout"": 0.0, ""hidden_units"": [4]}, ""optim"": {""lr"": 0.001, ""momentum"": 0.9, ""name"": ""sgd""}, ""regularizer"": {""l2"": ""1e-4""}, ""seed"": 42, ""split"": {""stratified"": true, ""val_size"": 0.2}, ""training"": {""batch_size"": 16, ""epochs"": 800, ""include_reg_in_val"": false, ""shuffle"": true}}"
dbd3ec5ce940,42,holdout,val_loss,min,0.011086614877443229,0.0,0.011086614877443229,0.0,1.0,0.0,106.0,0.0,0.580315113067627,"{""callbacks"": {""early_stopping"": true, ""min_delta"": 0.0, ""mode"": ""auto"", ""monitor"": ""val_loss"", ""patience"": 40, ""restore_best_weights"": true, ""verbose"": 0}, ""cv"": {""k"": 5, ""seed"": 42, ""shuffle"": true}, ""data"": {""train_path"": ""data/MONK/MONK1/monks-1.train""}, ""model"": {""activation"": ""tanh"", ""dropout"": 0.0, ""hidden_units"": [4]}, ""optim"": {""lr"": 0.3, ""momentum"": 0.0, ""name"": ""adam""}, ""regularizer"": {""l2"": ""1e-4""}, ""seed"": 42, ""split"": {""stratified"": true, ""val_size"": 0.2}, ""training"": {""batch_size"": 16, ""epochs"": 1000, ""include_reg_in_val"": false, ""shuffle"": true}}"
c77ca9f0dcf7,42,holdout,val_loss,min,0.11781517236302338,0.0,0.11781517236302338,0.0,0.92,0.0,52.0,0.0,0.21942353248596191,"{""callbacks"": {""early_stopping"": true, ""min_delta"": 0.0, ""mode"": ""auto"", ""monitor"": ""val_loss"", ""patience"": 40, ""restore_best_weights"": true, ""verbose"": 0}, ""cv"": {""k"": 5, ""seed"": 42, ""shuffle"": true}, ""data"": {""train_path"": ""data/MONK/MONK1/monks-1.train""}, ""model"": {""activation"": ""tanh"", ""dropout"": 0.0, ""hidden_units"": [4]}, ""optim"": {""lr"": 0.3, ""momentum"": 0.5, ""name"": ""adam""}, ""regularizer"": {""l2"": ""1e-4""}, ""seed"": 42, ""split"": {""stratified"": true, ""val_size"": 0.2}, ""training"": {""batch_size"": 32, ""epochs"": 800, ""include_reg_in_val"": false, ""shuffle"": true}}"
c609e48a44d8,42,holdout,val_loss,min,0.46137912594308184,0.0,0.46137912594308184,0.0,0.84,0.0,538.0,0.0,1.403268575668335,"{""callbacks"": {""early_stopping"": true, ""min_delta"": 0.0, ""mode"": ""auto"", ""monitor"": ""val_loss"", ""patience"": 40, ""restore_best_weights"": true, ""verbose"": 0}, ""cv"": {""k"": 5, ""seed"": 42, ""shuffle"": true}, ""data"": {""train_path"": ""data/MONK/MONK1/monks-1.train""}, ""model"": {""activation"": ""tanh"", ""dropout"": 0.0, ""hidden_units"": [4]}, ""optim"": {""lr"": 0.001, ""momentum"": 0.9, ""name"": ""sgd""}, ""regularizer"": {""l2"": ""1e-4""}, ""seed"": 42, ""split"": {""stratified"": true, ""val_size"": 0.2}, ""training"": {""batch_size"": 32, ""epochs"": 1000, ""include_reg_in_val"": false, ""shuffle"": true}}"
d4f84282fc78,42,holdout,val_loss,min,0.11781517236302338,0.0,0.11781517236302338,0.0,0.92,0.0,52.0,0.0,0.237290620803833,"{""callbacks"": {""early_stopping"": true, ""min_delta"": 0.0, ""mode"": ""auto"", ""monitor"": ""val_loss"", ""patience"": 40, ""restore_best_weights"": true, ""verbose"": 0}, ""cv"": {""k"": 5, ""seed"": 42, ""shuffle"": true}, ""data"": {""train_path"": ""data/MONK/MONK1/monks-1.train""}, ""model"": {""activation"": ""tanh"", ""dropout"": 0.0, ""hidden_units"": [4]}, ""optim"": {""lr"": 0.3, ""momentum"": 0.5, ""name"": ""adam""}, ""regularizer"": {""l2"": ""1e-4""}, ""seed"": 42, ""split"": {""stratified"": true, ""val_size"": 0.2}, ""training"": {""batch_size"": 32, ""epochs"": 1000, ""include_reg_in_val"": false, ""shuffle"": true}}"
19e256d215c2,42,holdout,val_loss,min,0.011086614877443229,0.0,0.011086614877443229,0.0,1.0,0.0,106.0,0.0,0.6028146743774414,"{""callbacks"": {""early_stopping"": true, ""min_delta"": 0.0, ""mode"": ""auto"", ""monitor"": ""val_loss"", ""patience"": 40, ""restore_best_weights"": true, ""verbose"": 0}, ""cv"": {""k"": 5, ""seed"": 42, ""shuffle"": true}, ""data"": {""train_path"": ""data/MONK/MONK1/monks-1.train""}, ""model"": {""activation"": ""tanh"", ""dropout"": 0.0, ""hidden_units"": [4]}, ""optim"": {""lr"": 0.3, ""momentum"": 0.5, ""name"": ""adam""}, ""regularizer"": {""l2"": ""1e-4""}, ""seed"": 42, ""split"": {""stratified"": true, ""val_size"": 0.2}, ""training"": {""batch_size"": 16, ""epochs"": 800, ""include_reg_in_val"": false, ""shuffle"": true}}"
fa0c711751db,42,holdout,val_loss,min,0.011086614877443229,0.0,0.011086614877443229,0.0,1.0,0.0,106.0,0.0,0.5826883316040039,"{""callbacks"": {""early_stopping"": true, ""min_delta"": 0.0, ""mode"": ""auto"", ""monitor"": ""val_loss"", ""patience"": 40, ""restore_best_weights"": true, ""verbose"": 0}, ""cv"": {""k"": 5, ""seed"": 42, ""shuffle"": true}, ""data"": {""train_path"": ""data/MONK/MONK1/monks-1.train""}, ""model"": {""activation"": ""tanh"", ""dropout"": 0.0, ""hidden_units"": [4]}, ""optim"": {""lr"": 0.3, ""momentum"": 0.5, ""name"": ""adam""}, ""regularizer"": {""l2"": ""1e-4""}, ""seed"": 42, ""split"": {""stratified"": true, ""val_size"": 0.2}, ""training"": {""batch_size"": 16, ""epochs"": 1000, ""include_reg_in_val"": false, ""shuffle"": true}}"
db8af2a45e45,42,holdout,val_loss,min,0.11781517236302338,0.0,0.11781517236302338,0.0,0.92,0.0,52.0,0.0,0.23592877388000488,"{""callbacks"": {""early_stopping"": true, ""min_delta"": 0.0, ""mode"": ""auto"", ""monitor"": ""val_loss"", ""patience"": 40, ""restore_best_weights"": true, ""verbose"": 0}, ""cv"": {""k"": 5, ""seed"": 42, ""shuffle"": true}, ""data"": {""train_path"": ""data/MONK/MONK1/monks-1.train""}, ""model"": {""activation"": ""tanh"", ""dropout"": 0.0, ""hidden_units"": [4]}, ""optim"": {""lr"": 0.3, ""momentum"": 0.9, ""name"": ""adam""}, ""regularizer"": {""l2"": ""1e-4""}, ""seed"": 42, ""split"": {""stratified"": true, ""val_size"": 0.2}, ""training"": {""batch_size"": 32, ""epochs"": 1000, ""include_reg_in_val"": false, ""shuffle"": true}}"
a9e24b8e1826,42,holdout,val_loss,min,0.11781517236302338,0.0,0.11781517236302338,0.0,0.92,0.0,52.0,0.0,0.24716854095458984,"{""callbacks"": {""early_stopping"": true, ""min_delta"": 0.0, ""mode"": ""auto"", ""monitor"": ""val_loss"", ""patience"": 40, ""restore_best_weights"": true, ""verbose"": 0}, ""cv"": {""k"": 5, ""seed"": 42, ""shuffle"": true}, ""data"": {""train_path"": ""data/MONK/MONK1/monks-1.train""}, ""model"": {""activation"": ""tanh"", ""dropout"": 0.0, ""hidden_units"": [4]}, ""optim"": {""lr"": 0.3, ""momentum"": 0.9, ""name"": ""adam""}, ""regularizer"": {""l2"": ""1e-4""}, ""seed"": 42, ""split"": {""stratified"": true, ""val_size"": 0.2}, ""training"": {""batch_size"": 32, ""epochs"": 800, ""include_reg_in_val"": false, ""shuffle"": true}}"
7056ed263cca,42,holdout,val_loss,min,0.5004042416706348,0.0,0.5004042416706348,0.0,0.76,0.0,1000.0,0.0,4.473750352859497,"{""callbacks"": {""early_stopping"": true, ""min_delta"": 0.0, ""mode"": ""auto"", ""monitor"": ""val_loss"", ""patience"": 40, ""restore_best_weights"": true, ""verbose"": 0}, ""cv"": {""k"": 5, ""seed"": 42, ""shuffle"": true}, ""data"": {""train_path"": ""data/MONK/MONK1/monks-1.train""}, ""model"": {""activation"": ""tanh"", ""dropout"": 0.0, ""hidden_units"": [4]}, ""optim"": {""lr"": 0.001, ""momentum"": 0.5, ""name"": ""sgd""}, ""regularizer"": {""l2"": ""1e-4""}, ""seed"": 42, ""split"": {""stratified"": true, ""val_size"": 0.2}, ""training"": {""batch_size"": 16, ""epochs"": 1000, ""include_reg_in_val"": false, ""shuffle"": true}}"
357534a82939,42,holdout,val_loss,min,0.011086614877443229,0.0,0.011086614877443229,0.0,1.0,0.0,106.0,0.0,0.6254656314849854,"{""callbacks"": {""early_stopping"": true, ""min_delta"": 0.0, ""mode"": ""auto"", ""monitor"": ""val_loss"", ""patience"": 40, ""restore_best_weights"": true, ""verbose"": 0}, ""cv"": {""k"": 5, ""seed"": 42, ""shuffle"": true}, ""data"": {""train_path"": ""data/MONK/MONK1/monks-1.train""}, ""model"": {""activation"": ""tanh"", ""dropout"": 0.0, ""hidden_units"": [4]}, ""optim"": {""lr"": 0.3, ""momentum"": 0.9, ""name"": ""adam""}, ""regularizer"": {""l2"": ""1e-4""}, ""seed"": 42, ""split"": {""stratified"": true, ""val_size"": 0.2}, ""training"": {""batch_size"": 16, ""epochs"": 800, ""include_reg_in_val"": false, ""shuffle"": true}}"
4805bf15c03d,42,holdout,val_loss,min,0.011890061717155382,0.0,0.011890061717155382,0.0,1.0,0.0,103.0,0.0,0.34354090690612793,"{""callbacks"": {""early_stopping"": true, ""min_delta"": 0.0, ""mode"": ""auto"", ""monitor"": ""val_loss"", ""patience"": 40, ""restore_best_weights"": true, ""verbose"": 0}, ""cv"": {""k"": 5, ""seed"": 42, ""shuffle"": true}, ""data"": {""train_path"": ""data/MONK/MONK1/monks-1.train""}, ""model"": {""activation"": ""tanh"", ""dropout"": 0.0, ""hidden_units"": [4]}, ""optim"": {""lr"": 0.2, ""momentum"": 0.0, ""name"": ""adam""}, ""regularizer"": {""l2"": ""1e-4""}, ""seed"": 42, ""split"": {""stratified"": true, ""val_size"": 0.2}, ""training"": {""batch_size"": 32, ""epochs"": 800, ""include_reg_in_val"": false, ""shuffle"": true}}"
28f7c40491aa,42,holdout,val_loss,min,0.011086614877443229,0.0,0.011086614877443229,0.0,1.0,0.0,106.0,0.0,0.6422626972198486,"{""callbacks"": {""early_stopping"": true, ""min_delta"": 0.0, ""mode"": ""auto"", ""monitor"": ""val_loss"", ""patience"": 40, ""restore_best_weights"": true, ""verbose"": 0}, ""cv"": {""k"": 5, ""seed"": 42, ""shuffle"": true}, ""data"": {""train_path"": ""data/MONK/MONK1/monks-1.train""}, ""model"": {""activation"": ""tanh"", ""dropout"": 0.0, ""hidden_units"": [4]}, ""optim"": {""lr"": 0.3, ""momentum"": 0.9, ""name"": ""adam""}, ""regularizer"": {""l2"": ""1e-4""}, ""seed"": 42, ""split"": {""stratified"": true, ""val_size"": 0.2}, ""training"": {""batch_size"": 16, ""epochs"": 1000, ""include_reg_in_val"": false, ""shuffle"": true}}"
e66d14609e5a,42,holdout,val_loss,min,0.011890061717155382,0.0,0.011890061717155382,0.0,1.0,0.0,103.0,0.0,0.3791189193725586,"{""callbacks"": {""early_stopping"": true, ""min_delta"": 0.0, ""mode"": ""auto"", ""monitor"": ""val_loss"", ""patience"": 40, ""restore_best_weights"": true, ""verbose"": 0}, ""cv"": {""k"": 5, ""seed"": 42, ""shuffle"": true}, ""data"": {""train_path"": ""data/MONK/MONK1/monks-1.train""}, ""model"": {""activation"": ""tanh"", ""dropout"": 0.0, ""hidden_units"": [4]}, ""optim"": {""lr"": 0.2, ""momentum"": 0.0, ""name"": ""adam""}, ""regularizer"": {""l2"": ""1e-4""}, ""seed"": 42, ""split"": {""stratified"": true, ""val_size"": 0.2}, ""training"": {""batch_size"": 32, ""epochs"": 1000, ""include_reg_in_val"": false, ""shuffle"": true}}"
a16d8d28ef13,42,holdout,val_loss,min,0.0035850032189989707,0.0,0.0035850032189989707,0.0,1.0,0.0,119.0,0.0,0.6441278457641602,"{""callbacks"": {""early_stopping"": true, ""min_delta"": 0.0, ""mode"": ""auto"", ""monitor"": ""val_loss"", ""patience"": 40, ""restore_best_weights"": true, ""verbose"": 0}, ""cv"": {""k"": 5, ""seed"": 42, ""shuffle"": true}, ""data"": {""train_path"": ""data/MONK/MONK1/monks-1.train""}, ""model"": {""activation"": ""tanh"", ""dropout"": 0.0, ""hidden_units"": [4]}, ""optim"": {""lr"": 0.2, ""momentum"": 0.0, ""name"": ""adam""}, ""regularizer"": {""l2"": ""1e-4""}, ""seed"": 42, ""split"": {""stratified"": true, ""val_size"": 0.2}, ""training"": {""batch_size"": 16, ""epochs"": 800, ""include_reg_in_val"": false, ""shuffle"": true}}"
3599f3795c83,42,holdout,val_loss,min,0.0035850032189989707,0.0,0.0035850032189989707,0.0,1.0,0.0,119.0,0.0,0.6335690021514893,"{""callbacks"": {""early_stopping"": true, ""min_delta"": 0.0, ""mode"": ""auto"", ""monitor"": ""val_loss"", ""patience"": 40, ""restore_best_weights"": true, ""verbose"": 0}, ""cv"": {""k"": 5, ""seed"": 42, ""shuffle"": true}, ""data"": {""train_path"": ""data/MONK/MONK1/monks-1.train""}, ""model"": {""activation"": ""tanh"", ""dropout"": 0.0, ""hidden_units"": [4]}, ""optim"": {""lr"": 0.2, ""momentum"": 0.0, ""name"": ""adam""}, ""regularizer"": {""l2"": ""1e-4""}, ""seed"": 42, ""split"": {""stratified"": true, ""val_size"": 0.2}, ""training"": {""batch_size"": 16, ""epochs"": 1000, ""include_reg_in_val"": false, ""shuffle"": true}}"
277e4bc76d21,42,holdout,val_loss,min,0.011890061717155382,0.0,0.011890061717155382,0.0,1.0,0.0,103.0,0.0,0.3391108512878418,"{""callbacks"": {""early_stopping"": true, ""min_delta"": 0.0, ""mode"": ""auto"", ""monitor"": ""val_loss"", ""patience"": 40, ""restore_best_weights"": true, ""verbose"": 0}, ""cv"": {""k"": 5, ""seed"": 42, ""shuffle"": true}, ""data"": {""train_path"": ""data/MONK/MONK1/monks-1.train""}, ""model"": {""activation"": ""tanh"", ""dropout"": 0.0, ""hidden_units"": [4]}, ""optim"": {""lr"": 0.2, ""momentum"": 0.5, ""name"": ""adam""}, ""regularizer"": {""l2"": ""1e-4""}, ""seed"": 42, ""split"": {""stratified"": true, ""val_size"": 0.2}, ""training"": {""batch_size"": 32, ""epochs"": 800, ""include_reg_in_val"": false, ""shuffle"": true}}"
8d593b9c9f67,42,holdout,val_loss,min,0.011890061717155382,0.0,0.011890061717155382,0.0,1.0,0.0,103.0,0.0,0.34633541107177734,"{""callbacks"": {""early_stopping"": true, ""min_delta"": 0.0, ""mode"": ""auto"", ""monitor"": ""val_loss"", ""patience"": 40, ""restore_best_weights"": true, ""verbose"": 0}, ""cv"": {""k"": 5, ""seed"": 42, ""shuffle"": true}, ""data"": {""train_path"": ""data/MONK/MONK1/monks-1.train""}, ""model"": {""activation"": ""tanh"", ""dropout"": 0.0, ""hidden_units"": [4]}, ""optim"": {""lr"": 0.2, ""momentum"": 0.5, ""name"": ""adam""}, ""regularizer"": {""l2"": ""1e-4""}, ""seed"": 42, ""split"": {""stratified"": true, ""val_size"": 0.2}, ""training"": {""batch_size"": 32, ""epochs"": 1000, ""include_reg_in_val"": false, ""shuffle"": true}}"
bd57b9af585c,42,holdout,val_loss,min,0.3165258465840941,0.0,0.3165258465840941,0.0,0.88,0.0,999.0,0.0,3.3208167552948,"{""callbacks"": {""early_stopping"": true, ""min_delta"": 0.0, ""mode"": ""auto"", ""monitor"": ""val_loss"", ""patience"": 40, ""restore_best_weights"": true, ""verbose"": 0}, ""cv"": {""k"": 5, ""seed"": 42, ""shuffle"": true}, ""data"": {""train_path"": ""data/MONK/MONK1/monks-1.train""}, ""model"": {""activation"": ""tanh"", ""dropout"": 0.0, ""hidden_units"": [4]}, ""optim"": {""lr"": 0.001, ""momentum"": 0.9, ""name"": ""sgd""}, ""regularizer"": {""l2"": ""1e-4""}, ""seed"": 42, ""split"": {""stratified"": true, ""val_size"": 0.2}, ""training"": {""batch_size"": 16, ""epochs"": 1000, ""include_reg_in_val"": false, ""shuffle"": true}}"
b4fe4199ae71,42,holdout,val_loss,min,0.0035850032189989707,0.0,0.0035850032189989707,0.0,1.0,0.0,119.0,0.0,0.6347761154174805,"{""callbacks"": {""early_stopping"": true, ""min_delta"": 0.0, ""mode"": ""auto"", ""monitor"": ""val_loss"", ""patience"": 40, ""restore_best_weights"": true, ""verbose"": 0}, ""cv"": {""k"": 5, ""seed"": 42, ""shuffle"": true}, ""data"": {""train_path"": ""data/MONK/MONK1/monks-1.train""}, ""model"": {""activation"": ""tanh"", ""dropout"": 0.0, ""hidden_units"": [4]}, ""optim"": {""lr"": 0.2, ""momentum"": 0.5, ""name"": ""adam""}, ""regularizer"": {""l2"": ""1e-4""}, ""seed"": 42, ""split"": {""stratified"": true, ""val_size"": 0.2}, ""training"": {""batch_size"": 16, ""epochs"": 800, ""include_reg_in_val"": false, ""shuffle"": true}}"
2a2fae855873,42,holdout,val_loss,min,0.0035850032189989707,0.0,0.0035850032189989707,0.0,1.0,0.0,119.0,0.0,0.6086602210998535,"{""callbacks"": {""early_stopping"": true, ""min_delta"": 0.0, ""mode"": ""auto"", ""monitor"": ""val_loss"", ""patience"": 40, ""restore_best_weights"": true, ""verbose"": 0}, ""cv"": {""k"": 5, ""seed"": 42, ""shuffle"": true}, ""data"": {""train_path"": ""data/MONK/MONK1/monks-1.train""}, ""model"": {""activation"": ""tanh"", ""dropout"": 0.0, ""hidden_units"": [4]}, ""optim"": {""lr"": 0.2, ""momentum"": 0.5, ""name"": ""adam""}, ""regularizer"": {""l2"": ""1e-4""}, ""seed"": 42, ""split"": {""stratified"": true, ""val_size"": 0.2}, ""training"": {""batch_size"": 16, ""epochs"": 1000, ""include_reg_in_val"": false, ""shuffle"": true}}"
b1e069f34b71,42,holdout,val_loss,min,0.011890061717155382,0.0,0.011890061717155382,0.0,1.0,0.0,103.0,0.0,0.34063243865966797,"{""callbacks"": {""early_stopping"": true, ""min_delta"": 0.0, ""mode"": ""auto"", ""monitor"": ""val_loss"", ""patience"": 40, ""restore_best_weights"": true, ""verbose"": 0}, ""cv"": {""k"": 5, ""seed"": 42, ""shuffle"": true}, ""data"": {""train_path"": ""data/MONK/MONK1/monks-1.train""}, ""model"": {""activation"": ""tanh"", ""dropout"": 0.0, ""hidden_units"": [4]}, ""optim"": {""lr"": 0.2, ""momentum"": 0.9, ""name"": ""adam""}, ""regularizer"": {""l2"": ""1e-4""}, ""seed"": 42, ""split"": {""stratified"": true, ""val_size"": 0.2}, ""training"": {""batch_size"": 32, ""epochs"": 800, ""include_reg_in_val"": false, ""shuffle"": true}}"
5640a234b9ae,42,holdout,val_loss,min,0.011890061717155382,0.0,0.011890061717155382,0.0,1.0,0.0,103.0,0.0,0.36359095573425293,"{""callbacks"": {""early_stopping"": true, ""min_delta"": 0.0, ""mode"": ""auto"", ""monitor"": ""val_loss"", ""patience"": 40, ""restore_best_weights"": true, ""verbose"": 0}, ""cv"": {""k"": 5, ""seed"": 42, ""shuffle"": true}, ""data"": {""train_path"": ""data/MONK/MONK1/monks-1.train""}, ""model"": {""activation"": ""tanh"", ""dropout"": 0.0, ""hidden_units"": [4]}, ""optim"": {""lr"": 0.2, ""momentum"": 0.9, ""name"": ""adam""}, ""regularizer"": {""l2"": ""1e-4""}, ""seed"": 42, ""split"": {""stratified"": true, ""val_size"": 0.2}, ""training"": {""batch_size"": 32, ""epochs"": 1000, ""include_reg_in_val"": false, ""shuffle"": true}}"
75a35307c303,42,holdout,val_loss,min,0.0035850032189989707,0.0,0.0035850032189989707,0.0,1.0,0.0,119.0,0.0,0.7033672332763672,"{""callbacks"": {""early_stopping"": true, ""min_delta"": 0.0, ""mode"": ""auto"", ""monitor"": ""val_loss"", ""patience"": 40, ""restore_best_weights"": true, ""verbose"": 0}, ""cv"": {""k"": 5, ""seed"": 42, ""shuffle"": true}, ""data"": {""train_path"": ""data/MONK/MONK1/monks-1.train""}, ""model"": {""activation"": ""tanh"", ""dropout"": 0.0, ""hidden_units"": [4]}, ""optim"": {""lr"": 0.2, ""momentum"": 0.9, ""name"": ""adam""}, ""regularizer"": {""l2"": ""1e-4""}, ""seed"": 42, ""split"": {""stratified"": true, ""val_size"": 0.2}, ""training"": {""batch_size"": 16, ""epochs"": 800, ""include_reg_in_val"": false, ""shuffle"": true}}"
6437a0c5ae7c,42,holdout,val_loss,min,0.0035850032189989707,0.0,0.0035850032189989707,0.0,1.0,0.0,119.0,0.0,0.6585464477539062,"{""callbacks"": {""early_stopping"": true, ""min_delta"": 0.0, ""mode"": ""auto"", ""monitor"": ""val_loss"", ""patience"": 40, ""restore_best_weights"": true, ""verbose"": 0}, ""cv"": {""k"": 5, ""seed"": 42, ""shuffle"": true}, ""data"": {""train_path"": ""data/MONK/MONK1/monks-1.train""}, ""model"": {""activation"": ""tanh"", ""dropout"": 0.0, ""hidden_units"": [4]}, ""optim"": {""lr"": 0.2, ""momentum"": 0.9, ""name"": ""adam""}, ""regularizer"": {""l2"": ""1e-4""}, ""seed"": 42, ""split"": {""stratified"": true, ""val_size"": 0.2}, ""training"": {""batch_size"": 16, ""epochs"": 1000, ""include_reg_in_val"": false, ""shuffle"": true}}"
5cc903318818,42,holdout,val_loss,min,0.014078863246482172,0.0,0.014078863246482172,0.0,1.0,0.0,190.0,0.0,0.5716917514801025,"{""callbacks"": {""early_stopping"": true, ""min_delta"": 0.0, ""mode"": ""auto"", ""monitor"": ""val_loss"", ""patience"": 40, ""restore_best_weights"": true, ""verbose"": 0}, ""cv"": {""k"": 5, ""seed"": 42, ""shuffle"": true}, ""data"": {""train_path"": ""data/MONK/MONK1/monks-1.train""}, ""model"": {""activation"": ""tanh"", ""dropout"": 0.0, ""hidden_units"": [4]}, ""optim"": {""lr"": 0.1, ""momentum"": 0.0, ""name"": ""adam""}, ""regularizer"": {""l2"": ""1e-4""}, ""seed"": 42, ""split"": {""stratified"": true, ""val_size"": 0.2}, ""training"": {""batch_size"": 32, ""epochs"": 800, ""include_reg_in_val"": false, ""shuffle"": true}}"
3cd201764209,42,holdout,val_loss,min,0.014078863246482172,0.0,0.014078863246482172,0.0,1.0,0.0,190.0,0.0,0.574042558670044,"{""callbacks"": {""early_stopping"": true, ""min_delta"": 0.0, ""mode"": ""auto"", ""monitor"": ""val_loss"", ""patience"": 40, ""restore_best_weights"": true, ""verbose"": 0}, ""cv"": {""k"": 5, ""seed"": 42, ""shuffle"": true}, ""data"": {""train_path"": ""data/MONK/MONK1/monks-1.train""}, ""model"": {""activation"": ""tanh"", ""dropout"": 0.0, ""hidden_units"": [4]}, ""optim"": {""lr"": 0.1, ""momentum"": 0.0, ""name"": ""adam""}, ""regularizer"": {""l2"": ""1e-4""}, ""seed"": 42, ""split"": {""stratified"": true, ""val_size"": 0.2}, ""training"": {""batch_size"": 32, ""epochs"": 1000, ""include_reg_in_val"": false, ""shuffle"": true}}"
cbf15adf5494,42,holdout,val_loss,min,0.014078863246482172,0.0,0.014078863246482172,0.0,1.0,0.0,190.0,0.0,0.5793020725250244,"{""callbacks"": {""early_stopping"": true, ""min_delta"": 0.0, ""mode"": ""auto"", ""monitor"": ""val_loss"", ""patience"": 40, ""restore_best_weights"": true, ""verbose"": 0}, ""cv"": {""k"": 5, ""seed"": 42, ""shuffle"": true}, ""data"": {""train_path"": ""data/MONK/MONK1/monks-1.train""}, ""model"": {""activation"": ""tanh"", ""dropout"": 0.0, ""hidden_units"": [4]}, ""optim"": {""lr"": 0.1, ""momentum"": 0.5, ""name"": ""adam""}, ""regularizer"": {""l2"": ""1e-4""}, ""seed"": 42, ""split"": {""stratified"": true, ""val_size"": 0.2}, ""training"": {""batch_size"": 32, ""epochs"": 800, ""include_reg_in_val"": false, ""shuffle"": true}}"
3740a46adcdf,42,holdout,val_loss,min,0.003511591469884935,0.0,0.003511591469884935,0.0,1.0,0.0,212.0,0.0,0.9844987392425537,"{""callbacks"": {""early_stopping"": true, ""min_delta"": 0.0, ""mode"": ""auto"", ""monitor"": ""val_loss"", ""patience"": 40, ""restore_best_weights"": true, ""verbose"": 0}, ""cv"": {""k"": 5, ""seed"": 42, ""shuffle"": true}, ""data"": {""train_path"": ""data/MONK/MONK1/monks-1.train""}, ""model"": {""activation"": ""tanh"", ""dropout"": 0.0, ""hidden_units"": [4]}, ""optim"": {""lr"": 0.1, ""momentum"": 0.0, ""name"": ""adam""}, ""regularizer"": {""l2"": ""1e-4""}, ""seed"": 42, ""split"": {""stratified"": true, ""val_size"": 0.2}, ""training"": {""batch_size"": 16, ""epochs"": 1000, ""include_reg_in_val"": false, ""shuffle"": true}}"
7d977768da9d,42,holdout,val_loss,min,0.003511591469884935,0.0,0.003511591469884935,0.0,1.0,0.0,212.0,0.0,0.9913318157196045,"{""callbacks"": {""early_stopping"": true, ""min_delta"": 0.0, ""mode"": ""auto"", ""monitor"": ""val_loss"", ""patience"": 40, ""restore_best_weights"": true, ""verbose"": 0}, ""cv"": {""k"": 5, ""seed"": 42, ""shuffle"": true}, ""data"": {""train_path"": ""data/MONK/MONK1/monks-1.train""}, ""model"": {""activation"": ""tanh"", ""dropout"": 0.0, ""hidden_units"": [4]}, ""optim"": {""lr"": 0.1, ""momentum"": 0.0, ""name"": ""adam""}, ""regularizer"": {""l2"": ""1e-4""}, ""seed"": 42, ""split"": {""stratified"": true, ""val_size"": 0.2}, ""training"": {""batch_size"": 16, ""epochs"": 800, ""include_reg_in_val"": false, ""shuffle"": true}}"
8370365ffbaf,42,holdout,val_loss,min,0.014078863246482172,0.0,0.014078863246482172,0.0,1.0,0.0,190.0,0.0,0.6185872554779053,"{""callbacks"": {""early_stopping"": true, ""min_delta"": 0.0, ""mode"": ""auto"", ""monitor"": ""val_loss"", ""patience"": 40, ""restore_best_weights"": true, ""verbose"": 0}, ""cv"": {""k"": 5, ""seed"": 42, ""shuffle"": true}, ""data"": {""train_path"": ""data/MONK/MONK1/monks-1.train""}, ""model"": {""activation"": ""tanh"", ""dropout"": 0.0, ""hidden_units"": [4]}, ""optim"": {""lr"": 0.1, ""momentum"": 0.5, ""name"": ""adam""}, ""regularizer"": {""l2"": ""1e-4""}, ""seed"": 42, ""split"": {""stratified"": true, ""val_size"": 0.2}, ""training"": {""batch_size"": 32, ""epochs"": 1000, ""include_reg_in_val"": false, ""shuffle"": true}}"
0651d2bd57c9,42,holdout,val_loss,min,0.003511591469884935,0.0,0.003511591469884935,0.0,1.0,0.0,212.0,0.0,1.0281729698181152,"{""callbacks"": {""early_stopping"": true, ""min_delta"": 0.0, ""mode"": ""auto"", ""monitor"": ""val_loss"", ""patience"": 40, ""restore_best_weights"": true, ""verbose"": 0}, ""cv"": {""k"": 5, ""seed"": 42, ""shuffle"": true}, ""data"": {""train_path"": ""data/MONK/MONK1/monks-1.train""}, ""model"": {""activation"": ""tanh"", ""dropout"": 0.0, ""hidden_units"": [4]}, ""optim"": {""lr"": 0.1, ""momentum"": 0.5, ""name"": ""adam""}, ""regularizer"": {""l2"": ""1e-4""}, ""seed"": 42, ""split"": {""stratified"": true, ""val_size"": 0.2}, ""training"": {""batch_size"": 16, ""epochs"": 800, ""include_reg_in_val"": false, ""shuffle"": true}}"
e4fc8409ff8a,42,holdout,val_loss,min,0.003511591469884935,0.0,0.003511591469884935,0.0,1.0,0.0,212.0,0.0,0.9541623592376709,"{""callbacks"": {""early_stopping"": true, ""min_delta"": 0.0, ""mode"": ""auto"", ""monitor"": ""val_loss"", ""patience"": 40, ""restore_best_weights"": true, ""verbose"": 0}, ""cv"": {""k"": 5, ""seed"": 42, ""shuffle"": true}, ""data"": {""train_path"": ""data/MONK/MONK1/monks-1.train""}, ""model"": {""activation"": ""tanh"", ""dropout"": 0.0, ""hidden_units"": [4]}, ""optim"": {""lr"": 0.1, ""momentum"": 0.5, ""name"": ""adam""}, ""regularizer"": {""l2"": ""1e-4""}, ""seed"": 42, ""split"": {""stratified"": true, ""val_size"": 0.2}, ""training"": {""batch_size"": 16, ""epochs"": 1000, ""include_reg_in_val"": false, ""shuffle"": true}}"
2543de3eae92,42,holdout,val_loss,min,0.014078863246482172,0.0,0.014078863246482172,0.0,1.0,0.0,190.0,0.0,0.5395941734313965,"{""callbacks"": {""early_stopping"": true, ""min_delta"": 0.0, ""mode"": ""auto"", ""monitor"": ""val_loss"", ""patience"": 40, ""restore_best_weights"": true, ""verbose"": 0}, ""cv"": {""k"": 5, ""seed"": 42, ""shuffle"": true}, ""data"": {""train_path"": ""data/MONK/MONK1/monks-1.train""}, ""model"": {""activation"": ""tanh"", ""dropout"": 0.0, ""hidden_units"": [4]}, ""optim"": {""lr"": 0.1, ""momentum"": 0.9, ""name"": ""adam""}, ""regularizer"": {""l2"": ""1e-4""}, ""seed"": 42, ""split"": {""stratified"": true, ""val_size"": 0.2}, ""training"": {""batch_size"": 32, ""epochs"": 1000, ""include_reg_in_val"": false, ""shuffle"": true}}"
b63a24579594,42,holdout,val_loss,min,0.06748836919546485,0.0,0.06748836919546485,0.0,0.96,0.0,105.0,0.0,0.3269836902618408,"{""callbacks"": {""early_stopping"": true, ""min_delta"": 0.0, ""mode"": ""auto"", ""monitor"": ""val_loss"", ""patience"": 40, ""restore_best_weights"": true, ""verbose"": 0}, ""cv"": {""k"": 5, ""seed"": 42, ""shuffle"": true}, ""data"": {""train_path"": ""data/MONK/MONK1/monks-1.train""}, ""model"": {""activation"": ""tanh"", ""dropout"": 0.0, ""hidden_units"": [4]}, ""optim"": {""lr"": 0.05, ""momentum"": 0.0, ""name"": ""adam""}, ""regularizer"": {""l2"": ""1e-4""}, ""seed"": 42, ""split"": {""stratified"": true, ""val_size"": 0.2}, ""training"": {""batch_size"": 32, ""epochs"": 800, ""include_reg_in_val"": false, ""shuffle"": true}}"
83252d2a1ecb,42,holdout,val_loss,min,0.014078863246482172,0.0,0.014078863246482172,0.0,1.0,0.0,190.0,0.0,0.6056971549987793,"{""callbacks"": {""early_stopping"": true, ""min_delta"": 0.0, ""mode"": ""auto"", ""monitor"": ""val_loss"", ""patience"": 40, ""restore_best_weights"": true, ""verbose"": 0}, ""cv"": {""k"": 5, ""seed"": 42, ""shuffle"": true}, ""data"": {""train_path"": ""data/MONK/MONK1/monks-1.train""}, ""model"": {""activation"": ""tanh"", ""dropout"": 0.0, ""hidden_units"": [4]}, ""optim"": {""lr"": 0.1, ""momentum"": 0.9, ""name"": ""adam""}, ""regularizer"": {""l2"": ""1e-4""}, ""seed"": 42, ""split"": {""stratified"": true, ""val_size"": 0.2}, ""training"": {""batch_size"": 32, ""epochs"": 800, ""include_reg_in_val"": false, ""shuffle"": true}}"
6a333f589c99,42,holdout,val_loss,min,0.003511591469884935,0.0,0.003511591469884935,0.0,1.0,0.0,212.0,0.0,0.9400653839111328,"{""callbacks"": {""early_stopping"": true, ""min_delta"": 0.0, ""mode"": ""auto"", ""monitor"": ""val_loss"", ""patience"": 40, ""restore_best_weights"": true, ""verbose"": 0}, ""cv"": {""k"": 5, ""seed"": 42, ""shuffle"": true}, ""data"": {""train_path"": ""data/MONK/MONK1/monks-1.train""}, ""model"": {""activation"": ""tanh"", ""dropout"": 0.0, ""hidden_units"": [4]}, ""optim"": {""lr"": 0.1, ""momentum"": 0.9, ""name"": ""adam""}, ""regularizer"": {""l2"": ""1e-4""}, ""seed"": 42, ""split"": {""stratified"": true, ""val_size"": 0.2}, ""training"": {""batch_size"": 16, ""epochs"": 1000, ""include_reg_in_val"": false, ""shuffle"": true}}"
fdd1f1a0f08e,42,holdout,val_loss,min,0.06748836919546485,0.0,0.06748836919546485,0.0,0.96,0.0,105.0,0.0,0.43613266944885254,"{""callbacks"": {""early_stopping"": true, ""min_delta"": 0.0, ""mode"": ""auto"", ""monitor"": ""val_loss"", ""patience"": 40, ""restore_best_weights"": true, ""verbose"": 0}, ""cv"": {""k"": 5, ""seed"": 42, ""shuffle"": true}, ""data"": {""train_path"": ""data/MONK/MONK1/monks-1.train""}, ""model"": {""activation"": ""tanh"", ""dropout"": 0.0, ""hidden_units"": [4]}, ""optim"": {""lr"": 0.05, ""momentum"": 0.0, ""name"": ""adam""}, ""regularizer"": {""l2"": ""1e-4""}, ""seed"": 42, ""split"": {""stratified"": true, ""val_size"": 0.2}, ""training"": {""batch_size"": 32, ""epochs"": 1000, ""include_reg_in_val"": false, ""shuffle"": true}}"
b05e529cfb9c,42,holdout,val_loss,min,0.003511591469884935,0.0,0.003511591469884935,0.0,1.0,0.0,212.0,0.0,1.1175522804260254,"{""callbacks"": {""early_stopping"": true, ""min_delta"": 0.0, ""mode"": ""auto"", ""monitor"": ""val_loss"", ""patience"": 40, ""restore_best_weights"": true, ""verbose"": 0}, ""cv"": {""k"": 5, ""seed"": 42, ""shuffle"": true}, ""data"": {""train_path"": ""data/MONK/MONK1/monks-1.train""}, ""model"": {""activation"": ""tanh"", ""dropout"": 0.0, ""hidden_units"": [4]}, ""optim"": {""lr"": 0.1, ""momentum"": 0.9, ""name"": ""adam""}, ""regularizer"": {""l2"": ""1e-4""}, ""seed"": 42, ""split"": {""stratified"": true, ""val_size"": 0.2}, ""training"": {""batch_size"": 16, ""epochs"": 800, ""include_reg_in_val"": false, ""shuffle"": true}}"
45ea1f2d1094,42,holdout,val_loss,min,0.06748836919546485,0.0,0.06748836919546485,0.0,0.96,0.0,105.0,0.0,0.28385090827941895,"{""callbacks"": {""early_stopping"": true, ""min_delta"": 0.0, ""mode"": ""auto"", ""monitor"": ""val_loss"", ""patience"": 40, ""restore_best_weights"": true, ""verbose"": 0}, ""cv"": {""k"": 5, ""seed"": 42, ""shuffle"": true}, ""data"": {""train_path"": ""data/MONK/MONK1/monks-1.train""}, ""model"": {""activation"": ""tanh"", ""dropout"": 0.0, ""hidden_units"": [4]}, ""optim"": {""lr"": 0.05, ""momentum"": 0.5, ""name"": ""adam""}, ""regularizer"": {""l2"": ""1e-4""}, ""seed"": 42, ""split"": {""stratified"": true, ""val_size"": 0.2}, ""training"": {""batch_size"": 32, ""epochs"": 1000, ""include_reg_in_val"": false, ""shuffle"": true}}"
bc2bb026d4f3,42,holdout,val_loss,min,0.06748836919546485,0.0,0.06748836919546485,0.0,0.96,0.0,105.0,0.0,0.4255106449127197,"{""callbacks"": {""early_stopping"": true, ""min_delta"": 0.0, ""mode"": ""auto"", ""monitor"": ""val_loss"", ""patience"": 40, ""restore_best_weights"": true, ""verbose"": 0}, ""cv"": {""k"": 5, ""seed"": 42, ""shuffle"": true}, ""data"": {""train_path"": ""data/MONK/MONK1/monks-1.train""}, ""model"": {""activation"": ""tanh"", ""dropout"": 0.0, ""hidden_units"": [4]}, ""optim"": {""lr"": 0.05, ""momentum"": 0.5, ""name"": ""adam""}, ""regularizer"": {""l2"": ""1e-4""}, ""seed"": 42, ""split"": {""stratified"": true, ""val_size"": 0.2}, ""training"": {""batch_size"": 32, ""epochs"": 800, ""include_reg_in_val"": false, ""shuffle"": true}}"
d57bd84bcbae,42,holdout,val_loss,min,0.017073594641048965,0.0,0.017073594641048965,0.0,1.0,0.0,212.0,0.0,1.2049570083618164,"{""callbacks"": {""early_stopping"": true, ""min_delta"": 0.0, ""mode"": ""auto"", ""monitor"": ""val_loss"", ""patience"": 40, ""restore_best_weights"": true, ""verbose"": 0}, ""cv"": {""k"": 5, ""seed"": 42, ""shuffle"": true}, ""data"": {""train_path"": ""data/MONK/MONK1/monks-1.train""}, ""model"": {""activation"": ""tanh"", ""dropout"": 0.0, ""hidden_units"": [4]}, ""optim"": {""lr"": 0.05, ""momentum"": 0.0, ""name"": ""adam""}, ""regularizer"": {""l2"": ""1e-4""}, ""seed"": 42, ""split"": {""stratified"": true, ""val_size"": 0.2}, ""training"": {""batch_size"": 16, ""epochs"": 800, ""include_reg_in_val"": false, ""shuffle"": true}}"
63e88291ff3f,42,holdout,val_loss,min,0.06748836919546485,0.0,0.06748836919546485,0.0,0.96,0.0,105.0,0.0,0.27880191802978516,"{""callbacks"": {""early_stopping"": true, ""min_delta"": 0.0, ""mode"": ""auto"", ""monitor"": ""val_loss"", ""patience"": 40, ""restore_best_weights"": true, ""verbose"": 0}, ""cv"": {""k"": 5, ""seed"": 42, ""shuffle"": true}, ""data"": {""train_path"": ""data/MONK/MONK1/monks-1.train""}, ""model"": {""activation"": ""tanh"", ""dropout"": 0.0, ""hidden_units"": [4]}, ""optim"": {""lr"": 0.05, ""momentum"": 0.9, ""name"": ""adam""}, ""regularizer"": {""l2"": ""1e-4""}, ""seed"": 42, ""split"": {""stratified"": true, ""val_size"": 0.2}, ""training"": {""batch_size"": 32, ""epochs"": 800, ""include_reg_in_val"": false, ""shuffle"": true}}"
7831b3883eca,42,holdout,val_loss,min,0.017073594641048965,0.0,0.017073594641048965,0.0,1.0,0.0,212.0,0.0,1.1800854206085205,"{""callbacks"": {""early_stopping"": true, ""min_delta"": 0.0, ""mode"": ""auto"", ""monitor"": ""val_loss"", ""patience"": 40, ""restore_best_weights"": true, ""verbose"": 0}, ""cv"": {""k"": 5, ""seed"": 42, ""shuffle"": true}, ""data"": {""train_path"": ""data/MONK/MONK1/monks-1.train""}, ""model"": {""activation"": ""tanh"", ""dropout"": 0.0, ""hidden_units"": [4]}, ""optim"": {""lr"": 0.05, ""momentum"": 0.0, ""name"": ""adam""}, ""regularizer"": {""l2"": ""1e-4""}, ""seed"": 42, ""split"": {""stratified"": true, ""val_size"": 0.2}, ""training"": {""batch_size"": 16, ""epochs"": 1000, ""include_reg_in_val"": false, ""shuffle"": true}}"
6f64b518d778,42,holdout,val_loss,min,0.017073594641048965,0.0,0.017073594641048965,0.0,1.0,0.0,212.0,0.0,0.8159830570220947,"{""callbacks"": {""early_stopping"": true, ""min_delta"": 0.0, ""mode"": ""auto"", ""monitor"": ""val_loss"", ""patience"": 40, ""restore_best_weights"": true, ""verbose"": 0}, ""cv"": {""k"": 5, ""seed"": 42, ""shuffle"": true}, ""data"": {""train_path"": ""data/MONK/MONK1/monks-1.train""}, ""model"": {""activation"": ""tanh"", ""dropout"": 0.0, ""hidden_units"": [4]}, ""optim"": {""lr"": 0.05, ""momentum"": 0.5, ""name"": ""adam""}, ""regularizer"": {""l2"": ""1e-4""}, ""seed"": 42, ""split"": {""stratified"": true, ""val_size"": 0.2}, ""training"": {""batch_size"": 16, ""epochs"": 1000, ""include_reg_in_val"": false, ""shuffle"": true}}"
9f4afe271862,42,holdout,val_loss,min,0.017073594641048965,0.0,0.017073594641048965,0.0,1.0,0.0,212.0,0.0,0.8896644115447998,"{""callbacks"": {""early_stopping"": true, ""min_delta"": 0.0, ""mode"": ""auto"", ""monitor"": ""val_loss"", ""patience"": 40, ""restore_best_weights"": true, ""verbose"": 0}, ""cv"": {""k"": 5, ""seed"": 42, ""shuffle"": true}, ""data"": {""train_path"": ""data/MONK/MONK1/monks-1.train""}, ""model"": {""activation"": ""tanh"", ""dropout"": 0.0, ""hidden_units"": [4]}, ""optim"": {""lr"": 0.05, ""momentum"": 0.5, ""name"": ""adam""}, ""regularizer"": {""l2"": ""1e-4""}, ""seed"": 42, ""split"": {""stratified"": true, ""val_size"": 0.2}, ""training"": {""batch_size"": 16, ""epochs"": 800, ""include_reg_in_val"": false, ""shuffle"": true}}"
87ef8d2718b2,42,holdout,val_loss,min,0.06748836919546485,0.0,0.06748836919546485,0.0,0.96,0.0,105.0,0.0,0.45812439918518066,"{""callbacks"": {""early_stopping"": true, ""min_delta"": 0.0, ""mode"": ""auto"", ""monitor"": ""val_loss"", ""patience"": 40, ""restore_best_weights"": true, ""verbose"": 0}, ""cv"": {""k"": 5, ""seed"": 42, ""shuffle"": true}, ""data"": {""train_path"": ""data/MONK/MONK1/monks-1.train""}, ""model"": {""activation"": ""tanh"", ""dropout"": 0.0, ""hidden_units"": [4]}, ""optim"": {""lr"": 0.05, ""momentum"": 0.9, ""name"": ""adam""}, ""regularizer"": {""l2"": ""1e-4""}, ""seed"": 42, ""split"": {""stratified"": true, ""val_size"": 0.2}, ""training"": {""batch_size"": 32, ""epochs"": 1000, ""include_reg_in_val"": false, ""shuffle"": true}}"
0e7ca0c1de4d,42,holdout,val_loss,min,0.017073594641048965,0.0,0.017073594641048965,0.0,1.0,0.0,212.0,0.0,1.2189371585845947,"{""callbacks"": {""early_stopping"": true, ""min_delta"": 0.0, ""mode"": ""auto"", ""monitor"": ""val_loss"", ""patience"": 40, ""restore_best_weights"": true, ""verbose"": 0}, ""cv"": {""k"": 5, ""seed"": 42, ""shuffle"": true}, ""data"": {""train_path"": ""data/MONK/MONK1/monks-1.train""}, ""model"": {""activation"": ""tanh"", ""dropout"": 0.0, ""hidden_units"": [4]}, ""optim"": {""lr"": 0.05, ""momentum"": 0.9, ""name"": ""adam""}, ""regularizer"": {""l2"": ""1e-4""}, ""seed"": 42, ""split"": {""stratified"": true, ""val_size"": 0.2}, ""training"": {""batch_size"": 16, ""epochs"": 800, ""include_reg_in_val"": false, ""shuffle"": true}}"
e6cb5a41dad6,42,holdout,val_loss,min,0.017073594641048965,0.0,0.017073594641048965,0.0,1.0,0.0,212.0,0.0,1.2780706882476807,"{""callbacks"": {""early_stopping"": true, ""min_delta"": 0.0, ""mode"": ""auto"", ""monitor"": ""val_loss"", ""patience"": 40, ""restore_best_weights"": true, ""verbose"": 0}, ""cv"": {""k"": 5, ""seed"": 42, ""shuffle"": true}, ""data"": {""train_path"": ""data/MONK/MONK1/monks-1.train""}, ""model"": {""activation"": ""tanh"", ""dropout"": 0.0, ""hidden_units"": [4]}, ""optim"": {""lr"": 0.05, ""momentum"": 0.9, ""name"": ""adam""}, ""regularizer"": {""l2"": ""1e-4""}, ""seed"": 42, ""split"": {""stratified"": true, ""val_size"": 0.2}, ""training"": {""batch_size"": 16, ""epochs"": 1000, ""include_reg_in_val"": false, ""shuffle"": true}}"
7b9551c99c86,42,holdout,val_loss,min,0.020299085536161283,0.0,0.020299085536161283,0.0,1.0,0.0,653.0,0.0,1.4753985404968262,"{""callbacks"": {""early_stopping"": true, ""min_delta"": 0.0, ""mode"": ""auto"", ""monitor"": ""val_loss"", ""patience"": 40, ""restore_best_weights"": true, ""verbose"": 0}, ""cv"": {""k"": 5, ""seed"": 42, ""shuffle"": true}, ""data"": {""train_path"": ""data/MONK/MONK1/monks-1.train""}, ""model"": {""activation"": ""tanh"", ""dropout"": 0.0, ""hidden_units"": [4]}, ""optim"": {""lr"": 0.01, ""momentum"": 0.0, ""name"": ""adam""}, ""regularizer"": {""l2"": ""1e-4""}, ""seed"": 42, ""split"": {""stratified"": true, ""val_size"": 0.2}, ""training"": {""batch_size"": 32, ""epochs"": 1000, ""include_reg_in_val"": false, ""shuffle"": true}}"
57cc483ba192,42,holdout,val_loss,min,0.020299085536161283,0.0,0.020299085536161283,0.0,1.0,0.0,653.0,0.0,2.058460235595703,"{""callbacks"": {""early_stopping"": true, ""min_delta"": 0.0, ""mode"": ""auto"", ""monitor"": ""val_loss"", ""patience"": 40, ""restore_best_weights"": true, ""verbose"": 0}, ""cv"": {""k"": 5, ""seed"": 42, ""shuffle"": true}, ""data"": {""train_path"": ""data/MONK/MONK1/monks-1.train""}, ""model"": {""activation"": ""tanh"", ""dropout"": 0.0, ""hidden_units"": [4]}, ""optim"": {""lr"": 0.01, ""momentum"": 0.0, ""name"": ""adam""}, ""regularizer"": {""l2"": ""1e-4""}, ""seed"": 42, ""split"": {""stratified"": true, ""val_size"": 0.2}, ""training"": {""batch_size"": 32, ""epochs"": 800, ""include_reg_in_val"": false, ""shuffle"": true}}"
0051a393b90f,42,holdout,val_loss,min,0.0069744323020180955,0.0,0.0069744323020180955,0.0,1.0,0.0,716.0,0.0,2.4781253337860107,"{""callbacks"": {""early_stopping"": true, ""min_delta"": 0.0, ""mode"": ""auto"", ""monitor"": ""val_loss"", ""patience"": 40, ""restore_best_weights"": true, ""verbose"": 0}, ""cv"": {""k"": 5, ""seed"": 42, ""shuffle"": true}, ""data"": {""train_path"": ""data/MONK/MONK1/monks-1.train""}, ""model"": {""activation"": ""tanh"", ""dropout"": 0.0, ""hidden_units"": [4]}, ""optim"": {""lr"": 0.01, ""momentum"": 0.0, ""name"": ""adam""}, ""regularizer"": {""l2"": ""1e-4""}, ""seed"": 42, ""split"": {""stratified"": true, ""val_size"": 0.2}, ""training"": {""batch_size"": 16, ""epochs"": 1000, ""include_reg_in_val"": false, ""shuffle"": true}}"
5bcc2af178c8,42,holdout,val_loss,min,0.0069744323020180955,0.0,0.0069744323020180955,0.0,1.0,0.0,716.0,0.0,2.3485114574432373,"{""callbacks"": {""early_stopping"": true, ""min_delta"": 0.0, ""mode"": ""auto"", ""monitor"": ""val_loss"", ""patience"": 40, ""restore_best_weights"": true, ""verbose"": 0}, ""cv"": {""k"": 5, ""seed"": 42, ""shuffle"": true}, ""data"": {""train_path"": ""data/MONK/MONK1/monks-1.train""}, ""model"": {""activation"": ""tanh"", ""dropout"": 0.0, ""hidden_units"": [4]}, ""optim"": {""lr"": 0.01, ""momentum"": 0.5, ""name"": ""adam""}, ""regularizer"": {""l2"": ""1e-4""}, ""seed"": 42, ""split"": {""stratified"": true, ""val_size"": 0.2}, ""training"": {""batch_size"": 16, ""epochs"": 800, ""include_reg_in_val"": false, ""shuffle"": true}}"
92908d88bf18,42,holdout,val_loss,min,0.020299085536161283,0.0,0.020299085536161283,0.0,1.0,0.0,653.0,0.0,2.130258798599243,"{""callbacks"": {""early_stopping"": true, ""min_delta"": 0.0, ""mode"": ""auto"", ""monitor"": ""val_loss"", ""patience"": 40, ""restore_best_weights"": true, ""verbose"": 0}, ""cv"": {""k"": 5, ""seed"": 42, ""shuffle"": true}, ""data"": {""train_path"": ""data/MONK/MONK1/monks-1.train""}, ""model"": {""activation"": ""tanh"", ""dropout"": 0.0, ""hidden_units"": [4]}, ""optim"": {""lr"": 0.01, ""momentum"": 0.5, ""name"": ""adam""}, ""regularizer"": {""l2"": ""1e-4""}, ""seed"": 42, ""split"": {""stratified"": true, ""val_size"": 0.2}, ""training"": {""batch_size"": 32, ""epochs"": 800, ""include_reg_in_val"": false, ""shuffle"": true}}"
f74d0c16e3d8,42,holdout,val_loss,min,0.020299085536161283,0.0,0.020299085536161283,0.0,1.0,0.0,653.0,0.0,2.0358238220214844,"{""callbacks"": {""early_stopping"": true, ""min_delta"": 0.0, ""mode"": ""auto"", ""monitor"": ""val_loss"", ""patience"": 40, ""restore_best_weights"": true, ""verbose"": 0}, ""cv"": {""k"": 5, ""seed"": 42, ""shuffle"": true}, ""data"": {""train_path"": ""data/MONK/MONK1/monks-1.train""}, ""model"": {""activation"": ""tanh"", ""dropout"": 0.0, ""hidden_units"": [4]}, ""optim"": {""lr"": 0.01, ""momentum"": 0.5, ""name"": ""adam""}, ""regularizer"": {""l2"": ""1e-4""}, ""seed"": 42, ""split"": {""stratified"": true, ""val_size"": 0.2}, ""training"": {""batch_size"": 32, ""epochs"": 1000, ""include_reg_in_val"": false, ""shuffle"": true}}"
237155e2dbb7,42,holdout,val_loss,min,0.0069744323020180955,0.0,0.0069744323020180955,0.0,1.0,0.0,716.0,0.0,3.8312265872955322,"{""callbacks"": {""early_stopping"": true, ""min_delta"": 0.0, ""mode"": ""auto"", ""monitor"": ""val_loss"", ""patience"": 40, ""restore_best_weights"": true, ""verbose"": 0}, ""cv"": {""k"": 5, ""seed"": 42, ""shuffle"": true}, ""data"": {""train_path"": ""data/MONK/MONK1/monks-1.train""}, ""model"": {""activation"": ""tanh"", ""dropout"": 0.0, ""hidden_units"": [4]}, ""optim"": {""lr"": 0.01, ""momentum"": 0.0, ""name"": ""adam""}, ""regularizer"": {""l2"": ""1e-4""}, ""seed"": 42, ""split"": {""stratified"": true, ""val_size"": 0.2}, ""training"": {""batch_size"": 16, ""epochs"": 800, ""include_reg_in_val"": false, ""shuffle"": true}}"
a229a6e0b260,42,holdout,val_loss,min,0.020299085536161283,0.0,0.020299085536161283,0.0,1.0,0.0,653.0,0.0,1.406752586364746,"{""callbacks"": {""early_stopping"": true, ""min_delta"": 0.0, ""mode"": ""auto"", ""monitor"": ""val_loss"", ""patience"": 40, ""restore_best_weights"": true, ""verbose"": 0}, ""cv"": {""k"": 5, ""seed"": 42, ""shuffle"": true}, ""data"": {""train_path"": ""data/MONK/MONK1/monks-1.train""}, ""model"": {""activation"": ""tanh"", ""dropout"": 0.0, ""hidden_units"": [4]}, ""optim"": {""lr"": 0.01, ""momentum"": 0.9, ""name"": ""adam""}, ""regularizer"": {""l2"": ""1e-4""}, ""seed"": 42, ""split"": {""stratified"": true, ""val_size"": 0.2}, ""training"": {""batch_size"": 32, ""epochs"": 800, ""include_reg_in_val"": false, ""shuffle"": true}}"
88b42a51579c,42,holdout,val_loss,min,0.020299085536161283,0.0,0.020299085536161283,0.0,1.0,0.0,653.0,0.0,1.3262791633605957,"{""callbacks"": {""early_stopping"": true, ""min_delta"": 0.0, ""mode"": ""auto"", ""monitor"": ""val_loss"", ""patience"": 40, ""restore_best_weights"": true, ""verbose"": 0}, ""cv"": {""k"": 5, ""seed"": 42, ""shuffle"": true}, ""data"": {""train_path"": ""data/MONK/MONK1/monks-1.train""}, ""model"": {""activation"": ""tanh"", ""dropout"": 0.0, ""hidden_units"": [4]}, ""optim"": {""lr"": 0.01, ""momentum"": 0.9, ""name"": ""adam""}, ""regularizer"": {""l2"": ""1e-4""}, ""seed"": 42, ""split"": {""stratified"": true, ""val_size"": 0.2}, ""training"": {""batch_size"": 32, ""epochs"": 1000, ""include_reg_in_val"": false, ""shuffle"": true}}"
e8c8f5764f9e,42,holdout,val_loss,min,0.0069744323020180955,0.0,0.0069744323020180955,0.0,1.0,0.0,716.0,0.0,3.7978575229644775,"{""callbacks"": {""early_stopping"": true, ""min_delta"": 0.0, ""mode"": ""auto"", ""monitor"": ""val_loss"", ""patience"": 40, ""restore_best_weights"": true, ""verbose"": 0}, ""cv"": {""k"": 5, ""seed"": 42, ""shuffle"": true}, ""data"": {""train_path"": ""data/MONK/MONK1/monks-1.train""}, ""model"": {""activation"": ""tanh"", ""dropout"": 0.0, ""hidden_units"": [4]}, ""optim"": {""lr"": 0.01, ""momentum"": 0.5, ""name"": ""adam""}, ""regularizer"": {""l2"": ""1e-4""}, ""seed"": 42, ""split"": {""stratified"": true, ""val_size"": 0.2}, ""training"": {""batch_size"": 16, ""epochs"": 1000, ""include_reg_in_val"": false, ""shuffle"": true}}"
69db4009ec5a,42,holdout,val_loss,min,0.0069744323020180955,0.0,0.0069744323020180955,0.0,1.0,0.0,716.0,0.0,2.509664297103882,"{""callbacks"": {""early_stopping"": true, ""min_delta"": 0.0, ""mode"": ""auto"", ""monitor"": ""val_loss"", ""patience"": 40, ""restore_best_weights"": true, ""verbose"": 0}, ""cv"": {""k"": 5, ""seed"": 42, ""shuffle"": true}, ""data"": {""train_path"": ""data/MONK/MONK1/monks-1.train""}, ""model"": {""activation"": ""tanh"", ""dropout"": 0.0, ""hidden_units"": [4]}, ""optim"": {""lr"": 0.01, ""momentum"": 0.9, ""name"": ""adam""}, ""regularizer"": {""l2"": ""1e-4""}, ""seed"": 42, ""split"": {""stratified"": true, ""val_size"": 0.2}, ""training"": {""batch_size"": 16, ""epochs"": 800, ""include_reg_in_val"": false, ""shuffle"": true}}"
2edf4a3792a6,42,holdout,val_loss,min,0.47259421208064917,0.0,0.47259421208064917,0.0,0.76,0.0,247.0,0.0,0.6662440299987793,"{""callbacks"": {""early_stopping"": true, ""min_delta"": 0.0, ""mode"": ""auto"", ""monitor"": ""val_loss"", ""patience"": 40, ""restore_best_weights"": true, ""verbose"": 0}, ""cv"": {""k"": 5, ""seed"": 42, ""shuffle"": true}, ""data"": {""train_path"": ""data/MONK/MONK1/monks-1.train""}, ""model"": {""activation"": ""tanh"", ""dropout"": 0.0, ""hidden_units"": [4]}, ""optim"": {""lr"": 0.001, ""momentum"": 0.0, ""name"": ""adam""}, ""regularizer"": {""l2"": ""1e-4""}, ""seed"": 42, ""split"": {""stratified"": true, ""val_size"": 0.2}, ""training"": {""batch_size"": 32, ""epochs"": 1000, ""include_reg_in_val"": false, ""shuffle"": true}}"
cc7b379dca65,42,holdout,val_loss,min,0.47259421208064917,0.0,0.47259421208064917,0.0,0.76,0.0,247.0,0.0,0.7700145244598389,"{""callbacks"": {""early_stopping"": true, ""min_delta"": 0.0, ""mode"": ""auto"", ""monitor"": ""val_loss"", ""patience"": 40, ""restore_best_weights"": true, ""verbose"": 0}, ""cv"": {""k"": 5, ""seed"": 42, ""shuffle"": true}, ""data"": {""train_path"": ""data/MONK/MONK1/monks-1.train""}, ""model"": {""activation"": ""tanh"", ""dropout"": 0.0, ""hidden_units"": [4]}, ""optim"": {""lr"": 0.001, ""momentum"": 0.0, ""name"": ""adam""}, ""regularizer"": {""l2"": ""1e-4""}, ""seed"": 42, ""split"": {""stratified"": true, ""val_size"": 0.2}, ""training"": {""batch_size"": 32, ""epochs"": 800, ""include_reg_in_val"": false, ""shuffle"": true}}"
a3a53a9bd554,42,holdout,val_loss,min,0.47259421208064917,0.0,0.47259421208064917,0.0,0.76,0.0,247.0,0.0,0.6994743347167969,"{""callbacks"": {""early_stopping"": true, ""min_delta"": 0.0, ""mode"": ""auto"", ""monitor"": ""val_loss"", ""patience"": 40, ""restore_best_weights"": true, ""verbose"": 0}, ""cv"": {""k"": 5, ""seed"": 42, ""shuffle"": true}, ""data"": {""train_path"": ""data/MONK/MONK1/monks-1.train""}, ""model"": {""activation"": ""tanh"", ""dropout"": 0.0, ""hidden_units"": [4]}, ""optim"": {""lr"": 0.001, ""momentum"": 0.5, ""name"": ""adam""}, ""regularizer"": {""l2"": ""1e-4""}, ""seed"": 42, ""split"": {""stratified"": true, ""val_size"": 0.2}, ""training"": {""batch_size"": 32, ""epochs"": 800, ""include_reg_in_val"": false, ""shuffle"": true}}"
3725cd92246f,42,holdout,val_loss,min,0.47259421208064917,0.0,0.47259421208064917,0.0,0.76,0.0,247.0,0.0,0.690187931060791,"{""callbacks"": {""early_stopping"": true, ""min_delta"": 0.0, ""mode"": ""auto"", ""monitor"": ""val_loss"", ""patience"": 40, ""restore_best_weights"": true, ""verbose"": 0}, ""cv"": {""k"": 5, ""seed"": 42, ""shuffle"": true}, ""data"": {""train_path"": ""data/MONK/MONK1/monks-1.train""}, ""model"": {""activation"": ""tanh"", ""dropout"": 0.0, ""hidden_units"": [4]}, ""optim"": {""lr"": 0.001, ""momentum"": 0.5, ""name"": ""adam""}, ""regularizer"": {""l2"": ""1e-4""}, ""seed"": 42, ""split"": {""stratified"": true, ""val_size"": 0.2}, ""training"": {""batch_size"": 32, ""epochs"": 1000, ""include_reg_in_val"": false, ""shuffle"": true}}"
d4572ed0c5db,42,holdout,val_loss,min,0.0069744323020180955,0.0,0.0069744323020180955,0.0,1.0,0.0,716.0,0.0,3.419140338897705,"{""callbacks"": {""early_stopping"": true, ""min_delta"": 0.0, ""mode"": ""auto"", ""monitor"": ""val_loss"", ""patience"": 40, ""restore_best_weights"": true, ""verbose"": 0}, ""cv"": {""k"": 5, ""seed"": 42, ""shuffle"": true}, ""data"": {""train_path"": ""data/MONK/MONK1/monks-1.train""}, ""model"": {""activation"": ""tanh"", ""dropout"": 0.0, ""hidden_units"": [4]}, ""optim"": {""lr"": 0.01, ""momentum"": 0.9, ""name"": ""adam""}, ""regularizer"": {""l2"": ""1e-4""}, ""seed"": 42, ""split"": {""stratified"": true, ""val_size"": 0.2}, ""training"": {""batch_size"": 16, ""epochs"": 1000, ""include_reg_in_val"": false, ""shuffle"": true}}"
f6dd5befae32,42,holdout,val_loss,min,0.47259421208064917,0.0,0.47259421208064917,0.0,0.76,0.0,247.0,0.0,0.6950421333312988,"{""callbacks"": {""early_stopping"": true, ""min_delta"": 0.0, ""mode"": ""auto"", ""monitor"": ""val_loss"", ""patience"": 40, ""restore_best_weights"": true, ""verbose"": 0}, ""cv"": {""k"": 5, ""seed"": 42, ""shuffle"": true}, ""data"": {""train_path"": ""data/MONK/MONK1/monks-1.train""}, ""model"": {""activation"": ""tanh"", ""dropout"": 0.0, ""hidden_units"": [4]}, ""optim"": {""lr"": 0.001, ""momentum"": 0.9, ""name"": ""adam""}, ""regularizer"": {""l2"": ""1e-4""}, ""seed"": 42, ""split"": {""stratified"": true, ""val_size"": 0.2}, ""training"": {""batch_size"": 32, ""epochs"": 800, ""include_reg_in_val"": false, ""shuffle"": true}}"
62bcb2ecc0c1,42,holdout,val_loss,min,0.47259421208064917,0.0,0.47259421208064917,0.0,0.76,0.0,247.0,0.0,0.6984238624572754,"{""callbacks"": {""early_stopping"": true, ""min_delta"": 0.0, ""mode"": ""auto"", ""monitor"": ""val_loss"", ""patience"": 40, ""restore_best_weights"": true, ""verbose"": 0}, ""cv"": {""k"": 5, ""seed"": 42, ""shuffle"": true}, ""data"": {""train_path"": ""data/MONK/MONK1/monks-1.train""}, ""model"": {""activation"": ""tanh"", ""dropout"": 0.0, ""hidden_units"": [4]}, ""optim"": {""lr"": 0.001, ""momentum"": 0.9, ""name"": ""adam""}, ""regularizer"": {""l2"": ""1e-4""}, ""seed"": 42, ""split"": {""stratified"": true, ""val_size"": 0.2}, ""training"": {""batch_size"": 32, ""epochs"": 1000, ""include_reg_in_val"": false, ""shuffle"": true}}"
75dd41a421a4,42,holdout,val_loss,min,0.1886481552783893,0.0,0.1886481552783893,0.0,0.88,0.0,800.0,0.0,3.4157676696777344,"{""callbacks"": {""early_stopping"": true, ""min_delta"": 0.0, ""mode"": ""auto"", ""monitor"": ""val_loss"", ""patience"": 40, ""restore_best_weights"": true, ""verbose"": 0}, ""cv"": {""k"": 5, ""seed"": 42, ""shuffle"": true}, ""data"": {""train_path"": ""data/MONK/MONK1/monks-1.train""}, ""model"": {""activation"": ""tanh"", ""dropout"": 0.0, ""hidden_units"": [4]}, ""optim"": {""lr"": 0.001, ""momentum"": 0.0, ""name"": ""adam""}, ""regularizer"": {""l2"": ""1e-4""}, ""seed"": 42, ""split"": {""stratified"": true, ""val_size"": 0.2}, ""training"": {""batch_size"": 16, ""epochs"": 800, ""include_reg_in_val"": false, ""shuffle"": true}}"
474ea57ccdab,42,holdout,val_loss,min,0.14847353338932845,0.0,0.14847353338932845,0.0,1.0,0.0,170.0,0.0,0.6483075618743896,"{""callbacks"": {""early_stopping"": true, ""min_delta"": 0.0, ""mode"": ""auto"", ""monitor"": ""val_loss"", ""patience"": 40, ""restore_best_weights"": true, ""verbose"": 0}, ""cv"": {""k"": 5, ""seed"": 42, ""shuffle"": true}, ""data"": {""train_path"": ""data/MONK/MONK1/monks-1.train""}, ""model"": {""activation"": ""tanh"", ""dropout"": 0.0, ""hidden_units"": [4]}, ""optim"": {""lr"": 0.3, ""momentum"": 0.0, ""name"": ""sgd""}, ""regularizer"": {""l2"": ""1e-2""}, ""seed"": 42, ""split"": {""stratified"": true, ""val_size"": 0.2}, ""training"": {""batch_size"": 16, ""epochs"": 800, ""include_reg_in_val"": false, ""shuffle"": true}}"
9eaee3c12bd8,42,holdout,val_loss,min,0.15899552084148943,0.0,0.15899552084148943,0.0,1.0,0.0,170.0,0.0,0.422745943069458,"{""callbacks"": {""early_stopping"": true, ""min_delta"": 0.0, ""mode"": ""auto"", ""monitor"": ""val_loss"", ""patience"": 40, ""restore_best_weights"": true, ""verbose"": 0}, ""cv"": {""k"": 5, ""seed"": 42, ""shuffle"": true}, ""data"": {""train_path"": ""data/MONK/MONK1/monks-1.train""}, ""model"": {""activation"": ""tanh"", ""dropout"": 0.0, ""hidden_units"": [4]}, ""optim"": {""lr"": 0.3, ""momentum"": 0.0, ""name"": ""sgd""}, ""regularizer"": {""l2"": ""1e-2""}, ""seed"": 42, ""split"": {""stratified"": true, ""val_size"": 0.2}, ""training"": {""batch_size"": 32, ""epochs"": 800, ""include_reg_in_val"": false, ""shuffle"": true}}"
06420b36d349,42,holdout,val_loss,min,0.14847353338932845,0.0,0.14847353338932845,0.0,1.0,0.0,170.0,0.0,0.6307022571563721,"{""callbacks"": {""early_stopping"": true, ""min_delta"": 0.0, ""mode"": ""auto"", ""monitor"": ""val_loss"", ""patience"": 40, ""restore_best_weights"": true, ""verbose"": 0}, ""cv"": {""k"": 5, ""seed"": 42, ""shuffle"": true}, ""data"": {""train_path"": ""data/MONK/MONK1/monks-1.train""}, ""model"": {""activation"": ""tanh"", ""dropout"": 0.0, ""hidden_units"": [4]}, ""optim"": {""lr"": 0.3, ""momentum"": 0.0, ""name"": ""sgd""}, ""regularizer"": {""l2"": ""1e-2""}, ""seed"": 42, ""split"": {""stratified"": true, ""val_size"": 0.2}, ""training"": {""batch_size"": 16, ""epochs"": 1000, ""include_reg_in_val"": false, ""shuffle"": true}}"
21c819dd09b1,42,holdout,val_loss,min,0.1886481552783893,0.0,0.1886481552783893,0.0,0.88,0.0,800.0,0.0,3.0967514514923096,"{""callbacks"": {""early_stopping"": true, ""min_delta"": 0.0, ""mode"": ""auto"", ""monitor"": ""val_loss"", ""patience"": 40, ""restore_best_weights"": true, ""verbose"": 0}, ""cv"": {""k"": 5, ""seed"": 42, ""shuffle"": true}, ""data"": {""train_path"": ""data/MONK/MONK1/monks-1.train""}, ""model"": {""activation"": ""tanh"", ""dropout"": 0.0, ""hidden_units"": [4]}, ""optim"": {""lr"": 0.001, ""momentum"": 0.5, ""name"": ""adam""}, ""regularizer"": {""l2"": ""1e-4""}, ""seed"": 42, ""split"": {""stratified"": true, ""val_size"": 0.2}, ""training"": {""batch_size"": 16, ""epochs"": 800, ""include_reg_in_val"": false, ""shuffle"": true}}"
1406f3e0b73b,42,holdout,val_loss,min,0.15899552084148943,0.0,0.15899552084148943,0.0,1.0,0.0,170.0,0.0,0.3938868045806885,"{""callbacks"": {""early_stopping"": true, ""min_delta"": 0.0, ""mode"": ""auto"", ""monitor"": ""val_loss"", ""patience"": 40, ""restore_best_weights"": true, ""verbose"": 0}, ""cv"": {""k"": 5, ""seed"": 42, ""shuffle"": true}, ""data"": {""train_path"": ""data/MONK/MONK1/monks-1.train""}, ""model"": {""activation"": ""tanh"", ""dropout"": 0.0, ""hidden_units"": [4]}, ""optim"": {""lr"": 0.3, ""momentum"": 0.0, ""name"": ""sgd""}, ""regularizer"": {""l2"": ""1e-2""}, ""seed"": 42, ""split"": {""stratified"": true, ""val_size"": 0.2}, ""training"": {""batch_size"": 32, ""epochs"": 1000, ""include_reg_in_val"": false, ""shuffle"": true}}"
b53533d78d4a,42,holdout,val_loss,min,0.13054555264813988,0.0,0.13054555264813988,0.0,1.0,0.0,105.0,0.0,0.479036808013916,"{""callbacks"": {""early_stopping"": true, ""min_delta"": 0.0, ""mode"": ""auto"", ""monitor"": ""val_loss"", ""patience"": 40, ""restore_best_weights"": true, ""verbose"": 0}, ""cv"": {""k"": 5, ""seed"": 42, ""shuffle"": true}, ""data"": {""train_path"": ""data/MONK/MONK1/monks-1.train""}, ""model"": {""activation"": ""tanh"", ""dropout"": 0.0, ""hidden_units"": [4]}, ""optim"": {""lr"": 0.3, ""momentum"": 0.5, ""name"": ""sgd""}, ""regularizer"": {""l2"": ""1e-2""}, ""seed"": 42, ""split"": {""stratified"": true, ""val_size"": 0.2}, ""training"": {""batch_size"": 16, ""epochs"": 800, ""include_reg_in_val"": false, ""shuffle"": true}}"
e81aded3add5,42,holdout,val_loss,min,0.13726598973131854,0.0,0.13726598973131854,0.0,0.88,0.0,1000.0,0.0,4.3630828857421875,"{""callbacks"": {""early_stopping"": true, ""min_delta"": 0.0, ""mode"": ""auto"", ""monitor"": ""val_loss"", ""patience"": 40, ""restore_best_weights"": true, ""verbose"": 0}, ""cv"": {""k"": 5, ""seed"": 42, ""shuffle"": true}, ""data"": {""train_path"": ""data/MONK/MONK1/monks-1.train""}, ""model"": {""activation"": ""tanh"", ""dropout"": 0.0, ""hidden_units"": [4]}, ""optim"": {""lr"": 0.001, ""momentum"": 0.0, ""name"": ""adam""}, ""regularizer"": {""l2"": ""1e-4""}, ""seed"": 42, ""split"": {""stratified"": true, ""val_size"": 0.2}, ""training"": {""batch_size"": 16, ""epochs"": 1000, ""include_reg_in_val"": false, ""shuffle"": true}}"
bb3f05be46c9,42,holdout,val_loss,min,0.14538295573856577,0.0,0.14538295573856577,0.0,1.0,0.0,145.0,0.0,0.35112690925598145,"{""callbacks"": {""early_stopping"": true, ""min_delta"": 0.0, ""mode"": ""auto"", ""monitor"": ""val_loss"", ""patience"": 40, ""restore_best_weights"": true, ""verbose"": 0}, ""cv"": {""k"": 5, ""seed"": 42, ""shuffle"": true}, ""data"": {""train_path"": ""data/MONK/MONK1/monks-1.train""}, ""model"": {""activation"": ""tanh"", ""dropout"": 0.0, ""hidden_units"": [4]}, ""optim"": {""lr"": 0.3, ""momentum"": 0.5, ""name"": ""sgd""}, ""regularizer"": {""l2"": ""1e-2""}, ""seed"": 42, ""split"": {""stratified"": true, ""val_size"": 0.2}, ""training"": {""batch_size"": 32, ""epochs"": 800, ""include_reg_in_val"": false, ""shuffle"": true}}"
e96d2e331e99,42,holdout,val_loss,min,0.13054555264813988,0.0,0.13054555264813988,0.0,1.0,0.0,105.0,0.0,0.4475252628326416,"{""callbacks"": {""early_stopping"": true, ""min_delta"": 0.0, ""mode"": ""auto"", ""monitor"": ""val_loss"", ""patience"": 40, ""restore_best_weights"": true, ""verbose"": 0}, ""cv"": {""k"": 5, ""seed"": 42, ""shuffle"": true}, ""data"": {""train_path"": ""data/MONK/MONK1/monks-1.train""}, ""model"": {""activation"": ""tanh"", ""dropout"": 0.0, ""hidden_units"": [4]}, ""optim"": {""lr"": 0.3, ""momentum"": 0.5, ""name"": ""sgd""}, ""regularizer"": {""l2"": ""1e-2""}, ""seed"": 42, ""split"": {""stratified"": true, ""val_size"": 0.2}, ""training"": {""batch_size"": 16, ""epochs"": 1000, ""include_reg_in_val"": false, ""shuffle"": true}}"
0913f147b9c1,42,holdout,val_loss,min,0.14538295573856577,0.0,0.14538295573856577,0.0,1.0,0.0,145.0,0.0,0.3565080165863037,"{""callbacks"": {""early_stopping"": true, ""min_delta"": 0.0, ""mode"": ""auto"", ""monitor"": ""val_loss"", ""patience"": 40, ""restore_best_weights"": true, ""verbose"": 0}, ""cv"": {""k"": 5, ""seed"": 42, ""shuffle"": true}, ""data"": {""train_path"": ""data/MONK/MONK1/monks-1.train""}, ""model"": {""activation"": ""tanh"", ""dropout"": 0.0, ""hidden_units"": [4]}, ""optim"": {""lr"": 0.3, ""momentum"": 0.5, ""name"": ""sgd""}, ""regularizer"": {""l2"": ""1e-2""}, ""seed"": 42, ""split"": {""stratified"": true, ""val_size"": 0.2}, ""training"": {""batch_size"": 32, ""epochs"": 1000, ""include_reg_in_val"": false, ""shuffle"": true}}"
320ae921f4f2,42,holdout,val_loss,min,0.12543011555365324,0.0,0.12543011555365324,0.0,1.0,0.0,34.0,0.0,0.24318480491638184,"{""callbacks"": {""early_stopping"": true, ""min_delta"": 0.0, ""mode"": ""auto"", ""monitor"": ""val_loss"", ""patience"": 40, ""restore_best_weights"": true, ""verbose"": 0}, ""cv"": {""k"": 5, ""seed"": 42, ""shuffle"": true}, ""data"": {""train_path"": ""data/MONK/MONK1/monks-1.train""}, ""model"": {""activation"": ""tanh"", ""dropout"": 0.0, ""hidden_units"": [4]}, ""optim"": {""lr"": 0.3, ""momentum"": 0.9, ""name"": ""sgd""}, ""regularizer"": {""l2"": ""1e-2""}, ""seed"": 42, ""split"": {""stratified"": true, ""val_size"": 0.2}, ""training"": {""batch_size"": 16, ""epochs"": 800, ""include_reg_in_val"": false, ""shuffle"": true}}"
895edf0c894d,42,holdout,val_loss,min,0.12543011555365324,0.0,0.12543011555365324,0.0,1.0,0.0,34.0,0.0,0.24364805221557617,"{""callbacks"": {""early_stopping"": true, ""min_delta"": 0.0, ""mode"": ""auto"", ""monitor"": ""val_loss"", ""patience"": 40, ""restore_best_weights"": true, ""verbose"": 0}, ""cv"": {""k"": 5, ""seed"": 42, ""shuffle"": true}, ""data"": {""train_path"": ""data/MONK/MONK1/monks-1.train""}, ""model"": {""activation"": ""tanh"", ""dropout"": 0.0, ""hidden_units"": [4]}, ""optim"": {""lr"": 0.3, ""momentum"": 0.9, ""name"": ""sgd""}, ""regularizer"": {""l2"": ""1e-2""}, ""seed"": 42, ""split"": {""stratified"": true, ""val_size"": 0.2}, ""training"": {""batch_size"": 16, ""epochs"": 1000, ""include_reg_in_val"": false, ""shuffle"": true}}"
6c0f74d414e8,42,holdout,val_loss,min,0.19872571146970736,0.0,0.19872571146970736,0.0,0.92,0.0,75.0,0.0,0.22201251983642578,"{""callbacks"": {""early_stopping"": true, ""min_delta"": 0.0, ""mode"": ""auto"", ""monitor"": ""val_loss"", ""patience"": 40, ""restore_best_weights"": true, ""verbose"": 0}, ""cv"": {""k"": 5, ""seed"": 42, ""shuffle"": true}, ""data"": {""train_path"": ""data/MONK/MONK1/monks-1.train""}, ""model"": {""activation"": ""tanh"", ""dropout"": 0.0, ""hidden_units"": [4]}, ""optim"": {""lr"": 0.3, ""momentum"": 0.9, ""name"": ""sgd""}, ""regularizer"": {""l2"": ""1e-2""}, ""seed"": 42, ""split"": {""stratified"": true, ""val_size"": 0.2}, ""training"": {""batch_size"": 32, ""epochs"": 800, ""include_reg_in_val"": false, ""shuffle"": true}}"
85ffe5d76e92,42,holdout,val_loss,min,0.19872571146970736,0.0,0.19872571146970736,0.0,0.92,0.0,75.0,0.0,0.25780367851257324,"{""callbacks"": {""early_stopping"": true, ""min_delta"": 0.0, ""mode"": ""auto"", ""monitor"": ""val_loss"", ""patience"": 40, ""restore_best_weights"": true, ""verbose"": 0}, ""cv"": {""k"": 5, ""seed"": 42, ""shuffle"": true}, ""data"": {""train_path"": ""data/MONK/MONK1/monks-1.train""}, ""model"": {""activation"": ""tanh"", ""dropout"": 0.0, ""hidden_units"": [4]}, ""optim"": {""lr"": 0.3, ""momentum"": 0.9, ""name"": ""sgd""}, ""regularizer"": {""l2"": ""1e-2""}, ""seed"": 42, ""split"": {""stratified"": true, ""val_size"": 0.2}, ""training"": {""batch_size"": 32, ""epochs"": 1000, ""include_reg_in_val"": false, ""shuffle"": true}}"
27687fd52301,42,holdout,val_loss,min,0.1886481552783893,0.0,0.1886481552783893,0.0,0.88,0.0,800.0,0.0,3.3017425537109375,"{""callbacks"": {""early_stopping"": true, ""min_delta"": 0.0, ""mode"": ""auto"", ""monitor"": ""val_loss"", ""patience"": 40, ""restore_best_weights"": true, ""verbose"": 0}, ""cv"": {""k"": 5, ""seed"": 42, ""shuffle"": true}, ""data"": {""train_path"": ""data/MONK/MONK1/monks-1.train""}, ""model"": {""activation"": ""tanh"", ""dropout"": 0.0, ""hidden_units"": [4]}, ""optim"": {""lr"": 0.001, ""momentum"": 0.9, ""name"": ""adam""}, ""regularizer"": {""l2"": ""1e-4""}, ""seed"": 42, ""split"": {""stratified"": true, ""val_size"": 0.2}, ""training"": {""batch_size"": 16, ""epochs"": 800, ""include_reg_in_val"": false, ""shuffle"": true}}"
434a766bb7a0,42,holdout,val_loss,min,0.17059729535390347,0.0,0.17059729535390347,0.0,1.0,0.0,243.0,0.0,0.5326156616210938,"{""callbacks"": {""early_stopping"": true, ""min_delta"": 0.0, ""mode"": ""auto"", ""monitor"": ""val_loss"", ""patience"": 40, ""restore_best_weights"": true, ""verbose"": 0}, ""cv"": {""k"": 5, ""seed"": 42, ""shuffle"": true}, ""data"": {""train_path"": ""data/MONK/MONK1/monks-1.train""}, ""model"": {""activation"": ""tanh"", ""dropout"": 0.0, ""hidden_units"": [4]}, ""optim"": {""lr"": 0.2, ""momentum"": 0.0, ""name"": ""sgd""}, ""regularizer"": {""l2"": ""1e-2""}, ""seed"": 42, ""split"": {""stratified"": true, ""val_size"": 0.2}, ""training"": {""batch_size"": 32, ""epochs"": 800, ""include_reg_in_val"": false, ""shuffle"": true}}"
9f399a823315,42,holdout,val_loss,min,0.17059729535390347,0.0,0.17059729535390347,0.0,1.0,0.0,243.0,0.0,0.4874699115753174,"{""callbacks"": {""early_stopping"": true, ""min_delta"": 0.0, ""mode"": ""auto"", ""monitor"": ""val_loss"", ""patience"": 40, ""restore_best_weights"": true, ""verbose"": 0}, ""cv"": {""k"": 5, ""seed"": 42, ""shuffle"": true}, ""data"": {""train_path"": ""data/MONK/MONK1/monks-1.train""}, ""model"": {""activation"": ""tanh"", ""dropout"": 0.0, ""hidden_units"": [4]}, ""optim"": {""lr"": 0.2, ""momentum"": 0.0, ""name"": ""sgd""}, ""regularizer"": {""l2"": ""1e-2""}, ""seed"": 42, ""split"": {""stratified"": true, ""val_size"": 0.2}, ""training"": {""batch_size"": 32, ""epochs"": 1000, ""include_reg_in_val"": false, ""shuffle"": true}}"
8f9e56d5a51d,42,holdout,val_loss,min,0.15486420516727828,0.0,0.15486420516727828,0.0,1.0,0.0,220.0,0.0,0.8053159713745117,"{""callbacks"": {""early_stopping"": true, ""min_delta"": 0.0, ""mode"": ""auto"", ""monitor"": ""val_loss"", ""patience"": 40, ""restore_best_weights"": true, ""verbose"": 0}, ""cv"": {""k"": 5, ""seed"": 42, ""shuffle"": true}, ""data"": {""train_path"": ""data/MONK/MONK1/monks-1.train""}, ""model"": {""activation"": ""tanh"", ""dropout"": 0.0, ""hidden_units"": [4]}, ""optim"": {""lr"": 0.2, ""momentum"": 0.0, ""name"": ""sgd""}, ""regularizer"": {""l2"": ""1e-2""}, ""seed"": 42, ""split"": {""stratified"": true, ""val_size"": 0.2}, ""training"": {""batch_size"": 16, ""epochs"": 800, ""include_reg_in_val"": false, ""shuffle"": true}}"
223657d5808e,42,holdout,val_loss,min,0.13726598973131854,0.0,0.13726598973131854,0.0,0.88,0.0,1000.0,0.0,4.1380369663238525,"{""callbacks"": {""early_stopping"": true, ""min_delta"": 0.0, ""mode"": ""auto"", ""monitor"": ""val_loss"", ""patience"": 40, ""restore_best_weights"": true, ""verbose"": 0}, ""cv"": {""k"": 5, ""seed"": 42, ""shuffle"": true}, ""data"": {""train_path"": ""data/MONK/MONK1/monks-1.train""}, ""model"": {""activation"": ""tanh"", ""dropout"": 0.0, ""hidden_units"": [4]}, ""optim"": {""lr"": 0.001, ""momentum"": 0.5, ""name"": ""adam""}, ""regularizer"": {""l2"": ""1e-4""}, ""seed"": 42, ""split"": {""stratified"": true, ""val_size"": 0.2}, ""training"": {""batch_size"": 16, ""epochs"": 1000, ""include_reg_in_val"": false, ""shuffle"": true}}"
faf7cb6b6d57,42,holdout,val_loss,min,0.15486420516727828,0.0,0.15486420516727828,0.0,1.0,0.0,220.0,0.0,0.8182218074798584,"{""callbacks"": {""early_stopping"": true, ""min_delta"": 0.0, ""mode"": ""auto"", ""monitor"": ""val_loss"", ""patience"": 40, ""restore_best_weights"": true, ""verbose"": 0}, ""cv"": {""k"": 5, ""seed"": 42, ""shuffle"": true}, ""data"": {""train_path"": ""data/MONK/MONK1/monks-1.train""}, ""model"": {""activation"": ""tanh"", ""dropout"": 0.0, ""hidden_units"": [4]}, ""optim"": {""lr"": 0.2, ""momentum"": 0.0, ""name"": ""sgd""}, ""regularizer"": {""l2"": ""1e-2""}, ""seed"": 42, ""split"": {""stratified"": true, ""val_size"": 0.2}, ""training"": {""batch_size"": 16, ""epochs"": 1000, ""include_reg_in_val"": false, ""shuffle"": true}}"
f77ca255f794,42,holdout,val_loss,min,0.1497127830937982,0.0,0.1497127830937982,0.0,1.0,0.0,145.0,0.0,0.3622417449951172,"{""callbacks"": {""early_stopping"": true, ""min_delta"": 0.0, ""mode"": ""auto"", ""monitor"": ""val_loss"", ""patience"": 40, ""restore_best_weights"": true, ""verbose"": 0}, ""cv"": {""k"": 5, ""seed"": 42, ""shuffle"": true}, ""data"": {""train_path"": ""data/MONK/MONK1/monks-1.train""}, ""model"": {""activation"": ""tanh"", ""dropout"": 0.0, ""hidden_units"": [4]}, ""optim"": {""lr"": 0.2, ""momentum"": 0.5, ""name"": ""sgd""}, ""regularizer"": {""l2"": ""1e-2""}, ""seed"": 42, ""split"": {""stratified"": true, ""val_size"": 0.2}, ""training"": {""batch_size"": 32, ""epochs"": 1000, ""include_reg_in_val"": false, ""shuffle"": true}}"
f051f7bf7bc3,42,holdout,val_loss,min,0.1497127830937982,0.0,0.1497127830937982,0.0,1.0,0.0,145.0,0.0,0.3938026428222656,"{""callbacks"": {""early_stopping"": true, ""min_delta"": 0.0, ""mode"": ""auto"", ""monitor"": ""val_loss"", ""patience"": 40, ""restore_best_weights"": true, ""verbose"": 0}, ""cv"": {""k"": 5, ""seed"": 42, ""shuffle"": true}, ""data"": {""train_path"": ""data/MONK/MONK1/monks-1.train""}, ""model"": {""activation"": ""tanh"", ""dropout"": 0.0, ""hidden_units"": [4]}, ""optim"": {""lr"": 0.2, ""momentum"": 0.5, ""name"": ""sgd""}, ""regularizer"": {""l2"": ""1e-2""}, ""seed"": 42, ""split"": {""stratified"": true, ""val_size"": 0.2}, ""training"": {""batch_size"": 32, ""epochs"": 800, ""include_reg_in_val"": false, ""shuffle"": true}}"
62ed3f8773ca,42,holdout,val_loss,min,0.14757910105183336,0.0,0.14757910105183336,0.0,1.0,0.0,220.0,0.0,0.8573572635650635,"{""callbacks"": {""early_stopping"": true, ""min_delta"": 0.0, ""mode"": ""auto"", ""monitor"": ""val_loss"", ""patience"": 40, ""restore_best_weights"": true, ""verbose"": 0}, ""cv"": {""k"": 5, ""seed"": 42, ""shuffle"": true}, ""data"": {""train_path"": ""data/MONK/MONK1/monks-1.train""}, ""model"": {""activation"": ""tanh"", ""dropout"": 0.0, ""hidden_units"": [4]}, ""optim"": {""lr"": 0.2, ""momentum"": 0.5, ""name"": ""sgd""}, ""regularizer"": {""l2"": ""1e-2""}, ""seed"": 42, ""split"": {""stratified"": true, ""val_size"": 0.2}, ""training"": {""batch_size"": 16, ""epochs"": 800, ""include_reg_in_val"": false, ""shuffle"": true}}"
36a1843a52ac,42,holdout,val_loss,min,0.1128094338666149,0.0,0.1128094338666149,0.0,1.0,0.0,62.0,0.0,0.3234410285949707,"{""callbacks"": {""early_stopping"": true, ""min_delta"": 0.0, ""mode"": ""auto"", ""monitor"": ""val_loss"", ""patience"": 40, ""restore_best_weights"": true, ""verbose"": 0}, ""cv"": {""k"": 5, ""seed"": 42, ""shuffle"": true}, ""data"": {""train_path"": ""data/MONK/MONK1/monks-1.train""}, ""model"": {""activation"": ""tanh"", ""dropout"": 0.0, ""hidden_units"": [4]}, ""optim"": {""lr"": 0.2, ""momentum"": 0.9, ""name"": ""sgd""}, ""regularizer"": {""l2"": ""1e-2""}, ""seed"": 42, ""split"": {""stratified"": true, ""val_size"": 0.2}, ""training"": {""batch_size"": 16, ""epochs"": 800, ""include_reg_in_val"": false, ""shuffle"": true}}"
3272ea17343e,42,holdout,val_loss,min,0.1128094338666149,0.0,0.1128094338666149,0.0,1.0,0.0,62.0,0.0,0.34366750717163086,"{""callbacks"": {""early_stopping"": true, ""min_delta"": 0.0, ""mode"": ""auto"", ""monitor"": ""val_loss"", ""patience"": 40, ""restore_best_weights"": true, ""verbose"": 0}, ""cv"": {""k"": 5, ""seed"": 42, ""shuffle"": true}, ""data"": {""train_path"": ""data/MONK/MONK1/monks-1.train""}, ""model"": {""activation"": ""tanh"", ""dropout"": 0.0, ""hidden_units"": [4]}, ""optim"": {""lr"": 0.2, ""momentum"": 0.9, ""name"": ""sgd""}, ""regularizer"": {""l2"": ""1e-2""}, ""seed"": 42, ""split"": {""stratified"": true, ""val_size"": 0.2}, ""training"": {""batch_size"": 16, ""epochs"": 1000, ""include_reg_in_val"": false, ""shuffle"": true}}"
4d0f9acbe57d,42,holdout,val_loss,min,0.10889818762322429,0.0,0.10889818762322429,0.0,1.0,0.0,134.0,0.0,0.35250186920166016,"{""callbacks"": {""early_stopping"": true, ""min_delta"": 0.0, ""mode"": ""auto"", ""monitor"": ""val_loss"", ""patience"": 40, ""restore_best_weights"": true, ""verbose"": 0}, ""cv"": {""k"": 5, ""seed"": 42, ""shuffle"": true}, ""data"": {""train_path"": ""data/MONK/MONK1/monks-1.train""}, ""model"": {""activation"": ""tanh"", ""dropout"": 0.0, ""hidden_units"": [4]}, ""optim"": {""lr"": 0.2, ""momentum"": 0.9, ""name"": ""sgd""}, ""regularizer"": {""l2"": ""1e-2""}, ""seed"": 42, ""split"": {""stratified"": true, ""val_size"": 0.2}, ""training"": {""batch_size"": 32, ""epochs"": 800, ""include_reg_in_val"": false, ""shuffle"": true}}"
4c44ae4ecd7c,42,holdout,val_loss,min,0.14757910105183336,0.0,0.14757910105183336,0.0,1.0,0.0,220.0,0.0,0.85664963722229,"{""callbacks"": {""early_stopping"": true, ""min_delta"": 0.0, ""mode"": ""auto"", ""monitor"": ""val_loss"", ""patience"": 40, ""restore_best_weights"": true, ""verbose"": 0}, ""cv"": {""k"": 5, ""seed"": 42, ""shuffle"": true}, ""data"": {""train_path"": ""data/MONK/MONK1/monks-1.train""}, ""model"": {""activation"": ""tanh"", ""dropout"": 0.0, ""hidden_units"": [4]}, ""optim"": {""lr"": 0.2, ""momentum"": 0.5, ""name"": ""sgd""}, ""regularizer"": {""l2"": ""1e-2""}, ""seed"": 42, ""split"": {""stratified"": true, ""val_size"": 0.2}, ""training"": {""batch_size"": 16, ""epochs"": 1000, ""include_reg_in_val"": false, ""shuffle"": true}}"
adf7abc01fc9,42,holdout,val_loss,min,0.10889818762322429,0.0,0.10889818762322429,0.0,1.0,0.0,134.0,0.0,0.35871338844299316,"{""callbacks"": {""early_stopping"": true, ""min_delta"": 0.0, ""mode"": ""auto"", ""monitor"": ""val_loss"", ""patience"": 40, ""restore_best_weights"": true, ""verbose"": 0}, ""cv"": {""k"": 5, ""seed"": 42, ""shuffle"": true}, ""data"": {""train_path"": ""data/MONK/MONK1/monks-1.train""}, ""model"": {""activation"": ""tanh"", ""dropout"": 0.0, ""hidden_units"": [4]}, ""optim"": {""lr"": 0.2, ""momentum"": 0.9, ""name"": ""sgd""}, ""regularizer"": {""l2"": ""1e-2""}, ""seed"": 42, ""split"": {""stratified"": true, ""val_size"": 0.2}, ""training"": {""batch_size"": 32, ""epochs"": 1000, ""include_reg_in_val"": false, ""shuffle"": true}}"
d300999b4405,42,holdout,val_loss,min,0.13726598973131854,0.0,0.13726598973131854,0.0,0.88,0.0,1000.0,0.0,4.074029207229614,"{""callbacks"": {""early_stopping"": true, ""min_delta"": 0.0, ""mode"": ""auto"", ""monitor"": ""val_loss"", ""patience"": 40, ""restore_best_weights"": true, ""verbose"": 0}, ""cv"": {""k"": 5, ""seed"": 42, ""shuffle"": true}, ""data"": {""train_path"": ""data/MONK/MONK1/monks-1.train""}, ""model"": {""activation"": ""tanh"", ""dropout"": 0.0, ""hidden_units"": [4]}, ""optim"": {""lr"": 0.001, ""momentum"": 0.9, ""name"": ""adam""}, ""regularizer"": {""l2"": ""1e-4""}, ""seed"": 42, ""split"": {""stratified"": true, ""val_size"": 0.2}, ""training"": {""batch_size"": 16, ""epochs"": 1000, ""include_reg_in_val"": false, ""shuffle"": true}}"
48846946ca88,42,holdout,val_loss,min,0.2039820748225777,0.0,0.2039820748225777,0.0,0.92,0.0,414.0,0.0,0.8109860420227051,"{""callbacks"": {""early_stopping"": true, ""min_delta"": 0.0, ""mode"": ""auto"", ""monitor"": ""val_loss"", ""patience"": 40, ""restore_best_weights"": true, ""verbose"": 0}, ""cv"": {""k"": 5, ""seed"": 42, ""shuffle"": true}, ""data"": {""train_path"": ""data/MONK/MONK1/monks-1.train""}, ""model"": {""activation"": ""tanh"", ""dropout"": 0.0, ""hidden_units"": [4]}, ""optim"": {""lr"": 0.1, ""momentum"": 0.0, ""name"": ""sgd""}, ""regularizer"": {""l2"": ""1e-2""}, ""seed"": 42, ""split"": {""stratified"": true, ""val_size"": 0.2}, ""training"": {""batch_size"": 32, ""epochs"": 800, ""include_reg_in_val"": false, ""shuffle"": true}}"
6f44ad18c0b8,42,holdout,val_loss,min,0.1691049739961484,0.0,0.1691049739961484,0.0,1.0,0.0,243.0,0.0,0.5666885375976562,"{""callbacks"": {""early_stopping"": true, ""min_delta"": 0.0, ""mode"": ""auto"", ""monitor"": ""val_loss"", ""patience"": 40, ""restore_best_weights"": true, ""verbose"": 0}, ""cv"": {""k"": 5, ""seed"": 42, ""shuffle"": true}, ""data"": {""train_path"": ""data/MONK/MONK1/monks-1.train""}, ""model"": {""activation"": ""tanh"", ""dropout"": 0.0, ""hidden_units"": [4]}, ""optim"": {""lr"": 0.1, ""momentum"": 0.5, ""name"": ""sgd""}, ""regularizer"": {""l2"": ""1e-2""}, ""seed"": 42, ""split"": {""stratified"": true, ""val_size"": 0.2}, ""training"": {""batch_size"": 32, ""epochs"": 800, ""include_reg_in_val"": false, ""shuffle"": true}}"
b2d9b5390243,42,holdout,val_loss,min,0.2039820748225777,0.0,0.2039820748225777,0.0,0.92,0.0,414.0,0.0,0.8968057632446289,"{""callbacks"": {""early_stopping"": true, ""min_delta"": 0.0, ""mode"": ""auto"", ""monitor"": ""val_loss"", ""patience"": 40, ""restore_best_weights"": true, ""verbose"": 0}, ""cv"": {""k"": 5, ""seed"": 42, ""shuffle"": true}, ""data"": {""train_path"": ""data/MONK/MONK1/monks-1.train""}, ""model"": {""activation"": ""tanh"", ""dropout"": 0.0, ""hidden_units"": [4]}, ""optim"": {""lr"": 0.1, ""momentum"": 0.0, ""name"": ""sgd""}, ""regularizer"": {""l2"": ""1e-2""}, ""seed"": 42, ""split"": {""stratified"": true, ""val_size"": 0.2}, ""training"": {""batch_size"": 32, ""epochs"": 1000, ""include_reg_in_val"": false, ""shuffle"": true}}"
445ea00b4c63,42,holdout,val_loss,min,0.1691049739961484,0.0,0.1691049739961484,0.0,1.0,0.0,243.0,0.0,0.5816519260406494,"{""callbacks"": {""early_stopping"": true, ""min_delta"": 0.0, ""mode"": ""auto"", ""monitor"": ""val_loss"", ""patience"": 40, ""restore_best_weights"": true, ""verbose"": 0}, ""cv"": {""k"": 5, ""seed"": 42, ""shuffle"": true}, ""data"": {""train_path"": ""data/MONK/MONK1/monks-1.train""}, ""model"": {""activation"": ""tanh"", ""dropout"": 0.0, ""hidden_units"": [4]}, ""optim"": {""lr"": 0.1, ""momentum"": 0.5, ""name"": ""sgd""}, ""regularizer"": {""l2"": ""1e-2""}, ""seed"": 42, ""split"": {""stratified"": true, ""val_size"": 0.2}, ""training"": {""batch_size"": 32, ""epochs"": 1000, ""include_reg_in_val"": false, ""shuffle"": true}}"
9caf08846869,42,holdout,val_loss,min,0.15617379743049295,0.0,0.15617379743049295,0.0,1.0,0.0,221.0,0.0,0.8729026317596436,"{""callbacks"": {""early_stopping"": true, ""min_delta"": 0.0, ""mode"": ""auto"", ""monitor"": ""val_loss"", ""patience"": 40, ""restore_best_weights"": true, ""verbose"": 0}, ""cv"": {""k"": 5, ""seed"": 42, ""shuffle"": true}, ""data"": {""train_path"": ""data/MONK/MONK1/monks-1.train""}, ""model"": {""activation"": ""tanh"", ""dropout"": 0.0, ""hidden_units"": [4]}, ""optim"": {""lr"": 0.1, ""momentum"": 0.5, ""name"": ""sgd""}, ""regularizer"": {""l2"": ""1e-2""}, ""seed"": 42, ""split"": {""stratified"": true, ""val_size"": 0.2}, ""training"": {""batch_size"": 16, ""epochs"": 800, ""include_reg_in_val"": false, ""shuffle"": true}}"
637060ef66e9,42,holdout,val_loss,min,0.16938846756768058,0.0,0.16938846756768058,0.0,0.96,0.0,342.0,0.0,1.1327440738677979,"{""callbacks"": {""early_stopping"": true, ""min_delta"": 0.0, ""mode"": ""auto"", ""monitor"": ""val_loss"", ""patience"": 40, ""restore_best_weights"": true, ""verbose"": 0}, ""cv"": {""k"": 5, ""seed"": 42, ""shuffle"": true}, ""data"": {""train_path"": ""data/MONK/MONK1/monks-1.train""}, ""model"": {""activation"": ""tanh"", ""dropout"": 0.0, ""hidden_units"": [4]}, ""optim"": {""lr"": 0.1, ""momentum"": 0.0, ""name"": ""sgd""}, ""regularizer"": {""l2"": ""1e-2""}, ""seed"": 42, ""split"": {""stratified"": true, ""val_size"": 0.2}, ""training"": {""batch_size"": 16, ""epochs"": 1000, ""include_reg_in_val"": false, ""shuffle"": true}}"
34eaa863212c,42,holdout,val_loss,min,0.16938846756768058,0.0,0.16938846756768058,0.0,0.96,0.0,342.0,0.0,1.2076237201690674,"{""callbacks"": {""early_stopping"": true, ""min_delta"": 0.0, ""mode"": ""auto"", ""monitor"": ""val_loss"", ""patience"": 40, ""restore_best_weights"": true, ""verbose"": 0}, ""cv"": {""k"": 5, ""seed"": 42, ""shuffle"": true}, ""data"": {""train_path"": ""data/MONK/MONK1/monks-1.train""}, ""model"": {""activation"": ""tanh"", ""dropout"": 0.0, ""hidden_units"": [4]}, ""optim"": {""lr"": 0.1, ""momentum"": 0.0, ""name"": ""sgd""}, ""regularizer"": {""l2"": ""1e-2""}, ""seed"": 42, ""split"": {""stratified"": true, ""val_size"": 0.2}, ""training"": {""batch_size"": 16, ""epochs"": 800, ""include_reg_in_val"": false, ""shuffle"": true}}"
0ba737d831d7,42,holdout,val_loss,min,0.15617379743049295,0.0,0.15617379743049295,0.0,1.0,0.0,221.0,0.0,0.9006779193878174,"{""callbacks"": {""early_stopping"": true, ""min_delta"": 0.0, ""mode"": ""auto"", ""monitor"": ""val_loss"", ""patience"": 40, ""restore_best_weights"": true, ""verbose"": 0}, ""cv"": {""k"": 5, ""seed"": 42, ""shuffle"": true}, ""data"": {""train_path"": ""data/MONK/MONK1/monks-1.train""}, ""model"": {""activation"": ""tanh"", ""dropout"": 0.0, ""hidden_units"": [4]}, ""optim"": {""lr"": 0.1, ""momentum"": 0.5, ""name"": ""sgd""}, ""regularizer"": {""l2"": ""1e-2""}, ""seed"": 42, ""split"": {""stratified"": true, ""val_size"": 0.2}, ""training"": {""batch_size"": 16, ""epochs"": 1000, ""include_reg_in_val"": false, ""shuffle"": true}}"
f25563e28994,42,holdout,val_loss,min,0.1517683426538891,0.0,0.1517683426538891,0.0,1.0,0.0,80.0,0.0,0.24989104270935059,"{""callbacks"": {""early_stopping"": true, ""min_delta"": 0.0, ""mode"": ""auto"", ""monitor"": ""val_loss"", ""patience"": 40, ""restore_best_weights"": true, ""verbose"": 0}, ""cv"": {""k"": 5, ""seed"": 42, ""shuffle"": true}, ""data"": {""train_path"": ""data/MONK/MONK1/monks-1.train""}, ""model"": {""activation"": ""tanh"", ""dropout"": 0.0, ""hidden_units"": [4]}, ""optim"": {""lr"": 0.1, ""momentum"": 0.9, ""name"": ""sgd""}, ""regularizer"": {""l2"": ""1e-2""}, ""seed"": 42, ""split"": {""stratified"": true, ""val_size"": 0.2}, ""training"": {""batch_size"": 32, ""epochs"": 800, ""include_reg_in_val"": false, ""shuffle"": true}}"
1d1cf0357711,42,holdout,val_loss,min,0.1517683426538891,0.0,0.1517683426538891,0.0,1.0,0.0,80.0,0.0,0.2517828941345215,"{""callbacks"": {""early_stopping"": true, ""min_delta"": 0.0, ""mode"": ""auto"", ""monitor"": ""val_loss"", ""patience"": 40, ""restore_best_weights"": true, ""verbose"": 0}, ""cv"": {""k"": 5, ""seed"": 42, ""shuffle"": true}, ""data"": {""train_path"": ""data/MONK/MONK1/monks-1.train""}, ""model"": {""activation"": ""tanh"", ""dropout"": 0.0, ""hidden_units"": [4]}, ""optim"": {""lr"": 0.1, ""momentum"": 0.9, ""name"": ""sgd""}, ""regularizer"": {""l2"": ""1e-2""}, ""seed"": 42, ""split"": {""stratified"": true, ""val_size"": 0.2}, ""training"": {""batch_size"": 32, ""epochs"": 1000, ""include_reg_in_val"": false, ""shuffle"": true}}"
3f5aae365b89,42,holdout,val_loss,min,0.13509565312755864,0.0,0.13509565312755864,0.0,1.0,0.0,145.0,0.0,0.5921378135681152,"{""callbacks"": {""early_stopping"": true, ""min_delta"": 0.0, ""mode"": ""auto"", ""monitor"": ""val_loss"", ""patience"": 40, ""restore_best_weights"": true, ""verbose"": 0}, ""cv"": {""k"": 5, ""seed"": 42, ""shuffle"": true}, ""data"": {""train_path"": ""data/MONK/MONK1/monks-1.train""}, ""model"": {""activation"": ""tanh"", ""dropout"": 0.0, ""hidden_units"": [4]}, ""optim"": {""lr"": 0.1, ""momentum"": 0.9, ""name"": ""sgd""}, ""regularizer"": {""l2"": ""1e-2""}, ""seed"": 42, ""split"": {""stratified"": true, ""val_size"": 0.2}, ""training"": {""batch_size"": 16, ""epochs"": 800, ""include_reg_in_val"": false, ""shuffle"": true}}"
d729bb6343c2,42,holdout,val_loss,min,0.13509565312755864,0.0,0.13509565312755864,0.0,1.0,0.0,145.0,0.0,0.6047704219818115,"{""callbacks"": {""early_stopping"": true, ""min_delta"": 0.0, ""mode"": ""auto"", ""monitor"": ""val_loss"", ""patience"": 40, ""restore_best_weights"": true, ""verbose"": 0}, ""cv"": {""k"": 5, ""seed"": 42, ""shuffle"": true}, ""data"": {""train_path"": ""data/MONK/MONK1/monks-1.train""}, ""model"": {""activation"": ""tanh"", ""dropout"": 0.0, ""hidden_units"": [4]}, ""optim"": {""lr"": 0.1, ""momentum"": 0.9, ""name"": ""sgd""}, ""regularizer"": {""l2"": ""1e-2""}, ""seed"": 42, ""split"": {""stratified"": true, ""val_size"": 0.2}, ""training"": {""batch_size"": 16, ""epochs"": 1000, ""include_reg_in_val"": false, ""shuffle"": true}}"
6ef679af7122,42,holdout,val_loss,min,0.4260993133294864,0.0,0.4260993133294864,0.0,0.88,0.0,243.0,0.0,0.5646255016326904,"{""callbacks"": {""early_stopping"": true, ""min_delta"": 0.0, ""mode"": ""auto"", ""monitor"": ""val_loss"", ""patience"": 40, ""restore_best_weights"": true, ""verbose"": 0}, ""cv"": {""k"": 5, ""seed"": 42, ""shuffle"": true}, ""data"": {""train_path"": ""data/MONK/MONK1/monks-1.train""}, ""model"": {""activation"": ""tanh"", ""dropout"": 0.0, ""hidden_units"": [4]}, ""optim"": {""lr"": 0.05, ""momentum"": 0.0, ""name"": ""sgd""}, ""regularizer"": {""l2"": ""1e-2""}, ""seed"": 42, ""split"": {""stratified"": true, ""val_size"": 0.2}, ""training"": {""batch_size"": 32, ""epochs"": 1000, ""include_reg_in_val"": false, ""shuffle"": true}}"
ccc80eab3afe,42,holdout,val_loss,min,0.4260993133294864,0.0,0.4260993133294864,0.0,0.88,0.0,243.0,0.0,0.6264820098876953,"{""callbacks"": {""early_stopping"": true, ""min_delta"": 0.0, ""mode"": ""auto"", ""monitor"": ""val_loss"", ""patience"": 40, ""restore_best_weights"": true, ""verbose"": 0}, ""cv"": {""k"": 5, ""seed"": 42, ""shuffle"": true}, ""data"": {""train_path"": ""data/MONK/MONK1/monks-1.train""}, ""model"": {""activation"": ""tanh"", ""dropout"": 0.0, ""hidden_units"": [4]}, ""optim"": {""lr"": 0.05, ""momentum"": 0.0, ""name"": ""sgd""}, ""regularizer"": {""l2"": ""1e-2""}, ""seed"": 42, ""split"": {""stratified"": true, ""val_size"": 0.2}, ""training"": {""batch_size"": 32, ""epochs"": 800, ""include_reg_in_val"": false, ""shuffle"": true}}"
f4aee2c24e35,42,holdout,val_loss,min,0.153778380583237,0.0,0.153778380583237,0.0,1.0,0.0,94.0,0.0,0.46802639961242676,"{""callbacks"": {""early_stopping"": true, ""min_delta"": 0.0, ""mode"": ""auto"", ""monitor"": ""val_loss"", ""patience"": 40, ""restore_best_weights"": true, ""verbose"": 0}, ""cv"": {""k"": 5, ""seed"": 42, ""shuffle"": true}, ""data"": {""train_path"": ""data/MONK/MONK1/monks-1.train""}, ""model"": {""activation"": ""tanh"", ""dropout"": 0.0, ""hidden_units"": [4]}, ""optim"": {""lr"": 0.05, ""momentum"": 0.9, ""name"": ""sgd""}, ""regularizer"": {""l2"": ""1e-2""}, ""seed"": 42, ""split"": {""stratified"": true, ""val_size"": 0.2}, ""training"": {""batch_size"": 16, ""epochs"": 800, ""include_reg_in_val"": false, ""shuffle"": true}}"
14e7564ccd08,42,holdout,val_loss,min,0.153778380583237,0.0,0.153778380583237,0.0,1.0,0.0,94.0,0.0,0.4820249080657959,"{""callbacks"": {""early_stopping"": true, ""min_delta"": 0.0, ""mode"": ""auto"", ""monitor"": ""val_loss"", ""patience"": 40, ""restore_best_weights"": true, ""verbose"": 0}, ""cv"": {""k"": 5, ""seed"": 42, ""shuffle"": true}, ""data"": {""train_path"": ""data/MONK/MONK1/monks-1.train""}, ""model"": {""activation"": ""tanh"", ""dropout"": 0.0, ""hidden_units"": [4]}, ""optim"": {""lr"": 0.05, ""momentum"": 0.9, ""name"": ""sgd""}, ""regularizer"": {""l2"": ""1e-2""}, ""seed"": 42, ""split"": {""stratified"": true, ""val_size"": 0.2}, ""training"": {""batch_size"": 16, ""epochs"": 1000, ""include_reg_in_val"": false, ""shuffle"": true}}"
5ee183bf99b9,42,holdout,val_loss,min,0.20545493715411317,0.0,0.20545493715411317,0.0,0.88,0.0,415.0,0.0,0.931046724319458,"{""callbacks"": {""early_stopping"": true, ""min_delta"": 0.0, ""mode"": ""auto"", ""monitor"": ""val_loss"", ""patience"": 40, ""restore_best_weights"": true, ""verbose"": 0}, ""cv"": {""k"": 5, ""seed"": 42, ""shuffle"": true}, ""data"": {""train_path"": ""data/MONK/MONK1/monks-1.train""}, ""model"": {""activation"": ""tanh"", ""dropout"": 0.0, ""hidden_units"": [4]}, ""optim"": {""lr"": 0.05, ""momentum"": 0.5, ""name"": ""sgd""}, ""regularizer"": {""l2"": ""1e-2""}, ""seed"": 42, ""split"": {""stratified"": true, ""val_size"": 0.2}, ""training"": {""batch_size"": 32, ""epochs"": 800, ""include_reg_in_val"": false, ""shuffle"": true}}"
fd85fd31d751,42,holdout,val_loss,min,0.20545493715411317,0.0,0.20545493715411317,0.0,0.88,0.0,415.0,0.0,0.9287092685699463,"{""callbacks"": {""early_stopping"": true, ""min_delta"": 0.0, ""mode"": ""auto"", ""monitor"": ""val_loss"", ""patience"": 40, ""restore_best_weights"": true, ""verbose"": 0}, ""cv"": {""k"": 5, ""seed"": 42, ""shuffle"": true}, ""data"": {""train_path"": ""data/MONK/MONK1/monks-1.train""}, ""model"": {""activation"": ""tanh"", ""dropout"": 0.0, ""hidden_units"": [4]}, ""optim"": {""lr"": 0.05, ""momentum"": 0.5, ""name"": ""sgd""}, ""regularizer"": {""l2"": ""1e-2""}, ""seed"": 42, ""split"": {""stratified"": true, ""val_size"": 0.2}, ""training"": {""batch_size"": 32, ""epochs"": 1000, ""include_reg_in_val"": false, ""shuffle"": true}}"
e05035d72031,42,holdout,val_loss,min,0.1748530865711045,0.0,0.1748530865711045,0.0,0.96,0.0,328.0,0.0,1.2081573009490967,"{""callbacks"": {""early_stopping"": true, ""min_delta"": 0.0, ""mode"": ""auto"", ""monitor"": ""val_loss"", ""patience"": 40, ""restore_best_weights"": true, ""verbose"": 0}, ""cv"": {""k"": 5, ""seed"": 42, ""shuffle"": true}, ""data"": {""train_path"": ""data/MONK/MONK1/monks-1.train""}, ""model"": {""activation"": ""tanh"", ""dropout"": 0.0, ""hidden_units"": [4]}, ""optim"": {""lr"": 0.05, ""momentum"": 0.5, ""name"": ""sgd""}, ""regularizer"": {""l2"": ""1e-2""}, ""seed"": 42, ""split"": {""stratified"": true, ""val_size"": 0.2}, ""training"": {""batch_size"": 16, ""epochs"": 1000, ""include_reg_in_val"": false, ""shuffle"": true}}"
ecdfc9eb384d,42,holdout,val_loss,min,0.1748530865711045,0.0,0.1748530865711045,0.0,0.96,0.0,328.0,0.0,1.301802396774292,"{""callbacks"": {""early_stopping"": true, ""min_delta"": 0.0, ""mode"": ""auto"", ""monitor"": ""val_loss"", ""patience"": 40, ""restore_best_weights"": true, ""verbose"": 0}, ""cv"": {""k"": 5, ""seed"": 42, ""shuffle"": true}, ""data"": {""train_path"": ""data/MONK/MONK1/monks-1.train""}, ""model"": {""activation"": ""tanh"", ""dropout"": 0.0, ""hidden_units"": [4]}, ""optim"": {""lr"": 0.05, ""momentum"": 0.5, ""name"": ""sgd""}, ""regularizer"": {""l2"": ""1e-2""}, ""seed"": 42, ""split"": {""stratified"": true, ""val_size"": 0.2}, ""training"": {""batch_size"": 16, ""epochs"": 800, ""include_reg_in_val"": false, ""shuffle"": true}}"
1382ac242239,42,holdout,val_loss,min,0.15363359739880436,0.0,0.15363359739880436,0.0,1.0,0.0,146.0,0.0,0.3721473217010498,"{""callbacks"": {""early_stopping"": true, ""min_delta"": 0.0, ""mode"": ""auto"", ""monitor"": ""val_loss"", ""patience"": 40, ""restore_best_weights"": true, ""verbose"": 0}, ""cv"": {""k"": 5, ""seed"": 42, ""shuffle"": true}, ""data"": {""train_path"": ""data/MONK/MONK1/monks-1.train""}, ""model"": {""activation"": ""tanh"", ""dropout"": 0.0, ""hidden_units"": [4]}, ""optim"": {""lr"": 0.05, ""momentum"": 0.9, ""name"": ""sgd""}, ""regularizer"": {""l2"": ""1e-2""}, ""seed"": 42, ""split"": {""stratified"": true, ""val_size"": 0.2}, ""training"": {""batch_size"": 32, ""epochs"": 800, ""include_reg_in_val"": false, ""shuffle"": true}}"
b9d1b64a3331,42,holdout,val_loss,min,0.15363359739880436,0.0,0.15363359739880436,0.0,1.0,0.0,146.0,0.0,0.3964710235595703,"{""callbacks"": {""early_stopping"": true, ""min_delta"": 0.0, ""mode"": ""auto"", ""monitor"": ""val_loss"", ""patience"": 40, ""restore_best_weights"": true, ""verbose"": 0}, ""cv"": {""k"": 5, ""seed"": 42, ""shuffle"": true}, ""data"": {""train_path"": ""data/MONK/MONK1/monks-1.train""}, ""model"": {""activation"": ""tanh"", ""dropout"": 0.0, ""hidden_units"": [4]}, ""optim"": {""lr"": 0.05, ""momentum"": 0.9, ""name"": ""sgd""}, ""regularizer"": {""l2"": ""1e-2""}, ""seed"": 42, ""split"": {""stratified"": true, ""val_size"": 0.2}, ""training"": {""batch_size"": 32, ""epochs"": 1000, ""include_reg_in_val"": false, ""shuffle"": true}}"
ad2c3d4d9cdc,42,holdout,val_loss,min,0.19800101373858717,0.0,0.19800101373858717,0.0,0.88,0.0,542.0,0.0,1.7561354637145996,"{""callbacks"": {""early_stopping"": true, ""min_delta"": 0.0, ""mode"": ""auto"", ""monitor"": ""val_loss"", ""patience"": 40, ""restore_best_weights"": true, ""verbose"": 0}, ""cv"": {""k"": 5, ""seed"": 42, ""shuffle"": true}, ""data"": {""train_path"": ""data/MONK/MONK1/monks-1.train""}, ""model"": {""activation"": ""tanh"", ""dropout"": 0.0, ""hidden_units"": [4]}, ""optim"": {""lr"": 0.05, ""momentum"": 0.0, ""name"": ""sgd""}, ""regularizer"": {""l2"": ""1e-2""}, ""seed"": 42, ""split"": {""stratified"": true, ""val_size"": 0.2}, ""training"": {""batch_size"": 16, ""epochs"": 1000, ""include_reg_in_val"": false, ""shuffle"": true}}"
3675f553e907,42,holdout,val_loss,min,0.19800101373858717,0.0,0.19800101373858717,0.0,0.88,0.0,542.0,0.0,1.838310956954956,"{""callbacks"": {""early_stopping"": true, ""min_delta"": 0.0, ""mode"": ""auto"", ""monitor"": ""val_loss"", ""patience"": 40, ""restore_best_weights"": true, ""verbose"": 0}, ""cv"": {""k"": 5, ""seed"": 42, ""shuffle"": true}, ""data"": {""train_path"": ""data/MONK/MONK1/monks-1.train""}, ""model"": {""activation"": ""tanh"", ""dropout"": 0.0, ""hidden_units"": [4]}, ""optim"": {""lr"": 0.05, ""momentum"": 0.0, ""name"": ""sgd""}, ""regularizer"": {""l2"": ""1e-2""}, ""seed"": 42, ""split"": {""stratified"": true, ""val_size"": 0.2}, ""training"": {""batch_size"": 16, ""epochs"": 800, ""include_reg_in_val"": false, ""shuffle"": true}}"
2481ae583af3,42,holdout,val_loss,min,0.46876145733383623,0.0,0.46876145733383623,0.0,0.84,0.0,534.0,0.0,1.1141393184661865,"{""callbacks"": {""early_stopping"": true, ""min_delta"": 0.0, ""mode"": ""auto"", ""monitor"": ""val_loss"", ""patience"": 40, ""restore_best_weights"": true, ""verbose"": 0}, ""cv"": {""k"": 5, ""seed"": 42, ""shuffle"": true}, ""data"": {""train_path"": ""data/MONK/MONK1/monks-1.train""}, ""model"": {""activation"": ""tanh"", ""dropout"": 0.0, ""hidden_units"": [4]}, ""optim"": {""lr"": 0.01, ""momentum"": 0.0, ""name"": ""sgd""}, ""regularizer"": {""l2"": ""1e-2""}, ""seed"": 42, ""split"": {""stratified"": true, ""val_size"": 0.2}, ""training"": {""batch_size"": 32, ""epochs"": 800, ""include_reg_in_val"": false, ""shuffle"": true}}"
4ff75fa3d27c,42,holdout,val_loss,min,0.46876145733383623,0.0,0.46876145733383623,0.0,0.84,0.0,534.0,0.0,1.1885170936584473,"{""callbacks"": {""early_stopping"": true, ""min_delta"": 0.0, ""mode"": ""auto"", ""monitor"": ""val_loss"", ""patience"": 40, ""restore_best_weights"": true, ""verbose"": 0}, ""cv"": {""k"": 5, ""seed"": 42, ""shuffle"": true}, ""data"": {""train_path"": ""data/MONK/MONK1/monks-1.train""}, ""model"": {""activation"": ""tanh"", ""dropout"": 0.0, ""hidden_units"": [4]}, ""optim"": {""lr"": 0.01, ""momentum"": 0.0, ""name"": ""sgd""}, ""regularizer"": {""l2"": ""1e-2""}, ""seed"": 42, ""split"": {""stratified"": true, ""val_size"": 0.2}, ""training"": {""batch_size"": 32, ""epochs"": 1000, ""include_reg_in_val"": false, ""shuffle"": true}}"
c7d3e81d487c,42,holdout,val_loss,min,0.4439356867177173,0.0,0.4439356867177173,0.0,0.88,0.0,476.0,0.0,1.010056495666504,"{""callbacks"": {""early_stopping"": true, ""min_delta"": 0.0, ""mode"": ""auto"", ""monitor"": ""val_loss"", ""patience"": 40, ""restore_best_weights"": true, ""verbose"": 0}, ""cv"": {""k"": 5, ""seed"": 42, ""shuffle"": true}, ""data"": {""train_path"": ""data/MONK/MONK1/monks-1.train""}, ""model"": {""activation"": ""tanh"", ""dropout"": 0.0, ""hidden_units"": [4]}, ""optim"": {""lr"": 0.01, ""momentum"": 0.5, ""name"": ""sgd""}, ""regularizer"": {""l2"": ""1e-2""}, ""seed"": 42, ""split"": {""stratified"": true, ""val_size"": 0.2}, ""training"": {""batch_size"": 32, ""epochs"": 800, ""include_reg_in_val"": false, ""shuffle"": true}}"
d42f7cac923b,42,holdout,val_loss,min,0.4439356867177173,0.0,0.4439356867177173,0.0,0.88,0.0,476.0,0.0,1.0521376132965088,"{""callbacks"": {""early_stopping"": true, ""min_delta"": 0.0, ""mode"": ""auto"", ""monitor"": ""val_loss"", ""patience"": 40, ""restore_best_weights"": true, ""verbose"": 0}, ""cv"": {""k"": 5, ""seed"": 42, ""shuffle"": true}, ""data"": {""train_path"": ""data/MONK/MONK1/monks-1.train""}, ""model"": {""activation"": ""tanh"", ""dropout"": 0.0, ""hidden_units"": [4]}, ""optim"": {""lr"": 0.01, ""momentum"": 0.5, ""name"": ""sgd""}, ""regularizer"": {""l2"": ""1e-2""}, ""seed"": 42, ""split"": {""stratified"": true, ""val_size"": 0.2}, ""training"": {""batch_size"": 32, ""epochs"": 1000, ""include_reg_in_val"": false, ""shuffle"": true}}"
645d8aabaaf6,42,holdout,val_loss,min,0.4038126580501961,0.0,0.4038126580501961,0.0,0.88,0.0,800.0,0.0,2.4388885498046875,"{""callbacks"": {""early_stopping"": true, ""min_delta"": 0.0, ""mode"": ""auto"", ""monitor"": ""val_loss"", ""patience"": 40, ""restore_best_weights"": true, ""verbose"": 0}, ""cv"": {""k"": 5, ""seed"": 42, ""shuffle"": true}, ""data"": {""train_path"": ""data/MONK/MONK1/monks-1.train""}, ""model"": {""activation"": ""tanh"", ""dropout"": 0.0, ""hidden_units"": [4]}, ""optim"": {""lr"": 0.01, ""momentum"": 0.0, ""name"": ""sgd""}, ""regularizer"": {""l2"": ""1e-2""}, ""seed"": 42, ""split"": {""stratified"": true, ""val_size"": 0.2}, ""training"": {""batch_size"": 16, ""epochs"": 800, ""include_reg_in_val"": false, ""shuffle"": true}}"
b73e2c33e101,42,holdout,val_loss,min,0.20921090994583535,0.0,0.20921090994583535,0.0,0.88,0.0,417.0,0.0,0.9607820510864258,"{""callbacks"": {""early_stopping"": true, ""min_delta"": 0.0, ""mode"": ""auto"", ""monitor"": ""val_loss"", ""patience"": 40, ""restore_best_weights"": true, ""verbose"": 0}, ""cv"": {""k"": 5, ""seed"": 42, ""shuffle"": true}, ""data"": {""train_path"": ""data/MONK/MONK1/monks-1.train""}, ""model"": {""activation"": ""tanh"", ""dropout"": 0.0, ""hidden_units"": [4]}, ""optim"": {""lr"": 0.01, ""momentum"": 0.9, ""name"": ""sgd""}, ""regularizer"": {""l2"": ""1e-2""}, ""seed"": 42, ""split"": {""stratified"": true, ""val_size"": 0.2}, ""training"": {""batch_size"": 32, ""epochs"": 800, ""include_reg_in_val"": false, ""shuffle"": true}}"
88efc72f37d7,42,holdout,val_loss,min,0.17605301357731637,0.0,0.17605301357731637,0.0,0.92,0.0,343.0,0.0,1.3040177822113037,"{""callbacks"": {""early_stopping"": true, ""min_delta"": 0.0, ""mode"": ""auto"", ""monitor"": ""val_loss"", ""patience"": 40, ""restore_best_weights"": true, ""verbose"": 0}, ""cv"": {""k"": 5, ""seed"": 42, ""shuffle"": true}, ""data"": {""train_path"": ""data/MONK/MONK1/monks-1.train""}, ""model"": {""activation"": ""tanh"", ""dropout"": 0.0, ""hidden_units"": [4]}, ""optim"": {""lr"": 0.01, ""momentum"": 0.9, ""name"": ""sgd""}, ""regularizer"": {""l2"": ""1e-2""}, ""seed"": 42, ""split"": {""stratified"": true, ""val_size"": 0.2}, ""training"": {""batch_size"": 16, ""epochs"": 800, ""include_reg_in_val"": false, ""shuffle"": true}}"
9c7349ac5e4e,42,holdout,val_loss,min,0.20921090994583535,0.0,0.20921090994583535,0.0,0.88,0.0,417.0,0.0,1.0210928916931152,"{""callbacks"": {""early_stopping"": true, ""min_delta"": 0.0, ""mode"": ""auto"", ""monitor"": ""val_loss"", ""patience"": 40, ""restore_best_weights"": true, ""verbose"": 0}, ""cv"": {""k"": 5, ""seed"": 42, ""shuffle"": true}, ""data"": {""train_path"": ""data/MONK/MONK1/monks-1.train""}, ""model"": {""activation"": ""tanh"", ""dropout"": 0.0, ""hidden_units"": [4]}, ""optim"": {""lr"": 0.01, ""momentum"": 0.9, ""name"": ""sgd""}, ""regularizer"": {""l2"": ""1e-2""}, ""seed"": 42, ""split"": {""stratified"": true, ""val_size"": 0.2}, ""training"": {""batch_size"": 32, ""epochs"": 1000, ""include_reg_in_val"": false, ""shuffle"": true}}"
b863374176e6,42,holdout,val_loss,min,0.17605301357731637,0.0,0.17605301357731637,0.0,0.92,0.0,343.0,0.0,1.3931005001068115,"{""callbacks"": {""early_stopping"": true, ""min_delta"": 0.0, ""mode"": ""auto"", ""monitor"": ""val_loss"", ""patience"": 40, ""restore_best_weights"": true, ""verbose"": 0}, ""cv"": {""k"": 5, ""seed"": 42, ""shuffle"": true}, ""data"": {""train_path"": ""data/MONK/MONK1/monks-1.train""}, ""model"": {""activation"": ""tanh"", ""dropout"": 0.0, ""hidden_units"": [4]}, ""optim"": {""lr"": 0.01, ""momentum"": 0.9, ""name"": ""sgd""}, ""regularizer"": {""l2"": ""1e-2""}, ""seed"": 42, ""split"": {""stratified"": true, ""val_size"": 0.2}, ""training"": {""batch_size"": 16, ""epochs"": 1000, ""include_reg_in_val"": false, ""shuffle"": true}}"
6c0320062cb8,42,holdout,val_loss,min,0.3727407018972073,0.0,0.3727407018972073,0.0,0.88,0.0,998.0,0.0,2.9970202445983887,"{""callbacks"": {""early_stopping"": true, ""min_delta"": 0.0, ""mode"": ""auto"", ""monitor"": ""val_loss"", ""patience"": 40, ""restore_best_weights"": true, ""verbose"": 0}, ""cv"": {""k"": 5, ""seed"": 42, ""shuffle"": true}, ""data"": {""train_path"": ""data/MONK/MONK1/monks-1.train""}, ""model"": {""activation"": ""tanh"", ""dropout"": 0.0, ""hidden_units"": [4]}, ""optim"": {""lr"": 0.01, ""momentum"": 0.0, ""name"": ""sgd""}, ""regularizer"": {""l2"": ""1e-2""}, ""seed"": 42, ""split"": {""stratified"": true, ""val_size"": 0.2}, ""training"": {""batch_size"": 16, ""epochs"": 1000, ""include_reg_in_val"": false, ""shuffle"": true}}"
f951d456530a,42,holdout,val_loss,min,0.31150362349739885,0.0,0.31150362349739885,0.0,0.88,0.0,745.0,0.0,2.821946859359741,"{""callbacks"": {""early_stopping"": true, ""min_delta"": 0.0, ""mode"": ""auto"", ""monitor"": ""val_loss"", ""patience"": 40, ""restore_best_weights"": true, ""verbose"": 0}, ""cv"": {""k"": 5, ""seed"": 42, ""shuffle"": true}, ""data"": {""train_path"": ""data/MONK/MONK1/monks-1.train""}, ""model"": {""activation"": ""tanh"", ""dropout"": 0.0, ""hidden_units"": [4]}, ""optim"": {""lr"": 0.01, ""momentum"": 0.5, ""name"": ""sgd""}, ""regularizer"": {""l2"": ""1e-2""}, ""seed"": 42, ""split"": {""stratified"": true, ""val_size"": 0.2}, ""training"": {""batch_size"": 16, ""epochs"": 800, ""include_reg_in_val"": false, ""shuffle"": true}}"
4e1655aa18df,42,holdout,val_loss,min,0.31150362349739885,0.0,0.31150362349739885,0.0,0.88,0.0,745.0,0.0,2.8046624660491943,"{""callbacks"": {""early_stopping"": true, ""min_delta"": 0.0, ""mode"": ""auto"", ""monitor"": ""val_loss"", ""patience"": 40, ""restore_best_weights"": true, ""verbose"": 0}, ""cv"": {""k"": 5, ""seed"": 42, ""shuffle"": true}, ""data"": {""train_path"": ""data/MONK/MONK1/monks-1.train""}, ""model"": {""activation"": ""tanh"", ""dropout"": 0.0, ""hidden_units"": [4]}, ""optim"": {""lr"": 0.01, ""momentum"": 0.5, ""name"": ""sgd""}, ""regularizer"": {""l2"": ""1e-2""}, ""seed"": 42, ""split"": {""stratified"": true, ""val_size"": 0.2}, ""training"": {""batch_size"": 16, ""epochs"": 1000, ""include_reg_in_val"": false, ""shuffle"": true}}"
25b7fd0a60a2,42,holdout,val_loss,min,0.6630402916880296,0.0,0.6630402916880296,0.0,0.6,0.0,800.0,0.0,2.051145553588867,"{""callbacks"": {""early_stopping"": true, ""min_delta"": 0.0, ""mode"": ""auto"", ""monitor"": ""val_loss"", ""patience"": 40, ""restore_best_weights"": true, ""verbose"": 0}, ""cv"": {""k"": 5, ""seed"": 42, ""shuffle"": true}, ""data"": {""train_path"": ""data/MONK/MONK1/monks-1.train""}, ""model"": {""activation"": ""tanh"", ""dropout"": 0.0, ""hidden_units"": [4]}, ""optim"": {""lr"": 0.001, ""momentum"": 0.0, ""name"": ""sgd""}, ""regularizer"": {""l2"": ""1e-2""}, ""seed"": 42, ""split"": {""stratified"": true, ""val_size"": 0.2}, ""training"": {""batch_size"": 32, ""epochs"": 800, ""include_reg_in_val"": false, ""shuffle"": true}}"
2191ed9c08a0,42,holdout,val_loss,min,0.6505228219099044,0.0,0.6505228219099044,0.0,0.64,0.0,1000.0,0.0,2.1619856357574463,"{""callbacks"": {""early_stopping"": true, ""min_delta"": 0.0, ""mode"": ""auto"", ""monitor"": ""val_loss"", ""patience"": 40, ""restore_best_weights"": true, ""verbose"": 0}, ""cv"": {""k"": 5, ""seed"": 42, ""shuffle"": true}, ""data"": {""train_path"": ""data/MONK/MONK1/monks-1.train""}, ""model"": {""activation"": ""tanh"", ""dropout"": 0.0, ""hidden_units"": [4]}, ""optim"": {""lr"": 0.001, ""momentum"": 0.0, ""name"": ""sgd""}, ""regularizer"": {""l2"": ""1e-2""}, ""seed"": 42, ""split"": {""stratified"": true, ""val_size"": 0.2}, ""training"": {""batch_size"": 32, ""epochs"": 1000, ""include_reg_in_val"": false, ""shuffle"": true}}"
a9413305871f,42,holdout,val_loss,min,0.612088841773483,0.0,0.612088841773483,0.0,0.68,0.0,800.0,0.0,1.920290231704712,"{""callbacks"": {""early_stopping"": true, ""min_delta"": 0.0, ""mode"": ""auto"", ""monitor"": ""val_loss"", ""patience"": 40, ""restore_best_weights"": true, ""verbose"": 0}, ""cv"": {""k"": 5, ""seed"": 42, ""shuffle"": true}, ""data"": {""train_path"": ""data/MONK/MONK1/monks-1.train""}, ""model"": {""activation"": ""tanh"", ""dropout"": 0.0, ""hidden_units"": [4]}, ""optim"": {""lr"": 0.001, ""momentum"": 0.5, ""name"": ""sgd""}, ""regularizer"": {""l2"": ""1e-2""}, ""seed"": 42, ""split"": {""stratified"": true, ""val_size"": 0.2}, ""training"": {""batch_size"": 32, ""epochs"": 800, ""include_reg_in_val"": false, ""shuffle"": true}}"
73cac13f71de,42,holdout,val_loss,min,0.6252669011833276,0.0,0.6252669011833276,0.0,0.72,0.0,800.0,0.0,2.548762559890747,"{""callbacks"": {""early_stopping"": true, ""min_delta"": 0.0, ""mode"": ""auto"", ""monitor"": ""val_loss"", ""patience"": 40, ""restore_best_weights"": true, ""verbose"": 0}, ""cv"": {""k"": 5, ""seed"": 42, ""shuffle"": true}, ""data"": {""train_path"": ""data/MONK/MONK1/monks-1.train""}, ""model"": {""activation"": ""tanh"", ""dropout"": 0.0, ""hidden_units"": [4]}, ""optim"": {""lr"": 0.001, ""momentum"": 0.0, ""name"": ""sgd""}, ""regularizer"": {""l2"": ""1e-2""}, ""seed"": 42, ""split"": {""stratified"": true, ""val_size"": 0.2}, ""training"": {""batch_size"": 16, ""epochs"": 800, ""include_reg_in_val"": false, ""shuffle"": true}}"
fbf83b340d30,42,holdout,val_loss,min,0.5874056038343368,0.0,0.5874056038343368,0.0,0.72,0.0,1000.0,0.0,3.0340371131896973,"{""callbacks"": {""early_stopping"": true, ""min_delta"": 0.0, ""mode"": ""auto"", ""monitor"": ""val_loss"", ""patience"": 40, ""restore_best_weights"": true, ""verbose"": 0}, ""cv"": {""k"": 5, ""seed"": 42, ""shuffle"": true}, ""data"": {""train_path"": ""data/MONK/MONK1/monks-1.train""}, ""model"": {""activation"": ""tanh"", ""dropout"": 0.0, ""hidden_units"": [4]}, ""optim"": {""lr"": 0.001, ""momentum"": 0.5, ""name"": ""sgd""}, ""regularizer"": {""l2"": ""1e-2""}, ""seed"": 42, ""split"": {""stratified"": true, ""val_size"": 0.2}, ""training"": {""batch_size"": 32, ""epochs"": 1000, ""include_reg_in_val"": false, ""shuffle"": true}}"
bf7e7d7456ab,42,holdout,val_loss,min,0.5395466230180165,0.0,0.5395466230180165,0.0,0.76,0.0,800.0,0.0,3.5242435932159424,"{""callbacks"": {""early_stopping"": true, ""min_delta"": 0.0, ""mode"": ""auto"", ""monitor"": ""val_loss"", ""patience"": 40, ""restore_best_weights"": true, ""verbose"": 0}, ""cv"": {""k"": 5, ""seed"": 42, ""shuffle"": true}, ""data"": {""train_path"": ""data/MONK/MONK1/monks-1.train""}, ""model"": {""activation"": ""tanh"", ""dropout"": 0.0, ""hidden_units"": [4]}, ""optim"": {""lr"": 0.001, ""momentum"": 0.5, ""name"": ""sgd""}, ""regularizer"": {""l2"": ""1e-2""}, ""seed"": 42, ""split"": {""stratified"": true, ""val_size"": 0.2}, ""training"": {""batch_size"": 16, ""epochs"": 800, ""include_reg_in_val"": false, ""shuffle"": true}}"
12cb4c150c55,42,holdout,val_loss,min,0.6035553861294448,0.0,0.6035553861294448,0.0,0.68,0.0,1000.0,0.0,3.7679147720336914,"{""callbacks"": {""early_stopping"": true, ""min_delta"": 0.0, ""mode"": ""auto"", ""monitor"": ""val_loss"", ""patience"": 40, ""restore_best_weights"": true, ""verbose"": 0}, ""cv"": {""k"": 5, ""seed"": 42, ""shuffle"": true}, ""data"": {""train_path"": ""data/MONK/MONK1/monks-1.train""}, ""model"": {""activation"": ""tanh"", ""dropout"": 0.0, ""hidden_units"": [4]}, ""optim"": {""lr"": 0.001, ""momentum"": 0.0, ""name"": ""sgd""}, ""regularizer"": {""l2"": ""1e-2""}, ""seed"": 42, ""split"": {""stratified"": true, ""val_size"": 0.2}, ""training"": {""batch_size"": 16, ""epochs"": 1000, ""include_reg_in_val"": false, ""shuffle"": true}}"
7d3b44bb44be,42,holdout,val_loss,min,0.4688585786234259,0.0,0.4688585786234259,0.0,0.84,0.0,538.0,0.0,1.319361686706543,"{""callbacks"": {""early_stopping"": true, ""min_delta"": 0.0, ""mode"": ""auto"", ""monitor"": ""val_loss"", ""patience"": 40, ""restore_best_weights"": true, ""verbose"": 0}, ""cv"": {""k"": 5, ""seed"": 42, ""shuffle"": true}, ""data"": {""train_path"": ""data/MONK/MONK1/monks-1.train""}, ""model"": {""activation"": ""tanh"", ""dropout"": 0.0, ""hidden_units"": [4]}, ""optim"": {""lr"": 0.001, ""momentum"": 0.9, ""name"": ""sgd""}, ""regularizer"": {""l2"": ""1e-2""}, ""seed"": 42, ""split"": {""stratified"": true, ""val_size"": 0.2}, ""training"": {""batch_size"": 32, ""epochs"": 1000, ""include_reg_in_val"": false, ""shuffle"": true}}"
85bfb9217acb,42,holdout,val_loss,min,0.37140198576516004,0.0,0.37140198576516004,0.0,0.88,0.0,27.0,0.0,0.17270350456237793,"{""callbacks"": {""early_stopping"": true, ""min_delta"": 0.0, ""mode"": ""auto"", ""monitor"": ""val_loss"", ""patience"": 40, ""restore_best_weights"": true, ""verbose"": 0}, ""cv"": {""k"": 5, ""seed"": 42, ""shuffle"": true}, ""data"": {""train_path"": ""data/MONK/MONK1/monks-1.train""}, ""model"": {""activation"": ""tanh"", ""dropout"": 0.0, ""hidden_units"": [4]}, ""optim"": {""lr"": 0.3, ""momentum"": 0.0, ""name"": ""adam""}, ""regularizer"": {""l2"": ""1e-2""}, ""seed"": 42, ""split"": {""stratified"": true, ""val_size"": 0.2}, ""training"": {""batch_size"": 32, ""epochs"": 800, ""include_reg_in_val"": false, ""shuffle"": true}}"
1f865d8de1eb,42,holdout,val_loss,min,0.5081158319971052,0.0,0.5081158319971052,0.0,0.76,0.0,1000.0,0.0,3.4208199977874756,"{""callbacks"": {""early_stopping"": true, ""min_delta"": 0.0, ""mode"": ""auto"", ""monitor"": ""val_loss"", ""patience"": 40, ""restore_best_weights"": true, ""verbose"": 0}, ""cv"": {""k"": 5, ""seed"": 42, ""shuffle"": true}, ""data"": {""train_path"": ""data/MONK/MONK1/monks-1.train""}, ""model"": {""activation"": ""tanh"", ""dropout"": 0.0, ""hidden_units"": [4]}, ""optim"": {""lr"": 0.001, ""momentum"": 0.5, ""name"": ""sgd""}, ""regularizer"": {""l2"": ""1e-2""}, ""seed"": 42, ""split"": {""stratified"": true, ""val_size"": 0.2}, ""training"": {""batch_size"": 16, ""epochs"": 1000, ""include_reg_in_val"": false, ""shuffle"": true}}"
ce713f7834cb,42,holdout,val_loss,min,0.37140198576516004,0.0,0.37140198576516004,0.0,0.88,0.0,27.0,0.0,0.1714034080505371,"{""callbacks"": {""early_stopping"": true, ""min_delta"": 0.0, ""mode"": ""auto"", ""monitor"": ""val_loss"", ""patience"": 40, ""restore_best_weights"": true, ""verbose"": 0}, ""cv"": {""k"": 5, ""seed"": 42, ""shuffle"": true}, ""data"": {""train_path"": ""data/MONK/MONK1/monks-1.train""}, ""model"": {""activation"": ""tanh"", ""dropout"": 0.0, ""hidden_units"": [4]}, ""optim"": {""lr"": 0.3, ""momentum"": 0.0, ""name"": ""adam""}, ""regularizer"": {""l2"": ""1e-2""}, ""seed"": 42, ""split"": {""stratified"": true, ""val_size"": 0.2}, ""training"": {""batch_size"": 32, ""epochs"": 1000, ""include_reg_in_val"": false, ""shuffle"": true}}"
08400f4b4b14,42,holdout,val_loss,min,0.3874843766125858,0.0,0.3874843766125858,0.0,0.88,0.0,24.0,0.0,0.31511497497558594,"{""callbacks"": {""early_stopping"": true, ""min_delta"": 0.0, ""mode"": ""auto"", ""monitor"": ""val_loss"", ""patience"": 40, ""restore_best_weights"": true, ""verbose"": 0}, ""cv"": {""k"": 5, ""seed"": 42, ""shuffle"": true}, ""data"": {""train_path"": ""data/MONK/MONK1/monks-1.train""}, ""model"": {""activation"": ""tanh"", ""dropout"": 0.0, ""hidden_units"": [4]}, ""optim"": {""lr"": 0.3, ""momentum"": 0.0, ""name"": ""adam""}, ""regularizer"": {""l2"": ""1e-2""}, ""seed"": 42, ""split"": {""stratified"": true, ""val_size"": 0.2}, ""training"": {""batch_size"": 16, ""epochs"": 800, ""include_reg_in_val"": false, ""shuffle"": true}}"
b6d0ba064a07,42,holdout,val_loss,min,0.3874843766125858,0.0,0.3874843766125858,0.0,0.88,0.0,24.0,0.0,0.2705574035644531,"{""callbacks"": {""early_stopping"": true, ""min_delta"": 0.0, ""mode"": ""auto"", ""monitor"": ""val_loss"", ""patience"": 40, ""restore_best_weights"": true, ""verbose"": 0}, ""cv"": {""k"": 5, ""seed"": 42, ""shuffle"": true}, ""data"": {""train_path"": ""data/MONK/MONK1/monks-1.train""}, ""model"": {""activation"": ""tanh"", ""dropout"": 0.0, ""hidden_units"": [4]}, ""optim"": {""lr"": 0.3, ""momentum"": 0.0, ""name"": ""adam""}, ""regularizer"": {""l2"": ""1e-2""}, ""seed"": 42, ""split"": {""stratified"": true, ""val_size"": 0.2}, ""training"": {""batch_size"": 16, ""epochs"": 1000, ""include_reg_in_val"": false, ""shuffle"": true}}"
4ce3be46eccd,42,holdout,val_loss,min,0.4688585786234259,0.0,0.4688585786234259,0.0,0.84,0.0,538.0,0.0,1.5485033988952637,"{""callbacks"": {""early_stopping"": true, ""min_delta"": 0.0, ""mode"": ""auto"", ""monitor"": ""val_loss"", ""patience"": 40, ""restore_best_weights"": true, ""verbose"": 0}, ""cv"": {""k"": 5, ""seed"": 42, ""shuffle"": true}, ""data"": {""train_path"": ""data/MONK/MONK1/monks-1.train""}, ""model"": {""activation"": ""tanh"", ""dropout"": 0.0, ""hidden_units"": [4]}, ""optim"": {""lr"": 0.001, ""momentum"": 0.9, ""name"": ""sgd""}, ""regularizer"": {""l2"": ""1e-2""}, ""seed"": 42, ""split"": {""stratified"": true, ""val_size"": 0.2}, ""training"": {""batch_size"": 32, ""epochs"": 800, ""include_reg_in_val"": false, ""shuffle"": true}}"
b8d67837bb19,42,holdout,val_loss,min,0.37140198576516004,0.0,0.37140198576516004,0.0,0.88,0.0,27.0,0.0,0.16219592094421387,"{""callbacks"": {""early_stopping"": true, ""min_delta"": 0.0, ""mode"": ""auto"", ""monitor"": ""val_loss"", ""patience"": 40, ""restore_best_weights"": true, ""verbose"": 0}, ""cv"": {""k"": 5, ""seed"": 42, ""shuffle"": true}, ""data"": {""train_path"": ""data/MONK/MONK1/monks-1.train""}, ""model"": {""activation"": ""tanh"", ""dropout"": 0.0, ""hidden_units"": [4]}, ""optim"": {""lr"": 0.3, ""momentum"": 0.5, ""name"": ""adam""}, ""regularizer"": {""l2"": ""1e-2""}, ""seed"": 42, ""split"": {""stratified"": true, ""val_size"": 0.2}, ""training"": {""batch_size"": 32, ""epochs"": 800, ""include_reg_in_val"": false, ""shuffle"": true}}"
d7790720e84e,42,holdout,val_loss,min,0.37140198576516004,0.0,0.37140198576516004,0.0,0.88,0.0,27.0,0.0,0.17666363716125488,"{""callbacks"": {""early_stopping"": true, ""min_delta"": 0.0, ""mode"": ""auto"", ""monitor"": ""val_loss"", ""patience"": 40, ""restore_best_weights"": true, ""verbose"": 0}, ""cv"": {""k"": 5, ""seed"": 42, ""shuffle"": true}, ""data"": {""train_path"": ""data/MONK/MONK1/monks-1.train""}, ""model"": {""activation"": ""tanh"", ""dropout"": 0.0, ""hidden_units"": [4]}, ""optim"": {""lr"": 0.3, ""momentum"": 0.5, ""name"": ""adam""}, ""regularizer"": {""l2"": ""1e-2""}, ""seed"": 42, ""split"": {""stratified"": true, ""val_size"": 0.2}, ""training"": {""batch_size"": 32, ""epochs"": 1000, ""include_reg_in_val"": false, ""shuffle"": true}}"
55d0285c93b2,42,holdout,val_loss,min,0.3874843766125858,0.0,0.3874843766125858,0.0,0.88,0.0,24.0,0.0,0.3049492835998535,"{""callbacks"": {""early_stopping"": true, ""min_delta"": 0.0, ""mode"": ""auto"", ""monitor"": ""val_loss"", ""patience"": 40, ""restore_best_weights"": true, ""verbose"": 0}, ""cv"": {""k"": 5, ""seed"": 42, ""shuffle"": true}, ""data"": {""train_path"": ""data/MONK/MONK1/monks-1.train""}, ""model"": {""activation"": ""tanh"", ""dropout"": 0.0, ""hidden_units"": [4]}, ""optim"": {""lr"": 0.3, ""momentum"": 0.5, ""name"": ""adam""}, ""regularizer"": {""l2"": ""1e-2""}, ""seed"": 42, ""split"": {""stratified"": true, ""val_size"": 0.2}, ""training"": {""batch_size"": 16, ""epochs"": 800, ""include_reg_in_val"": false, ""shuffle"": true}}"
fe5a2987aed8,42,holdout,val_loss,min,0.3874843766125858,0.0,0.3874843766125858,0.0,0.88,0.0,24.0,0.0,0.2960195541381836,"{""callbacks"": {""early_stopping"": true, ""min_delta"": 0.0, ""mode"": ""auto"", ""monitor"": ""val_loss"", ""patience"": 40, ""restore_best_weights"": true, ""verbose"": 0}, ""cv"": {""k"": 5, ""seed"": 42, ""shuffle"": true}, ""data"": {""train_path"": ""data/MONK/MONK1/monks-1.train""}, ""model"": {""activation"": ""tanh"", ""dropout"": 0.0, ""hidden_units"": [4]}, ""optim"": {""lr"": 0.3, ""momentum"": 0.5, ""name"": ""adam""}, ""regularizer"": {""l2"": ""1e-2""}, ""seed"": 42, ""split"": {""stratified"": true, ""val_size"": 0.2}, ""training"": {""batch_size"": 16, ""epochs"": 1000, ""include_reg_in_val"": false, ""shuffle"": true}}"
b4d669b0ae9d,42,holdout,val_loss,min,0.3874843766125858,0.0,0.3874843766125858,0.0,0.88,0.0,24.0,0.0,0.3093831539154053,"{""callbacks"": {""early_stopping"": true, ""min_delta"": 0.0, ""mode"": ""auto"", ""monitor"": ""val_loss"", ""patience"": 40, ""restore_best_weights"": true, ""verbose"": 0}, ""cv"": {""k"": 5, ""seed"": 42, ""shuffle"": true}, ""data"": {""train_path"": ""data/MONK/MONK1/monks-1.train""}, ""model"": {""activation"": ""tanh"", ""dropout"": 0.0, ""hidden_units"": [4]}, ""optim"": {""lr"": 0.3, ""momentum"": 0.9, ""name"": ""adam""}, ""regularizer"": {""l2"": ""1e-2""}, ""seed"": 42, ""split"": {""stratified"": true, ""val_size"": 0.2}, ""training"": {""batch_size"": 16, ""epochs"": 800, ""include_reg_in_val"": false, ""shuffle"": true}}"
2002cb249493,42,holdout,val_loss,min,0.37140198576516004,0.0,0.37140198576516004,0.0,0.88,0.0,27.0,0.0,0.18913912773132324,"{""callbacks"": {""early_stopping"": true, ""min_delta"": 0.0, ""mode"": ""auto"", ""monitor"": ""val_loss"", ""patience"": 40, ""restore_best_weights"": true, ""verbose"": 0}, ""cv"": {""k"": 5, ""seed"": 42, ""shuffle"": true}, ""data"": {""train_path"": ""data/MONK/MONK1/monks-1.train""}, ""model"": {""activation"": ""tanh"", ""dropout"": 0.0, ""hidden_units"": [4]}, ""optim"": {""lr"": 0.3, ""momentum"": 0.9, ""name"": ""adam""}, ""regularizer"": {""l2"": ""1e-2""}, ""seed"": 42, ""split"": {""stratified"": true, ""val_size"": 0.2}, ""training"": {""batch_size"": 32, ""epochs"": 800, ""include_reg_in_val"": false, ""shuffle"": true}}"
e0f9717255bc,42,holdout,val_loss,min,0.3874843766125858,0.0,0.3874843766125858,0.0,0.88,0.0,24.0,0.0,0.31368446350097656,"{""callbacks"": {""early_stopping"": true, ""min_delta"": 0.0, ""mode"": ""auto"", ""monitor"": ""val_loss"", ""patience"": 40, ""restore_best_weights"": true, ""verbose"": 0}, ""cv"": {""k"": 5, ""seed"": 42, ""shuffle"": true}, ""data"": {""train_path"": ""data/MONK/MONK1/monks-1.train""}, ""model"": {""activation"": ""tanh"", ""dropout"": 0.0, ""hidden_units"": [4]}, ""optim"": {""lr"": 0.3, ""momentum"": 0.9, ""name"": ""adam""}, ""regularizer"": {""l2"": ""1e-2""}, ""seed"": 42, ""split"": {""stratified"": true, ""val_size"": 0.2}, ""training"": {""batch_size"": 16, ""epochs"": 1000, ""include_reg_in_val"": false, ""shuffle"": true}}"
9593e8f51ac4,42,holdout,val_loss,min,0.37140198576516004,0.0,0.37140198576516004,0.0,0.88,0.0,27.0,0.0,0.21289348602294922,"{""callbacks"": {""early_stopping"": true, ""min_delta"": 0.0, ""mode"": ""auto"", ""monitor"": ""val_loss"", ""patience"": 40, ""restore_best_weights"": true, ""verbose"": 0}, ""cv"": {""k"": 5, ""seed"": 42, ""shuffle"": true}, ""data"": {""train_path"": ""data/MONK/MONK1/monks-1.train""}, ""model"": {""activation"": ""tanh"", ""dropout"": 0.0, ""hidden_units"": [4]}, ""optim"": {""lr"": 0.3, ""momentum"": 0.9, ""name"": ""adam""}, ""regularizer"": {""l2"": ""1e-2""}, ""seed"": 42, ""split"": {""stratified"": true, ""val_size"": 0.2}, ""training"": {""batch_size"": 32, ""epochs"": 1000, ""include_reg_in_val"": false, ""shuffle"": true}}"
86bef131ea92,42,holdout,val_loss,min,0.17165112574286343,0.0,0.17165112574286343,0.0,1.0,0.0,29.0,0.0,0.2740054130554199,"{""callbacks"": {""early_stopping"": true, ""min_delta"": 0.0, ""mode"": ""auto"", ""monitor"": ""val_loss"", ""patience"": 40, ""restore_best_weights"": true, ""verbose"": 0}, ""cv"": {""k"": 5, ""seed"": 42, ""shuffle"": true}, ""data"": {""train_path"": ""data/MONK/MONK1/monks-1.train""}, ""model"": {""activation"": ""tanh"", ""dropout"": 0.0, ""hidden_units"": [4]}, ""optim"": {""lr"": 0.2, ""momentum"": 0.0, ""name"": ""adam""}, ""regularizer"": {""l2"": ""1e-2""}, ""seed"": 42, ""split"": {""stratified"": true, ""val_size"": 0.2}, ""training"": {""batch_size"": 16, ""epochs"": 800, ""include_reg_in_val"": false, ""shuffle"": true}}"
7bfd1d096122,42,holdout,val_loss,min,0.17165112574286343,0.0,0.17165112574286343,0.0,1.0,0.0,29.0,0.0,0.27808427810668945,"{""callbacks"": {""early_stopping"": true, ""min_delta"": 0.0, ""mode"": ""auto"", ""monitor"": ""val_loss"", ""patience"": 40, ""restore_best_weights"": true, ""verbose"": 0}, ""cv"": {""k"": 5, ""seed"": 42, ""shuffle"": true}, ""data"": {""train_path"": ""data/MONK/MONK1/monks-1.train""}, ""model"": {""activation"": ""tanh"", ""dropout"": 0.0, ""hidden_units"": [4]}, ""optim"": {""lr"": 0.2, ""momentum"": 0.0, ""name"": ""adam""}, ""regularizer"": {""l2"": ""1e-2""}, ""seed"": 42, ""split"": {""stratified"": true, ""val_size"": 0.2}, ""training"": {""batch_size"": 16, ""epochs"": 1000, ""include_reg_in_val"": false, ""shuffle"": true}}"
ef5a3f00e5d6,42,holdout,val_loss,min,0.17165112574286343,0.0,0.17165112574286343,0.0,1.0,0.0,29.0,0.0,0.30000734329223633,"{""callbacks"": {""early_stopping"": true, ""min_delta"": 0.0, ""mode"": ""auto"", ""monitor"": ""val_loss"", ""patience"": 40, ""restore_best_weights"": true, ""verbose"": 0}, ""cv"": {""k"": 5, ""seed"": 42, ""shuffle"": true}, ""data"": {""train_path"": ""data/MONK/MONK1/monks-1.train""}, ""model"": {""activation"": ""tanh"", ""dropout"": 0.0, ""hidden_units"": [4]}, ""optim"": {""lr"": 0.2, ""momentum"": 0.5, ""name"": ""adam""}, ""regularizer"": {""l2"": ""1e-2""}, ""seed"": 42, ""split"": {""stratified"": true, ""val_size"": 0.2}, ""training"": {""batch_size"": 16, ""epochs"": 800, ""include_reg_in_val"": false, ""shuffle"": true}}"
00cc2165b9da,42,holdout,val_loss,min,0.17165112574286343,0.0,0.17165112574286343,0.0,1.0,0.0,29.0,0.0,0.33156275749206543,"{""callbacks"": {""early_stopping"": true, ""min_delta"": 0.0, ""mode"": ""auto"", ""monitor"": ""val_loss"", ""patience"": 40, ""restore_best_weights"": true, ""verbose"": 0}, ""cv"": {""k"": 5, ""seed"": 42, ""shuffle"": true}, ""data"": {""train_path"": ""data/MONK/MONK1/monks-1.train""}, ""model"": {""activation"": ""tanh"", ""dropout"": 0.0, ""hidden_units"": [4]}, ""optim"": {""lr"": 0.2, ""momentum"": 0.5, ""name"": ""adam""}, ""regularizer"": {""l2"": ""1e-2""}, ""seed"": 42, ""split"": {""stratified"": true, ""val_size"": 0.2}, ""training"": {""batch_size"": 16, ""epochs"": 1000, ""include_reg_in_val"": false, ""shuffle"": true}}"
6b4c93f1b9fa,42,holdout,val_loss,min,0.11206537631942746,0.0,0.11206537631942746,0.0,1.0,0.0,152.0,0.0,0.4589228630065918,"{""callbacks"": {""early_stopping"": true, ""min_delta"": 0.0, ""mode"": ""auto"", ""monitor"": ""val_loss"", ""patience"": 40, ""restore_best_weights"": true, ""verbose"": 0}, ""cv"": {""k"": 5, ""seed"": 42, ""shuffle"": true}, ""data"": {""train_path"": ""data/MONK/MONK1/monks-1.train""}, ""model"": {""activation"": ""tanh"", ""dropout"": 0.0, ""hidden_units"": [4]}, ""optim"": {""lr"": 0.2, ""momentum"": 0.0, ""name"": ""adam""}, ""regularizer"": {""l2"": ""1e-2""}, ""seed"": 42, ""split"": {""stratified"": true, ""val_size"": 0.2}, ""training"": {""batch_size"": 32, ""epochs"": 1000, ""include_reg_in_val"": false, ""shuffle"": true}}"
d48b5070cef8,42,holdout,val_loss,min,0.11206537631942746,0.0,0.11206537631942746,0.0,1.0,0.0,152.0,0.0,0.4770233631134033,"{""callbacks"": {""early_stopping"": true, ""min_delta"": 0.0, ""mode"": ""auto"", ""monitor"": ""val_loss"", ""patience"": 40, ""restore_best_weights"": true, ""verbose"": 0}, ""cv"": {""k"": 5, ""seed"": 42, ""shuffle"": true}, ""data"": {""train_path"": ""data/MONK/MONK1/monks-1.train""}, ""model"": {""activation"": ""tanh"", ""dropout"": 0.0, ""hidden_units"": [4]}, ""optim"": {""lr"": 0.2, ""momentum"": 0.0, ""name"": ""adam""}, ""regularizer"": {""l2"": ""1e-2""}, ""seed"": 42, ""split"": {""stratified"": true, ""val_size"": 0.2}, ""training"": {""batch_size"": 32, ""epochs"": 800, ""include_reg_in_val"": false, ""shuffle"": true}}"
55e01a8e73d2,42,holdout,val_loss,min,0.17165112574286343,0.0,0.17165112574286343,0.0,1.0,0.0,29.0,0.0,0.31300973892211914,"{""callbacks"": {""early_stopping"": true, ""min_delta"": 0.0, ""mode"": ""auto"", ""monitor"": ""val_loss"", ""patience"": 40, ""restore_best_weights"": true, ""verbose"": 0}, ""cv"": {""k"": 5, ""seed"": 42, ""shuffle"": true}, ""data"": {""train_path"": ""data/MONK/MONK1/monks-1.train""}, ""model"": {""activation"": ""tanh"", ""dropout"": 0.0, ""hidden_units"": [4]}, ""optim"": {""lr"": 0.2, ""momentum"": 0.9, ""name"": ""adam""}, ""regularizer"": {""l2"": ""1e-2""}, ""seed"": 42, ""split"": {""stratified"": true, ""val_size"": 0.2}, ""training"": {""batch_size"": 16, ""epochs"": 800, ""include_reg_in_val"": false, ""shuffle"": true}}"
ac1b905c407e,42,holdout,val_loss,min,0.11206537631942746,0.0,0.11206537631942746,0.0,1.0,0.0,152.0,0.0,0.46492791175842285,"{""callbacks"": {""early_stopping"": true, ""min_delta"": 0.0, ""mode"": ""auto"", ""monitor"": ""val_loss"", ""patience"": 40, ""restore_best_weights"": true, ""verbose"": 0}, ""cv"": {""k"": 5, ""seed"": 42, ""shuffle"": true}, ""data"": {""train_path"": ""data/MONK/MONK1/monks-1.train""}, ""model"": {""activation"": ""tanh"", ""dropout"": 0.0, ""hidden_units"": [4]}, ""optim"": {""lr"": 0.2, ""momentum"": 0.5, ""name"": ""adam""}, ""regularizer"": {""l2"": ""1e-2""}, ""seed"": 42, ""split"": {""stratified"": true, ""val_size"": 0.2}, ""training"": {""batch_size"": 32, ""epochs"": 800, ""include_reg_in_val"": false, ""shuffle"": true}}"
ab10f05ddcc9,42,holdout,val_loss,min,0.11206537631942746,0.0,0.11206537631942746,0.0,1.0,0.0,152.0,0.0,0.4568185806274414,"{""callbacks"": {""early_stopping"": true, ""min_delta"": 0.0, ""mode"": ""auto"", ""monitor"": ""val_loss"", ""patience"": 40, ""restore_best_weights"": true, ""verbose"": 0}, ""cv"": {""k"": 5, ""seed"": 42, ""shuffle"": true}, ""data"": {""train_path"": ""data/MONK/MONK1/monks-1.train""}, ""model"": {""activation"": ""tanh"", ""dropout"": 0.0, ""hidden_units"": [4]}, ""optim"": {""lr"": 0.2, ""momentum"": 0.5, ""name"": ""adam""}, ""regularizer"": {""l2"": ""1e-2""}, ""seed"": 42, ""split"": {""stratified"": true, ""val_size"": 0.2}, ""training"": {""batch_size"": 32, ""epochs"": 1000, ""include_reg_in_val"": false, ""shuffle"": true}}"
e4f8188de9fe,42,holdout,val_loss,min,0.17165112574286343,0.0,0.17165112574286343,0.0,1.0,0.0,29.0,0.0,0.334003210067749,"{""callbacks"": {""early_stopping"": true, ""min_delta"": 0.0, ""mode"": ""auto"", ""monitor"": ""val_loss"", ""patience"": 40, ""restore_best_weights"": true, ""verbose"": 0}, ""cv"": {""k"": 5, ""seed"": 42, ""shuffle"": true}, ""data"": {""train_path"": ""data/MONK/MONK1/monks-1.train""}, ""model"": {""activation"": ""tanh"", ""dropout"": 0.0, ""hidden_units"": [4]}, ""optim"": {""lr"": 0.2, ""momentum"": 0.9, ""name"": ""adam""}, ""regularizer"": {""l2"": ""1e-2""}, ""seed"": 42, ""split"": {""stratified"": true, ""val_size"": 0.2}, ""training"": {""batch_size"": 16, ""epochs"": 1000, ""include_reg_in_val"": false, ""shuffle"": true}}"
ac367bcc4191,42,holdout,val_loss,min,0.12940782790496497,0.0,0.12940782790496497,0.0,1.0,0.0,50.0,0.0,0.21656250953674316,"{""callbacks"": {""early_stopping"": true, ""min_delta"": 0.0, ""mode"": ""auto"", ""monitor"": ""val_loss"", ""patience"": 40, ""restore_best_weights"": true, ""verbose"": 0}, ""cv"": {""k"": 5, ""seed"": 42, ""shuffle"": true}, ""data"": {""train_path"": ""data/MONK/MONK1/monks-1.train""}, ""model"": {""activation"": ""tanh"", ""dropout"": 0.0, ""hidden_units"": [4]}, ""optim"": {""lr"": 0.1, ""momentum"": 0.0, ""name"": ""adam""}, ""regularizer"": {""l2"": ""1e-2""}, ""seed"": 42, ""split"": {""stratified"": true, ""val_size"": 0.2}, ""training"": {""batch_size"": 32, ""epochs"": 800, ""include_reg_in_val"": false, ""shuffle"": true}}"
99d63e828e30,42,holdout,val_loss,min,0.11206537631942746,0.0,0.11206537631942746,0.0,1.0,0.0,152.0,0.0,0.4566473960876465,"{""callbacks"": {""early_stopping"": true, ""min_delta"": 0.0, ""mode"": ""auto"", ""monitor"": ""val_loss"", ""patience"": 40, ""restore_best_weights"": true, ""verbose"": 0}, ""cv"": {""k"": 5, ""seed"": 42, ""shuffle"": true}, ""data"": {""train_path"": ""data/MONK/MONK1/monks-1.train""}, ""model"": {""activation"": ""tanh"", ""dropout"": 0.0, ""hidden_units"": [4]}, ""optim"": {""lr"": 0.2, ""momentum"": 0.9, ""name"": ""adam""}, ""regularizer"": {""l2"": ""1e-2""}, ""seed"": 42, ""split"": {""stratified"": true, ""val_size"": 0.2}, ""training"": {""batch_size"": 32, ""epochs"": 800, ""include_reg_in_val"": false, ""shuffle"": true}}"
3b479f46d437,42,holdout,val_loss,min,0.4062485735807257,0.0,0.4062485735807257,0.0,0.88,0.0,800.0,0.0,3.1842689514160156,"{""callbacks"": {""early_stopping"": true, ""min_delta"": 0.0, ""mode"": ""auto"", ""monitor"": ""val_loss"", ""patience"": 40, ""restore_best_weights"": true, ""verbose"": 0}, ""cv"": {""k"": 5, ""seed"": 42, ""shuffle"": true}, ""data"": {""train_path"": ""data/MONK/MONK1/monks-1.train""}, ""model"": {""activation"": ""tanh"", ""dropout"": 0.0, ""hidden_units"": [4]}, ""optim"": {""lr"": 0.001, ""momentum"": 0.9, ""name"": ""sgd""}, ""regularizer"": {""l2"": ""1e-2""}, ""seed"": 42, ""split"": {""stratified"": true, ""val_size"": 0.2}, ""training"": {""batch_size"": 16, ""epochs"": 800, ""include_reg_in_val"": false, ""shuffle"": true}}"
40c447960409,42,holdout,val_loss,min,0.12940782790496497,0.0,0.12940782790496497,0.0,1.0,0.0,50.0,0.0,0.2261044979095459,"{""callbacks"": {""early_stopping"": true, ""min_delta"": 0.0, ""mode"": ""auto"", ""monitor"": ""val_loss"", ""patience"": 40, ""restore_best_weights"": true, ""verbose"": 0}, ""cv"": {""k"": 5, ""seed"": 42, ""shuffle"": true}, ""data"": {""train_path"": ""data/MONK/MONK1/monks-1.train""}, ""model"": {""activation"": ""tanh"", ""dropout"": 0.0, ""hidden_units"": [4]}, ""optim"": {""lr"": 0.1, ""momentum"": 0.0, ""name"": ""adam""}, ""regularizer"": {""l2"": ""1e-2""}, ""seed"": 42, ""split"": {""stratified"": true, ""val_size"": 0.2}, ""training"": {""batch_size"": 32, ""epochs"": 1000, ""include_reg_in_val"": false, ""shuffle"": true}}"
938bdab116ff,42,holdout,val_loss,min,0.11206537631942746,0.0,0.11206537631942746,0.0,1.0,0.0,152.0,0.0,0.47310495376586914,"{""callbacks"": {""early_stopping"": true, ""min_delta"": 0.0, ""mode"": ""auto"", ""monitor"": ""val_loss"", ""patience"": 40, ""restore_best_weights"": true, ""verbose"": 0}, ""cv"": {""k"": 5, ""seed"": 42, ""shuffle"": true}, ""data"": {""train_path"": ""data/MONK/MONK1/monks-1.train""}, ""model"": {""activation"": ""tanh"", ""dropout"": 0.0, ""hidden_units"": [4]}, ""optim"": {""lr"": 0.2, ""momentum"": 0.9, ""name"": ""adam""}, ""regularizer"": {""l2"": ""1e-2""}, ""seed"": 42, ""split"": {""stratified"": true, ""val_size"": 0.2}, ""training"": {""batch_size"": 32, ""epochs"": 1000, ""include_reg_in_val"": false, ""shuffle"": true}}"
fde8379d2c94,42,holdout,val_loss,min,0.12910195111767409,0.0,0.12910195111767409,0.0,1.0,0.0,60.0,0.0,0.41556406021118164,"{""callbacks"": {""early_stopping"": true, ""min_delta"": 0.0, ""mode"": ""auto"", ""monitor"": ""val_loss"", ""patience"": 40, ""restore_best_weights"": true, ""verbose"": 0}, ""cv"": {""k"": 5, ""seed"": 42, ""shuffle"": true}, ""data"": {""train_path"": ""data/MONK/MONK1/monks-1.train""}, ""model"": {""activation"": ""tanh"", ""dropout"": 0.0, ""hidden_units"": [4]}, ""optim"": {""lr"": 0.1, ""momentum"": 0.0, ""name"": ""adam""}, ""regularizer"": {""l2"": ""1e-2""}, ""seed"": 42, ""split"": {""stratified"": true, ""val_size"": 0.2}, ""training"": {""batch_size"": 16, ""epochs"": 800, ""include_reg_in_val"": false, ""shuffle"": true}}"
4e50a728ca36,42,holdout,val_loss,min,0.12910195111767409,0.0,0.12910195111767409,0.0,1.0,0.0,60.0,0.0,0.4169480800628662,"{""callbacks"": {""early_stopping"": true, ""min_delta"": 0.0, ""mode"": ""auto"", ""monitor"": ""val_loss"", ""patience"": 40, ""restore_best_weights"": true, ""verbose"": 0}, ""cv"": {""k"": 5, ""seed"": 42, ""shuffle"": true}, ""data"": {""train_path"": ""data/MONK/MONK1/monks-1.train""}, ""model"": {""activation"": ""tanh"", ""dropout"": 0.0, ""hidden_units"": [4]}, ""optim"": {""lr"": 0.1, ""momentum"": 0.0, ""name"": ""adam""}, ""regularizer"": {""l2"": ""1e-2""}, ""seed"": 42, ""split"": {""stratified"": true, ""val_size"": 0.2}, ""training"": {""batch_size"": 16, ""epochs"": 1000, ""include_reg_in_val"": false, ""shuffle"": true}}"
b186a9826c14,42,holdout,val_loss,min,0.12940782790496497,0.0,0.12940782790496497,0.0,1.0,0.0,50.0,0.0,0.28348875045776367,"{""callbacks"": {""early_stopping"": true, ""min_delta"": 0.0, ""mode"": ""auto"", ""monitor"": ""val_loss"", ""patience"": 40, ""restore_best_weights"": true, ""verbose"": 0}, ""cv"": {""k"": 5, ""seed"": 42, ""shuffle"": true}, ""data"": {""train_path"": ""data/MONK/MONK1/monks-1.train""}, ""model"": {""activation"": ""tanh"", ""dropout"": 0.0, ""hidden_units"": [4]}, ""optim"": {""lr"": 0.1, ""momentum"": 0.5, ""name"": ""adam""}, ""regularizer"": {""l2"": ""1e-2""}, ""seed"": 42, ""split"": {""stratified"": true, ""val_size"": 0.2}, ""training"": {""batch_size"": 32, ""epochs"": 800, ""include_reg_in_val"": false, ""shuffle"": true}}"
7f2e3d3e8c8e,42,holdout,val_loss,min,0.12940782790496497,0.0,0.12940782790496497,0.0,1.0,0.0,50.0,0.0,0.30373525619506836,"{""callbacks"": {""early_stopping"": true, ""min_delta"": 0.0, ""mode"": ""auto"", ""monitor"": ""val_loss"", ""patience"": 40, ""restore_best_weights"": true, ""verbose"": 0}, ""cv"": {""k"": 5, ""seed"": 42, ""shuffle"": true}, ""data"": {""train_path"": ""data/MONK/MONK1/monks-1.train""}, ""model"": {""activation"": ""tanh"", ""dropout"": 0.0, ""hidden_units"": [4]}, ""optim"": {""lr"": 0.1, ""momentum"": 0.5, ""name"": ""adam""}, ""regularizer"": {""l2"": ""1e-2""}, ""seed"": 42, ""split"": {""stratified"": true, ""val_size"": 0.2}, ""training"": {""batch_size"": 32, ""epochs"": 1000, ""include_reg_in_val"": false, ""shuffle"": true}}"
84d67e2796ec,42,holdout,val_loss,min,0.12910195111767409,0.0,0.12910195111767409,0.0,1.0,0.0,60.0,0.0,0.40789198875427246,"{""callbacks"": {""early_stopping"": true, ""min_delta"": 0.0, ""mode"": ""auto"", ""monitor"": ""val_loss"", ""patience"": 40, ""restore_best_weights"": true, ""verbose"": 0}, ""cv"": {""k"": 5, ""seed"": 42, ""shuffle"": true}, ""data"": {""train_path"": ""data/MONK/MONK1/monks-1.train""}, ""model"": {""activation"": ""tanh"", ""dropout"": 0.0, ""hidden_units"": [4]}, ""optim"": {""lr"": 0.1, ""momentum"": 0.5, ""name"": ""adam""}, ""regularizer"": {""l2"": ""1e-2""}, ""seed"": 42, ""split"": {""stratified"": true, ""val_size"": 0.2}, ""training"": {""batch_size"": 16, ""epochs"": 800, ""include_reg_in_val"": false, ""shuffle"": true}}"
1afa193d14e3,42,holdout,val_loss,min,0.12940782790496497,0.0,0.12940782790496497,0.0,1.0,0.0,50.0,0.0,0.22453927993774414,"{""callbacks"": {""early_stopping"": true, ""min_delta"": 0.0, ""mode"": ""auto"", ""monitor"": ""val_loss"", ""patience"": 40, ""restore_best_weights"": true, ""verbose"": 0}, ""cv"": {""k"": 5, ""seed"": 42, ""shuffle"": true}, ""data"": {""train_path"": ""data/MONK/MONK1/monks-1.train""}, ""model"": {""activation"": ""tanh"", ""dropout"": 0.0, ""hidden_units"": [4]}, ""optim"": {""lr"": 0.1, ""momentum"": 0.9, ""name"": ""adam""}, ""regularizer"": {""l2"": ""1e-2""}, ""seed"": 42, ""split"": {""stratified"": true, ""val_size"": 0.2}, ""training"": {""batch_size"": 32, ""epochs"": 800, ""include_reg_in_val"": false, ""shuffle"": true}}"
39c4c55ec643,42,holdout,val_loss,min,0.12910195111767409,0.0,0.12910195111767409,0.0,1.0,0.0,60.0,0.0,0.41306138038635254,"{""callbacks"": {""early_stopping"": true, ""min_delta"": 0.0, ""mode"": ""auto"", ""monitor"": ""val_loss"", ""patience"": 40, ""restore_best_weights"": true, ""verbose"": 0}, ""cv"": {""k"": 5, ""seed"": 42, ""shuffle"": true}, ""data"": {""train_path"": ""data/MONK/MONK1/monks-1.train""}, ""model"": {""activation"": ""tanh"", ""dropout"": 0.0, ""hidden_units"": [4]}, ""optim"": {""lr"": 0.1, ""momentum"": 0.5, ""name"": ""adam""}, ""regularizer"": {""l2"": ""1e-2""}, ""seed"": 42, ""split"": {""stratified"": true, ""val_size"": 0.2}, ""training"": {""batch_size"": 16, ""epochs"": 1000, ""include_reg_in_val"": false, ""shuffle"": true}}"
e12549ef4256,42,holdout,val_loss,min,0.12910195111767409,0.0,0.12910195111767409,0.0,1.0,0.0,60.0,0.0,0.43621325492858887,"{""callbacks"": {""early_stopping"": true, ""min_delta"": 0.0, ""mode"": ""auto"", ""monitor"": ""val_loss"", ""patience"": 40, ""restore_best_weights"": true, ""verbose"": 0}, ""cv"": {""k"": 5, ""seed"": 42, ""shuffle"": true}, ""data"": {""train_path"": ""data/MONK/MONK1/monks-1.train""}, ""model"": {""activation"": ""tanh"", ""dropout"": 0.0, ""hidden_units"": [4]}, ""optim"": {""lr"": 0.1, ""momentum"": 0.9, ""name"": ""adam""}, ""regularizer"": {""l2"": ""1e-2""}, ""seed"": 42, ""split"": {""stratified"": true, ""val_size"": 0.2}, ""training"": {""batch_size"": 16, ""epochs"": 800, ""include_reg_in_val"": false, ""shuffle"": true}}"
5aa01b8914e0,42,holdout,val_loss,min,0.12940782790496497,0.0,0.12940782790496497,0.0,1.0,0.0,50.0,0.0,0.2309114933013916,"{""callbacks"": {""early_stopping"": true, ""min_delta"": 0.0, ""mode"": ""auto"", ""monitor"": ""val_loss"", ""patience"": 40, ""restore_best_weights"": true, ""verbose"": 0}, ""cv"": {""k"": 5, ""seed"": 42, ""shuffle"": true}, ""data"": {""train_path"": ""data/MONK/MONK1/monks-1.train""}, ""model"": {""activation"": ""tanh"", ""dropout"": 0.0, ""hidden_units"": [4]}, ""optim"": {""lr"": 0.1, ""momentum"": 0.9, ""name"": ""adam""}, ""regularizer"": {""l2"": ""1e-2""}, ""seed"": 42, ""split"": {""stratified"": true, ""val_size"": 0.2}, ""training"": {""batch_size"": 32, ""epochs"": 1000, ""include_reg_in_val"": false, ""shuffle"": true}}"
764e07741651,42,holdout,val_loss,min,0.12910195111767409,0.0,0.12910195111767409,0.0,1.0,0.0,60.0,0.0,0.4306666851043701,"{""callbacks"": {""early_stopping"": true, ""min_delta"": 0.0, ""mode"": ""auto"", ""monitor"": ""val_loss"", ""patience"": 40, ""restore_best_weights"": true, ""verbose"": 0}, ""cv"": {""k"": 5, ""seed"": 42, ""shuffle"": true}, ""data"": {""train_path"": ""data/MONK/MONK1/monks-1.train""}, ""model"": {""activation"": ""tanh"", ""dropout"": 0.0, ""hidden_units"": [4]}, ""optim"": {""lr"": 0.1, ""momentum"": 0.9, ""name"": ""adam""}, ""regularizer"": {""l2"": ""1e-2""}, ""seed"": 42, ""split"": {""stratified"": true, ""val_size"": 0.2}, ""training"": {""batch_size"": 16, ""epochs"": 1000, ""include_reg_in_val"": false, ""shuffle"": true}}"
ac73e197485d,42,holdout,val_loss,min,0.373427231624487,0.0,0.373427231624487,0.0,0.88,0.0,999.0,0.0,3.6905739307403564,"{""callbacks"": {""early_stopping"": true, ""min_delta"": 0.0, ""mode"": ""auto"", ""monitor"": ""val_loss"", ""patience"": 40, ""restore_best_weights"": true, ""verbose"": 0}, ""cv"": {""k"": 5, ""seed"": 42, ""shuffle"": true}, ""data"": {""train_path"": ""data/MONK/MONK1/monks-1.train""}, ""model"": {""activation"": ""tanh"", ""dropout"": 0.0, ""hidden_units"": [4]}, ""optim"": {""lr"": 0.001, ""momentum"": 0.9, ""name"": ""sgd""}, ""regularizer"": {""l2"": ""1e-2""}, ""seed"": 42, ""split"": {""stratified"": true, ""val_size"": 0.2}, ""training"": {""batch_size"": 16, ""epochs"": 1000, ""include_reg_in_val"": false, ""shuffle"": true}}"
b4cdf5fb9d96,42,holdout,val_loss,min,0.1879134151799454,0.0,0.1879134151799454,0.0,0.92,0.0,80.0,0.0,0.29336023330688477,"{""callbacks"": {""early_stopping"": true, ""min_delta"": 0.0, ""mode"": ""auto"", ""monitor"": ""val_loss"", ""patience"": 40, ""restore_best_weights"": true, ""verbose"": 0}, ""cv"": {""k"": 5, ""seed"": 42, ""shuffle"": true}, ""data"": {""train_path"": ""data/MONK/MONK1/monks-1.train""}, ""model"": {""activation"": ""tanh"", ""dropout"": 0.0, ""hidden_units"": [4]}, ""optim"": {""lr"": 0.05, ""momentum"": 0.0, ""name"": ""adam""}, ""regularizer"": {""l2"": ""1e-2""}, ""seed"": 42, ""split"": {""stratified"": true, ""val_size"": 0.2}, ""training"": {""batch_size"": 32, ""epochs"": 800, ""include_reg_in_val"": false, ""shuffle"": true}}"
d7b9b6becc02,42,holdout,val_loss,min,0.1879134151799454,0.0,0.1879134151799454,0.0,0.92,0.0,80.0,0.0,0.29209160804748535,"{""callbacks"": {""early_stopping"": true, ""min_delta"": 0.0, ""mode"": ""auto"", ""monitor"": ""val_loss"", ""patience"": 40, ""restore_best_weights"": true, ""verbose"": 0}, ""cv"": {""k"": 5, ""seed"": 42, ""shuffle"": true}, ""data"": {""train_path"": ""data/MONK/MONK1/monks-1.train""}, ""model"": {""activation"": ""tanh"", ""dropout"": 0.0, ""hidden_units"": [4]}, ""optim"": {""lr"": 0.05, ""momentum"": 0.0, ""name"": ""adam""}, ""regularizer"": {""l2"": ""1e-2""}, ""seed"": 42, ""split"": {""stratified"": true, ""val_size"": 0.2}, ""training"": {""batch_size"": 32, ""epochs"": 1000, ""include_reg_in_val"": false, ""shuffle"": true}}"
81bc326d574f,42,holdout,val_loss,min,0.17643927382523902,0.0,0.17643927382523902,0.0,1.0,0.0,80.0,0.0,0.48329925537109375,"{""callbacks"": {""early_stopping"": true, ""min_delta"": 0.0, ""mode"": ""auto"", ""monitor"": ""val_loss"", ""patience"": 40, ""restore_best_weights"": true, ""verbose"": 0}, ""cv"": {""k"": 5, ""seed"": 42, ""shuffle"": true}, ""data"": {""train_path"": ""data/MONK/MONK1/monks-1.train""}, ""model"": {""activation"": ""tanh"", ""dropout"": 0.0, ""hidden_units"": [4]}, ""optim"": {""lr"": 0.05, ""momentum"": 0.0, ""name"": ""adam""}, ""regularizer"": {""l2"": ""1e-2""}, ""seed"": 42, ""split"": {""stratified"": true, ""val_size"": 0.2}, ""training"": {""batch_size"": 16, ""epochs"": 1000, ""include_reg_in_val"": false, ""shuffle"": true}}"
a66bd21b1f95,42,holdout,val_loss,min,0.17643927382523902,0.0,0.17643927382523902,0.0,1.0,0.0,80.0,0.0,0.5996353626251221,"{""callbacks"": {""early_stopping"": true, ""min_delta"": 0.0, ""mode"": ""auto"", ""monitor"": ""val_loss"", ""patience"": 40, ""restore_best_weights"": true, ""verbose"": 0}, ""cv"": {""k"": 5, ""seed"": 42, ""shuffle"": true}, ""data"": {""train_path"": ""data/MONK/MONK1/monks-1.train""}, ""model"": {""activation"": ""tanh"", ""dropout"": 0.0, ""hidden_units"": [4]}, ""optim"": {""lr"": 0.05, ""momentum"": 0.0, ""name"": ""adam""}, ""regularizer"": {""l2"": ""1e-2""}, ""seed"": 42, ""split"": {""stratified"": true, ""val_size"": 0.2}, ""training"": {""batch_size"": 16, ""epochs"": 800, ""include_reg_in_val"": false, ""shuffle"": true}}"
1a5db1171f52,42,holdout,val_loss,min,0.1879134151799454,0.0,0.1879134151799454,0.0,0.92,0.0,80.0,0.0,0.37276673316955566,"{""callbacks"": {""early_stopping"": true, ""min_delta"": 0.0, ""mode"": ""auto"", ""monitor"": ""val_loss"", ""patience"": 40, ""restore_best_weights"": true, ""verbose"": 0}, ""cv"": {""k"": 5, ""seed"": 42, ""shuffle"": true}, ""data"": {""train_path"": ""data/MONK/MONK1/monks-1.train""}, ""model"": {""activation"": ""tanh"", ""dropout"": 0.0, ""hidden_units"": [4]}, ""optim"": {""lr"": 0.05, ""momentum"": 0.5, ""name"": ""adam""}, ""regularizer"": {""l2"": ""1e-2""}, ""seed"": 42, ""split"": {""stratified"": true, ""val_size"": 0.2}, ""training"": {""batch_size"": 32, ""epochs"": 800, ""include_reg_in_val"": false, ""shuffle"": true}}"
ec09f1c28833,42,holdout,val_loss,min,0.17643927382523902,0.0,0.17643927382523902,0.0,1.0,0.0,80.0,0.0,0.48920416831970215,"{""callbacks"": {""early_stopping"": true, ""min_delta"": 0.0, ""mode"": ""auto"", ""monitor"": ""val_loss"", ""patience"": 40, ""restore_best_weights"": true, ""verbose"": 0}, ""cv"": {""k"": 5, ""seed"": 42, ""shuffle"": true}, ""data"": {""train_path"": ""data/MONK/MONK1/monks-1.train""}, ""model"": {""activation"": ""tanh"", ""dropout"": 0.0, ""hidden_units"": [4]}, ""optim"": {""lr"": 0.05, ""momentum"": 0.5, ""name"": ""adam""}, ""regularizer"": {""l2"": ""1e-2""}, ""seed"": 42, ""split"": {""stratified"": true, ""val_size"": 0.2}, ""training"": {""batch_size"": 16, ""epochs"": 800, ""include_reg_in_val"": false, ""shuffle"": true}}"
e9b9d5423562,42,holdout,val_loss,min,0.1879134151799454,0.0,0.1879134151799454,0.0,0.92,0.0,80.0,0.0,0.33986473083496094,"{""callbacks"": {""early_stopping"": true, ""min_delta"": 0.0, ""mode"": ""auto"", ""monitor"": ""val_loss"", ""patience"": 40, ""restore_best_weights"": true, ""verbose"": 0}, ""cv"": {""k"": 5, ""seed"": 42, ""shuffle"": true}, ""data"": {""train_path"": ""data/MONK/MONK1/monks-1.train""}, ""model"": {""activation"": ""tanh"", ""dropout"": 0.0, ""hidden_units"": [4]}, ""optim"": {""lr"": 0.05, ""momentum"": 0.5, ""name"": ""adam""}, ""regularizer"": {""l2"": ""1e-2""}, ""seed"": 42, ""split"": {""stratified"": true, ""val_size"": 0.2}, ""training"": {""batch_size"": 32, ""epochs"": 1000, ""include_reg_in_val"": false, ""shuffle"": true}}"
909caec12631,42,holdout,val_loss,min,0.17643927382523902,0.0,0.17643927382523902,0.0,1.0,0.0,80.0,0.0,0.6018412113189697,"{""callbacks"": {""early_stopping"": true, ""min_delta"": 0.0, ""mode"": ""auto"", ""monitor"": ""val_loss"", ""patience"": 40, ""restore_best_weights"": true, ""verbose"": 0}, ""cv"": {""k"": 5, ""seed"": 42, ""shuffle"": true}, ""data"": {""train_path"": ""data/MONK/MONK1/monks-1.train""}, ""model"": {""activation"": ""tanh"", ""dropout"": 0.0, ""hidden_units"": [4]}, ""optim"": {""lr"": 0.05, ""momentum"": 0.5, ""name"": ""adam""}, ""regularizer"": {""l2"": ""1e-2""}, ""seed"": 42, ""split"": {""stratified"": true, ""val_size"": 0.2}, ""training"": {""batch_size"": 16, ""epochs"": 1000, ""include_reg_in_val"": false, ""shuffle"": true}}"
36a885c81bf3,42,holdout,val_loss,min,0.1879134151799454,0.0,0.1879134151799454,0.0,0.92,0.0,80.0,0.0,0.2969701290130615,"{""callbacks"": {""early_stopping"": true, ""min_delta"": 0.0, ""mode"": ""auto"", ""monitor"": ""val_loss"", ""patience"": 40, ""restore_best_weights"": true, ""verbose"": 0}, ""cv"": {""k"": 5, ""seed"": 42, ""shuffle"": true}, ""data"": {""train_path"": ""data/MONK/MONK1/monks-1.train""}, ""model"": {""activation"": ""tanh"", ""dropout"": 0.0, ""hidden_units"": [4]}, ""optim"": {""lr"": 0.05, ""momentum"": 0.9, ""name"": ""adam""}, ""regularizer"": {""l2"": ""1e-2""}, ""seed"": 42, ""split"": {""stratified"": true, ""val_size"": 0.2}, ""training"": {""batch_size"": 32, ""epochs"": 800, ""include_reg_in_val"": false, ""shuffle"": true}}"
cc97246c5e06,42,holdout,val_loss,min,0.17643927382523902,0.0,0.17643927382523902,0.0,1.0,0.0,80.0,0.0,0.49289751052856445,"{""callbacks"": {""early_stopping"": true, ""min_delta"": 0.0, ""mode"": ""auto"", ""monitor"": ""val_loss"", ""patience"": 40, ""restore_best_weights"": true, ""verbose"": 0}, ""cv"": {""k"": 5, ""seed"": 42, ""shuffle"": true}, ""data"": {""train_path"": ""data/MONK/MONK1/monks-1.train""}, ""model"": {""activation"": ""tanh"", ""dropout"": 0.0, ""hidden_units"": [4]}, ""optim"": {""lr"": 0.05, ""momentum"": 0.9, ""name"": ""adam""}, ""regularizer"": {""l2"": ""1e-2""}, ""seed"": 42, ""split"": {""stratified"": true, ""val_size"": 0.2}, ""training"": {""batch_size"": 16, ""epochs"": 800, ""include_reg_in_val"": false, ""shuffle"": true}}"
1bdad81f0b13,42,holdout,val_loss,min,0.17643927382523902,0.0,0.17643927382523902,0.0,1.0,0.0,80.0,0.0,0.49153923988342285,"{""callbacks"": {""early_stopping"": true, ""min_delta"": 0.0, ""mode"": ""auto"", ""monitor"": ""val_loss"", ""patience"": 40, ""restore_best_weights"": true, ""verbose"": 0}, ""cv"": {""k"": 5, ""seed"": 42, ""shuffle"": true}, ""data"": {""train_path"": ""data/MONK/MONK1/monks-1.train""}, ""model"": {""activation"": ""tanh"", ""dropout"": 0.0, ""hidden_units"": [4]}, ""optim"": {""lr"": 0.05, ""momentum"": 0.9, ""name"": ""adam""}, ""regularizer"": {""l2"": ""1e-2""}, ""seed"": 42, ""split"": {""stratified"": true, ""val_size"": 0.2}, ""training"": {""batch_size"": 16, ""epochs"": 1000, ""include_reg_in_val"": false, ""shuffle"": true}}"
90207cab2b11,42,holdout,val_loss,min,0.1879134151799454,0.0,0.1879134151799454,0.0,0.92,0.0,80.0,0.0,0.33574366569519043,"{""callbacks"": {""early_stopping"": true, ""min_delta"": 0.0, ""mode"": ""auto"", ""monitor"": ""val_loss"", ""patience"": 40, ""restore_best_weights"": true, ""verbose"": 0}, ""cv"": {""k"": 5, ""seed"": 42, ""shuffle"": true}, ""data"": {""train_path"": ""data/MONK/MONK1/monks-1.train""}, ""model"": {""activation"": ""tanh"", ""dropout"": 0.0, ""hidden_units"": [4]}, ""optim"": {""lr"": 0.05, ""momentum"": 0.9, ""name"": ""adam""}, ""regularizer"": {""l2"": ""1e-2""}, ""seed"": 42, ""split"": {""stratified"": true, ""val_size"": 0.2}, ""training"": {""batch_size"": 32, ""epochs"": 1000, ""include_reg_in_val"": false, ""shuffle"": true}}"
de36911e289d,42,holdout,val_loss,min,0.18827249546836117,0.0,0.18827249546836117,0.0,0.96,0.0,244.0,0.0,0.8226096630096436,"{""callbacks"": {""early_stopping"": true, ""min_delta"": 0.0, ""mode"": ""auto"", ""monitor"": ""val_loss"", ""patience"": 40, ""restore_best_weights"": true, ""verbose"": 0}, ""cv"": {""k"": 5, ""seed"": 42, ""shuffle"": true}, ""data"": {""train_path"": ""data/MONK/MONK1/monks-1.train""}, ""model"": {""activation"": ""tanh"", ""dropout"": 0.0, ""hidden_units"": [4]}, ""optim"": {""lr"": 0.01, ""momentum"": 0.0, ""name"": ""adam""}, ""regularizer"": {""l2"": ""1e-2""}, ""seed"": 42, ""split"": {""stratified"": true, ""val_size"": 0.2}, ""training"": {""batch_size"": 32, ""epochs"": 800, ""include_reg_in_val"": false, ""shuffle"": true}}"
ec2c98e6314b,42,holdout,val_loss,min,0.18827249546836117,0.0,0.18827249546836117,0.0,0.96,0.0,244.0,0.0,0.7138113975524902,"{""callbacks"": {""early_stopping"": true, ""min_delta"": 0.0, ""mode"": ""auto"", ""monitor"": ""val_loss"", ""patience"": 40, ""restore_best_weights"": true, ""verbose"": 0}, ""cv"": {""k"": 5, ""seed"": 42, ""shuffle"": true}, ""data"": {""train_path"": ""data/MONK/MONK1/monks-1.train""}, ""model"": {""activation"": ""tanh"", ""dropout"": 0.0, ""hidden_units"": [4]}, ""optim"": {""lr"": 0.01, ""momentum"": 0.5, ""name"": ""adam""}, ""regularizer"": {""l2"": ""1e-2""}, ""seed"": 42, ""split"": {""stratified"": true, ""val_size"": 0.2}, ""training"": {""batch_size"": 32, ""epochs"": 800, ""include_reg_in_val"": false, ""shuffle"": true}}"
df45fc0dc8dc,42,holdout,val_loss,min,0.18827249546836117,0.0,0.18827249546836117,0.0,0.96,0.0,244.0,0.0,0.8188533782958984,"{""callbacks"": {""early_stopping"": true, ""min_delta"": 0.0, ""mode"": ""auto"", ""monitor"": ""val_loss"", ""patience"": 40, ""restore_best_weights"": true, ""verbose"": 0}, ""cv"": {""k"": 5, ""seed"": 42, ""shuffle"": true}, ""data"": {""train_path"": ""data/MONK/MONK1/monks-1.train""}, ""model"": {""activation"": ""tanh"", ""dropout"": 0.0, ""hidden_units"": [4]}, ""optim"": {""lr"": 0.01, ""momentum"": 0.0, ""name"": ""adam""}, ""regularizer"": {""l2"": ""1e-2""}, ""seed"": 42, ""split"": {""stratified"": true, ""val_size"": 0.2}, ""training"": {""batch_size"": 32, ""epochs"": 1000, ""include_reg_in_val"": false, ""shuffle"": true}}"
0522e388d563,42,holdout,val_loss,min,0.1720376478278068,0.0,0.1720376478278068,0.0,0.96,0.0,212.0,0.0,1.0213406085968018,"{""callbacks"": {""early_stopping"": true, ""min_delta"": 0.0, ""mode"": ""auto"", ""monitor"": ""val_loss"", ""patience"": 40, ""restore_best_weights"": true, ""verbose"": 0}, ""cv"": {""k"": 5, ""seed"": 42, ""shuffle"": true}, ""data"": {""train_path"": ""data/MONK/MONK1/monks-1.train""}, ""model"": {""activation"": ""tanh"", ""dropout"": 0.0, ""hidden_units"": [4]}, ""optim"": {""lr"": 0.01, ""momentum"": 0.0, ""name"": ""adam""}, ""regularizer"": {""l2"": ""1e-2""}, ""seed"": 42, ""split"": {""stratified"": true, ""val_size"": 0.2}, ""training"": {""batch_size"": 16, ""epochs"": 1000, ""include_reg_in_val"": false, ""shuffle"": true}}"
b7a0512033fe,42,holdout,val_loss,min,0.18827249546836117,0.0,0.18827249546836117,0.0,0.96,0.0,244.0,0.0,0.8273403644561768,"{""callbacks"": {""early_stopping"": true, ""min_delta"": 0.0, ""mode"": ""auto"", ""monitor"": ""val_loss"", ""patience"": 40, ""restore_best_weights"": true, ""verbose"": 0}, ""cv"": {""k"": 5, ""seed"": 42, ""shuffle"": true}, ""data"": {""train_path"": ""data/MONK/MONK1/monks-1.train""}, ""model"": {""activation"": ""tanh"", ""dropout"": 0.0, ""hidden_units"": [4]}, ""optim"": {""lr"": 0.01, ""momentum"": 0.5, ""name"": ""adam""}, ""regularizer"": {""l2"": ""1e-2""}, ""seed"": 42, ""split"": {""stratified"": true, ""val_size"": 0.2}, ""training"": {""batch_size"": 32, ""epochs"": 1000, ""include_reg_in_val"": false, ""shuffle"": true}}"
486b69edb756,42,holdout,val_loss,min,0.1720376478278068,0.0,0.1720376478278068,0.0,0.96,0.0,212.0,0.0,1.188927412033081,"{""callbacks"": {""early_stopping"": true, ""min_delta"": 0.0, ""mode"": ""auto"", ""monitor"": ""val_loss"", ""patience"": 40, ""restore_best_weights"": true, ""verbose"": 0}, ""cv"": {""k"": 5, ""seed"": 42, ""shuffle"": true}, ""data"": {""train_path"": ""data/MONK/MONK1/monks-1.train""}, ""model"": {""activation"": ""tanh"", ""dropout"": 0.0, ""hidden_units"": [4]}, ""optim"": {""lr"": 0.01, ""momentum"": 0.0, ""name"": ""adam""}, ""regularizer"": {""l2"": ""1e-2""}, ""seed"": 42, ""split"": {""stratified"": true, ""val_size"": 0.2}, ""training"": {""batch_size"": 16, ""epochs"": 800, ""include_reg_in_val"": false, ""shuffle"": true}}"
e27c6a4cfe2e,42,holdout,val_loss,min,0.1720376478278068,0.0,0.1720376478278068,0.0,0.96,0.0,212.0,0.0,1.014420986175537,"{""callbacks"": {""early_stopping"": true, ""min_delta"": 0.0, ""mode"": ""auto"", ""monitor"": ""val_loss"", ""patience"": 40, ""restore_best_weights"": true, ""verbose"": 0}, ""cv"": {""k"": 5, ""seed"": 42, ""shuffle"": true}, ""data"": {""train_path"": ""data/MONK/MONK1/monks-1.train""}, ""model"": {""activation"": ""tanh"", ""dropout"": 0.0, ""hidden_units"": [4]}, ""optim"": {""lr"": 0.01, ""momentum"": 0.5, ""name"": ""adam""}, ""regularizer"": {""l2"": ""1e-2""}, ""seed"": 42, ""split"": {""stratified"": true, ""val_size"": 0.2}, ""training"": {""batch_size"": 16, ""epochs"": 800, ""include_reg_in_val"": false, ""shuffle"": true}}"
de76c817f670,42,holdout,val_loss,min,0.1720376478278068,0.0,0.1720376478278068,0.0,0.96,0.0,212.0,0.0,1.0268833637237549,"{""callbacks"": {""early_stopping"": true, ""min_delta"": 0.0, ""mode"": ""auto"", ""monitor"": ""val_loss"", ""patience"": 40, ""restore_best_weights"": true, ""verbose"": 0}, ""cv"": {""k"": 5, ""seed"": 42, ""shuffle"": true}, ""data"": {""train_path"": ""data/MONK/MONK1/monks-1.train""}, ""model"": {""activation"": ""tanh"", ""dropout"": 0.0, ""hidden_units"": [4]}, ""optim"": {""lr"": 0.01, ""momentum"": 0.5, ""name"": ""adam""}, ""regularizer"": {""l2"": ""1e-2""}, ""seed"": 42, ""split"": {""stratified"": true, ""val_size"": 0.2}, ""training"": {""batch_size"": 16, ""epochs"": 1000, ""include_reg_in_val"": false, ""shuffle"": true}}"
082f10856bcc,42,holdout,val_loss,min,0.18827249546836117,0.0,0.18827249546836117,0.0,0.96,0.0,244.0,0.0,0.782520055770874,"{""callbacks"": {""early_stopping"": true, ""min_delta"": 0.0, ""mode"": ""auto"", ""monitor"": ""val_loss"", ""patience"": 40, ""restore_best_weights"": true, ""verbose"": 0}, ""cv"": {""k"": 5, ""seed"": 42, ""shuffle"": true}, ""data"": {""train_path"": ""data/MONK/MONK1/monks-1.train""}, ""model"": {""activation"": ""tanh"", ""dropout"": 0.0, ""hidden_units"": [4]}, ""optim"": {""lr"": 0.01, ""momentum"": 0.9, ""name"": ""adam""}, ""regularizer"": {""l2"": ""1e-2""}, ""seed"": 42, ""split"": {""stratified"": true, ""val_size"": 0.2}, ""training"": {""batch_size"": 32, ""epochs"": 800, ""include_reg_in_val"": false, ""shuffle"": true}}"
a06e3ca2cf71,42,holdout,val_loss,min,0.18827249546836117,0.0,0.18827249546836117,0.0,0.96,0.0,244.0,0.0,0.8357629776000977,"{""callbacks"": {""early_stopping"": true, ""min_delta"": 0.0, ""mode"": ""auto"", ""monitor"": ""val_loss"", ""patience"": 40, ""restore_best_weights"": true, ""verbose"": 0}, ""cv"": {""k"": 5, ""seed"": 42, ""shuffle"": true}, ""data"": {""train_path"": ""data/MONK/MONK1/monks-1.train""}, ""model"": {""activation"": ""tanh"", ""dropout"": 0.0, ""hidden_units"": [4]}, ""optim"": {""lr"": 0.01, ""momentum"": 0.9, ""name"": ""adam""}, ""regularizer"": {""l2"": ""1e-2""}, ""seed"": 42, ""split"": {""stratified"": true, ""val_size"": 0.2}, ""training"": {""batch_size"": 32, ""epochs"": 1000, ""include_reg_in_val"": false, ""shuffle"": true}}"
7fb5318d26d4,42,holdout,val_loss,min,0.1720376478278068,0.0,0.1720376478278068,0.0,0.96,0.0,212.0,0.0,1.300342082977295,"{""callbacks"": {""early_stopping"": true, ""min_delta"": 0.0, ""mode"": ""auto"", ""monitor"": ""val_loss"", ""patience"": 40, ""restore_best_weights"": true, ""verbose"": 0}, ""cv"": {""k"": 5, ""seed"": 42, ""shuffle"": true}, ""data"": {""train_path"": ""data/MONK/MONK1/monks-1.train""}, ""model"": {""activation"": ""tanh"", ""dropout"": 0.0, ""hidden_units"": [4]}, ""optim"": {""lr"": 0.01, ""momentum"": 0.9, ""name"": ""adam""}, ""regularizer"": {""l2"": ""1e-2""}, ""seed"": 42, ""split"": {""stratified"": true, ""val_size"": 0.2}, ""training"": {""batch_size"": 16, ""epochs"": 800, ""include_reg_in_val"": false, ""shuffle"": true}}"
452e35493691,42,holdout,val_loss,min,0.46546500959744574,0.0,0.46546500959744574,0.0,0.8,0.0,182.0,0.0,1.0504698753356934,"{""callbacks"": {""early_stopping"": true, ""min_delta"": 0.0, ""mode"": ""auto"", ""monitor"": ""val_loss"", ""patience"": 40, ""restore_best_weights"": true, ""verbose"": 0}, ""cv"": {""k"": 5, ""seed"": 42, ""shuffle"": true}, ""data"": {""train_path"": ""data/MONK/MONK1/monks-1.train""}, ""model"": {""activation"": ""tanh"", ""dropout"": 0.0, ""hidden_units"": [4]}, ""optim"": {""lr"": 0.001, ""momentum"": 0.0, ""name"": ""adam""}, ""regularizer"": {""l2"": ""1e-2""}, ""seed"": 42, ""split"": {""stratified"": true, ""val_size"": 0.2}, ""training"": {""batch_size"": 16, ""epochs"": 800, ""include_reg_in_val"": false, ""shuffle"": true}}"
f0ef3e06f69d,42,holdout,val_loss,min,0.46620595192869485,0.0,0.46620595192869485,0.0,0.84,0.0,345.0,0.0,0.9783241748809814,"{""callbacks"": {""early_stopping"": true, ""min_delta"": 0.0, ""mode"": ""auto"", ""monitor"": ""val_loss"", ""patience"": 40, ""restore_best_weights"": true, ""verbose"": 0}, ""cv"": {""k"": 5, ""seed"": 42, ""shuffle"": true}, ""data"": {""train_path"": ""data/MONK/MONK1/monks-1.train""}, ""model"": {""activation"": ""tanh"", ""dropout"": 0.0, ""hidden_units"": [4]}, ""optim"": {""lr"": 0.001, ""momentum"": 0.0, ""name"": ""adam""}, ""regularizer"": {""l2"": ""1e-2""}, ""seed"": 42, ""split"": {""stratified"": true, ""val_size"": 0.2}, ""training"": {""batch_size"": 32, ""epochs"": 800, ""include_reg_in_val"": false, ""shuffle"": true}}"
d7bf1d0c2e8b,42,holdout,val_loss,min,0.1720376478278068,0.0,0.1720376478278068,0.0,0.96,0.0,212.0,0.0,1.2690117359161377,"{""callbacks"": {""early_stopping"": true, ""min_delta"": 0.0, ""mode"": ""auto"", ""monitor"": ""val_loss"", ""patience"": 40, ""restore_best_weights"": true, ""verbose"": 0}, ""cv"": {""k"": 5, ""seed"": 42, ""shuffle"": true}, ""data"": {""train_path"": ""data/MONK/MONK1/monks-1.train""}, ""model"": {""activation"": ""tanh"", ""dropout"": 0.0, ""hidden_units"": [4]}, ""optim"": {""lr"": 0.01, ""momentum"": 0.9, ""name"": ""adam""}, ""regularizer"": {""l2"": ""1e-2""}, ""seed"": 42, ""split"": {""stratified"": true, ""val_size"": 0.2}, ""training"": {""batch_size"": 16, ""epochs"": 1000, ""include_reg_in_val"": false, ""shuffle"": true}}"
8dbfa0756351,42,holdout,val_loss,min,0.46620595192869485,0.0,0.46620595192869485,0.0,0.84,0.0,345.0,0.0,0.9818382263183594,"{""callbacks"": {""early_stopping"": true, ""min_delta"": 0.0, ""mode"": ""auto"", ""monitor"": ""val_loss"", ""patience"": 40, ""restore_best_weights"": true, ""verbose"": 0}, ""cv"": {""k"": 5, ""seed"": 42, ""shuffle"": true}, ""data"": {""train_path"": ""data/MONK/MONK1/monks-1.train""}, ""model"": {""activation"": ""tanh"", ""dropout"": 0.0, ""hidden_units"": [4]}, ""optim"": {""lr"": 0.001, ""momentum"": 0.0, ""name"": ""adam""}, ""regularizer"": {""l2"": ""1e-2""}, ""seed"": 42, ""split"": {""stratified"": true, ""val_size"": 0.2}, ""training"": {""batch_size"": 32, ""epochs"": 1000, ""include_reg_in_val"": false, ""shuffle"": true}}"
ee7a5c905660,42,holdout,val_loss,min,0.46546500959744574,0.0,0.46546500959744574,0.0,0.8,0.0,182.0,0.0,1.1467955112457275,"{""callbacks"": {""early_stopping"": true, ""min_delta"": 0.0, ""mode"": ""auto"", ""monitor"": ""val_loss"", ""patience"": 40, ""restore_best_weights"": true, ""verbose"": 0}, ""cv"": {""k"": 5, ""seed"": 42, ""shuffle"": true}, ""data"": {""train_path"": ""data/MONK/MONK1/monks-1.train""}, ""model"": {""activation"": ""tanh"", ""dropout"": 0.0, ""hidden_units"": [4]}, ""optim"": {""lr"": 0.001, ""momentum"": 0.0, ""name"": ""adam""}, ""regularizer"": {""l2"": ""1e-2""}, ""seed"": 42, ""split"": {""stratified"": true, ""val_size"": 0.2}, ""training"": {""batch_size"": 16, ""epochs"": 1000, ""include_reg_in_val"": false, ""shuffle"": true}}"
323651cd601a,42,holdout,val_loss,min,0.46546500959744574,0.0,0.46546500959744574,0.0,0.8,0.0,182.0,0.0,0.8862981796264648,"{""callbacks"": {""early_stopping"": true, ""min_delta"": 0.0, ""mode"": ""auto"", ""monitor"": ""val_loss"", ""patience"": 40, ""restore_best_weights"": true, ""verbose"": 0}, ""cv"": {""k"": 5, ""seed"": 42, ""shuffle"": true}, ""data"": {""train_path"": ""data/MONK/MONK1/monks-1.train""}, ""model"": {""activation"": ""tanh"", ""dropout"": 0.0, ""hidden_units"": [4]}, ""optim"": {""lr"": 0.001, ""momentum"": 0.5, ""name"": ""adam""}, ""regularizer"": {""l2"": ""1e-2""}, ""seed"": 42, ""split"": {""stratified"": true, ""val_size"": 0.2}, ""training"": {""batch_size"": 16, ""epochs"": 800, ""include_reg_in_val"": false, ""shuffle"": true}}"
1f651de0e095,42,holdout,val_loss,min,0.46546500959744574,0.0,0.46546500959744574,0.0,0.8,0.0,182.0,0.0,1.1901428699493408,"{""callbacks"": {""early_stopping"": true, ""min_delta"": 0.0, ""mode"": ""auto"", ""monitor"": ""val_loss"", ""patience"": 40, ""restore_best_weights"": true, ""verbose"": 0}, ""cv"": {""k"": 5, ""seed"": 42, ""shuffle"": true}, ""data"": {""train_path"": ""data/MONK/MONK1/monks-1.train""}, ""model"": {""activation"": ""tanh"", ""dropout"": 0.0, ""hidden_units"": [4]}, ""optim"": {""lr"": 0.001, ""momentum"": 0.5, ""name"": ""adam""}, ""regularizer"": {""l2"": ""1e-2""}, ""seed"": 42, ""split"": {""stratified"": true, ""val_size"": 0.2}, ""training"": {""batch_size"": 16, ""epochs"": 1000, ""include_reg_in_val"": false, ""shuffle"": true}}"
d589823c72af,42,holdout,val_loss,min,0.46546500959744574,0.0,0.46546500959744574,0.0,0.8,0.0,182.0,0.0,0.917870044708252,"{""callbacks"": {""early_stopping"": true, ""min_delta"": 0.0, ""mode"": ""auto"", ""monitor"": ""val_loss"", ""patience"": 40, ""restore_best_weights"": true, ""verbose"": 0}, ""cv"": {""k"": 5, ""seed"": 42, ""shuffle"": true}, ""data"": {""train_path"": ""data/MONK/MONK1/monks-1.train""}, ""model"": {""activation"": ""tanh"", ""dropout"": 0.0, ""hidden_units"": [4]}, ""optim"": {""lr"": 0.001, ""momentum"": 0.9, ""name"": ""adam""}, ""regularizer"": {""l2"": ""1e-2""}, ""seed"": 42, ""split"": {""stratified"": true, ""val_size"": 0.2}, ""training"": {""batch_size"": 16, ""epochs"": 800, ""include_reg_in_val"": false, ""shuffle"": true}}"
91f7a0af22d8,42,holdout,val_loss,min,0.46620595192869485,0.0,0.46620595192869485,0.0,0.84,0.0,345.0,0.0,0.9977068901062012,"{""callbacks"": {""early_stopping"": true, ""min_delta"": 0.0, ""mode"": ""auto"", ""monitor"": ""val_loss"", ""patience"": 40, ""restore_best_weights"": true, ""verbose"": 0}, ""cv"": {""k"": 5, ""seed"": 42, ""shuffle"": true}, ""data"": {""train_path"": ""data/MONK/MONK1/monks-1.train""}, ""model"": {""activation"": ""tanh"", ""dropout"": 0.0, ""hidden_units"": [4]}, ""optim"": {""lr"": 0.001, ""momentum"": 0.5, ""name"": ""adam""}, ""regularizer"": {""l2"": ""1e-2""}, ""seed"": 42, ""split"": {""stratified"": true, ""val_size"": 0.2}, ""training"": {""batch_size"": 32, ""epochs"": 1000, ""include_reg_in_val"": false, ""shuffle"": true}}"
4b292ec37507,42,holdout,val_loss,min,0.46620595192869485,0.0,0.46620595192869485,0.0,0.84,0.0,345.0,0.0,1.0046308040618896,"{""callbacks"": {""early_stopping"": true, ""min_delta"": 0.0, ""mode"": ""auto"", ""monitor"": ""val_loss"", ""patience"": 40, ""restore_best_weights"": true, ""verbose"": 0}, ""cv"": {""k"": 5, ""seed"": 42, ""shuffle"": true}, ""data"": {""train_path"": ""data/MONK/MONK1/monks-1.train""}, ""model"": {""activation"": ""tanh"", ""dropout"": 0.0, ""hidden_units"": [4]}, ""optim"": {""lr"": 0.001, ""momentum"": 0.9, ""name"": ""adam""}, ""regularizer"": {""l2"": ""1e-2""}, ""seed"": 42, ""split"": {""stratified"": true, ""val_size"": 0.2}, ""training"": {""batch_size"": 32, ""epochs"": 800, ""include_reg_in_val"": false, ""shuffle"": true}}"
d0583773b9f6,42,holdout,val_loss,min,0.46546500959744574,0.0,0.46546500959744574,0.0,0.8,0.0,182.0,0.0,1.2136874198913574,"{""callbacks"": {""early_stopping"": true, ""min_delta"": 0.0, ""mode"": ""auto"", ""monitor"": ""val_loss"", ""patience"": 40, ""restore_best_weights"": true, ""verbose"": 0}, ""cv"": {""k"": 5, ""seed"": 42, ""shuffle"": true}, ""data"": {""train_path"": ""data/MONK/MONK1/monks-1.train""}, ""model"": {""activation"": ""tanh"", ""dropout"": 0.0, ""hidden_units"": [4]}, ""optim"": {""lr"": 0.001, ""momentum"": 0.9, ""name"": ""adam""}, ""regularizer"": {""l2"": ""1e-2""}, ""seed"": 42, ""split"": {""stratified"": true, ""val_size"": 0.2}, ""training"": {""batch_size"": 16, ""epochs"": 1000, ""include_reg_in_val"": false, ""shuffle"": true}}"
ae19d7a59d21,42,holdout,val_loss,min,0.46620595192869485,0.0,0.46620595192869485,0.0,0.84,0.0,345.0,0.0,1.3070518970489502,"{""callbacks"": {""early_stopping"": true, ""min_delta"": 0.0, ""mode"": ""auto"", ""monitor"": ""val_loss"", ""patience"": 40, ""restore_best_weights"": true, ""verbose"": 0}, ""cv"": {""k"": 5, ""seed"": 42, ""shuffle"": true}, ""data"": {""train_path"": ""data/MONK/MONK1/monks-1.train""}, ""model"": {""activation"": ""tanh"", ""dropout"": 0.0, ""hidden_units"": [4]}, ""optim"": {""lr"": 0.001, ""momentum"": 0.5, ""name"": ""adam""}, ""regularizer"": {""l2"": ""1e-2""}, ""seed"": 42, ""split"": {""stratified"": true, ""val_size"": 0.2}, ""training"": {""batch_size"": 32, ""epochs"": 800, ""include_reg_in_val"": false, ""shuffle"": true}}"
6502282a474c,42,holdout,val_loss,min,0.46620595192869485,0.0,0.46620595192869485,0.0,0.84,0.0,345.0,0.0,1.2724754810333252,"{""callbacks"": {""early_stopping"": true, ""min_delta"": 0.0, ""mode"": ""auto"", ""monitor"": ""val_loss"", ""patience"": 40, ""restore_best_weights"": true, ""verbose"": 0}, ""cv"": {""k"": 5, ""seed"": 42, ""shuffle"": true}, ""data"": {""train_path"": ""data/MONK/MONK1/monks-1.train""}, ""model"": {""activation"": ""tanh"", ""dropout"": 0.0, ""hidden_units"": [4]}, ""optim"": {""lr"": 0.001, ""momentum"": 0.9, ""name"": ""adam""}, ""regularizer"": {""l2"": ""1e-2""}, ""seed"": 42, ""split"": {""stratified"": true, ""val_size"": 0.2}, ""training"": {""batch_size"": 32, ""epochs"": 1000, ""include_reg_in_val"": false, ""shuffle"": true}}"
9e6a58a1ca66,42,holdout,val_loss,min,0.060402565002613436,0.0,0.060402565002613436,0.0,1.0,0.0,245.0,0.0,0.5484697818756104,"{""callbacks"": {""early_stopping"": true, ""min_delta"": 0.0, ""mode"": ""auto"", ""monitor"": ""val_loss"", ""patience"": 40, ""restore_best_weights"": true, ""verbose"": 0}, ""cv"": {""k"": 5, ""seed"": 42, ""shuffle"": true}, ""data"": {""train_path"": ""data/MONK/MONK1/monks-1.train""}, ""model"": {""activation"": ""tanh"", ""dropout"": 0.1, ""hidden_units"": [4]}, ""optim"": {""lr"": 0.3, ""momentum"": 0.0, ""name"": ""sgd""}, ""regularizer"": {""l2"": 0.0}, ""seed"": 42, ""split"": {""stratified"": true, ""val_size"": 0.2}, ""training"": {""batch_size"": 32, ""epochs"": 800, ""include_reg_in_val"": false, ""shuffle"": true}}"
4e7be7aa916a,42,holdout,val_loss,min,0.060402565002613436,0.0,0.060402565002613436,0.0,1.0,0.0,245.0,0.0,0.549968957901001,"{""callbacks"": {""early_stopping"": true, ""min_delta"": 0.0, ""mode"": ""auto"", ""monitor"": ""val_loss"", ""patience"": 40, ""restore_best_weights"": true, ""verbose"": 0}, ""cv"": {""k"": 5, ""seed"": 42, ""shuffle"": true}, ""data"": {""train_path"": ""data/MONK/MONK1/monks-1.train""}, ""model"": {""activation"": ""tanh"", ""dropout"": 0.1, ""hidden_units"": [4]}, ""optim"": {""lr"": 0.3, ""momentum"": 0.0, ""name"": ""sgd""}, ""regularizer"": {""l2"": 0.0}, ""seed"": 42, ""split"": {""stratified"": true, ""val_size"": 0.2}, ""training"": {""batch_size"": 32, ""epochs"": 1000, ""include_reg_in_val"": false, ""shuffle"": true}}"
6f27fa0d35f2,42,holdout,val_loss,min,0.003270515375699555,0.0,0.003270515375699555,0.0,1.0,0.0,328.0,0.0,1.1465258598327637,"{""callbacks"": {""early_stopping"": true, ""min_delta"": 0.0, ""mode"": ""auto"", ""monitor"": ""val_loss"", ""patience"": 40, ""restore_best_weights"": true, ""verbose"": 0}, ""cv"": {""k"": 5, ""seed"": 42, ""shuffle"": true}, ""data"": {""train_path"": ""data/MONK/MONK1/monks-1.train""}, ""model"": {""activation"": ""tanh"", ""dropout"": 0.1, ""hidden_units"": [4]}, ""optim"": {""lr"": 0.3, ""momentum"": 0.0, ""name"": ""sgd""}, ""regularizer"": {""l2"": 0.0}, ""seed"": 42, ""split"": {""stratified"": true, ""val_size"": 0.2}, ""training"": {""batch_size"": 16, ""epochs"": 800, ""include_reg_in_val"": false, ""shuffle"": true}}"
0fbdc0c27e86,42,holdout,val_loss,min,0.23010501911183084,0.0,0.23010501911183084,0.0,0.92,0.0,19.0,0.0,0.20112061500549316,"{""callbacks"": {""early_stopping"": true, ""min_delta"": 0.0, ""mode"": ""auto"", ""monitor"": ""val_loss"", ""patience"": 40, ""restore_best_weights"": true, ""verbose"": 0}, ""cv"": {""k"": 5, ""seed"": 42, ""shuffle"": true}, ""data"": {""train_path"": ""data/MONK/MONK1/monks-1.train""}, ""model"": {""activation"": ""tanh"", ""dropout"": 0.1, ""hidden_units"": [4]}, ""optim"": {""lr"": 0.3, ""momentum"": 0.9, ""name"": ""sgd""}, ""regularizer"": {""l2"": 0.0}, ""seed"": 42, ""split"": {""stratified"": true, ""val_size"": 0.2}, ""training"": {""batch_size"": 16, ""epochs"": 1000, ""include_reg_in_val"": false, ""shuffle"": true}}"
181a103b6460,42,holdout,val_loss,min,0.23010501911183084,0.0,0.23010501911183084,0.0,0.92,0.0,19.0,0.0,0.2658214569091797,"{""callbacks"": {""early_stopping"": true, ""min_delta"": 0.0, ""mode"": ""auto"", ""monitor"": ""val_loss"", ""patience"": 40, ""restore_best_weights"": true, ""verbose"": 0}, ""cv"": {""k"": 5, ""seed"": 42, ""shuffle"": true}, ""data"": {""train_path"": ""data/MONK/MONK1/monks-1.train""}, ""model"": {""activation"": ""tanh"", ""dropout"": 0.1, ""hidden_units"": [4]}, ""optim"": {""lr"": 0.3, ""momentum"": 0.9, ""name"": ""sgd""}, ""regularizer"": {""l2"": 0.0}, ""seed"": 42, ""split"": {""stratified"": true, ""val_size"": 0.2}, ""training"": {""batch_size"": 16, ""epochs"": 800, ""include_reg_in_val"": false, ""shuffle"": true}}"
68302a433c20,42,holdout,val_loss,min,0.07176703962374026,0.0,0.07176703962374026,0.0,0.96,0.0,60.0,0.0,0.20411944389343262,"{""callbacks"": {""early_stopping"": true, ""min_delta"": 0.0, ""mode"": ""auto"", ""monitor"": ""val_loss"", ""patience"": 40, ""restore_best_weights"": true, ""verbose"": 0}, ""cv"": {""k"": 5, ""seed"": 42, ""shuffle"": true}, ""data"": {""train_path"": ""data/MONK/MONK1/monks-1.train""}, ""model"": {""activation"": ""tanh"", ""dropout"": 0.1, ""hidden_units"": [4]}, ""optim"": {""lr"": 0.3, ""momentum"": 0.9, ""name"": ""sgd""}, ""regularizer"": {""l2"": 0.0}, ""seed"": 42, ""split"": {""stratified"": true, ""val_size"": 0.2}, ""training"": {""batch_size"": 32, ""epochs"": 800, ""include_reg_in_val"": false, ""shuffle"": true}}"
61a1bd653010,42,holdout,val_loss,min,0.0020149792698864175,0.0,0.0020149792698864175,0.0,1.0,0.0,224.0,0.0,0.8872761726379395,"{""callbacks"": {""early_stopping"": true, ""min_delta"": 0.0, ""mode"": ""auto"", ""monitor"": ""val_loss"", ""patience"": 40, ""restore_best_weights"": true, ""verbose"": 0}, ""cv"": {""k"": 5, ""seed"": 42, ""shuffle"": true}, ""data"": {""train_path"": ""data/MONK/MONK1/monks-1.train""}, ""model"": {""activation"": ""tanh"", ""dropout"": 0.1, ""hidden_units"": [4]}, ""optim"": {""lr"": 0.3, ""momentum"": 0.5, ""name"": ""sgd""}, ""regularizer"": {""l2"": 0.0}, ""seed"": 42, ""split"": {""stratified"": true, ""val_size"": 0.2}, ""training"": {""batch_size"": 16, ""epochs"": 800, ""include_reg_in_val"": false, ""shuffle"": true}}"
cddc0dbe9b5f,42,holdout,val_loss,min,0.011298213964382398,0.0,0.011298213964382398,0.0,1.0,0.0,223.0,0.0,0.6300697326660156,"{""callbacks"": {""early_stopping"": true, ""min_delta"": 0.0, ""mode"": ""auto"", ""monitor"": ""val_loss"", ""patience"": 40, ""restore_best_weights"": true, ""verbose"": 0}, ""cv"": {""k"": 5, ""seed"": 42, ""shuffle"": true}, ""data"": {""train_path"": ""data/MONK/MONK1/monks-1.train""}, ""model"": {""activation"": ""tanh"", ""dropout"": 0.1, ""hidden_units"": [4]}, ""optim"": {""lr"": 0.3, ""momentum"": 0.5, ""name"": ""sgd""}, ""regularizer"": {""l2"": 0.0}, ""seed"": 42, ""split"": {""stratified"": true, ""val_size"": 0.2}, ""training"": {""batch_size"": 32, ""epochs"": 800, ""include_reg_in_val"": false, ""shuffle"": true}}"
614ec894d70d,42,holdout,val_loss,min,0.07176703962374026,0.0,0.07176703962374026,0.0,0.96,0.0,60.0,0.0,0.19954848289489746,"{""callbacks"": {""early_stopping"": true, ""min_delta"": 0.0, ""mode"": ""auto"", ""monitor"": ""val_loss"", ""patience"": 40, ""restore_best_weights"": true, ""verbose"": 0}, ""cv"": {""k"": 5, ""seed"": 42, ""shuffle"": true}, ""data"": {""train_path"": ""data/MONK/MONK1/monks-1.train""}, ""model"": {""activation"": ""tanh"", ""dropout"": 0.1, ""hidden_units"": [4]}, ""optim"": {""lr"": 0.3, ""momentum"": 0.9, ""name"": ""sgd""}, ""regularizer"": {""l2"": 0.0}, ""seed"": 42, ""split"": {""stratified"": true, ""val_size"": 0.2}, ""training"": {""batch_size"": 32, ""epochs"": 1000, ""include_reg_in_val"": false, ""shuffle"": true}}"
7dac03e3f73c,42,holdout,val_loss,min,0.011298213964382398,0.0,0.011298213964382398,0.0,1.0,0.0,223.0,0.0,0.7682492733001709,"{""callbacks"": {""early_stopping"": true, ""min_delta"": 0.0, ""mode"": ""auto"", ""monitor"": ""val_loss"", ""patience"": 40, ""restore_best_weights"": true, ""verbose"": 0}, ""cv"": {""k"": 5, ""seed"": 42, ""shuffle"": true}, ""data"": {""train_path"": ""data/MONK/MONK1/monks-1.train""}, ""model"": {""activation"": ""tanh"", ""dropout"": 0.1, ""hidden_units"": [4]}, ""optim"": {""lr"": 0.3, ""momentum"": 0.5, ""name"": ""sgd""}, ""regularizer"": {""l2"": 0.0}, ""seed"": 42, ""split"": {""stratified"": true, ""val_size"": 0.2}, ""training"": {""batch_size"": 32, ""epochs"": 1000, ""include_reg_in_val"": false, ""shuffle"": true}}"
c23a7cb022fa,42,holdout,val_loss,min,0.0020149792698864175,0.0,0.0020149792698864175,0.0,1.0,0.0,224.0,0.0,0.962446928024292,"{""callbacks"": {""early_stopping"": true, ""min_delta"": 0.0, ""mode"": ""auto"", ""monitor"": ""val_loss"", ""patience"": 40, ""restore_best_weights"": true, ""verbose"": 0}, ""cv"": {""k"": 5, ""seed"": 42, ""shuffle"": true}, ""data"": {""train_path"": ""data/MONK/MONK1/monks-1.train""}, ""model"": {""activation"": ""tanh"", ""dropout"": 0.1, ""hidden_units"": [4]}, ""optim"": {""lr"": 0.3, ""momentum"": 0.5, ""name"": ""sgd""}, ""regularizer"": {""l2"": 0.0}, ""seed"": 42, ""split"": {""stratified"": true, ""val_size"": 0.2}, ""training"": {""batch_size"": 16, ""epochs"": 1000, ""include_reg_in_val"": false, ""shuffle"": true}}"
caddbe17c09b,42,holdout,val_loss,min,0.003270515375699555,0.0,0.003270515375699555,0.0,1.0,0.0,328.0,0.0,1.607337236404419,"{""callbacks"": {""early_stopping"": true, ""min_delta"": 0.0, ""mode"": ""auto"", ""monitor"": ""val_loss"", ""patience"": 40, ""restore_best_weights"": true, ""verbose"": 0}, ""cv"": {""k"": 5, ""seed"": 42, ""shuffle"": true}, ""data"": {""train_path"": ""data/MONK/MONK1/monks-1.train""}, ""model"": {""activation"": ""tanh"", ""dropout"": 0.1, ""hidden_units"": [4]}, ""optim"": {""lr"": 0.3, ""momentum"": 0.0, ""name"": ""sgd""}, ""regularizer"": {""l2"": 0.0}, ""seed"": 42, ""split"": {""stratified"": true, ""val_size"": 0.2}, ""training"": {""batch_size"": 16, ""epochs"": 1000, ""include_reg_in_val"": false, ""shuffle"": true}}"
d81c2da76ca4,42,holdout,val_loss,min,0.036729863047786075,0.0,0.036729863047786075,0.0,1.0,0.0,335.0,0.0,0.8296966552734375,"{""callbacks"": {""early_stopping"": true, ""min_delta"": 0.0, ""mode"": ""auto"", ""monitor"": ""val_loss"", ""patience"": 40, ""restore_best_weights"": true, ""verbose"": 0}, ""cv"": {""k"": 5, ""seed"": 42, ""shuffle"": true}, ""data"": {""train_path"": ""data/MONK/MONK1/monks-1.train""}, ""model"": {""activation"": ""tanh"", ""dropout"": 0.1, ""hidden_units"": [4]}, ""optim"": {""lr"": 0.2, ""momentum"": 0.0, ""name"": ""sgd""}, ""regularizer"": {""l2"": 0.0}, ""seed"": 42, ""split"": {""stratified"": true, ""val_size"": 0.2}, ""training"": {""batch_size"": 32, ""epochs"": 800, ""include_reg_in_val"": false, ""shuffle"": true}}"
ef3925995ef9,42,holdout,val_loss,min,0.02959082106874882,0.0,0.02959082106874882,0.0,1.0,0.0,221.0,0.0,0.5958297252655029,"{""callbacks"": {""early_stopping"": true, ""min_delta"": 0.0, ""mode"": ""auto"", ""monitor"": ""val_loss"", ""patience"": 40, ""restore_best_weights"": true, ""verbose"": 0}, ""cv"": {""k"": 5, ""seed"": 42, ""shuffle"": true}, ""data"": {""train_path"": ""data/MONK/MONK1/monks-1.train""}, ""model"": {""activation"": ""tanh"", ""dropout"": 0.1, ""hidden_units"": [4]}, ""optim"": {""lr"": 0.2, ""momentum"": 0.5, ""name"": ""sgd""}, ""regularizer"": {""l2"": 0.0}, ""seed"": 42, ""split"": {""stratified"": true, ""val_size"": 0.2}, ""training"": {""batch_size"": 32, ""epochs"": 800, ""include_reg_in_val"": false, ""shuffle"": true}}"
4fcb9f3415f2,42,holdout,val_loss,min,0.3089974146773262,0.0,0.3089974146773262,0.0,0.88,0.0,19.0,0.0,0.2081291675567627,"{""callbacks"": {""early_stopping"": true, ""min_delta"": 0.0, ""mode"": ""auto"", ""monitor"": ""val_loss"", ""patience"": 40, ""restore_best_weights"": true, ""verbose"": 0}, ""cv"": {""k"": 5, ""seed"": 42, ""shuffle"": true}, ""data"": {""train_path"": ""data/MONK/MONK1/monks-1.train""}, ""model"": {""activation"": ""tanh"", ""dropout"": 0.1, ""hidden_units"": [4]}, ""optim"": {""lr"": 0.2, ""momentum"": 0.9, ""name"": ""sgd""}, ""regularizer"": {""l2"": 0.0}, ""seed"": 42, ""split"": {""stratified"": true, ""val_size"": 0.2}, ""training"": {""batch_size"": 16, ""epochs"": 800, ""include_reg_in_val"": false, ""shuffle"": true}}"
f88cb39821ff,42,holdout,val_loss,min,0.036729863047786075,0.0,0.036729863047786075,0.0,1.0,0.0,335.0,0.0,1.045931100845337,"{""callbacks"": {""early_stopping"": true, ""min_delta"": 0.0, ""mode"": ""auto"", ""monitor"": ""val_loss"", ""patience"": 40, ""restore_best_weights"": true, ""verbose"": 0}, ""cv"": {""k"": 5, ""seed"": 42, ""shuffle"": true}, ""data"": {""train_path"": ""data/MONK/MONK1/monks-1.train""}, ""model"": {""activation"": ""tanh"", ""dropout"": 0.1, ""hidden_units"": [4]}, ""optim"": {""lr"": 0.2, ""momentum"": 0.0, ""name"": ""sgd""}, ""regularizer"": {""l2"": 0.0}, ""seed"": 42, ""split"": {""stratified"": true, ""val_size"": 0.2}, ""training"": {""batch_size"": 32, ""epochs"": 1000, ""include_reg_in_val"": false, ""shuffle"": true}}"
6c3a9cad2955,42,holdout,val_loss,min,0.3089974146773262,0.0,0.3089974146773262,0.0,0.88,0.0,19.0,0.0,0.20897316932678223,"{""callbacks"": {""early_stopping"": true, ""min_delta"": 0.0, ""mode"": ""auto"", ""monitor"": ""val_loss"", ""patience"": 40, ""restore_best_weights"": true, ""verbose"": 0}, ""cv"": {""k"": 5, ""seed"": 42, ""shuffle"": true}, ""data"": {""train_path"": ""data/MONK/MONK1/monks-1.train""}, ""model"": {""activation"": ""tanh"", ""dropout"": 0.1, ""hidden_units"": [4]}, ""optim"": {""lr"": 0.2, ""momentum"": 0.9, ""name"": ""sgd""}, ""regularizer"": {""l2"": 0.0}, ""seed"": 42, ""split"": {""stratified"": true, ""val_size"": 0.2}, ""training"": {""batch_size"": 16, ""epochs"": 1000, ""include_reg_in_val"": false, ""shuffle"": true}}"
04d6e81e6a3e,42,holdout,val_loss,min,0.007653123632477681,0.0,0.007653123632477681,0.0,1.0,0.0,327.0,0.0,1.2640435695648193,"{""callbacks"": {""early_stopping"": true, ""min_delta"": 0.0, ""mode"": ""auto"", ""monitor"": ""val_loss"", ""patience"": 40, ""restore_best_weights"": true, ""verbose"": 0}, ""cv"": {""k"": 5, ""seed"": 42, ""shuffle"": true}, ""data"": {""train_path"": ""data/MONK/MONK1/monks-1.train""}, ""model"": {""activation"": ""tanh"", ""dropout"": 0.1, ""hidden_units"": [4]}, ""optim"": {""lr"": 0.2, ""momentum"": 0.0, ""name"": ""sgd""}, ""regularizer"": {""l2"": 0.0}, ""seed"": 42, ""split"": {""stratified"": true, ""val_size"": 0.2}, ""training"": {""batch_size"": 16, ""epochs"": 1000, ""include_reg_in_val"": false, ""shuffle"": true}}"
c00946a76088,42,holdout,val_loss,min,0.02959082106874882,0.0,0.02959082106874882,0.0,1.0,0.0,221.0,0.0,0.6661624908447266,"{""callbacks"": {""early_stopping"": true, ""min_delta"": 0.0, ""mode"": ""auto"", ""monitor"": ""val_loss"", ""patience"": 40, ""restore_best_weights"": true, ""verbose"": 0}, ""cv"": {""k"": 5, ""seed"": 42, ""shuffle"": true}, ""data"": {""train_path"": ""data/MONK/MONK1/monks-1.train""}, ""model"": {""activation"": ""tanh"", ""dropout"": 0.1, ""hidden_units"": [4]}, ""optim"": {""lr"": 0.2, ""momentum"": 0.5, ""name"": ""sgd""}, ""regularizer"": {""l2"": 0.0}, ""seed"": 42, ""split"": {""stratified"": true, ""val_size"": 0.2}, ""training"": {""batch_size"": 32, ""epochs"": 1000, ""include_reg_in_val"": false, ""shuffle"": true}}"
eeccc154e87f,42,holdout,val_loss,min,0.007653123632477681,0.0,0.007653123632477681,0.0,1.0,0.0,327.0,0.0,1.6290299892425537,"{""callbacks"": {""early_stopping"": true, ""min_delta"": 0.0, ""mode"": ""auto"", ""monitor"": ""val_loss"", ""patience"": 40, ""restore_best_weights"": true, ""verbose"": 0}, ""cv"": {""k"": 5, ""seed"": 42, ""shuffle"": true}, ""data"": {""train_path"": ""data/MONK/MONK1/monks-1.train""}, ""model"": {""activation"": ""tanh"", ""dropout"": 0.1, ""hidden_units"": [4]}, ""optim"": {""lr"": 0.2, ""momentum"": 0.0, ""name"": ""sgd""}, ""regularizer"": {""l2"": 0.0}, ""seed"": 42, ""split"": {""stratified"": true, ""val_size"": 0.2}, ""training"": {""batch_size"": 16, ""epochs"": 800, ""include_reg_in_val"": false, ""shuffle"": true}}"
343890b16a6d,42,holdout,val_loss,min,0.0017196884555415368,0.0,0.0017196884555415368,0.0,1.0,0.0,328.0,0.0,1.434865951538086,"{""callbacks"": {""early_stopping"": true, ""min_delta"": 0.0, ""mode"": ""auto"", ""monitor"": ""val_loss"", ""patience"": 40, ""restore_best_weights"": true, ""verbose"": 0}, ""cv"": {""k"": 5, ""seed"": 42, ""shuffle"": true}, ""data"": {""train_path"": ""data/MONK/MONK1/monks-1.train""}, ""model"": {""activation"": ""tanh"", ""dropout"": 0.1, ""hidden_units"": [4]}, ""optim"": {""lr"": 0.2, ""momentum"": 0.5, ""name"": ""sgd""}, ""regularizer"": {""l2"": 0.0}, ""seed"": 42, ""split"": {""stratified"": true, ""val_size"": 0.2}, ""training"": {""batch_size"": 16, ""epochs"": 800, ""include_reg_in_val"": false, ""shuffle"": true}}"
5ee1796ebdfd,42,holdout,val_loss,min,0.038760027306781346,0.0,0.038760027306781346,0.0,1.0,0.0,226.0,0.0,0.6135685443878174,"{""callbacks"": {""early_stopping"": true, ""min_delta"": 0.0, ""mode"": ""auto"", ""monitor"": ""val_loss"", ""patience"": 40, ""restore_best_weights"": true, ""verbose"": 0}, ""cv"": {""k"": 5, ""seed"": 42, ""shuffle"": true}, ""data"": {""train_path"": ""data/MONK/MONK1/monks-1.train""}, ""model"": {""activation"": ""tanh"", ""dropout"": 0.1, ""hidden_units"": [4]}, ""optim"": {""lr"": 0.2, ""momentum"": 0.9, ""name"": ""sgd""}, ""regularizer"": {""l2"": 0.0}, ""seed"": 42, ""split"": {""stratified"": true, ""val_size"": 0.2}, ""training"": {""batch_size"": 32, ""epochs"": 800, ""include_reg_in_val"": false, ""shuffle"": true}}"
c36f62fbf158,42,holdout,val_loss,min,0.038760027306781346,0.0,0.038760027306781346,0.0,1.0,0.0,226.0,0.0,0.6177184581756592,"{""callbacks"": {""early_stopping"": true, ""min_delta"": 0.0, ""mode"": ""auto"", ""monitor"": ""val_loss"", ""patience"": 40, ""restore_best_weights"": true, ""verbose"": 0}, ""cv"": {""k"": 5, ""seed"": 42, ""shuffle"": true}, ""data"": {""train_path"": ""data/MONK/MONK1/monks-1.train""}, ""model"": {""activation"": ""tanh"", ""dropout"": 0.1, ""hidden_units"": [4]}, ""optim"": {""lr"": 0.2, ""momentum"": 0.9, ""name"": ""sgd""}, ""regularizer"": {""l2"": 0.0}, ""seed"": 42, ""split"": {""stratified"": true, ""val_size"": 0.2}, ""training"": {""batch_size"": 32, ""epochs"": 1000, ""include_reg_in_val"": false, ""shuffle"": true}}"
c3947c40931d,42,holdout,val_loss,min,0.0017196884555415368,0.0,0.0017196884555415368,0.0,1.0,0.0,328.0,0.0,1.5242631435394287,"{""callbacks"": {""early_stopping"": true, ""min_delta"": 0.0, ""mode"": ""auto"", ""monitor"": ""val_loss"", ""patience"": 40, ""restore_best_weights"": true, ""verbose"": 0}, ""cv"": {""k"": 5, ""seed"": 42, ""shuffle"": true}, ""data"": {""train_path"": ""data/MONK/MONK1/monks-1.train""}, ""model"": {""activation"": ""tanh"", ""dropout"": 0.1, ""hidden_units"": [4]}, ""optim"": {""lr"": 0.2, ""momentum"": 0.5, ""name"": ""sgd""}, ""regularizer"": {""l2"": 0.0}, ""seed"": 42, ""split"": {""stratified"": true, ""val_size"": 0.2}, ""training"": {""batch_size"": 16, ""epochs"": 1000, ""include_reg_in_val"": false, ""shuffle"": true}}"
0270c575fd70,42,holdout,val_loss,min,0.2842195290314652,0.0,0.2842195290314652,0.0,0.84,0.0,253.0,0.0,0.6306936740875244,"{""callbacks"": {""early_stopping"": true, ""min_delta"": 0.0, ""mode"": ""auto"", ""monitor"": ""val_loss"", ""patience"": 40, ""restore_best_weights"": true, ""verbose"": 0}, ""cv"": {""k"": 5, ""seed"": 42, ""shuffle"": true}, ""data"": {""train_path"": ""data/MONK/MONK1/monks-1.train""}, ""model"": {""activation"": ""tanh"", ""dropout"": 0.1, ""hidden_units"": [4]}, ""optim"": {""lr"": 0.1, ""momentum"": 0.0, ""name"": ""sgd""}, ""regularizer"": {""l2"": 0.0}, ""seed"": 42, ""split"": {""stratified"": true, ""val_size"": 0.2}, ""training"": {""batch_size"": 32, ""epochs"": 800, ""include_reg_in_val"": false, ""shuffle"": true}}"
6b6fcb48f9a6,42,holdout,val_loss,min,0.2842195290314652,0.0,0.2842195290314652,0.0,0.84,0.0,253.0,0.0,0.5996260643005371,"{""callbacks"": {""early_stopping"": true, ""min_delta"": 0.0, ""mode"": ""auto"", ""monitor"": ""val_loss"", ""patience"": 40, ""restore_best_weights"": true, ""verbose"": 0}, ""cv"": {""k"": 5, ""seed"": 42, ""shuffle"": true}, ""data"": {""train_path"": ""data/MONK/MONK1/monks-1.train""}, ""model"": {""activation"": ""tanh"", ""dropout"": 0.1, ""hidden_units"": [4]}, ""optim"": {""lr"": 0.1, ""momentum"": 0.0, ""name"": ""sgd""}, ""regularizer"": {""l2"": 0.0}, ""seed"": 42, ""split"": {""stratified"": true, ""val_size"": 0.2}, ""training"": {""batch_size"": 32, ""epochs"": 1000, ""include_reg_in_val"": false, ""shuffle"": true}}"
47642de51995,42,holdout,val_loss,min,0.03736556661400379,0.0,0.03736556661400379,0.0,1.0,0.0,331.0,0.0,0.7811203002929688,"{""callbacks"": {""early_stopping"": true, ""min_delta"": 0.0, ""mode"": ""auto"", ""monitor"": ""val_loss"", ""patience"": 40, ""restore_best_weights"": true, ""verbose"": 0}, ""cv"": {""k"": 5, ""seed"": 42, ""shuffle"": true}, ""data"": {""train_path"": ""data/MONK/MONK1/monks-1.train""}, ""model"": {""activation"": ""tanh"", ""dropout"": 0.1, ""hidden_units"": [4]}, ""optim"": {""lr"": 0.1, ""momentum"": 0.5, ""name"": ""sgd""}, ""regularizer"": {""l2"": 0.0}, ""seed"": 42, ""split"": {""stratified"": true, ""val_size"": 0.2}, ""training"": {""batch_size"": 32, ""epochs"": 800, ""include_reg_in_val"": false, ""shuffle"": true}}"
d576fca7c648,42,holdout,val_loss,min,0.03736556661400379,0.0,0.03736556661400379,0.0,1.0,0.0,331.0,0.0,0.8224759101867676,"{""callbacks"": {""early_stopping"": true, ""min_delta"": 0.0, ""mode"": ""auto"", ""monitor"": ""val_loss"", ""patience"": 40, ""restore_best_weights"": true, ""verbose"": 0}, ""cv"": {""k"": 5, ""seed"": 42, ""shuffle"": true}, ""data"": {""train_path"": ""data/MONK/MONK1/monks-1.train""}, ""model"": {""activation"": ""tanh"", ""dropout"": 0.1, ""hidden_units"": [4]}, ""optim"": {""lr"": 0.1, ""momentum"": 0.5, ""name"": ""sgd""}, ""regularizer"": {""l2"": 0.0}, ""seed"": 42, ""split"": {""stratified"": true, ""val_size"": 0.2}, ""training"": {""batch_size"": 32, ""epochs"": 1000, ""include_reg_in_val"": false, ""shuffle"": true}}"
f2efb8001496,42,holdout,val_loss,min,0.0076126027240967535,0.0,0.0076126027240967535,0.0,1.0,0.0,335.0,0.0,1.3134870529174805,"{""callbacks"": {""early_stopping"": true, ""min_delta"": 0.0, ""mode"": ""auto"", ""monitor"": ""val_loss"", ""patience"": 40, ""restore_best_weights"": true, ""verbose"": 0}, ""cv"": {""k"": 5, ""seed"": 42, ""shuffle"": true}, ""data"": {""train_path"": ""data/MONK/MONK1/monks-1.train""}, ""model"": {""activation"": ""tanh"", ""dropout"": 0.1, ""hidden_units"": [4]}, ""optim"": {""lr"": 0.1, ""momentum"": 0.5, ""name"": ""sgd""}, ""regularizer"": {""l2"": 0.0}, ""seed"": 42, ""split"": {""stratified"": true, ""val_size"": 0.2}, ""training"": {""batch_size"": 16, ""epochs"": 800, ""include_reg_in_val"": false, ""shuffle"": true}}"
dd2aaa0bba69,42,holdout,val_loss,min,0.01315678980534449,0.0,0.01315678980534449,0.0,1.0,0.0,536.0,0.0,1.8524048328399658,"{""callbacks"": {""early_stopping"": true, ""min_delta"": 0.0, ""mode"": ""auto"", ""monitor"": ""val_loss"", ""patience"": 40, ""restore_best_weights"": true, ""verbose"": 0}, ""cv"": {""k"": 5, ""seed"": 42, ""shuffle"": true}, ""data"": {""train_path"": ""data/MONK/MONK1/monks-1.train""}, ""model"": {""activation"": ""tanh"", ""dropout"": 0.1, ""hidden_units"": [4]}, ""optim"": {""lr"": 0.1, ""momentum"": 0.0, ""name"": ""sgd""}, ""regularizer"": {""l2"": 0.0}, ""seed"": 42, ""split"": {""stratified"": true, ""val_size"": 0.2}, ""training"": {""batch_size"": 16, ""epochs"": 800, ""include_reg_in_val"": false, ""shuffle"": true}}"
2d790b1c43cf,42,holdout,val_loss,min,0.03517825007574716,0.0,0.03517825007574716,0.0,1.0,0.0,183.0,0.0,0.4974710941314697,"{""callbacks"": {""early_stopping"": true, ""min_delta"": 0.0, ""mode"": ""auto"", ""monitor"": ""val_loss"", ""patience"": 40, ""restore_best_weights"": true, ""verbose"": 0}, ""cv"": {""k"": 5, ""seed"": 42, ""shuffle"": true}, ""data"": {""train_path"": ""data/MONK/MONK1/monks-1.train""}, ""model"": {""activation"": ""tanh"", ""dropout"": 0.1, ""hidden_units"": [4]}, ""optim"": {""lr"": 0.1, ""momentum"": 0.9, ""name"": ""sgd""}, ""regularizer"": {""l2"": 0.0}, ""seed"": 42, ""split"": {""stratified"": true, ""val_size"": 0.2}, ""training"": {""batch_size"": 32, ""epochs"": 800, ""include_reg_in_val"": false, ""shuffle"": true}}"
4408d5be9123,42,holdout,val_loss,min,0.0076126027240967535,0.0,0.0076126027240967535,0.0,1.0,0.0,335.0,0.0,1.3018767833709717,"{""callbacks"": {""early_stopping"": true, ""min_delta"": 0.0, ""mode"": ""auto"", ""monitor"": ""val_loss"", ""patience"": 40, ""restore_best_weights"": true, ""verbose"": 0}, ""cv"": {""k"": 5, ""seed"": 42, ""shuffle"": true}, ""data"": {""train_path"": ""data/MONK/MONK1/monks-1.train""}, ""model"": {""activation"": ""tanh"", ""dropout"": 0.1, ""hidden_units"": [4]}, ""optim"": {""lr"": 0.1, ""momentum"": 0.5, ""name"": ""sgd""}, ""regularizer"": {""l2"": 0.0}, ""seed"": 42, ""split"": {""stratified"": true, ""val_size"": 0.2}, ""training"": {""batch_size"": 16, ""epochs"": 1000, ""include_reg_in_val"": false, ""shuffle"": true}}"
156ca6635a29,42,holdout,val_loss,min,0.01315678980534449,0.0,0.01315678980534449,0.0,1.0,0.0,536.0,0.0,1.8197922706604004,"{""callbacks"": {""early_stopping"": true, ""min_delta"": 0.0, ""mode"": ""auto"", ""monitor"": ""val_loss"", ""patience"": 40, ""restore_best_weights"": true, ""verbose"": 0}, ""cv"": {""k"": 5, ""seed"": 42, ""shuffle"": true}, ""data"": {""train_path"": ""data/MONK/MONK1/monks-1.train""}, ""model"": {""activation"": ""tanh"", ""dropout"": 0.1, ""hidden_units"": [4]}, ""optim"": {""lr"": 0.1, ""momentum"": 0.0, ""name"": ""sgd""}, ""regularizer"": {""l2"": 0.0}, ""seed"": 42, ""split"": {""stratified"": true, ""val_size"": 0.2}, ""training"": {""batch_size"": 16, ""epochs"": 1000, ""include_reg_in_val"": false, ""shuffle"": true}}"
7b7c1bc597eb,42,holdout,val_loss,min,0.03517825007574716,0.0,0.03517825007574716,0.0,1.0,0.0,183.0,0.0,0.6453495025634766,"{""callbacks"": {""early_stopping"": true, ""min_delta"": 0.0, ""mode"": ""auto"", ""monitor"": ""val_loss"", ""patience"": 40, ""restore_best_weights"": true, ""verbose"": 0}, ""cv"": {""k"": 5, ""seed"": 42, ""shuffle"": true}, ""data"": {""train_path"": ""data/MONK/MONK1/monks-1.train""}, ""model"": {""activation"": ""tanh"", ""dropout"": 0.1, ""hidden_units"": [4]}, ""optim"": {""lr"": 0.1, ""momentum"": 0.9, ""name"": ""sgd""}, ""regularizer"": {""l2"": 0.0}, ""seed"": 42, ""split"": {""stratified"": true, ""val_size"": 0.2}, ""training"": {""batch_size"": 32, ""epochs"": 1000, ""include_reg_in_val"": false, ""shuffle"": true}}"
9d9096913837,42,holdout,val_loss,min,0.0003128980625990997,0.0,0.0003128980625990997,0.0,1.0,0.0,328.0,0.0,1.6356656551361084,"{""callbacks"": {""early_stopping"": true, ""min_delta"": 0.0, ""mode"": ""auto"", ""monitor"": ""val_loss"", ""patience"": 40, ""restore_best_weights"": true, ""verbose"": 0}, ""cv"": {""k"": 5, ""seed"": 42, ""shuffle"": true}, ""data"": {""train_path"": ""data/MONK/MONK1/monks-1.train""}, ""model"": {""activation"": ""tanh"", ""dropout"": 0.1, ""hidden_units"": [4]}, ""optim"": {""lr"": 0.1, ""momentum"": 0.9, ""name"": ""sgd""}, ""regularizer"": {""l2"": 0.0}, ""seed"": 42, ""split"": {""stratified"": true, ""val_size"": 0.2}, ""training"": {""batch_size"": 16, ""epochs"": 800, ""include_reg_in_val"": false, ""shuffle"": true}}"
3ef83877a0ad,42,holdout,val_loss,min,0.39544172192293947,0.0,0.39544172192293947,0.0,0.88,0.0,243.0,0.0,0.6418509483337402,"{""callbacks"": {""early_stopping"": true, ""min_delta"": 0.0, ""mode"": ""auto"", ""monitor"": ""val_loss"", ""patience"": 40, ""restore_best_weights"": true, ""verbose"": 0}, ""cv"": {""k"": 5, ""seed"": 42, ""shuffle"": true}, ""data"": {""train_path"": ""data/MONK/MONK1/monks-1.train""}, ""model"": {""activation"": ""tanh"", ""dropout"": 0.1, ""hidden_units"": [4]}, ""optim"": {""lr"": 0.05, ""momentum"": 0.0, ""name"": ""sgd""}, ""regularizer"": {""l2"": 0.0}, ""seed"": 42, ""split"": {""stratified"": true, ""val_size"": 0.2}, ""training"": {""batch_size"": 32, ""epochs"": 1000, ""include_reg_in_val"": false, ""shuffle"": true}}"
dc189b617ef8,42,holdout,val_loss,min,0.0003128980625990997,0.0,0.0003128980625990997,0.0,1.0,0.0,328.0,0.0,1.7701561450958252,"{""callbacks"": {""early_stopping"": true, ""min_delta"": 0.0, ""mode"": ""auto"", ""monitor"": ""val_loss"", ""patience"": 40, ""restore_best_weights"": true, ""verbose"": 0}, ""cv"": {""k"": 5, ""seed"": 42, ""shuffle"": true}, ""data"": {""train_path"": ""data/MONK/MONK1/monks-1.train""}, ""model"": {""activation"": ""tanh"", ""dropout"": 0.1, ""hidden_units"": [4]}, ""optim"": {""lr"": 0.1, ""momentum"": 0.9, ""name"": ""sgd""}, ""regularizer"": {""l2"": 0.0}, ""seed"": 42, ""split"": {""stratified"": true, ""val_size"": 0.2}, ""training"": {""batch_size"": 16, ""epochs"": 1000, ""include_reg_in_val"": false, ""shuffle"": true}}"
a110488bb2c8,42,holdout,val_loss,min,0.39544172192293947,0.0,0.39544172192293947,0.0,0.88,0.0,243.0,0.0,1.0010197162628174,"{""callbacks"": {""early_stopping"": true, ""min_delta"": 0.0, ""mode"": ""auto"", ""monitor"": ""val_loss"", ""patience"": 40, ""restore_best_weights"": true, ""verbose"": 0}, ""cv"": {""k"": 5, ""seed"": 42, ""shuffle"": true}, ""data"": {""train_path"": ""data/MONK/MONK1/monks-1.train""}, ""model"": {""activation"": ""tanh"", ""dropout"": 0.1, ""hidden_units"": [4]}, ""optim"": {""lr"": 0.05, ""momentum"": 0.0, ""name"": ""sgd""}, ""regularizer"": {""l2"": 0.0}, ""seed"": 42, ""split"": {""stratified"": true, ""val_size"": 0.2}, ""training"": {""batch_size"": 32, ""epochs"": 800, ""include_reg_in_val"": false, ""shuffle"": true}}"
7eab569e9f2b,42,holdout,val_loss,min,0.28413569820080814,0.0,0.28413569820080814,0.0,0.84,0.0,337.0,0.0,1.2834994792938232,"{""callbacks"": {""early_stopping"": true, ""min_delta"": 0.0, ""mode"": ""auto"", ""monitor"": ""val_loss"", ""patience"": 40, ""restore_best_weights"": true, ""verbose"": 0}, ""cv"": {""k"": 5, ""seed"": 42, ""shuffle"": true}, ""data"": {""train_path"": ""data/MONK/MONK1/monks-1.train""}, ""model"": {""activation"": ""tanh"", ""dropout"": 0.1, ""hidden_units"": [4]}, ""optim"": {""lr"": 0.05, ""momentum"": 0.0, ""name"": ""sgd""}, ""regularizer"": {""l2"": 0.0}, ""seed"": 42, ""split"": {""stratified"": true, ""val_size"": 0.2}, ""training"": {""batch_size"": 16, ""epochs"": 800, ""include_reg_in_val"": false, ""shuffle"": true}}"
a85e7e5ea986,42,holdout,val_loss,min,0.28413569820080814,0.0,0.28413569820080814,0.0,0.84,0.0,337.0,0.0,1.2805476188659668,"{""callbacks"": {""early_stopping"": true, ""min_delta"": 0.0, ""mode"": ""auto"", ""monitor"": ""val_loss"", ""patience"": 40, ""restore_best_weights"": true, ""verbose"": 0}, ""cv"": {""k"": 5, ""seed"": 42, ""shuffle"": true}, ""data"": {""train_path"": ""data/MONK/MONK1/monks-1.train""}, ""model"": {""activation"": ""tanh"", ""dropout"": 0.1, ""hidden_units"": [4]}, ""optim"": {""lr"": 0.05, ""momentum"": 0.0, ""name"": ""sgd""}, ""regularizer"": {""l2"": 0.0}, ""seed"": 42, ""split"": {""stratified"": true, ""val_size"": 0.2}, ""training"": {""batch_size"": 16, ""epochs"": 1000, ""include_reg_in_val"": false, ""shuffle"": true}}"
3331529362c9,42,holdout,val_loss,min,0.28509566804204245,0.0,0.28509566804204245,0.0,0.84,0.0,253.0,0.0,0.6345555782318115,"{""callbacks"": {""early_stopping"": true, ""min_delta"": 0.0, ""mode"": ""auto"", ""monitor"": ""val_loss"", ""patience"": 40, ""restore_best_weights"": true, ""verbose"": 0}, ""cv"": {""k"": 5, ""seed"": 42, ""shuffle"": true}, ""data"": {""train_path"": ""data/MONK/MONK1/monks-1.train""}, ""model"": {""activation"": ""tanh"", ""dropout"": 0.1, ""hidden_units"": [4]}, ""optim"": {""lr"": 0.05, ""momentum"": 0.5, ""name"": ""sgd""}, ""regularizer"": {""l2"": 0.0}, ""seed"": 42, ""split"": {""stratified"": true, ""val_size"": 0.2}, ""training"": {""batch_size"": 32, ""epochs"": 1000, ""include_reg_in_val"": false, ""shuffle"": true}}"
1e83fe2f9b5e,42,holdout,val_loss,min,0.28509566804204245,0.0,0.28509566804204245,0.0,0.84,0.0,253.0,0.0,0.8257186412811279,"{""callbacks"": {""early_stopping"": true, ""min_delta"": 0.0, ""mode"": ""auto"", ""monitor"": ""val_loss"", ""patience"": 40, ""restore_best_weights"": true, ""verbose"": 0}, ""cv"": {""k"": 5, ""seed"": 42, ""shuffle"": true}, ""data"": {""train_path"": ""data/MONK/MONK1/monks-1.train""}, ""model"": {""activation"": ""tanh"", ""dropout"": 0.1, ""hidden_units"": [4]}, ""optim"": {""lr"": 0.05, ""momentum"": 0.5, ""name"": ""sgd""}, ""regularizer"": {""l2"": 0.0}, ""seed"": 42, ""split"": {""stratified"": true, ""val_size"": 0.2}, ""training"": {""batch_size"": 32, ""epochs"": 800, ""include_reg_in_val"": false, ""shuffle"": true}}"
92d5d36a586e,42,holdout,val_loss,min,0.024233176550229812,0.0,0.024233176550229812,0.0,1.0,0.0,224.0,0.0,0.5591330528259277,"{""callbacks"": {""early_stopping"": true, ""min_delta"": 0.0, ""mode"": ""auto"", ""monitor"": ""val_loss"", ""patience"": 40, ""restore_best_weights"": true, ""verbose"": 0}, ""cv"": {""k"": 5, ""seed"": 42, ""shuffle"": true}, ""data"": {""train_path"": ""data/MONK/MONK1/monks-1.train""}, ""model"": {""activation"": ""tanh"", ""dropout"": 0.1, ""hidden_units"": [4]}, ""optim"": {""lr"": 0.05, ""momentum"": 0.9, ""name"": ""sgd""}, ""regularizer"": {""l2"": 0.0}, ""seed"": 42, ""split"": {""stratified"": true, ""val_size"": 0.2}, ""training"": {""batch_size"": 32, ""epochs"": 800, ""include_reg_in_val"": false, ""shuffle"": true}}"
c2b1524febec,42,holdout,val_loss,min,0.1522859564075668,0.0,0.1522859564075668,0.0,0.96,0.0,103.0,0.0,0.3935279846191406,"{""callbacks"": {""early_stopping"": true, ""min_delta"": 0.0, ""mode"": ""auto"", ""monitor"": ""val_loss"", ""patience"": 40, ""restore_best_weights"": true, ""verbose"": 0}, ""cv"": {""k"": 5, ""seed"": 42, ""shuffle"": true}, ""data"": {""train_path"": ""data/MONK/MONK1/monks-1.train""}, ""model"": {""activation"": ""tanh"", ""dropout"": 0.0, ""hidden_units"": [4, 4]}, ""optim"": {""lr"": 0.3, ""momentum"": 0.0, ""name"": ""sgd""}, ""regularizer"": {""l2"": 0.0}, ""seed"": 42, ""split"": {""stratified"": true, ""val_size"": 0.2}, ""training"": {""batch_size"": 16, ""epochs"": 800, ""include_reg_in_val"": false, ""shuffle"": true}}"
5545012dacae,42,holdout,val_loss,min,0.3142748786270662,0.0,0.3142748786270662,0.0,0.88,0.0,34.0,0.0,0.37465500831604004,"{""callbacks"": {""early_stopping"": true, ""min_delta"": 0.0, ""mode"": ""auto"", ""monitor"": ""val_loss"", ""patience"": 40, ""restore_best_weights"": true, ""verbose"": 0}, ""cv"": {""k"": 5, ""seed"": 42, ""shuffle"": true}, ""data"": {""train_path"": ""data/MONK/MONK1/monks-1.train""}, ""model"": {""activation"": ""tanh"", ""dropout"": 0.1, ""hidden_units"": [4, 4]}, ""optim"": {""lr"": 0.3, ""momentum"": 0.0, ""name"": ""adam""}, ""regularizer"": {""l2"": ""1e-6""}, ""seed"": 42, ""split"": {""stratified"": true, ""val_size"": 0.2}, ""training"": {""batch_size"": 16, ""epochs"": 800, ""include_reg_in_val"": false, ""shuffle"": true}}"
f75658d0cdde,42,holdout,val_loss,min,0.1104627726408634,0.0,0.1104627726408634,0.0,0.96,0.0,103.0,0.0,0.4593191146850586,"{""callbacks"": {""early_stopping"": true, ""min_delta"": 0.0, ""mode"": ""auto"", ""monitor"": ""val_loss"", ""patience"": 40, ""restore_best_weights"": true, ""verbose"": 0}, ""cv"": {""k"": 5, ""seed"": 42, ""shuffle"": true}, ""data"": {""train_path"": ""data/MONK/MONK1/monks-1.train""}, ""model"": {""activation"": ""tanh"", ""dropout"": 0.1, ""hidden_units"": [4, 4]}, ""optim"": {""lr"": 0.3, ""momentum"": 0.0, ""name"": ""sgd""}, ""regularizer"": {""l2"": 0.0}, ""seed"": 42, ""split"": {""stratified"": true, ""val_size"": 0.2}, ""training"": {""batch_size"": 16, ""epochs"": 800, ""include_reg_in_val"": false, ""shuffle"": true}}"
99ff24d4acc7,42,holdout,val_loss,min,0.30938954450183703,0.0,0.30938954450183703,0.0,0.88,0.0,89.0,0.0,0.569603681564331,"{""callbacks"": {""early_stopping"": true, ""min_delta"": 0.0, ""mode"": ""auto"", ""monitor"": ""val_loss"", ""patience"": 40, ""restore_best_weights"": true, ""verbose"": 0}, ""cv"": {""k"": 5, ""seed"": 42, ""shuffle"": true}, ""data"": {""train_path"": ""data/MONK/MONK1/monks-1.train""}, ""model"": {""activation"": ""tanh"", ""dropout"": 0.0, ""hidden_units"": [4, 4]}, ""optim"": {""lr"": 0.3, ""momentum"": 0.0, ""name"": ""adam""}, ""regularizer"": {""l2"": ""1e-6""}, ""seed"": 42, ""split"": {""stratified"": true, ""val_size"": 0.2}, ""training"": {""batch_size"": 16, ""epochs"": 800, ""include_reg_in_val"": false, ""shuffle"": true}}"
06d12ab41d8e,42,holdout,val_loss,min,0.3224167675838718,0.0,0.3224167675838718,0.0,0.88,0.0,88.0,0.0,0.5789206027984619,"{""callbacks"": {""early_stopping"": true, ""min_delta"": 0.0, ""mode"": ""auto"", ""monitor"": ""val_loss"", ""patience"": 40, ""restore_best_weights"": true, ""verbose"": 0}, ""cv"": {""k"": 5, ""seed"": 42, ""shuffle"": true}, ""data"": {""train_path"": ""data/MONK/MONK1/monks-1.train""}, ""model"": {""activation"": ""tanh"", ""dropout"": 0.1, ""hidden_units"": [4, 4]}, ""optim"": {""lr"": 0.3, ""momentum"": 0.0, ""name"": ""adam""}, ""regularizer"": {""l2"": 0.0}, ""seed"": 42, ""split"": {""stratified"": true, ""val_size"": 0.2}, ""training"": {""batch_size"": 16, ""epochs"": 800, ""include_reg_in_val"": false, ""shuffle"": true}}"
3cf585a75577,42,holdout,val_loss,min,0.11045062338665015,0.0,0.11045062338665015,0.0,0.96,0.0,103.0,0.0,0.6489741802215576,"{""callbacks"": {""early_stopping"": true, ""min_delta"": 0.0, ""mode"": ""auto"", ""monitor"": ""val_loss"", ""patience"": 40, ""restore_best_weights"": true, ""verbose"": 0}, ""cv"": {""k"": 5, ""seed"": 42, ""shuffle"": true}, ""data"": {""train_path"": ""data/MONK/MONK1/monks-1.train""}, ""model"": {""activation"": ""tanh"", ""dropout"": 0.1, ""hidden_units"": [4, 4]}, ""optim"": {""lr"": 0.3, ""momentum"": 0.0, ""name"": ""sgd""}, ""regularizer"": {""l2"": ""1e-6""}, ""seed"": 42, ""split"": {""stratified"": true, ""val_size"": 0.2}, ""training"": {""batch_size"": 16, ""epochs"": 800, ""include_reg_in_val"": false, ""shuffle"": true}}"
5bf275a931a4,42,holdout,val_loss,min,0.6908753863149244,0.0,0.6908753863149244,0.0,0.52,0.0,1.0,0.0,0.2836494445800781,"{""callbacks"": {""early_stopping"": true, ""min_delta"": 0.0, ""mode"": ""auto"", ""monitor"": ""val_loss"", ""patience"": 40, ""restore_best_weights"": true, ""verbose"": 0}, ""cv"": {""k"": 5, ""seed"": 42, ""shuffle"": true}, ""data"": {""train_path"": ""data/MONK/MONK1/monks-1.train""}, ""model"": {""activation"": ""relu"", ""dropout"": 0.0, ""hidden_units"": [4, 4]}, ""optim"": {""lr"": 0.3, ""momentum"": 0.0, ""name"": ""adam""}, ""regularizer"": {""l2"": 0.0}, ""seed"": 42, ""split"": {""stratified"": true, ""val_size"": 0.2}, ""training"": {""batch_size"": 16, ""epochs"": 800, ""include_reg_in_val"": false, ""shuffle"": true}}"
d1bf503d95a8,42,holdout,val_loss,min,0.15224348702813878,0.0,0.15224348702813878,0.0,0.96,0.0,103.0,0.0,0.5257537364959717,"{""callbacks"": {""early_stopping"": true, ""min_delta"": 0.0, ""mode"": ""auto"", ""monitor"": ""val_loss"", ""patience"": 40, ""restore_best_weights"": true, ""verbose"": 0}, ""cv"": {""k"": 5, ""seed"": 42, ""shuffle"": true}, ""data"": {""train_path"": ""data/MONK/MONK1/monks-1.train""}, ""model"": {""activation"": ""tanh"", ""dropout"": 0.0, ""hidden_units"": [4, 4]}, ""optim"": {""lr"": 0.3, ""momentum"": 0.0, ""name"": ""sgd""}, ""regularizer"": {""l2"": ""1e-6""}, ""seed"": 42, ""split"": {""stratified"": true, ""val_size"": 0.2}, ""training"": {""batch_size"": 16, ""epochs"": 800, ""include_reg_in_val"": false, ""shuffle"": true}}"
c9f14a883ad4,42,holdout,val_loss,min,0.6922786208929642,0.0,0.6922786208929642,0.0,0.52,0.0,1.0,0.0,0.24484777450561523,"{""callbacks"": {""early_stopping"": true, ""min_delta"": 0.0, ""mode"": ""auto"", ""monitor"": ""val_loss"", ""patience"": 40, ""restore_best_weights"": true, ""verbose"": 0}, ""cv"": {""k"": 5, ""seed"": 42, ""shuffle"": true}, ""data"": {""train_path"": ""data/MONK/MONK1/monks-1.train""}, ""model"": {""activation"": ""relu"", ""dropout"": 0.1, ""hidden_units"": [4, 4]}, ""optim"": {""lr"": 0.3, ""momentum"": 0.0, ""name"": ""adam""}, ""regularizer"": {""l2"": 0.0}, ""seed"": 42, ""split"": {""stratified"": true, ""val_size"": 0.2}, ""training"": {""batch_size"": 16, ""epochs"": 800, ""include_reg_in_val"": false, ""shuffle"": true}}"
d71567aee200,42,holdout,val_loss,min,0.6907937585494692,0.0,0.6907937585494692,0.0,0.52,0.0,1.0,0.0,0.4348330497741699,"{""callbacks"": {""early_stopping"": true, ""min_delta"": 0.0, ""mode"": ""auto"", ""monitor"": ""val_loss"", ""patience"": 40, ""restore_best_weights"": true, ""verbose"": 0}, ""cv"": {""k"": 5, ""seed"": 42, ""shuffle"": true}, ""data"": {""train_path"": ""data/MONK/MONK1/monks-1.train""}, ""model"": {""activation"": ""relu"", ""dropout"": 0.0, ""hidden_units"": [4, 4]}, ""optim"": {""lr"": 0.3, ""momentum"": 0.0, ""name"": ""adam""}, ""regularizer"": {""l2"": ""1e-6""}, ""seed"": 42, ""split"": {""stratified"": true, ""val_size"": 0.2}, ""training"": {""batch_size"": 16, ""epochs"": 800, ""include_reg_in_val"": false, ""shuffle"": true}}"
9831a2f1962a,42,holdout,val_loss,min,0.30912606082396005,0.0,0.30912606082396005,0.0,0.88,0.0,110.0,0.0,0.9710242748260498,"{""callbacks"": {""early_stopping"": true, ""min_delta"": 0.0, ""mode"": ""auto"", ""monitor"": ""val_loss"", ""patience"": 40, ""restore_best_weights"": true, ""verbose"": 0}, ""cv"": {""k"": 5, ""seed"": 42, ""shuffle"": true}, ""data"": {""train_path"": ""data/MONK/MONK1/monks-1.train""}, ""model"": {""activation"": ""tanh"", ""dropout"": 0.0, ""hidden_units"": [4, 4]}, ""optim"": {""lr"": 0.3, ""momentum"": 0.0, ""name"": ""adam""}, ""regularizer"": {""l2"": 0.0}, ""seed"": 42, ""split"": {""stratified"": true, ""val_size"": 0.2}, ""training"": {""batch_size"": 16, ""epochs"": 800, ""include_reg_in_val"": false, ""shuffle"": true}}"
4737d3e51dab,42,holdout,val_loss,min,0.015983871616215218,0.0,0.015983871616215218,0.0,1.0,0.0,117.0,0.0,0.5777356624603271,"{""callbacks"": {""early_stopping"": true, ""min_delta"": 0.0, ""mode"": ""auto"", ""monitor"": ""val_loss"", ""patience"": 40, ""restore_best_weights"": true, ""verbose"": 0}, ""cv"": {""k"": 5, ""seed"": 42, ""shuffle"": true}, ""data"": {""train_path"": ""data/MONK/MONK1/monks-1.train""}, ""model"": {""activation"": ""relu"", ""dropout"": 0.1, ""hidden_units"": [4, 4]}, ""optim"": {""lr"": 0.3, ""momentum"": 0.0, ""name"": ""sgd""}, ""regularizer"": {""l2"": 0.0}, ""seed"": 42, ""split"": {""stratified"": true, ""val_size"": 0.2}, ""training"": {""batch_size"": 16, ""epochs"": 800, ""include_reg_in_val"": false, ""shuffle"": true}}"
0cd7fbbac15f,42,holdout,val_loss,min,0.692346977050438,0.0,0.692346977050438,0.0,0.52,0.0,90.0,0.0,0.6639931201934814,"{""callbacks"": {""early_stopping"": true, ""min_delta"": 0.0, ""mode"": ""auto"", ""monitor"": ""val_loss"", ""patience"": 40, ""restore_best_weights"": true, ""verbose"": 0}, ""cv"": {""k"": 5, ""seed"": 42, ""shuffle"": true}, ""data"": {""train_path"": ""data/MONK/MONK1/monks-1.train""}, ""model"": {""activation"": ""relu"", ""dropout"": 0.1, ""hidden_units"": [4, 4]}, ""optim"": {""lr"": 0.3, ""momentum"": 0.0, ""name"": ""adam""}, ""regularizer"": {""l2"": ""1e-6""}, ""seed"": 42, ""split"": {""stratified"": true, ""val_size"": 0.2}, ""training"": {""batch_size"": 16, ""epochs"": 800, ""include_reg_in_val"": false, ""shuffle"": true}}"
353acdbb875d,42,holdout,val_loss,min,0.37104627260371453,0.0,0.37104627260371453,0.0,0.84,0.0,70.0,0.0,0.588798999786377,"{""callbacks"": {""early_stopping"": true, ""min_delta"": 0.0, ""mode"": ""auto"", ""monitor"": ""val_loss"", ""patience"": 40, ""restore_best_weights"": true, ""verbose"": 0}, ""cv"": {""k"": 5, ""seed"": 42, ""shuffle"": true}, ""data"": {""train_path"": ""data/MONK/MONK1/monks-1.train""}, ""model"": {""activation"": ""sigmoid"", ""dropout"": 0.0, ""hidden_units"": [4, 4]}, ""optim"": {""lr"": 0.3, ""momentum"": 0.0, ""name"": ""adam""}, ""regularizer"": {""l2"": 0.0}, ""seed"": 42, ""split"": {""stratified"": true, ""val_size"": 0.2}, ""training"": {""batch_size"": 16, ""epochs"": 800, ""include_reg_in_val"": false, ""shuffle"": true}}"
b8d5c1ca5ff0,42,holdout,val_loss,min,0.007025446330413164,0.0,0.007025446330413164,0.0,1.0,0.0,216.0,0.0,1.004845380783081,"{""callbacks"": {""early_stopping"": true, ""min_delta"": 0.0, ""mode"": ""auto"", ""monitor"": ""val_loss"", ""patience"": 40, ""restore_best_weights"": true, ""verbose"": 0}, ""cv"": {""k"": 5, ""seed"": 42, ""shuffle"": true}, ""data"": {""train_path"": ""data/MONK/MONK1/monks-1.train""}, ""model"": {""activation"": ""relu"", ""dropout"": 0.1, ""hidden_units"": [4, 4]}, ""optim"": {""lr"": 0.3, ""momentum"": 0.0, ""name"": ""sgd""}, ""regularizer"": {""l2"": ""1e-6""}, ""seed"": 42, ""split"": {""stratified"": true, ""val_size"": 0.2}, ""training"": {""batch_size"": 16, ""epochs"": 800, ""include_reg_in_val"": false, ""shuffle"": true}}"
f104c184dc59,42,holdout,val_loss,min,0.371055056919353,0.0,0.371055056919353,0.0,0.84,0.0,70.0,0.0,0.7280688285827637,"{""callbacks"": {""early_stopping"": true, ""min_delta"": 0.0, ""mode"": ""auto"", ""monitor"": ""val_loss"", ""patience"": 40, ""restore_best_weights"": true, ""verbose"": 0}, ""cv"": {""k"": 5, ""seed"": 42, ""shuffle"": true}, ""data"": {""train_path"": ""data/MONK/MONK1/monks-1.train""}, ""model"": {""activation"": ""sigmoid"", ""dropout"": 0.0, ""hidden_units"": [4, 4]}, ""optim"": {""lr"": 0.3, ""momentum"": 0.0, ""name"": ""adam""}, ""regularizer"": {""l2"": ""1e-6""}, ""seed"": 42, ""split"": {""stratified"": true, ""val_size"": 0.2}, ""training"": {""batch_size"": 16, ""epochs"": 800, ""include_reg_in_val"": false, ""shuffle"": true}}"
04130f47d631,42,holdout,val_loss,min,0.30646987730441405,0.0,0.30646987730441405,0.0,0.88,0.0,32.0,0.0,0.579920768737793,"{""callbacks"": {""early_stopping"": true, ""min_delta"": 0.0, ""mode"": ""auto"", ""monitor"": ""val_loss"", ""patience"": 40, ""restore_best_weights"": true, ""verbose"": 0}, ""cv"": {""k"": 5, ""seed"": 42, ""shuffle"": true}, ""data"": {""train_path"": ""data/MONK/MONK1/monks-1.train""}, ""model"": {""activation"": ""sigmoid"", ""dropout"": 0.1, ""hidden_units"": [4, 4]}, ""optim"": {""lr"": 0.3, ""momentum"": 0.0, ""name"": ""adam""}, ""regularizer"": {""l2"": 0.0}, ""seed"": 42, ""split"": {""stratified"": true, ""val_size"": 0.2}, ""training"": {""batch_size"": 16, ""epochs"": 800, ""include_reg_in_val"": false, ""shuffle"": true}}"
bc107c22edef,42,holdout,val_loss,min,0.21722795481680207,0.0,0.21722795481680207,0.0,0.92,0.0,414.0,0.0,1.4405162334442139,"{""callbacks"": {""early_stopping"": true, ""min_delta"": 0.0, ""mode"": ""auto"", ""monitor"": ""val_loss"", ""patience"": 40, ""restore_best_weights"": true, ""verbose"": 0}, ""cv"": {""k"": 5, ""seed"": 42, ""shuffle"": true}, ""data"": {""train_path"": ""data/MONK/MONK1/monks-1.train""}, ""model"": {""activation"": ""sigmoid"", ""dropout"": 0.0, ""hidden_units"": [4, 4]}, ""optim"": {""lr"": 0.3, ""momentum"": 0.0, ""name"": ""sgd""}, ""regularizer"": {""l2"": 0.0}, ""seed"": 42, ""split"": {""stratified"": true, ""val_size"": 0.2}, ""training"": {""batch_size"": 16, ""epochs"": 800, ""include_reg_in_val"": false, ""shuffle"": true}}"
fcd5a44662c7,42,holdout,val_loss,min,0.3188214576541816,0.0,0.3188214576541816,0.0,0.88,0.0,31.0,0.0,0.5612666606903076,"{""callbacks"": {""early_stopping"": true, ""min_delta"": 0.0, ""mode"": ""auto"", ""monitor"": ""val_loss"", ""patience"": 40, ""restore_best_weights"": true, ""verbose"": 0}, ""cv"": {""k"": 5, ""seed"": 42, ""shuffle"": true}, ""data"": {""train_path"": ""data/MONK/MONK1/monks-1.train""}, ""model"": {""activation"": ""sigmoid"", ""dropout"": 0.1, ""hidden_units"": [4, 4]}, ""optim"": {""lr"": 0.3, ""momentum"": 0.0, ""name"": ""adam""}, ""regularizer"": {""l2"": ""1e-6""}, ""seed"": 42, ""split"": {""stratified"": true, ""val_size"": 0.2}, ""training"": {""batch_size"": 16, ""epochs"": 800, ""include_reg_in_val"": false, ""shuffle"": true}}"
fa62b21f0f48,42,holdout,val_loss,min,0.2687743258744575,0.0,0.2687743258744575,0.0,0.88,0.0,44.0,0.0,0.3373274803161621,"{""callbacks"": {""early_stopping"": true, ""min_delta"": 0.0, ""mode"": ""auto"", ""monitor"": ""val_loss"", ""patience"": 40, ""restore_best_weights"": true, ""verbose"": 0}, ""cv"": {""k"": 5, ""seed"": 42, ""shuffle"": true}, ""data"": {""train_path"": ""data/MONK/MONK1/monks-1.train""}, ""model"": {""activation"": ""tanh"", ""dropout"": 0.0, ""hidden_units"": [8, 4]}, ""optim"": {""lr"": 0.3, ""momentum"": 0.0, ""name"": ""adam""}, ""regularizer"": {""l2"": 0.0}, ""seed"": 42, ""split"": {""stratified"": true, ""val_size"": 0.2}, ""training"": {""batch_size"": 16, ""epochs"": 800, ""include_reg_in_val"": false, ""shuffle"": true}}"
e6078ca3c3d9,42,holdout,val_loss,min,0.05736269720954004,0.0,0.05736269720954004,0.0,0.96,0.0,104.0,0.0,0.5200934410095215,"{""callbacks"": {""early_stopping"": true, ""min_delta"": 0.0, ""mode"": ""auto"", ""monitor"": ""val_loss"", ""patience"": 40, ""restore_best_weights"": true, ""verbose"": 0}, ""cv"": {""k"": 5, ""seed"": 42, ""shuffle"": true}, ""data"": {""train_path"": ""data/MONK/MONK1/monks-1.train""}, ""model"": {""activation"": ""tanh"", ""dropout"": 0.0, ""hidden_units"": [8, 4]}, ""optim"": {""lr"": 0.3, ""momentum"": 0.0, ""name"": ""sgd""}, ""regularizer"": {""l2"": 0.0}, ""seed"": 42, ""split"": {""stratified"": true, ""val_size"": 0.2}, ""training"": {""batch_size"": 16, ""epochs"": 800, ""include_reg_in_val"": false, ""shuffle"": true}}"
90b59fab4baf,42,holdout,val_loss,min,0.21722043688425025,0.0,0.21722043688425025,0.0,0.92,0.0,414.0,0.0,1.6787421703338623,"{""callbacks"": {""early_stopping"": true, ""min_delta"": 0.0, ""mode"": ""auto"", ""monitor"": ""val_loss"", ""patience"": 40, ""restore_best_weights"": true, ""verbose"": 0}, ""cv"": {""k"": 5, ""seed"": 42, ""shuffle"": true}, ""data"": {""train_path"": ""data/MONK/MONK1/monks-1.train""}, ""model"": {""activation"": ""sigmoid"", ""dropout"": 0.0, ""hidden_units"": [4, 4]}, ""optim"": {""lr"": 0.3, ""momentum"": 0.0, ""name"": ""sgd""}, ""regularizer"": {""l2"": ""1e-6""}, ""seed"": 42, ""split"": {""stratified"": true, ""val_size"": 0.2}, ""training"": {""batch_size"": 16, ""epochs"": 800, ""include_reg_in_val"": false, ""shuffle"": true}}"
eaf4c62c67e1,42,holdout,val_loss,min,0.43027491412676794,0.0,0.43027491412676794,0.0,0.84,0.0,7.0,0.0,0.2212224006652832,"{""callbacks"": {""early_stopping"": true, ""min_delta"": 0.0, ""mode"": ""auto"", ""monitor"": ""val_loss"", ""patience"": 40, ""restore_best_weights"": true, ""verbose"": 0}, ""cv"": {""k"": 5, ""seed"": 42, ""shuffle"": true}, ""data"": {""train_path"": ""data/MONK/MONK1/monks-1.train""}, ""model"": {""activation"": ""tanh"", ""dropout"": 0.1, ""hidden_units"": [8, 4]}, ""optim"": {""lr"": 0.3, ""momentum"": 0.0, ""name"": ""adam""}, ""regularizer"": {""l2"": 0.0}, ""seed"": 42, ""split"": {""stratified"": true, ""val_size"": 0.2}, ""training"": {""batch_size"": 16, ""epochs"": 800, ""include_reg_in_val"": false, ""shuffle"": true}}"
0e9d9a0a8ac6,42,holdout,val_loss,min,0.31334020570681076,0.0,0.31334020570681076,0.0,0.84,0.0,23.0,0.0,0.28827667236328125,"{""callbacks"": {""early_stopping"": true, ""min_delta"": 0.0, ""mode"": ""auto"", ""monitor"": ""val_loss"", ""patience"": 40, ""restore_best_weights"": true, ""verbose"": 0}, ""cv"": {""k"": 5, ""seed"": 42, ""shuffle"": true}, ""data"": {""train_path"": ""data/MONK/MONK1/monks-1.train""}, ""model"": {""activation"": ""tanh"", ""dropout"": 0.0, ""hidden_units"": [8, 4]}, ""optim"": {""lr"": 0.3, ""momentum"": 0.0, ""name"": ""adam""}, ""regularizer"": {""l2"": ""1e-6""}, ""seed"": 42, ""split"": {""stratified"": true, ""val_size"": 0.2}, ""training"": {""batch_size"": 16, ""epochs"": 800, ""include_reg_in_val"": false, ""shuffle"": true}}"
a7fcf94436bd,42,holdout,val_loss,min,0.05735519942364688,0.0,0.05735519942364688,0.0,0.96,0.0,104.0,0.0,0.49180030822753906,"{""callbacks"": {""early_stopping"": true, ""min_delta"": 0.0, ""mode"": ""auto"", ""monitor"": ""val_loss"", ""patience"": 40, ""restore_best_weights"": true, ""verbose"": 0}, ""cv"": {""k"": 5, ""seed"": 42, ""shuffle"": true}, ""data"": {""train_path"": ""data/MONK/MONK1/monks-1.train""}, ""model"": {""activation"": ""tanh"", ""dropout"": 0.0, ""hidden_units"": [8, 4]}, ""optim"": {""lr"": 0.3, ""momentum"": 0.0, ""name"": ""sgd""}, ""regularizer"": {""l2"": ""1e-6""}, ""seed"": 42, ""split"": {""stratified"": true, ""val_size"": 0.2}, ""training"": {""batch_size"": 16, ""epochs"": 800, ""include_reg_in_val"": false, ""shuffle"": true}}"
2d8100fe6db4,42,holdout,val_loss,min,0.08280675478447339,0.0,0.08280675478447339,0.0,0.96,0.0,31.0,0.0,0.20395517349243164,"{""callbacks"": {""early_stopping"": true, ""min_delta"": 0.0, ""mode"": ""auto"", ""monitor"": ""val_loss"", ""patience"": 40, ""restore_best_weights"": true, ""verbose"": 0}, ""cv"": {""k"": 5, ""seed"": 42, ""shuffle"": true}, ""data"": {""train_path"": ""data/MONK/MONK1/monks-1.train""}, ""model"": {""activation"": ""relu"", ""dropout"": 0.0, ""hidden_units"": [8, 4]}, ""optim"": {""lr"": 0.3, ""momentum"": 0.0, ""name"": ""sgd""}, ""regularizer"": {""l2"": 0.0}, ""seed"": 42, ""split"": {""stratified"": true, ""val_size"": 0.2}, ""training"": {""batch_size"": 16, ""epochs"": 800, ""include_reg_in_val"": false, ""shuffle"": true}}"
fb5b85b478ef,42,holdout,val_loss,min,0.37375801460286723,0.0,0.37375801460286723,0.0,0.84,0.0,16.0,0.0,0.2790200710296631,"{""callbacks"": {""early_stopping"": true, ""min_delta"": 0.0, ""mode"": ""auto"", ""monitor"": ""val_loss"", ""patience"": 40, ""restore_best_weights"": true, ""verbose"": 0}, ""cv"": {""k"": 5, ""seed"": 42, ""shuffle"": true}, ""data"": {""train_path"": ""data/MONK/MONK1/monks-1.train""}, ""model"": {""activation"": ""tanh"", ""dropout"": 0.1, ""hidden_units"": [8, 4]}, ""optim"": {""lr"": 0.3, ""momentum"": 0.0, ""name"": ""adam""}, ""regularizer"": {""l2"": ""1e-6""}, ""seed"": 42, ""split"": {""stratified"": true, ""val_size"": 0.2}, ""training"": {""batch_size"": 16, ""epochs"": 800, ""include_reg_in_val"": false, ""shuffle"": true}}"
dd86be479469,42,holdout,val_loss,min,0.010560091904669153,0.0,0.010560091904669153,0.0,1.0,0.0,133.0,0.0,0.6540927886962891,"{""callbacks"": {""early_stopping"": true, ""min_delta"": 0.0, ""mode"": ""auto"", ""monitor"": ""val_loss"", ""patience"": 40, ""restore_best_weights"": true, ""verbose"": 0}, ""cv"": {""k"": 5, ""seed"": 42, ""shuffle"": true}, ""data"": {""train_path"": ""data/MONK/MONK1/monks-1.train""}, ""model"": {""activation"": ""tanh"", ""dropout"": 0.1, ""hidden_units"": [8, 4]}, ""optim"": {""lr"": 0.3, ""momentum"": 0.0, ""name"": ""sgd""}, ""regularizer"": {""l2"": 0.0}, ""seed"": 42, ""split"": {""stratified"": true, ""val_size"": 0.2}, ""training"": {""batch_size"": 16, ""epochs"": 800, ""include_reg_in_val"": false, ""shuffle"": true}}"
a58d14238306,42,holdout,val_loss,min,0.0828130254637664,0.0,0.0828130254637664,0.0,0.96,0.0,31.0,0.0,0.25896310806274414,"{""callbacks"": {""early_stopping"": true, ""min_delta"": 0.0, ""mode"": ""auto"", ""monitor"": ""val_loss"", ""patience"": 40, ""restore_best_weights"": true, ""verbose"": 0}, ""cv"": {""k"": 5, ""seed"": 42, ""shuffle"": true}, ""data"": {""train_path"": ""data/MONK/MONK1/monks-1.train""}, ""model"": {""activation"": ""relu"", ""dropout"": 0.0, ""hidden_units"": [8, 4]}, ""optim"": {""lr"": 0.3, ""momentum"": 0.0, ""name"": ""sgd""}, ""regularizer"": {""l2"": ""1e-6""}, ""seed"": 42, ""split"": {""stratified"": true, ""val_size"": 0.2}, ""training"": {""batch_size"": 16, ""epochs"": 800, ""include_reg_in_val"": false, ""shuffle"": true}}"
e5a693df4c24,42,holdout,val_loss,min,0.00289713704466198,0.0,0.00289713704466198,0.0,1.0,0.0,800.0,0.0,3.126056671142578,"{""callbacks"": {""early_stopping"": true, ""min_delta"": 0.0, ""mode"": ""auto"", ""monitor"": ""val_loss"", ""patience"": 40, ""restore_best_weights"": true, ""verbose"": 0}, ""cv"": {""k"": 5, ""seed"": 42, ""shuffle"": true}, ""data"": {""train_path"": ""data/MONK/MONK1/monks-1.train""}, ""model"": {""activation"": ""relu"", ""dropout"": 0.0, ""hidden_units"": [4, 4]}, ""optim"": {""lr"": 0.3, ""momentum"": 0.0, ""name"": ""sgd""}, ""regularizer"": {""l2"": 0.0}, ""seed"": 42, ""split"": {""stratified"": true, ""val_size"": 0.2}, ""training"": {""batch_size"": 16, ""epochs"": 800, ""include_reg_in_val"": false, ""shuffle"": true}}"
b03d20043716,42,holdout,val_loss,min,0.1610321284924134,0.0,0.1610321284924134,0.0,0.88,0.0,532.0,0.0,2.1232807636260986,"{""callbacks"": {""early_stopping"": true, ""min_delta"": 0.0, ""mode"": ""auto"", ""monitor"": ""val_loss"", ""patience"": 40, ""restore_best_weights"": true, ""verbose"": 0}, ""cv"": {""k"": 5, ""seed"": 42, ""shuffle"": true}, ""data"": {""train_path"": ""data/MONK/MONK1/monks-1.train""}, ""model"": {""activation"": ""sigmoid"", ""dropout"": 0.1, ""hidden_units"": [4, 4]}, ""optim"": {""lr"": 0.3, ""momentum"": 0.0, ""name"": ""sgd""}, ""regularizer"": {""l2"": 0.0}, ""seed"": 42, ""split"": {""stratified"": true, ""val_size"": 0.2}, ""training"": {""batch_size"": 16, ""epochs"": 800, ""include_reg_in_val"": false, ""shuffle"": true}}"
9430fba2393e,42,holdout,val_loss,min,0.010564260575982098,0.0,0.010564260575982098,0.0,1.0,0.0,133.0,0.0,0.6993715763092041,"{""callbacks"": {""early_stopping"": true, ""min_delta"": 0.0, ""mode"": ""auto"", ""monitor"": ""val_loss"", ""patience"": 40, ""restore_best_weights"": true, ""verbose"": 0}, ""cv"": {""k"": 5, ""seed"": 42, ""shuffle"": true}, ""data"": {""train_path"": ""data/MONK/MONK1/monks-1.train""}, ""model"": {""activation"": ""tanh"", ""dropout"": 0.1, ""hidden_units"": [8, 4]}, ""optim"": {""lr"": 0.3, ""momentum"": 0.0, ""name"": ""sgd""}, ""regularizer"": {""l2"": ""1e-6""}, ""seed"": 42, ""split"": {""stratified"": true, ""val_size"": 0.2}, ""training"": {""batch_size"": 16, ""epochs"": 800, ""include_reg_in_val"": false, ""shuffle"": true}}"
648972fa1d5b,42,holdout,val_loss,min,0.6923469705583551,0.0,0.6923469705583551,0.0,0.52,0.0,23.0,0.0,0.4875168800354004,"{""callbacks"": {""early_stopping"": true, ""min_delta"": 0.0, ""mode"": ""auto"", ""monitor"": ""val_loss"", ""patience"": 40, ""restore_best_weights"": true, ""verbose"": 0}, ""cv"": {""k"": 5, ""seed"": 42, ""shuffle"": true}, ""data"": {""train_path"": ""data/MONK/MONK1/monks-1.train""}, ""model"": {""activation"": ""relu"", ""dropout"": 0.0, ""hidden_units"": [8, 4]}, ""optim"": {""lr"": 0.3, ""momentum"": 0.0, ""name"": ""adam""}, ""regularizer"": {""l2"": ""1e-6""}, ""seed"": 42, ""split"": {""stratified"": true, ""val_size"": 0.2}, ""training"": {""batch_size"": 16, ""epochs"": 800, ""include_reg_in_val"": false, ""shuffle"": true}}"
6b36a333acbc,42,holdout,val_loss,min,0.6923470299909323,0.0,0.6923470299909323,0.0,0.52,0.0,90.0,0.0,0.6957807540893555,"{""callbacks"": {""early_stopping"": true, ""min_delta"": 0.0, ""mode"": ""auto"", ""monitor"": ""val_loss"", ""patience"": 40, ""restore_best_weights"": true, ""verbose"": 0}, ""cv"": {""k"": 5, ""seed"": 42, ""shuffle"": true}, ""data"": {""train_path"": ""data/MONK/MONK1/monks-1.train""}, ""model"": {""activation"": ""relu"", ""dropout"": 0.0, ""hidden_units"": [8, 4]}, ""optim"": {""lr"": 0.3, ""momentum"": 0.0, ""name"": ""adam""}, ""regularizer"": {""l2"": 0.0}, ""seed"": 42, ""split"": {""stratified"": true, ""val_size"": 0.2}, ""training"": {""batch_size"": 16, ""epochs"": 800, ""include_reg_in_val"": false, ""shuffle"": true}}"
71c430567ae9,42,holdout,val_loss,min,0.1611749383896037,0.0,0.1611749383896037,0.0,0.88,0.0,532.0,0.0,2.3368630409240723,"{""callbacks"": {""early_stopping"": true, ""min_delta"": 0.0, ""mode"": ""auto"", ""monitor"": ""val_loss"", ""patience"": 40, ""restore_best_weights"": true, ""verbose"": 0}, ""cv"": {""k"": 5, ""seed"": 42, ""shuffle"": true}, ""data"": {""train_path"": ""data/MONK/MONK1/monks-1.train""}, ""model"": {""activation"": ""sigmoid"", ""dropout"": 0.1, ""hidden_units"": [4, 4]}, ""optim"": {""lr"": 0.3, ""momentum"": 0.0, ""name"": ""sgd""}, ""regularizer"": {""l2"": ""1e-6""}, ""seed"": 42, ""split"": {""stratified"": true, ""val_size"": 0.2}, ""training"": {""batch_size"": 16, ""epochs"": 800, ""include_reg_in_val"": false, ""shuffle"": true}}"
a3857dfae647,42,holdout,val_loss,min,0.0029094559440568974,0.0,0.0029094559440568974,0.0,1.0,0.0,800.0,0.0,3.610732078552246,"{""callbacks"": {""early_stopping"": true, ""min_delta"": 0.0, ""mode"": ""auto"", ""monitor"": ""val_loss"", ""patience"": 40, ""restore_best_weights"": true, ""verbose"": 0}, ""cv"": {""k"": 5, ""seed"": 42, ""shuffle"": true}, ""data"": {""train_path"": ""data/MONK/MONK1/monks-1.train""}, ""model"": {""activation"": ""relu"", ""dropout"": 0.0, ""hidden_units"": [4, 4]}, ""optim"": {""lr"": 0.3, ""momentum"": 0.0, ""name"": ""sgd""}, ""regularizer"": {""l2"": ""1e-6""}, ""seed"": 42, ""split"": {""stratified"": true, ""val_size"": 0.2}, ""training"": {""batch_size"": 16, ""epochs"": 800, ""include_reg_in_val"": false, ""shuffle"": true}}"
2ed586a52a5d,42,holdout,val_loss,min,0.37566051691216246,0.0,0.37566051691216246,0.0,0.84,0.0,6.0,0.0,0.20226311683654785,"{""callbacks"": {""early_stopping"": true, ""min_delta"": 0.0, ""mode"": ""auto"", ""monitor"": ""val_loss"", ""patience"": 40, ""restore_best_weights"": true, ""verbose"": 0}, ""cv"": {""k"": 5, ""seed"": 42, ""shuffle"": true}, ""data"": {""train_path"": ""data/MONK/MONK1/monks-1.train""}, ""model"": {""activation"": ""sigmoid"", ""dropout"": 0.0, ""hidden_units"": [8, 4]}, ""optim"": {""lr"": 0.3, ""momentum"": 0.0, ""name"": ""adam""}, ""regularizer"": {""l2"": 0.0}, ""seed"": 42, ""split"": {""stratified"": true, ""val_size"": 0.2}, ""training"": {""batch_size"": 16, ""epochs"": 800, ""include_reg_in_val"": false, ""shuffle"": true}}"
31074cd278a3,42,holdout,val_loss,min,0.6923471062089799,0.0,0.6923471062089799,0.0,0.52,0.0,67.0,0.0,0.5828120708465576,"{""callbacks"": {""early_stopping"": true, ""min_delta"": 0.0, ""mode"": ""auto"", ""monitor"": ""val_loss"", ""patience"": 40, ""restore_best_weights"": true, ""verbose"": 0}, ""cv"": {""k"": 5, ""seed"": 42, ""shuffle"": true}, ""data"": {""train_path"": ""data/MONK/MONK1/monks-1.train""}, ""model"": {""activation"": ""relu"", ""dropout"": 0.1, ""hidden_units"": [8, 4]}, ""optim"": {""lr"": 0.3, ""momentum"": 0.0, ""name"": ""adam""}, ""regularizer"": {""l2"": 0.0}, ""seed"": 42, ""split"": {""stratified"": true, ""val_size"": 0.2}, ""training"": {""batch_size"": 16, ""epochs"": 800, ""include_reg_in_val"": false, ""shuffle"": true}}"
900820f8abc2,42,holdout,val_loss,min,0.017914415988538684,0.0,0.017914415988538684,0.0,1.0,0.0,175.0,0.0,0.713796854019165,"{""callbacks"": {""early_stopping"": true, ""min_delta"": 0.0, ""mode"": ""auto"", ""monitor"": ""val_loss"", ""patience"": 40, ""restore_best_weights"": true, ""verbose"": 0}, ""cv"": {""k"": 5, ""seed"": 42, ""shuffle"": true}, ""data"": {""train_path"": ""data/MONK/MONK1/monks-1.train""}, ""model"": {""activation"": ""relu"", ""dropout"": 0.1, ""hidden_units"": [8, 4]}, ""optim"": {""lr"": 0.3, ""momentum"": 0.0, ""name"": ""sgd""}, ""regularizer"": {""l2"": 0.0}, ""seed"": 42, ""split"": {""stratified"": true, ""val_size"": 0.2}, ""training"": {""batch_size"": 16, ""epochs"": 800, ""include_reg_in_val"": false, ""shuffle"": true}}"
e7ef44a2670b,42,holdout,val_loss,min,0.6923470630248413,0.0,0.6923470630248413,0.0,0.52,0.0,90.0,0.0,0.6341431140899658,"{""callbacks"": {""early_stopping"": true, ""min_delta"": 0.0, ""mode"": ""auto"", ""monitor"": ""val_loss"", ""patience"": 40, ""restore_best_weights"": true, ""verbose"": 0}, ""cv"": {""k"": 5, ""seed"": 42, ""shuffle"": true}, ""data"": {""train_path"": ""data/MONK/MONK1/monks-1.train""}, ""model"": {""activation"": ""relu"", ""dropout"": 0.1, ""hidden_units"": [8, 4]}, ""optim"": {""lr"": 0.3, ""momentum"": 0.0, ""name"": ""adam""}, ""regularizer"": {""l2"": ""1e-6""}, ""seed"": 42, ""split"": {""stratified"": true, ""val_size"": 0.2}, ""training"": {""batch_size"": 16, ""epochs"": 800, ""include_reg_in_val"": false, ""shuffle"": true}}"
0004e5a442ca,42,holdout,val_loss,min,0.3154195013246823,0.0,0.3154195013246823,0.0,0.88,0.0,13.0,0.0,0.28186535835266113,"{""callbacks"": {""early_stopping"": true, ""min_delta"": 0.0, ""mode"": ""auto"", ""monitor"": ""val_loss"", ""patience"": 40, ""restore_best_weights"": true, ""verbose"": 0}, ""cv"": {""k"": 5, ""seed"": 42, ""shuffle"": true}, ""data"": {""train_path"": ""data/MONK/MONK1/monks-1.train""}, ""model"": {""activation"": ""sigmoid"", ""dropout"": 0.0, ""hidden_units"": [8, 4]}, ""optim"": {""lr"": 0.3, ""momentum"": 0.0, ""name"": ""adam""}, ""regularizer"": {""l2"": ""1e-6""}, ""seed"": 42, ""split"": {""stratified"": true, ""val_size"": 0.2}, ""training"": {""batch_size"": 16, ""epochs"": 800, ""include_reg_in_val"": false, ""shuffle"": true}}"
d1a41b0fa8f6,42,holdout,val_loss,min,0.01807614989187004,0.0,0.01807614989187004,0.0,1.0,0.0,175.0,0.0,0.7845926284790039,"{""callbacks"": {""early_stopping"": true, ""min_delta"": 0.0, ""mode"": ""auto"", ""monitor"": ""val_loss"", ""patience"": 40, ""restore_best_weights"": true, ""verbose"": 0}, ""cv"": {""k"": 5, ""seed"": 42, ""shuffle"": true}, ""data"": {""train_path"": ""data/MONK/MONK1/monks-1.train""}, ""model"": {""activation"": ""relu"", ""dropout"": 0.1, ""hidden_units"": [8, 4]}, ""optim"": {""lr"": 0.3, ""momentum"": 0.0, ""name"": ""sgd""}, ""regularizer"": {""l2"": ""1e-6""}, ""seed"": 42, ""split"": {""stratified"": true, ""val_size"": 0.2}, ""training"": {""batch_size"": 16, ""epochs"": 800, ""include_reg_in_val"": false, ""shuffle"": true}}"
ed6ec8beeab3,42,holdout,val_loss,min,0.3095808760211638,0.0,0.3095808760211638,0.0,0.88,0.0,65.0,0.0,0.5318818092346191,"{""callbacks"": {""early_stopping"": true, ""min_delta"": 0.0, ""mode"": ""auto"", ""monitor"": ""val_loss"", ""patience"": 40, ""restore_best_weights"": true, ""verbose"": 0}, ""cv"": {""k"": 5, ""seed"": 42, ""shuffle"": true}, ""data"": {""train_path"": ""data/MONK/MONK1/monks-1.train""}, ""model"": {""activation"": ""sigmoid"", ""dropout"": 0.1, ""hidden_units"": [8, 4]}, ""optim"": {""lr"": 0.3, ""momentum"": 0.0, ""name"": ""adam""}, ""regularizer"": {""l2"": 0.0}, ""seed"": 42, ""split"": {""stratified"": true, ""val_size"": 0.2}, ""training"": {""batch_size"": 16, ""epochs"": 800, ""include_reg_in_val"": false, ""shuffle"": true}}"
2596df5d3cbe,42,holdout,val_loss,min,0.3123481780057818,0.0,0.3123481780057818,0.0,0.88,0.0,35.0,0.0,0.4173393249511719,"{""callbacks"": {""early_stopping"": true, ""min_delta"": 0.0, ""mode"": ""auto"", ""monitor"": ""val_loss"", ""patience"": 40, ""restore_best_weights"": true, ""verbose"": 0}, ""cv"": {""k"": 5, ""seed"": 42, ""shuffle"": true}, ""data"": {""train_path"": ""data/MONK/MONK1/monks-1.train""}, ""model"": {""activation"": ""sigmoid"", ""dropout"": 0.1, ""hidden_units"": [8, 4]}, ""optim"": {""lr"": 0.3, ""momentum"": 0.0, ""name"": ""adam""}, ""regularizer"": {""l2"": ""1e-6""}, ""seed"": 42, ""split"": {""stratified"": true, ""val_size"": 0.2}, ""training"": {""batch_size"": 16, ""epochs"": 800, ""include_reg_in_val"": false, ""shuffle"": true}}"
358721bbe3a1,42,holdout,val_loss,min,0.30444742892578786,0.0,0.30444742892578786,0.0,0.88,0.0,288.0,0.0,0.9783377647399902,"{""callbacks"": {""early_stopping"": true, ""min_delta"": 0.0, ""mode"": ""auto"", ""monitor"": ""val_loss"", ""patience"": 40, ""restore_best_weights"": true, ""verbose"": 0}, ""cv"": {""k"": 5, ""seed"": 42, ""shuffle"": true}, ""data"": {""train_path"": ""data/MONK/MONK1/monks-1.train""}, ""model"": {""activation"": ""sigmoid"", ""dropout"": 0.0, ""hidden_units"": [8, 4]}, ""optim"": {""lr"": 0.3, ""momentum"": 0.0, ""name"": ""sgd""}, ""regularizer"": {""l2"": 0.0}, ""seed"": 42, ""split"": {""stratified"": true, ""val_size"": 0.2}, ""training"": {""batch_size"": 16, ""epochs"": 800, ""include_reg_in_val"": false, ""shuffle"": true}}"
9325861ae562,42,holdout,val_loss,min,0.30440314009008773,0.0,0.30440314009008773,0.0,0.88,0.0,288.0,0.0,0.9414248466491699,"{""callbacks"": {""early_stopping"": true, ""min_delta"": 0.0, ""mode"": ""auto"", ""monitor"": ""val_loss"", ""patience"": 40, ""restore_best_weights"": true, ""verbose"": 0}, ""cv"": {""k"": 5, ""seed"": 42, ""shuffle"": true}, ""data"": {""train_path"": ""data/MONK/MONK1/monks-1.train""}, ""model"": {""activation"": ""sigmoid"", ""dropout"": 0.0, ""hidden_units"": [8, 4]}, ""optim"": {""lr"": 0.3, ""momentum"": 0.0, ""name"": ""sgd""}, ""regularizer"": {""l2"": ""1e-6""}, ""seed"": 42, ""split"": {""stratified"": true, ""val_size"": 0.2}, ""training"": {""batch_size"": 16, ""epochs"": 800, ""include_reg_in_val"": false, ""shuffle"": true}}"
c9a5f4d6b91b,42,holdout,val_loss,min,0.3384488726273909,0.0,0.3384488726273909,0.0,0.88,0.0,327.0,0.0,1.0201361179351807,"{""callbacks"": {""early_stopping"": true, ""min_delta"": 0.0, ""mode"": ""auto"", ""monitor"": ""val_loss"", ""patience"": 40, ""restore_best_weights"": true, ""verbose"": 0}, ""cv"": {""k"": 5, ""seed"": 42, ""shuffle"": true}, ""data"": {""train_path"": ""data/MONK/MONK1/monks-1.train""}, ""model"": {""activation"": ""sigmoid"", ""dropout"": 0.1, ""hidden_units"": [8, 4]}, ""optim"": {""lr"": 0.3, ""momentum"": 0.0, ""name"": ""sgd""}, ""regularizer"": {""l2"": 0.0}, ""seed"": 42, ""split"": {""stratified"": true, ""val_size"": 0.2}, ""training"": {""batch_size"": 16, ""epochs"": 800, ""include_reg_in_val"": false, ""shuffle"": true}}"
874ee54b02be,42,holdout,val_loss,min,0.33848143378683104,0.0,0.33848143378683104,0.0,0.88,0.0,327.0,0.0,1.0208916664123535,"{""callbacks"": {""early_stopping"": true, ""min_delta"": 0.0, ""mode"": ""auto"", ""monitor"": ""val_loss"", ""patience"": 40, ""restore_best_weights"": true, ""verbose"": 0}, ""cv"": {""k"": 5, ""seed"": 42, ""shuffle"": true}, ""data"": {""train_path"": ""data/MONK/MONK1/monks-1.train""}, ""model"": {""activation"": ""sigmoid"", ""dropout"": 0.1, ""hidden_units"": [8, 4]}, ""optim"": {""lr"": 0.3, ""momentum"": 0.0, ""name"": ""sgd""}, ""regularizer"": {""l2"": ""1e-6""}, ""seed"": 42, ""split"": {""stratified"": true, ""val_size"": 0.2}, ""training"": {""batch_size"": 16, ""epochs"": 800, ""include_reg_in_val"": false, ""shuffle"": true}}"
