config_id,n_runs,score_mean,score_std,val_loss_mean,val_loss_std,val_acc_mean,val_acc_std,best_epoch_mean,best_epoch_std,config_json
dd86be479469,1,0.0015043676009848799,0.0,0.0015043676009848799,0.0,1.0,0.0,265.0,0.0,"{""callbacks"": {""early_stopping"": true, ""min_delta"": 0.0, ""mode"": ""auto"", ""monitor"": ""val_loss"", ""patience"": 40, ""restore_best_weights"": true, ""verbose"": 0}, ""cv"": {""k"": 5, ""seed"": 42, ""shuffle"": true}, ""data"": {""train_path"": ""data/MONK/MONK1/monks-1.train""}, ""model"": {""activation"": ""tanh"", ""dropout"": 0.1, ""hidden_units"": [8, 4]}, ""optim"": {""lr"": 0.3, ""momentum"": 0.0, ""name"": ""sgd""}, ""regularizer"": {""l2"": 0.0}, ""seed"": 42, ""split"": {""stratified"": true, ""val_size"": 0.2}, ""training"": {""batch_size"": 16, ""epochs"": 800, ""include_reg_in_val"": false, ""shuffle"": true}}"
1734c4f715fe,1,0.0015045611901015753,0.0,0.0015045611901015753,0.0,1.0,0.0,265.0,0.0,"{""callbacks"": {""early_stopping"": true, ""min_delta"": 0.0, ""mode"": ""auto"", ""monitor"": ""val_loss"", ""patience"": 40, ""restore_best_weights"": true, ""verbose"": 0}, ""cv"": {""k"": 5, ""seed"": 42, ""shuffle"": true}, ""data"": {""train_path"": ""data/MONK/MONK1/monks-1.train""}, ""model"": {""activation"": ""tanh"", ""dropout"": 0.1, ""hidden_units"": [8, 4]}, ""optim"": {""lr"": 0.3, ""momentum"": 0.0, ""name"": ""sgd""}, ""regularizer"": {""l2"": 3e-07}, ""seed"": 42, ""split"": {""stratified"": true, ""val_size"": 0.2}, ""training"": {""batch_size"": 16, ""epochs"": 800, ""include_reg_in_val"": false, ""shuffle"": true}}"
2abd45f3ea55,1,0.0015048203073335313,0.0,0.0015048203073335313,0.0,1.0,0.0,265.0,0.0,"{""callbacks"": {""early_stopping"": true, ""min_delta"": 0.0, ""mode"": ""auto"", ""monitor"": ""val_loss"", ""patience"": 40, ""restore_best_weights"": true, ""verbose"": 0}, ""cv"": {""k"": 5, ""seed"": 42, ""shuffle"": true}, ""data"": {""train_path"": ""data/MONK/MONK1/monks-1.train""}, ""model"": {""activation"": ""tanh"", ""dropout"": 0.1, ""hidden_units"": [8, 4]}, ""optim"": {""lr"": 0.3, ""momentum"": 0.0, ""name"": ""sgd""}, ""regularizer"": {""l2"": 7e-07}, ""seed"": 42, ""split"": {""stratified"": true, ""val_size"": 0.2}, ""training"": {""batch_size"": 16, ""epochs"": 800, ""include_reg_in_val"": false, ""shuffle"": true}}"
4235df86dd64,1,0.0015050153940502143,0.0,0.0015050153940502143,0.0,1.0,0.0,265.0,0.0,"{""callbacks"": {""early_stopping"": true, ""min_delta"": 0.0, ""mode"": ""auto"", ""monitor"": ""val_loss"", ""patience"": 40, ""restore_best_weights"": true, ""verbose"": 0}, ""cv"": {""k"": 5, ""seed"": 42, ""shuffle"": true}, ""data"": {""train_path"": ""data/MONK/MONK1/monks-1.train""}, ""model"": {""activation"": ""tanh"", ""dropout"": 0.1, ""hidden_units"": [8, 4]}, ""optim"": {""lr"": 0.3, ""momentum"": 0.0, ""name"": ""sgd""}, ""regularizer"": {""l2"": 1e-06}, ""seed"": 42, ""split"": {""stratified"": true, ""val_size"": 0.2}, ""training"": {""batch_size"": 16, ""epochs"": 800, ""include_reg_in_val"": false, ""shuffle"": true}}"
61622f65d3d7,1,0.005614380377813485,0.0,0.005614380377813485,0.0,1.0,0.0,301.4,0.0,"{""callbacks"": {""early_stopping"": true, ""min_delta"": 0.0, ""mode"": ""auto"", ""monitor"": ""val_loss"", ""patience"": 40, ""restore_best_weights"": true, ""verbose"": 0}, ""cv"": {""k"": 5, ""seed"": 42, ""shuffle"": true}, ""data"": {""train_path"": ""data/MONK/MONK1/monks-1.train""}, ""model"": {""activation"": ""relu"", ""dropout"": 0.07, ""hidden_units"": [8, 4]}, ""optim"": {""lr"": 0.3, ""momentum"": 0.0, ""name"": ""sgd""}, ""regularizer"": {""l2"": 1e-06}, ""seed"": 42, ""split"": {""stratified"": true, ""val_size"": 0.2}, ""training"": {""batch_size"": 16, ""epochs"": 800, ""include_reg_in_val"": false, ""shuffle"": true}}"
b5445e4391bd,1,0.006653022329062982,0.0,0.006653022329062982,0.0,1.0,0.0,228.8,0.0,"{""callbacks"": {""early_stopping"": true, ""min_delta"": 0.0, ""mode"": ""auto"", ""monitor"": ""val_loss"", ""patience"": 40, ""restore_best_weights"": true, ""verbose"": 0}, ""cv"": {""k"": 5, ""seed"": 42, ""shuffle"": true}, ""data"": {""train_path"": ""data/MONK/MONK1/monks-1.train""}, ""model"": {""activation"": ""relu"", ""dropout"": 0.03, ""hidden_units"": [8, 4]}, ""optim"": {""lr"": 0.3, ""momentum"": 0.0, ""name"": ""sgd""}, ""regularizer"": {""l2"": 0.0}, ""seed"": 42, ""split"": {""stratified"": true, ""val_size"": 0.2}, ""training"": {""batch_size"": 16, ""epochs"": 800, ""include_reg_in_val"": false, ""shuffle"": true}}"
ee884166a0fe,1,0.006763707430870047,0.0,0.006763707430870047,0.0,1.0,0.0,208.8,0.0,"{""callbacks"": {""early_stopping"": true, ""min_delta"": 0.0, ""mode"": ""auto"", ""monitor"": ""val_loss"", ""patience"": 40, ""restore_best_weights"": true, ""verbose"": 0}, ""cv"": {""k"": 5, ""seed"": 42, ""shuffle"": true}, ""data"": {""train_path"": ""data/MONK/MONK1/monks-1.train""}, ""model"": {""activation"": ""tanh"", ""dropout"": 0.07, ""hidden_units"": [8, 4]}, ""optim"": {""lr"": 0.3, ""momentum"": 0.0, ""name"": ""sgd""}, ""regularizer"": {""l2"": 0.0}, ""seed"": 42, ""split"": {""stratified"": true, ""val_size"": 0.2}, ""training"": {""batch_size"": 16, ""epochs"": 800, ""include_reg_in_val"": false, ""shuffle"": true}}"
5c021a85a2eb,1,0.006764208693026884,0.0,0.006764208693026884,0.0,1.0,0.0,208.8,0.0,"{""callbacks"": {""early_stopping"": true, ""min_delta"": 0.0, ""mode"": ""auto"", ""monitor"": ""val_loss"", ""patience"": 40, ""restore_best_weights"": true, ""verbose"": 0}, ""cv"": {""k"": 5, ""seed"": 42, ""shuffle"": true}, ""data"": {""train_path"": ""data/MONK/MONK1/monks-1.train""}, ""model"": {""activation"": ""tanh"", ""dropout"": 0.07, ""hidden_units"": [8, 4]}, ""optim"": {""lr"": 0.3, ""momentum"": 0.0, ""name"": ""sgd""}, ""regularizer"": {""l2"": 3e-07}, ""seed"": 42, ""split"": {""stratified"": true, ""val_size"": 0.2}, ""training"": {""batch_size"": 16, ""epochs"": 800, ""include_reg_in_val"": false, ""shuffle"": true}}"
bcc8fcfeb60f,1,0.006764846266376153,0.0,0.006764846266376153,0.0,1.0,0.0,208.8,0.0,"{""callbacks"": {""early_stopping"": true, ""min_delta"": 0.0, ""mode"": ""auto"", ""monitor"": ""val_loss"", ""patience"": 40, ""restore_best_weights"": true, ""verbose"": 0}, ""cv"": {""k"": 5, ""seed"": 42, ""shuffle"": true}, ""data"": {""train_path"": ""data/MONK/MONK1/monks-1.train""}, ""model"": {""activation"": ""tanh"", ""dropout"": 0.07, ""hidden_units"": [8, 4]}, ""optim"": {""lr"": 0.3, ""momentum"": 0.0, ""name"": ""sgd""}, ""regularizer"": {""l2"": 7e-07}, ""seed"": 42, ""split"": {""stratified"": true, ""val_size"": 0.2}, ""training"": {""batch_size"": 16, ""epochs"": 800, ""include_reg_in_val"": false, ""shuffle"": true}}"
b2268380e002,1,0.006765305354580137,0.0,0.006765305354580137,0.0,1.0,0.0,208.8,0.0,"{""callbacks"": {""early_stopping"": true, ""min_delta"": 0.0, ""mode"": ""auto"", ""monitor"": ""val_loss"", ""patience"": 40, ""restore_best_weights"": true, ""verbose"": 0}, ""cv"": {""k"": 5, ""seed"": 42, ""shuffle"": true}, ""data"": {""train_path"": ""data/MONK/MONK1/monks-1.train""}, ""model"": {""activation"": ""tanh"", ""dropout"": 0.07, ""hidden_units"": [8, 4]}, ""optim"": {""lr"": 0.3, ""momentum"": 0.0, ""name"": ""sgd""}, ""regularizer"": {""l2"": 1e-06}, ""seed"": 42, ""split"": {""stratified"": true, ""val_size"": 0.2}, ""training"": {""batch_size"": 16, ""epochs"": 800, ""include_reg_in_val"": false, ""shuffle"": true}}"
6f3f3e9ea1f9,1,0.007763140748763014,0.0,0.007763140748763014,0.0,1.0,0.0,187.2,0.0,"{""callbacks"": {""early_stopping"": true, ""min_delta"": 0.0, ""mode"": ""auto"", ""monitor"": ""val_loss"", ""patience"": 40, ""restore_best_weights"": true, ""verbose"": 0}, ""cv"": {""k"": 5, ""seed"": 42, ""shuffle"": true}, ""data"": {""train_path"": ""data/MONK/MONK1/monks-1.train""}, ""model"": {""activation"": ""relu"", ""dropout"": 0.03, ""hidden_units"": [8, 4]}, ""optim"": {""lr"": 0.3, ""momentum"": 0.0, ""name"": ""sgd""}, ""regularizer"": {""l2"": 3e-07}, ""seed"": 42, ""split"": {""stratified"": true, ""val_size"": 0.2}, ""training"": {""batch_size"": 16, ""epochs"": 800, ""include_reg_in_val"": false, ""shuffle"": true}}"
d03b7481d642,1,0.007774589423905175,0.0,0.007774589423905175,0.0,1.0,0.0,187.2,0.0,"{""callbacks"": {""early_stopping"": true, ""min_delta"": 0.0, ""mode"": ""auto"", ""monitor"": ""val_loss"", ""patience"": 40, ""restore_best_weights"": true, ""verbose"": 0}, ""cv"": {""k"": 5, ""seed"": 42, ""shuffle"": true}, ""data"": {""train_path"": ""data/MONK/MONK1/monks-1.train""}, ""model"": {""activation"": ""relu"", ""dropout"": 0.03, ""hidden_units"": [8, 4]}, ""optim"": {""lr"": 0.3, ""momentum"": 0.0, ""name"": ""sgd""}, ""regularizer"": {""l2"": 7e-07}, ""seed"": 42, ""split"": {""stratified"": true, ""val_size"": 0.2}, ""training"": {""batch_size"": 16, ""epochs"": 800, ""include_reg_in_val"": false, ""shuffle"": true}}"
11ea020bf5f6,1,0.007985870905316756,0.0,0.007985870905316756,0.0,1.0,0.0,174.4,0.0,"{""callbacks"": {""early_stopping"": true, ""min_delta"": 0.0, ""mode"": ""auto"", ""monitor"": ""val_loss"", ""patience"": 40, ""restore_best_weights"": true, ""verbose"": 0}, ""cv"": {""k"": 5, ""seed"": 42, ""shuffle"": true}, ""data"": {""train_path"": ""data/MONK/MONK1/monks-1.train""}, ""model"": {""activation"": ""relu"", ""dropout"": 0.03, ""hidden_units"": [8, 4]}, ""optim"": {""lr"": 0.3, ""momentum"": 0.0, ""name"": ""sgd""}, ""regularizer"": {""l2"": 1e-06}, ""seed"": 42, ""split"": {""stratified"": true, ""val_size"": 0.2}, ""training"": {""batch_size"": 16, ""epochs"": 800, ""include_reg_in_val"": false, ""shuffle"": true}}"
22e6367da662,1,0.009447107344732766,0.0,0.009447107344732766,0.0,1.0,0.0,192.4,0.0,"{""callbacks"": {""early_stopping"": true, ""min_delta"": 0.0, ""mode"": ""auto"", ""monitor"": ""val_loss"", ""patience"": 40, ""restore_best_weights"": true, ""verbose"": 0}, ""cv"": {""k"": 5, ""seed"": 42, ""shuffle"": true}, ""data"": {""train_path"": ""data/MONK/MONK1/monks-1.train""}, ""model"": {""activation"": ""relu"", ""dropout"": 0.07, ""hidden_units"": [8, 4]}, ""optim"": {""lr"": 0.3, ""momentum"": 0.0, ""name"": ""sgd""}, ""regularizer"": {""l2"": 0.0}, ""seed"": 42, ""split"": {""stratified"": true, ""val_size"": 0.2}, ""training"": {""batch_size"": 16, ""epochs"": 800, ""include_reg_in_val"": false, ""shuffle"": true}}"
26c000328491,1,0.00967972292293083,0.0,0.00967972292293083,0.0,1.0,0.0,141.6,0.0,"{""callbacks"": {""early_stopping"": true, ""min_delta"": 0.0, ""mode"": ""auto"", ""monitor"": ""val_loss"", ""patience"": 40, ""restore_best_weights"": true, ""verbose"": 0}, ""cv"": {""k"": 5, ""seed"": 42, ""shuffle"": true}, ""data"": {""train_path"": ""data/MONK/MONK1/monks-1.train""}, ""model"": {""activation"": ""tanh"", ""dropout"": 0.03, ""hidden_units"": [8, 4]}, ""optim"": {""lr"": 0.3, ""momentum"": 0.0, ""name"": ""sgd""}, ""regularizer"": {""l2"": 0.0}, ""seed"": 42, ""split"": {""stratified"": true, ""val_size"": 0.2}, ""training"": {""batch_size"": 16, ""epochs"": 800, ""include_reg_in_val"": false, ""shuffle"": true}}"
d60739026fe8,1,0.009680379449415282,0.0,0.009680379449415282,0.0,1.0,0.0,141.6,0.0,"{""callbacks"": {""early_stopping"": true, ""min_delta"": 0.0, ""mode"": ""auto"", ""monitor"": ""val_loss"", ""patience"": 40, ""restore_best_weights"": true, ""verbose"": 0}, ""cv"": {""k"": 5, ""seed"": 42, ""shuffle"": true}, ""data"": {""train_path"": ""data/MONK/MONK1/monks-1.train""}, ""model"": {""activation"": ""tanh"", ""dropout"": 0.03, ""hidden_units"": [8, 4]}, ""optim"": {""lr"": 0.3, ""momentum"": 0.0, ""name"": ""sgd""}, ""regularizer"": {""l2"": 3e-07}, ""seed"": 42, ""split"": {""stratified"": true, ""val_size"": 0.2}, ""training"": {""batch_size"": 16, ""epochs"": 800, ""include_reg_in_val"": false, ""shuffle"": true}}"
ce6e6ea7169f,1,0.009681260725457606,0.0,0.009681260725457606,0.0,1.0,0.0,141.6,0.0,"{""callbacks"": {""early_stopping"": true, ""min_delta"": 0.0, ""mode"": ""auto"", ""monitor"": ""val_loss"", ""patience"": 40, ""restore_best_weights"": true, ""verbose"": 0}, ""cv"": {""k"": 5, ""seed"": 42, ""shuffle"": true}, ""data"": {""train_path"": ""data/MONK/MONK1/monks-1.train""}, ""model"": {""activation"": ""tanh"", ""dropout"": 0.03, ""hidden_units"": [8, 4]}, ""optim"": {""lr"": 0.3, ""momentum"": 0.0, ""name"": ""sgd""}, ""regularizer"": {""l2"": 7e-07}, ""seed"": 42, ""split"": {""stratified"": true, ""val_size"": 0.2}, ""training"": {""batch_size"": 16, ""epochs"": 800, ""include_reg_in_val"": false, ""shuffle"": true}}"
9baf4b7fe745,1,0.009681926113501629,0.0,0.009681926113501629,0.0,1.0,0.0,141.6,0.0,"{""callbacks"": {""early_stopping"": true, ""min_delta"": 0.0, ""mode"": ""auto"", ""monitor"": ""val_loss"", ""patience"": 40, ""restore_best_weights"": true, ""verbose"": 0}, ""cv"": {""k"": 5, ""seed"": 42, ""shuffle"": true}, ""data"": {""train_path"": ""data/MONK/MONK1/monks-1.train""}, ""model"": {""activation"": ""tanh"", ""dropout"": 0.03, ""hidden_units"": [8, 4]}, ""optim"": {""lr"": 0.3, ""momentum"": 0.0, ""name"": ""sgd""}, ""regularizer"": {""l2"": 1e-06}, ""seed"": 42, ""split"": {""stratified"": true, ""val_size"": 0.2}, ""training"": {""batch_size"": 16, ""epochs"": 800, ""include_reg_in_val"": false, ""shuffle"": true}}"
f75658d0cdde,1,0.01494656886424497,0.0,0.01494656886424497,0.0,1.0,0.0,208.6,0.0,"{""callbacks"": {""early_stopping"": true, ""min_delta"": 0.0, ""mode"": ""auto"", ""monitor"": ""val_loss"", ""patience"": 40, ""restore_best_weights"": true, ""verbose"": 0}, ""cv"": {""k"": 5, ""seed"": 42, ""shuffle"": true}, ""data"": {""train_path"": ""data/MONK/MONK1/monks-1.train""}, ""model"": {""activation"": ""tanh"", ""dropout"": 0.1, ""hidden_units"": [4, 4]}, ""optim"": {""lr"": 0.3, ""momentum"": 0.0, ""name"": ""sgd""}, ""regularizer"": {""l2"": 0.0}, ""seed"": 42, ""split"": {""stratified"": true, ""val_size"": 0.2}, ""training"": {""batch_size"": 16, ""epochs"": 800, ""include_reg_in_val"": false, ""shuffle"": true}}"
0d5f3fb95ec2,1,0.01494769599761538,0.0,0.01494769599761538,0.0,1.0,0.0,208.6,0.0,"{""callbacks"": {""early_stopping"": true, ""min_delta"": 0.0, ""mode"": ""auto"", ""monitor"": ""val_loss"", ""patience"": 40, ""restore_best_weights"": true, ""verbose"": 0}, ""cv"": {""k"": 5, ""seed"": 42, ""shuffle"": true}, ""data"": {""train_path"": ""data/MONK/MONK1/monks-1.train""}, ""model"": {""activation"": ""tanh"", ""dropout"": 0.1, ""hidden_units"": [4, 4]}, ""optim"": {""lr"": 0.3, ""momentum"": 0.0, ""name"": ""sgd""}, ""regularizer"": {""l2"": 3e-07}, ""seed"": 42, ""split"": {""stratified"": true, ""val_size"": 0.2}, ""training"": {""batch_size"": 16, ""epochs"": 800, ""include_reg_in_val"": false, ""shuffle"": true}}"
b746ed1cf050,1,0.014949203217333234,0.0,0.014949203217333234,0.0,1.0,0.0,208.6,0.0,"{""callbacks"": {""early_stopping"": true, ""min_delta"": 0.0, ""mode"": ""auto"", ""monitor"": ""val_loss"", ""patience"": 40, ""restore_best_weights"": true, ""verbose"": 0}, ""cv"": {""k"": 5, ""seed"": 42, ""shuffle"": true}, ""data"": {""train_path"": ""data/MONK/MONK1/monks-1.train""}, ""model"": {""activation"": ""tanh"", ""dropout"": 0.1, ""hidden_units"": [4, 4]}, ""optim"": {""lr"": 0.3, ""momentum"": 0.0, ""name"": ""sgd""}, ""regularizer"": {""l2"": 7e-07}, ""seed"": 42, ""split"": {""stratified"": true, ""val_size"": 0.2}, ""training"": {""batch_size"": 16, ""epochs"": 800, ""include_reg_in_val"": false, ""shuffle"": true}}"
ecaaaa2f9f69,1,0.014950334517057079,0.0,0.014950334517057079,0.0,1.0,0.0,208.6,0.0,"{""callbacks"": {""early_stopping"": true, ""min_delta"": 0.0, ""mode"": ""auto"", ""monitor"": ""val_loss"", ""patience"": 40, ""restore_best_weights"": true, ""verbose"": 0}, ""cv"": {""k"": 5, ""seed"": 42, ""shuffle"": true}, ""data"": {""train_path"": ""data/MONK/MONK1/monks-1.train""}, ""model"": {""activation"": ""tanh"", ""dropout"": 0.1, ""hidden_units"": [4, 4]}, ""optim"": {""lr"": 0.3, ""momentum"": 0.0, ""name"": ""sgd""}, ""regularizer"": {""l2"": 1e-06}, ""seed"": 42, ""split"": {""stratified"": true, ""val_size"": 0.2}, ""training"": {""batch_size"": 16, ""epochs"": 800, ""include_reg_in_val"": false, ""shuffle"": true}}"
abe055b8d57a,1,0.02008959977994097,0.0,0.02008959977994097,0.0,1.0,0.0,145.0,0.0,"{""callbacks"": {""early_stopping"": true, ""min_delta"": 0.0, ""mode"": ""auto"", ""monitor"": ""val_loss"", ""patience"": 40, ""restore_best_weights"": true, ""verbose"": 0}, ""cv"": {""k"": 5, ""seed"": 42, ""shuffle"": true}, ""data"": {""train_path"": ""data/MONK/MONK1/monks-1.train""}, ""model"": {""activation"": ""relu"", ""dropout"": 0.1, ""hidden_units"": [8, 4]}, ""optim"": {""lr"": 0.3, ""momentum"": 0.0, ""name"": ""sgd""}, ""regularizer"": {""l2"": 3e-07}, ""seed"": 42, ""split"": {""stratified"": true, ""val_size"": 0.2}, ""training"": {""batch_size"": 16, ""epochs"": 800, ""include_reg_in_val"": false, ""shuffle"": true}}"
900820f8abc2,1,0.0201830751169328,0.0,0.0201830751169328,0.0,1.0,0.0,139.2,0.0,"{""callbacks"": {""early_stopping"": true, ""min_delta"": 0.0, ""mode"": ""auto"", ""monitor"": ""val_loss"", ""patience"": 40, ""restore_best_weights"": true, ""verbose"": 0}, ""cv"": {""k"": 5, ""seed"": 42, ""shuffle"": true}, ""data"": {""train_path"": ""data/MONK/MONK1/monks-1.train""}, ""model"": {""activation"": ""relu"", ""dropout"": 0.1, ""hidden_units"": [8, 4]}, ""optim"": {""lr"": 0.3, ""momentum"": 0.0, ""name"": ""sgd""}, ""regularizer"": {""l2"": 0.0}, ""seed"": 42, ""split"": {""stratified"": true, ""val_size"": 0.2}, ""training"": {""batch_size"": 16, ""epochs"": 800, ""include_reg_in_val"": false, ""shuffle"": true}}"
b5691cb224f5,1,0.020484210691131807,0.0,0.020484210691131807,0.0,0.992,0.0,654.0,0.0,"{""callbacks"": {""early_stopping"": true, ""min_delta"": 0.0, ""mode"": ""auto"", ""monitor"": ""val_loss"", ""patience"": 40, ""restore_best_weights"": true, ""verbose"": 0}, ""cv"": {""k"": 5, ""seed"": 42, ""shuffle"": true}, ""data"": {""train_path"": ""data/MONK/MONK1/monks-1.train""}, ""model"": {""activation"": ""relu"", ""dropout"": 0.0, ""hidden_units"": [8, 4]}, ""optim"": {""lr"": 0.3, ""momentum"": 0.0, ""name"": ""sgd""}, ""regularizer"": {""l2"": 1e-06}, ""seed"": 42, ""split"": {""stratified"": true, ""val_size"": 0.2}, ""training"": {""batch_size"": 16, ""epochs"": 800, ""include_reg_in_val"": false, ""shuffle"": true}}"
800ca34d9312,1,0.020485845331449058,0.0,0.020485845331449058,0.0,0.992,0.0,654.0,0.0,"{""callbacks"": {""early_stopping"": true, ""min_delta"": 0.0, ""mode"": ""auto"", ""monitor"": ""val_loss"", ""patience"": 40, ""restore_best_weights"": true, ""verbose"": 0}, ""cv"": {""k"": 5, ""seed"": 42, ""shuffle"": true}, ""data"": {""train_path"": ""data/MONK/MONK1/monks-1.train""}, ""model"": {""activation"": ""relu"", ""dropout"": 0.0, ""hidden_units"": [8, 4]}, ""optim"": {""lr"": 0.3, ""momentum"": 0.0, ""name"": ""sgd""}, ""regularizer"": {""l2"": 3e-07}, ""seed"": 42, ""split"": {""stratified"": true, ""val_size"": 0.2}, ""training"": {""batch_size"": 16, ""epochs"": 800, ""include_reg_in_val"": false, ""shuffle"": true}}"
0221333f1fa8,1,0.020488442870145975,0.0,0.020488442870145975,0.0,0.992,0.0,654.0,0.0,"{""callbacks"": {""early_stopping"": true, ""min_delta"": 0.0, ""mode"": ""auto"", ""monitor"": ""val_loss"", ""patience"": 40, ""restore_best_weights"": true, ""verbose"": 0}, ""cv"": {""k"": 5, ""seed"": 42, ""shuffle"": true}, ""data"": {""train_path"": ""data/MONK/MONK1/monks-1.train""}, ""model"": {""activation"": ""relu"", ""dropout"": 0.0, ""hidden_units"": [8, 4]}, ""optim"": {""lr"": 0.3, ""momentum"": 0.0, ""name"": ""sgd""}, ""regularizer"": {""l2"": 7e-07}, ""seed"": 42, ""split"": {""stratified"": true, ""val_size"": 0.2}, ""training"": {""batch_size"": 16, ""epochs"": 800, ""include_reg_in_val"": false, ""shuffle"": true}}"
2d8100fe6db4,1,0.020488763331667208,0.0,0.020488763331667208,0.0,0.992,0.0,655.2,0.0,"{""callbacks"": {""early_stopping"": true, ""min_delta"": 0.0, ""mode"": ""auto"", ""monitor"": ""val_loss"", ""patience"": 40, ""restore_best_weights"": true, ""verbose"": 0}, ""cv"": {""k"": 5, ""seed"": 42, ""shuffle"": true}, ""data"": {""train_path"": ""data/MONK/MONK1/monks-1.train""}, ""model"": {""activation"": ""relu"", ""dropout"": 0.0, ""hidden_units"": [8, 4]}, ""optim"": {""lr"": 0.3, ""momentum"": 0.0, ""name"": ""sgd""}, ""regularizer"": {""l2"": 0.0}, ""seed"": 42, ""split"": {""stratified"": true, ""val_size"": 0.2}, ""training"": {""batch_size"": 16, ""epochs"": 800, ""include_reg_in_val"": false, ""shuffle"": true}}"
69a109112406,1,0.022117489461282426,0.0,0.022117489461282426,0.0,1.0,0.0,130.4,0.0,"{""callbacks"": {""early_stopping"": true, ""min_delta"": 0.0, ""mode"": ""auto"", ""monitor"": ""val_loss"", ""patience"": 40, ""restore_best_weights"": true, ""verbose"": 0}, ""cv"": {""k"": 5, ""seed"": 42, ""shuffle"": true}, ""data"": {""train_path"": ""data/MONK/MONK1/monks-1.train""}, ""model"": {""activation"": ""relu"", ""dropout"": 0.1, ""hidden_units"": [8, 4]}, ""optim"": {""lr"": 0.3, ""momentum"": 0.0, ""name"": ""sgd""}, ""regularizer"": {""l2"": 7e-07}, ""seed"": 42, ""split"": {""stratified"": true, ""val_size"": 0.2}, ""training"": {""batch_size"": 16, ""epochs"": 800, ""include_reg_in_val"": false, ""shuffle"": true}}"
fb3b640467ad,1,0.02358626243321191,0.0,0.02358626243321191,0.0,0.992,0.0,194.6,0.0,"{""callbacks"": {""early_stopping"": true, ""min_delta"": 0.0, ""mode"": ""auto"", ""monitor"": ""val_loss"", ""patience"": 40, ""restore_best_weights"": true, ""verbose"": 0}, ""cv"": {""k"": 5, ""seed"": 42, ""shuffle"": true}, ""data"": {""train_path"": ""data/MONK/MONK1/monks-1.train""}, ""model"": {""activation"": ""tanh"", ""dropout"": 0.03, ""hidden_units"": [4, 4]}, ""optim"": {""lr"": 0.3, ""momentum"": 0.0, ""name"": ""sgd""}, ""regularizer"": {""l2"": 0.0}, ""seed"": 42, ""split"": {""stratified"": true, ""val_size"": 0.2}, ""training"": {""batch_size"": 16, ""epochs"": 800, ""include_reg_in_val"": false, ""shuffle"": true}}"
1828db17c048,1,0.023588428227685095,0.0,0.023588428227685095,0.0,0.992,0.0,194.6,0.0,"{""callbacks"": {""early_stopping"": true, ""min_delta"": 0.0, ""mode"": ""auto"", ""monitor"": ""val_loss"", ""patience"": 40, ""restore_best_weights"": true, ""verbose"": 0}, ""cv"": {""k"": 5, ""seed"": 42, ""shuffle"": true}, ""data"": {""train_path"": ""data/MONK/MONK1/monks-1.train""}, ""model"": {""activation"": ""tanh"", ""dropout"": 0.03, ""hidden_units"": [4, 4]}, ""optim"": {""lr"": 0.3, ""momentum"": 0.0, ""name"": ""sgd""}, ""regularizer"": {""l2"": 3e-07}, ""seed"": 42, ""split"": {""stratified"": true, ""val_size"": 0.2}, ""training"": {""batch_size"": 16, ""epochs"": 800, ""include_reg_in_val"": false, ""shuffle"": true}}"
7679ab6834ef,1,0.023591310995479692,0.0,0.023591310995479692,0.0,0.992,0.0,194.6,0.0,"{""callbacks"": {""early_stopping"": true, ""min_delta"": 0.0, ""mode"": ""auto"", ""monitor"": ""val_loss"", ""patience"": 40, ""restore_best_weights"": true, ""verbose"": 0}, ""cv"": {""k"": 5, ""seed"": 42, ""shuffle"": true}, ""data"": {""train_path"": ""data/MONK/MONK1/monks-1.train""}, ""model"": {""activation"": ""tanh"", ""dropout"": 0.03, ""hidden_units"": [4, 4]}, ""optim"": {""lr"": 0.3, ""momentum"": 0.0, ""name"": ""sgd""}, ""regularizer"": {""l2"": 7e-07}, ""seed"": 42, ""split"": {""stratified"": true, ""val_size"": 0.2}, ""training"": {""batch_size"": 16, ""epochs"": 800, ""include_reg_in_val"": false, ""shuffle"": true}}"
f9dcbc3c2cde,1,0.02359346930423547,0.0,0.02359346930423547,0.0,0.992,0.0,194.6,0.0,"{""callbacks"": {""early_stopping"": true, ""min_delta"": 0.0, ""mode"": ""auto"", ""monitor"": ""val_loss"", ""patience"": 40, ""restore_best_weights"": true, ""verbose"": 0}, ""cv"": {""k"": 5, ""seed"": 42, ""shuffle"": true}, ""data"": {""train_path"": ""data/MONK/MONK1/monks-1.train""}, ""model"": {""activation"": ""tanh"", ""dropout"": 0.03, ""hidden_units"": [4, 4]}, ""optim"": {""lr"": 0.3, ""momentum"": 0.0, ""name"": ""sgd""}, ""regularizer"": {""l2"": 1e-06}, ""seed"": 42, ""split"": {""stratified"": true, ""val_size"": 0.2}, ""training"": {""batch_size"": 16, ""epochs"": 800, ""include_reg_in_val"": false, ""shuffle"": true}}"
c1ca126e9b01,1,0.04318974795101953,0.0,0.04318974795101953,0.0,0.984,0.0,454.2,0.0,"{""callbacks"": {""early_stopping"": true, ""min_delta"": 0.0, ""mode"": ""auto"", ""monitor"": ""val_loss"", ""patience"": 40, ""restore_best_weights"": true, ""verbose"": 0}, ""cv"": {""k"": 5, ""seed"": 42, ""shuffle"": true}, ""data"": {""train_path"": ""data/MONK/MONK1/monks-1.train""}, ""model"": {""activation"": ""tanh"", ""dropout"": 0.0, ""hidden_units"": [8, 4]}, ""optim"": {""lr"": 0.3, ""momentum"": 0.0, ""name"": ""sgd""}, ""regularizer"": {""l2"": 1e-06}, ""seed"": 42, ""split"": {""stratified"": true, ""val_size"": 0.2}, ""training"": {""batch_size"": 16, ""epochs"": 800, ""include_reg_in_val"": false, ""shuffle"": true}}"
032f93be2094,1,0.04319421865168204,0.0,0.04319421865168204,0.0,0.984,0.0,454.2,0.0,"{""callbacks"": {""early_stopping"": true, ""min_delta"": 0.0, ""mode"": ""auto"", ""monitor"": ""val_loss"", ""patience"": 40, ""restore_best_weights"": true, ""verbose"": 0}, ""cv"": {""k"": 5, ""seed"": 42, ""shuffle"": true}, ""data"": {""train_path"": ""data/MONK/MONK1/monks-1.train""}, ""model"": {""activation"": ""tanh"", ""dropout"": 0.0, ""hidden_units"": [8, 4]}, ""optim"": {""lr"": 0.3, ""momentum"": 0.0, ""name"": ""sgd""}, ""regularizer"": {""l2"": 7e-07}, ""seed"": 42, ""split"": {""stratified"": true, ""val_size"": 0.2}, ""training"": {""batch_size"": 16, ""epochs"": 800, ""include_reg_in_val"": false, ""shuffle"": true}}"
de29bd5cfe55,1,0.043200147365815025,0.0,0.043200147365815025,0.0,0.984,0.0,454.2,0.0,"{""callbacks"": {""early_stopping"": true, ""min_delta"": 0.0, ""mode"": ""auto"", ""monitor"": ""val_loss"", ""patience"": 40, ""restore_best_weights"": true, ""verbose"": 0}, ""cv"": {""k"": 5, ""seed"": 42, ""shuffle"": true}, ""data"": {""train_path"": ""data/MONK/MONK1/monks-1.train""}, ""model"": {""activation"": ""tanh"", ""dropout"": 0.0, ""hidden_units"": [8, 4]}, ""optim"": {""lr"": 0.3, ""momentum"": 0.0, ""name"": ""sgd""}, ""regularizer"": {""l2"": 3e-07}, ""seed"": 42, ""split"": {""stratified"": true, ""val_size"": 0.2}, ""training"": {""batch_size"": 16, ""epochs"": 800, ""include_reg_in_val"": false, ""shuffle"": true}}"
e6078ca3c3d9,1,0.04320456966981628,0.0,0.04320456966981628,0.0,0.984,0.0,454.2,0.0,"{""callbacks"": {""early_stopping"": true, ""min_delta"": 0.0, ""mode"": ""auto"", ""monitor"": ""val_loss"", ""patience"": 40, ""restore_best_weights"": true, ""verbose"": 0}, ""cv"": {""k"": 5, ""seed"": 42, ""shuffle"": true}, ""data"": {""train_path"": ""data/MONK/MONK1/monks-1.train""}, ""model"": {""activation"": ""tanh"", ""dropout"": 0.0, ""hidden_units"": [8, 4]}, ""optim"": {""lr"": 0.3, ""momentum"": 0.0, ""name"": ""sgd""}, ""regularizer"": {""l2"": 0.0}, ""seed"": 42, ""split"": {""stratified"": true, ""val_size"": 0.2}, ""training"": {""batch_size"": 16, ""epochs"": 800, ""include_reg_in_val"": false, ""shuffle"": true}}"
59cb2e7d9eac,1,0.0484594109489046,0.0,0.0484594109489046,0.0,0.992,0.0,120.6,0.0,"{""callbacks"": {""early_stopping"": true, ""min_delta"": 0.0, ""mode"": ""auto"", ""monitor"": ""val_loss"", ""patience"": 40, ""restore_best_weights"": true, ""verbose"": 0}, ""cv"": {""k"": 5, ""seed"": 42, ""shuffle"": true}, ""data"": {""train_path"": ""data/MONK/MONK1/monks-1.train""}, ""model"": {""activation"": ""relu"", ""dropout"": 0.1, ""hidden_units"": [8, 4]}, ""optim"": {""lr"": 0.3, ""momentum"": 0.0, ""name"": ""sgd""}, ""regularizer"": {""l2"": 1e-06}, ""seed"": 42, ""split"": {""stratified"": true, ""val_size"": 0.2}, ""training"": {""batch_size"": 16, ""epochs"": 800, ""include_reg_in_val"": false, ""shuffle"": true}}"
7ba45a7b0e05,1,0.0659321840030141,0.0,0.0659321840030141,0.0,0.976,0.0,142.0,0.0,"{""callbacks"": {""early_stopping"": true, ""min_delta"": 0.0, ""mode"": ""auto"", ""monitor"": ""val_loss"", ""patience"": 40, ""restore_best_weights"": true, ""verbose"": 0}, ""cv"": {""k"": 5, ""seed"": 42, ""shuffle"": true}, ""data"": {""train_path"": ""data/MONK/MONK1/monks-1.train""}, ""model"": {""activation"": ""relu"", ""dropout"": 0.07, ""hidden_units"": [8, 4]}, ""optim"": {""lr"": 0.3, ""momentum"": 0.0, ""name"": ""sgd""}, ""regularizer"": {""l2"": 7e-07}, ""seed"": 42, ""split"": {""stratified"": true, ""val_size"": 0.2}, ""training"": {""batch_size"": 16, ""epochs"": 800, ""include_reg_in_val"": false, ""shuffle"": true}}"
0d112f6a0244,1,0.06625490231392185,0.0,0.06625490231392185,0.0,0.976,0.0,130.6,0.0,"{""callbacks"": {""early_stopping"": true, ""min_delta"": 0.0, ""mode"": ""auto"", ""monitor"": ""val_loss"", ""patience"": 40, ""restore_best_weights"": true, ""verbose"": 0}, ""cv"": {""k"": 5, ""seed"": 42, ""shuffle"": true}, ""data"": {""train_path"": ""data/MONK/MONK1/monks-1.train""}, ""model"": {""activation"": ""relu"", ""dropout"": 0.07, ""hidden_units"": [8, 4]}, ""optim"": {""lr"": 0.3, ""momentum"": 0.0, ""name"": ""sgd""}, ""regularizer"": {""l2"": 3e-07}, ""seed"": 42, ""split"": {""stratified"": true, ""val_size"": 0.2}, ""training"": {""batch_size"": 16, ""epochs"": 800, ""include_reg_in_val"": false, ""shuffle"": true}}"
1d662869f62a,1,0.07778758008312274,0.0,0.07778758008312274,0.0,0.968,0.0,181.6,0.0,"{""callbacks"": {""early_stopping"": true, ""min_delta"": 0.0, ""mode"": ""auto"", ""monitor"": ""val_loss"", ""patience"": 40, ""restore_best_weights"": true, ""verbose"": 0}, ""cv"": {""k"": 5, ""seed"": 42, ""shuffle"": true}, ""data"": {""train_path"": ""data/MONK/MONK1/monks-1.train""}, ""model"": {""activation"": ""tanh"", ""dropout"": 0.07, ""hidden_units"": [4, 4]}, ""optim"": {""lr"": 0.3, ""momentum"": 0.0, ""name"": ""sgd""}, ""regularizer"": {""l2"": 1e-06}, ""seed"": 42, ""split"": {""stratified"": true, ""val_size"": 0.2}, ""training"": {""batch_size"": 16, ""epochs"": 800, ""include_reg_in_val"": false, ""shuffle"": true}}"
266f0b2d76c4,1,0.07778801063597023,0.0,0.07778801063597023,0.0,0.968,0.0,181.6,0.0,"{""callbacks"": {""early_stopping"": true, ""min_delta"": 0.0, ""mode"": ""auto"", ""monitor"": ""val_loss"", ""patience"": 40, ""restore_best_weights"": true, ""verbose"": 0}, ""cv"": {""k"": 5, ""seed"": 42, ""shuffle"": true}, ""data"": {""train_path"": ""data/MONK/MONK1/monks-1.train""}, ""model"": {""activation"": ""tanh"", ""dropout"": 0.07, ""hidden_units"": [4, 4]}, ""optim"": {""lr"": 0.3, ""momentum"": 0.0, ""name"": ""sgd""}, ""regularizer"": {""l2"": 7e-07}, ""seed"": 42, ""split"": {""stratified"": true, ""val_size"": 0.2}, ""training"": {""batch_size"": 16, ""epochs"": 800, ""include_reg_in_val"": false, ""shuffle"": true}}"
2f3190e2c14d,1,0.07778858540562525,0.0,0.07778858540562525,0.0,0.968,0.0,181.6,0.0,"{""callbacks"": {""early_stopping"": true, ""min_delta"": 0.0, ""mode"": ""auto"", ""monitor"": ""val_loss"", ""patience"": 40, ""restore_best_weights"": true, ""verbose"": 0}, ""cv"": {""k"": 5, ""seed"": 42, ""shuffle"": true}, ""data"": {""train_path"": ""data/MONK/MONK1/monks-1.train""}, ""model"": {""activation"": ""tanh"", ""dropout"": 0.07, ""hidden_units"": [4, 4]}, ""optim"": {""lr"": 0.3, ""momentum"": 0.0, ""name"": ""sgd""}, ""regularizer"": {""l2"": 3e-07}, ""seed"": 42, ""split"": {""stratified"": true, ""val_size"": 0.2}, ""training"": {""batch_size"": 16, ""epochs"": 800, ""include_reg_in_val"": false, ""shuffle"": true}}"
502275bfe466,1,0.07778901700675707,0.0,0.07778901700675707,0.0,0.968,0.0,181.6,0.0,"{""callbacks"": {""early_stopping"": true, ""min_delta"": 0.0, ""mode"": ""auto"", ""monitor"": ""val_loss"", ""patience"": 40, ""restore_best_weights"": true, ""verbose"": 0}, ""cv"": {""k"": 5, ""seed"": 42, ""shuffle"": true}, ""data"": {""train_path"": ""data/MONK/MONK1/monks-1.train""}, ""model"": {""activation"": ""tanh"", ""dropout"": 0.07, ""hidden_units"": [4, 4]}, ""optim"": {""lr"": 0.3, ""momentum"": 0.0, ""name"": ""sgd""}, ""regularizer"": {""l2"": 0.0}, ""seed"": 42, ""split"": {""stratified"": true, ""val_size"": 0.2}, ""training"": {""batch_size"": 16, ""epochs"": 800, ""include_reg_in_val"": false, ""shuffle"": true}}"
f647a054e47d,1,0.07814426252295023,0.0,0.07814426252295023,0.0,0.976,0.0,318.8,0.0,"{""callbacks"": {""early_stopping"": true, ""min_delta"": 0.0, ""mode"": ""auto"", ""monitor"": ""val_loss"", ""patience"": 40, ""restore_best_weights"": true, ""verbose"": 0}, ""cv"": {""k"": 5, ""seed"": 42, ""shuffle"": true}, ""data"": {""train_path"": ""data/MONK/MONK1/monks-1.train""}, ""model"": {""activation"": ""sigmoid"", ""dropout"": 0.0, ""hidden_units"": [4, 4]}, ""optim"": {""lr"": 0.3, ""momentum"": 0.0, ""name"": ""adam""}, ""regularizer"": {""l2"": 1e-06}, ""seed"": 42, ""split"": {""stratified"": true, ""val_size"": 0.2}, ""training"": {""batch_size"": 16, ""epochs"": 800, ""include_reg_in_val"": false, ""shuffle"": true}}"
8495afb509f2,1,0.08243914597707833,0.0,0.08243914597707833,0.0,0.967,0.0,90.8,0.0,"{""callbacks"": {""early_stopping"": true, ""min_delta"": 0.0, ""mode"": ""auto"", ""monitor"": ""val_loss"", ""patience"": 40, ""restore_best_weights"": true, ""verbose"": 0}, ""cv"": {""k"": 5, ""seed"": 42, ""shuffle"": true}, ""data"": {""train_path"": ""data/MONK/MONK1/monks-1.train""}, ""model"": {""activation"": ""sigmoid"", ""dropout"": 0.1, ""hidden_units"": [4, 4]}, ""optim"": {""lr"": 0.3, ""momentum"": 0.0, ""name"": ""adam""}, ""regularizer"": {""l2"": 7e-07}, ""seed"": 42, ""split"": {""stratified"": true, ""val_size"": 0.2}, ""training"": {""batch_size"": 16, ""epochs"": 800, ""include_reg_in_val"": false, ""shuffle"": true}}"
b485edf94364,1,0.08511813057236184,0.0,0.08511813057236184,0.0,0.968,0.0,116.4,0.0,"{""callbacks"": {""early_stopping"": true, ""min_delta"": 0.0, ""mode"": ""auto"", ""monitor"": ""val_loss"", ""patience"": 40, ""restore_best_weights"": true, ""verbose"": 0}, ""cv"": {""k"": 5, ""seed"": 42, ""shuffle"": true}, ""data"": {""train_path"": ""data/MONK/MONK1/monks-1.train""}, ""model"": {""activation"": ""relu"", ""dropout"": 0.03, ""hidden_units"": [4, 4]}, ""optim"": {""lr"": 0.3, ""momentum"": 0.0, ""name"": ""sgd""}, ""regularizer"": {""l2"": 7e-07}, ""seed"": 42, ""split"": {""stratified"": true, ""val_size"": 0.2}, ""training"": {""batch_size"": 16, ""epochs"": 800, ""include_reg_in_val"": false, ""shuffle"": true}}"
a15b531fbfe1,1,0.08524781928217601,0.0,0.08524781928217601,0.0,0.968,0.0,116.4,0.0,"{""callbacks"": {""early_stopping"": true, ""min_delta"": 0.0, ""mode"": ""auto"", ""monitor"": ""val_loss"", ""patience"": 40, ""restore_best_weights"": true, ""verbose"": 0}, ""cv"": {""k"": 5, ""seed"": 42, ""shuffle"": true}, ""data"": {""train_path"": ""data/MONK/MONK1/monks-1.train""}, ""model"": {""activation"": ""relu"", ""dropout"": 0.03, ""hidden_units"": [4, 4]}, ""optim"": {""lr"": 0.3, ""momentum"": 0.0, ""name"": ""sgd""}, ""regularizer"": {""l2"": 1e-06}, ""seed"": 42, ""split"": {""stratified"": true, ""val_size"": 0.2}, ""training"": {""batch_size"": 16, ""epochs"": 800, ""include_reg_in_val"": false, ""shuffle"": true}}"
944dd6bc3ec3,1,0.08676632131024016,0.0,0.08676632131024016,0.0,0.976,0.0,126.6,0.0,"{""callbacks"": {""early_stopping"": true, ""min_delta"": 0.0, ""mode"": ""auto"", ""monitor"": ""val_loss"", ""patience"": 40, ""restore_best_weights"": true, ""verbose"": 0}, ""cv"": {""k"": 5, ""seed"": 42, ""shuffle"": true}, ""data"": {""train_path"": ""data/MONK/MONK1/monks-1.train""}, ""model"": {""activation"": ""relu"", ""dropout"": 0.1, ""hidden_units"": [4, 4]}, ""optim"": {""lr"": 0.3, ""momentum"": 0.0, ""name"": ""sgd""}, ""regularizer"": {""l2"": 1e-06}, ""seed"": 42, ""split"": {""stratified"": true, ""val_size"": 0.2}, ""training"": {""batch_size"": 16, ""epochs"": 800, ""include_reg_in_val"": false, ""shuffle"": true}}"
261c8d7d5a88,1,0.08676820573387245,0.0,0.08676820573387245,0.0,0.976,0.0,126.6,0.0,"{""callbacks"": {""early_stopping"": true, ""min_delta"": 0.0, ""mode"": ""auto"", ""monitor"": ""val_loss"", ""patience"": 40, ""restore_best_weights"": true, ""verbose"": 0}, ""cv"": {""k"": 5, ""seed"": 42, ""shuffle"": true}, ""data"": {""train_path"": ""data/MONK/MONK1/monks-1.train""}, ""model"": {""activation"": ""relu"", ""dropout"": 0.1, ""hidden_units"": [4, 4]}, ""optim"": {""lr"": 0.3, ""momentum"": 0.0, ""name"": ""sgd""}, ""regularizer"": {""l2"": 7e-07}, ""seed"": 42, ""split"": {""stratified"": true, ""val_size"": 0.2}, ""training"": {""batch_size"": 16, ""epochs"": 800, ""include_reg_in_val"": false, ""shuffle"": true}}"
347b097a1019,1,0.09085290988863512,0.0,0.09085290988863512,0.0,0.976,0.0,138.4,0.0,"{""callbacks"": {""early_stopping"": true, ""min_delta"": 0.0, ""mode"": ""auto"", ""monitor"": ""val_loss"", ""patience"": 40, ""restore_best_weights"": true, ""verbose"": 0}, ""cv"": {""k"": 5, ""seed"": 42, ""shuffle"": true}, ""data"": {""train_path"": ""data/MONK/MONK1/monks-1.train""}, ""model"": {""activation"": ""sigmoid"", ""dropout"": 0.03, ""hidden_units"": [8, 4]}, ""optim"": {""lr"": 0.3, ""momentum"": 0.0, ""name"": ""adam""}, ""regularizer"": {""l2"": 7e-07}, ""seed"": 42, ""split"": {""stratified"": true, ""val_size"": 0.2}, ""training"": {""batch_size"": 16, ""epochs"": 800, ""include_reg_in_val"": false, ""shuffle"": true}}"
221c960a21c8,1,0.0950595016912682,0.0,0.0950595016912682,0.0,0.967,0.0,107.4,0.0,"{""callbacks"": {""early_stopping"": true, ""min_delta"": 0.0, ""mode"": ""auto"", ""monitor"": ""val_loss"", ""patience"": 40, ""restore_best_weights"": true, ""verbose"": 0}, ""cv"": {""k"": 5, ""seed"": 42, ""shuffle"": true}, ""data"": {""train_path"": ""data/MONK/MONK1/monks-1.train""}, ""model"": {""activation"": ""sigmoid"", ""dropout"": 0.1, ""hidden_units"": [4, 4]}, ""optim"": {""lr"": 0.3, ""momentum"": 0.0, ""name"": ""adam""}, ""regularizer"": {""l2"": 1e-06}, ""seed"": 42, ""split"": {""stratified"": true, ""val_size"": 0.2}, ""training"": {""batch_size"": 16, ""epochs"": 800, ""include_reg_in_val"": false, ""shuffle"": true}}"
14b70d0ec02b,1,0.09527661944465776,0.0,0.09527661944465776,0.0,0.976,0.0,117.4,0.0,"{""callbacks"": {""early_stopping"": true, ""min_delta"": 0.0, ""mode"": ""auto"", ""monitor"": ""val_loss"", ""patience"": 40, ""restore_best_weights"": true, ""verbose"": 0}, ""cv"": {""k"": 5, ""seed"": 42, ""shuffle"": true}, ""data"": {""train_path"": ""data/MONK/MONK1/monks-1.train""}, ""model"": {""activation"": ""relu"", ""dropout"": 0.1, ""hidden_units"": [4, 4]}, ""optim"": {""lr"": 0.3, ""momentum"": 0.0, ""name"": ""sgd""}, ""regularizer"": {""l2"": 3e-07}, ""seed"": 42, ""split"": {""stratified"": true, ""val_size"": 0.2}, ""training"": {""batch_size"": 16, ""epochs"": 800, ""include_reg_in_val"": false, ""shuffle"": true}}"
4737d3e51dab,1,0.09529782606202328,0.0,0.09529782606202328,0.0,0.976,0.0,117.4,0.0,"{""callbacks"": {""early_stopping"": true, ""min_delta"": 0.0, ""mode"": ""auto"", ""monitor"": ""val_loss"", ""patience"": 40, ""restore_best_weights"": true, ""verbose"": 0}, ""cv"": {""k"": 5, ""seed"": 42, ""shuffle"": true}, ""data"": {""train_path"": ""data/MONK/MONK1/monks-1.train""}, ""model"": {""activation"": ""relu"", ""dropout"": 0.1, ""hidden_units"": [4, 4]}, ""optim"": {""lr"": 0.3, ""momentum"": 0.0, ""name"": ""sgd""}, ""regularizer"": {""l2"": 0.0}, ""seed"": 42, ""split"": {""stratified"": true, ""val_size"": 0.2}, ""training"": {""batch_size"": 16, ""epochs"": 800, ""include_reg_in_val"": false, ""shuffle"": true}}"
8d258cc20924,1,0.09571127669835389,0.0,0.09571127669835389,0.0,0.967,0.0,103.0,0.0,"{""callbacks"": {""early_stopping"": true, ""min_delta"": 0.0, ""mode"": ""auto"", ""monitor"": ""val_loss"", ""patience"": 40, ""restore_best_weights"": true, ""verbose"": 0}, ""cv"": {""k"": 5, ""seed"": 42, ""shuffle"": true}, ""data"": {""train_path"": ""data/MONK/MONK1/monks-1.train""}, ""model"": {""activation"": ""sigmoid"", ""dropout"": 0.03, ""hidden_units"": [8, 4]}, ""optim"": {""lr"": 0.3, ""momentum"": 0.0, ""name"": ""adam""}, ""regularizer"": {""l2"": 0.0}, ""seed"": 42, ""split"": {""stratified"": true, ""val_size"": 0.2}, ""training"": {""batch_size"": 16, ""epochs"": 800, ""include_reg_in_val"": false, ""shuffle"": true}}"
e5a693df4c24,1,0.11330297531497505,0.0,0.11330297531497505,0.0,0.944,0.0,500.4,0.0,"{""callbacks"": {""early_stopping"": true, ""min_delta"": 0.0, ""mode"": ""auto"", ""monitor"": ""val_loss"", ""patience"": 40, ""restore_best_weights"": true, ""verbose"": 0}, ""cv"": {""k"": 5, ""seed"": 42, ""shuffle"": true}, ""data"": {""train_path"": ""data/MONK/MONK1/monks-1.train""}, ""model"": {""activation"": ""relu"", ""dropout"": 0.0, ""hidden_units"": [4, 4]}, ""optim"": {""lr"": 0.3, ""momentum"": 0.0, ""name"": ""sgd""}, ""regularizer"": {""l2"": 0.0}, ""seed"": 42, ""split"": {""stratified"": true, ""val_size"": 0.2}, ""training"": {""batch_size"": 16, ""epochs"": 800, ""include_reg_in_val"": false, ""shuffle"": true}}"
f94992e7ead8,1,0.11337508207977372,0.0,0.11337508207977372,0.0,0.944,0.0,501.8,0.0,"{""callbacks"": {""early_stopping"": true, ""min_delta"": 0.0, ""mode"": ""auto"", ""monitor"": ""val_loss"", ""patience"": 40, ""restore_best_weights"": true, ""verbose"": 0}, ""cv"": {""k"": 5, ""seed"": 42, ""shuffle"": true}, ""data"": {""train_path"": ""data/MONK/MONK1/monks-1.train""}, ""model"": {""activation"": ""relu"", ""dropout"": 0.0, ""hidden_units"": [4, 4]}, ""optim"": {""lr"": 0.3, ""momentum"": 0.0, ""name"": ""sgd""}, ""regularizer"": {""l2"": 7e-07}, ""seed"": 42, ""split"": {""stratified"": true, ""val_size"": 0.2}, ""training"": {""batch_size"": 16, ""epochs"": 800, ""include_reg_in_val"": false, ""shuffle"": true}}"
65361254117f,1,0.11337634525128112,0.0,0.11337634525128112,0.0,0.944,0.0,500.4,0.0,"{""callbacks"": {""early_stopping"": true, ""min_delta"": 0.0, ""mode"": ""auto"", ""monitor"": ""val_loss"", ""patience"": 40, ""restore_best_weights"": true, ""verbose"": 0}, ""cv"": {""k"": 5, ""seed"": 42, ""shuffle"": true}, ""data"": {""train_path"": ""data/MONK/MONK1/monks-1.train""}, ""model"": {""activation"": ""relu"", ""dropout"": 0.0, ""hidden_units"": [4, 4]}, ""optim"": {""lr"": 0.3, ""momentum"": 0.0, ""name"": ""sgd""}, ""regularizer"": {""l2"": 1e-06}, ""seed"": 42, ""split"": {""stratified"": true, ""val_size"": 0.2}, ""training"": {""batch_size"": 16, ""epochs"": 800, ""include_reg_in_val"": false, ""shuffle"": true}}"
c83585f63b7b,1,0.11338957924370027,0.0,0.11338957924370027,0.0,0.944,0.0,500.4,0.0,"{""callbacks"": {""early_stopping"": true, ""min_delta"": 0.0, ""mode"": ""auto"", ""monitor"": ""val_loss"", ""patience"": 40, ""restore_best_weights"": true, ""verbose"": 0}, ""cv"": {""k"": 5, ""seed"": 42, ""shuffle"": true}, ""data"": {""train_path"": ""data/MONK/MONK1/monks-1.train""}, ""model"": {""activation"": ""relu"", ""dropout"": 0.0, ""hidden_units"": [4, 4]}, ""optim"": {""lr"": 0.3, ""momentum"": 0.0, ""name"": ""sgd""}, ""regularizer"": {""l2"": 3e-07}, ""seed"": 42, ""split"": {""stratified"": true, ""val_size"": 0.2}, ""training"": {""batch_size"": 16, ""epochs"": 800, ""include_reg_in_val"": false, ""shuffle"": true}}"
4dd67cfbc352,1,0.13002831595501024,0.0,0.13002831595501024,0.0,0.9516666666666665,0.0,244.4,0.0,"{""callbacks"": {""early_stopping"": true, ""min_delta"": 0.0, ""mode"": ""auto"", ""monitor"": ""val_loss"", ""patience"": 40, ""restore_best_weights"": true, ""verbose"": 0}, ""cv"": {""k"": 5, ""seed"": 42, ""shuffle"": true}, ""data"": {""train_path"": ""data/MONK/MONK1/monks-1.train""}, ""model"": {""activation"": ""sigmoid"", ""dropout"": 0.0, ""hidden_units"": [8, 4]}, ""optim"": {""lr"": 0.3, ""momentum"": 0.0, ""name"": ""adam""}, ""regularizer"": {""l2"": 7e-07}, ""seed"": 42, ""split"": {""stratified"": true, ""val_size"": 0.2}, ""training"": {""batch_size"": 16, ""epochs"": 800, ""include_reg_in_val"": false, ""shuffle"": true}}"
7ef9d5a5698a,1,0.13167176090364216,0.0,0.13167176090364216,0.0,0.96,0.0,158.6,0.0,"{""callbacks"": {""early_stopping"": true, ""min_delta"": 0.0, ""mode"": ""auto"", ""monitor"": ""val_loss"", ""patience"": 40, ""restore_best_weights"": true, ""verbose"": 0}, ""cv"": {""k"": 5, ""seed"": 42, ""shuffle"": true}, ""data"": {""train_path"": ""data/MONK/MONK1/monks-1.train""}, ""model"": {""activation"": ""relu"", ""dropout"": 0.07, ""hidden_units"": [4, 4]}, ""optim"": {""lr"": 0.3, ""momentum"": 0.0, ""name"": ""sgd""}, ""regularizer"": {""l2"": 1e-06}, ""seed"": 42, ""split"": {""stratified"": true, ""val_size"": 0.2}, ""training"": {""batch_size"": 16, ""epochs"": 800, ""include_reg_in_val"": false, ""shuffle"": true}}"
7ae108baaa53,1,0.13440315530580668,0.0,0.13440315530580668,0.0,0.96,0.0,115.0,0.0,"{""callbacks"": {""early_stopping"": true, ""min_delta"": 0.0, ""mode"": ""auto"", ""monitor"": ""val_loss"", ""patience"": 40, ""restore_best_weights"": true, ""verbose"": 0}, ""cv"": {""k"": 5, ""seed"": 42, ""shuffle"": true}, ""data"": {""train_path"": ""data/MONK/MONK1/monks-1.train""}, ""model"": {""activation"": ""relu"", ""dropout"": 0.07, ""hidden_units"": [4, 4]}, ""optim"": {""lr"": 0.3, ""momentum"": 0.0, ""name"": ""sgd""}, ""regularizer"": {""l2"": 3e-07}, ""seed"": 42, ""split"": {""stratified"": true, ""val_size"": 0.2}, ""training"": {""batch_size"": 16, ""epochs"": 800, ""include_reg_in_val"": false, ""shuffle"": true}}"
111418d29b49,1,0.13462068420367312,0.0,0.13462068420367312,0.0,0.96,0.0,115.0,0.0,"{""callbacks"": {""early_stopping"": true, ""min_delta"": 0.0, ""mode"": ""auto"", ""monitor"": ""val_loss"", ""patience"": 40, ""restore_best_weights"": true, ""verbose"": 0}, ""cv"": {""k"": 5, ""seed"": 42, ""shuffle"": true}, ""data"": {""train_path"": ""data/MONK/MONK1/monks-1.train""}, ""model"": {""activation"": ""relu"", ""dropout"": 0.07, ""hidden_units"": [4, 4]}, ""optim"": {""lr"": 0.3, ""momentum"": 0.0, ""name"": ""sgd""}, ""regularizer"": {""l2"": 7e-07}, ""seed"": 42, ""split"": {""stratified"": true, ""val_size"": 0.2}, ""training"": {""batch_size"": 16, ""epochs"": 800, ""include_reg_in_val"": false, ""shuffle"": true}}"
5d559801520c,1,0.1371825007027777,0.0,0.1371825007027777,0.0,0.96,0.0,124.4,0.0,"{""callbacks"": {""early_stopping"": true, ""min_delta"": 0.0, ""mode"": ""auto"", ""monitor"": ""val_loss"", ""patience"": 40, ""restore_best_weights"": true, ""verbose"": 0}, ""cv"": {""k"": 5, ""seed"": 42, ""shuffle"": true}, ""data"": {""train_path"": ""data/MONK/MONK1/monks-1.train""}, ""model"": {""activation"": ""relu"", ""dropout"": 0.03, ""hidden_units"": [4, 4]}, ""optim"": {""lr"": 0.3, ""momentum"": 0.0, ""name"": ""sgd""}, ""regularizer"": {""l2"": 0.0}, ""seed"": 42, ""split"": {""stratified"": true, ""val_size"": 0.2}, ""training"": {""batch_size"": 16, ""epochs"": 800, ""include_reg_in_val"": false, ""shuffle"": true}}"
8c2d26f1190d,1,0.13752864838187356,0.0,0.13752864838187356,0.0,0.951,0.0,83.2,0.0,"{""callbacks"": {""early_stopping"": true, ""min_delta"": 0.0, ""mode"": ""auto"", ""monitor"": ""val_loss"", ""patience"": 40, ""restore_best_weights"": true, ""verbose"": 0}, ""cv"": {""k"": 5, ""seed"": 42, ""shuffle"": true}, ""data"": {""train_path"": ""data/MONK/MONK1/monks-1.train""}, ""model"": {""activation"": ""sigmoid"", ""dropout"": 0.1, ""hidden_units"": [8, 4]}, ""optim"": {""lr"": 0.3, ""momentum"": 0.0, ""name"": ""adam""}, ""regularizer"": {""l2"": 1e-06}, ""seed"": 42, ""split"": {""stratified"": true, ""val_size"": 0.2}, ""training"": {""batch_size"": 16, ""epochs"": 800, ""include_reg_in_val"": false, ""shuffle"": true}}"
31d1f3ec946f,1,0.14444103209776468,0.0,0.14444103209776468,0.0,0.9359999999999999,0.0,96.0,0.0,"{""callbacks"": {""early_stopping"": true, ""min_delta"": 0.0, ""mode"": ""auto"", ""monitor"": ""val_loss"", ""patience"": 40, ""restore_best_weights"": true, ""verbose"": 0}, ""cv"": {""k"": 5, ""seed"": 42, ""shuffle"": true}, ""data"": {""train_path"": ""data/MONK/MONK1/monks-1.train""}, ""model"": {""activation"": ""relu"", ""dropout"": 0.07, ""hidden_units"": [4, 4]}, ""optim"": {""lr"": 0.3, ""momentum"": 0.0, ""name"": ""sgd""}, ""regularizer"": {""l2"": 0.0}, ""seed"": 42, ""split"": {""stratified"": true, ""val_size"": 0.2}, ""training"": {""batch_size"": 16, ""epochs"": 800, ""include_reg_in_val"": false, ""shuffle"": true}}"
880e8bf80492,1,0.1497230422729893,0.0,0.1497230422729893,0.0,0.9349999999999999,0.0,368.8,0.0,"{""callbacks"": {""early_stopping"": true, ""min_delta"": 0.0, ""mode"": ""auto"", ""monitor"": ""val_loss"", ""patience"": 40, ""restore_best_weights"": true, ""verbose"": 0}, ""cv"": {""k"": 5, ""seed"": 42, ""shuffle"": true}, ""data"": {""train_path"": ""data/MONK/MONK1/monks-1.train""}, ""model"": {""activation"": ""tanh"", ""dropout"": 0.0, ""hidden_units"": [4, 4]}, ""optim"": {""lr"": 0.3, ""momentum"": 0.0, ""name"": ""sgd""}, ""regularizer"": {""l2"": 1e-06}, ""seed"": 42, ""split"": {""stratified"": true, ""val_size"": 0.2}, ""training"": {""batch_size"": 16, ""epochs"": 800, ""include_reg_in_val"": false, ""shuffle"": true}}"
0f787c06825e,1,0.14972407562572215,0.0,0.14972407562572215,0.0,0.9349999999999999,0.0,368.8,0.0,"{""callbacks"": {""early_stopping"": true, ""min_delta"": 0.0, ""mode"": ""auto"", ""monitor"": ""val_loss"", ""patience"": 40, ""restore_best_weights"": true, ""verbose"": 0}, ""cv"": {""k"": 5, ""seed"": 42, ""shuffle"": true}, ""data"": {""train_path"": ""data/MONK/MONK1/monks-1.train""}, ""model"": {""activation"": ""tanh"", ""dropout"": 0.0, ""hidden_units"": [4, 4]}, ""optim"": {""lr"": 0.3, ""momentum"": 0.0, ""name"": ""sgd""}, ""regularizer"": {""l2"": 7e-07}, ""seed"": 42, ""split"": {""stratified"": true, ""val_size"": 0.2}, ""training"": {""batch_size"": 16, ""epochs"": 800, ""include_reg_in_val"": false, ""shuffle"": true}}"
e9fe2405a931,1,0.1497254563752198,0.0,0.1497254563752198,0.0,0.9349999999999999,0.0,368.8,0.0,"{""callbacks"": {""early_stopping"": true, ""min_delta"": 0.0, ""mode"": ""auto"", ""monitor"": ""val_loss"", ""patience"": 40, ""restore_best_weights"": true, ""verbose"": 0}, ""cv"": {""k"": 5, ""seed"": 42, ""shuffle"": true}, ""data"": {""train_path"": ""data/MONK/MONK1/monks-1.train""}, ""model"": {""activation"": ""tanh"", ""dropout"": 0.0, ""hidden_units"": [4, 4]}, ""optim"": {""lr"": 0.3, ""momentum"": 0.0, ""name"": ""sgd""}, ""regularizer"": {""l2"": 3e-07}, ""seed"": 42, ""split"": {""stratified"": true, ""val_size"": 0.2}, ""training"": {""batch_size"": 16, ""epochs"": 800, ""include_reg_in_val"": false, ""shuffle"": true}}"
c2b1524febec,1,0.1497264941499567,0.0,0.1497264941499567,0.0,0.9349999999999999,0.0,368.8,0.0,"{""callbacks"": {""early_stopping"": true, ""min_delta"": 0.0, ""mode"": ""auto"", ""monitor"": ""val_loss"", ""patience"": 40, ""restore_best_weights"": true, ""verbose"": 0}, ""cv"": {""k"": 5, ""seed"": 42, ""shuffle"": true}, ""data"": {""train_path"": ""data/MONK/MONK1/monks-1.train""}, ""model"": {""activation"": ""tanh"", ""dropout"": 0.0, ""hidden_units"": [4, 4]}, ""optim"": {""lr"": 0.3, ""momentum"": 0.0, ""name"": ""sgd""}, ""regularizer"": {""l2"": 0.0}, ""seed"": 42, ""split"": {""stratified"": true, ""val_size"": 0.2}, ""training"": {""batch_size"": 16, ""epochs"": 800, ""include_reg_in_val"": false, ""shuffle"": true}}"
4c48631fa417,1,0.15433469830510732,0.0,0.15433469830510732,0.0,0.944,0.0,100.2,0.0,"{""callbacks"": {""early_stopping"": true, ""min_delta"": 0.0, ""mode"": ""auto"", ""monitor"": ""val_loss"", ""patience"": 40, ""restore_best_weights"": true, ""verbose"": 0}, ""cv"": {""k"": 5, ""seed"": 42, ""shuffle"": true}, ""data"": {""train_path"": ""data/MONK/MONK1/monks-1.train""}, ""model"": {""activation"": ""relu"", ""dropout"": 0.03, ""hidden_units"": [4, 4]}, ""optim"": {""lr"": 0.3, ""momentum"": 0.0, ""name"": ""sgd""}, ""regularizer"": {""l2"": 3e-07}, ""seed"": 42, ""split"": {""stratified"": true, ""val_size"": 0.2}, ""training"": {""batch_size"": 16, ""epochs"": 800, ""include_reg_in_val"": false, ""shuffle"": true}}"
fd54c3b20353,1,0.15510015832333163,0.0,0.15510015832333163,0.0,0.9513333333333334,0.0,132.0,0.0,"{""callbacks"": {""early_stopping"": true, ""min_delta"": 0.0, ""mode"": ""auto"", ""monitor"": ""val_loss"", ""patience"": 40, ""restore_best_weights"": true, ""verbose"": 0}, ""cv"": {""k"": 5, ""seed"": 42, ""shuffle"": true}, ""data"": {""train_path"": ""data/MONK/MONK1/monks-1.train""}, ""model"": {""activation"": ""sigmoid"", ""dropout"": 0.0, ""hidden_units"": [8, 4]}, ""optim"": {""lr"": 0.3, ""momentum"": 0.0, ""name"": ""adam""}, ""regularizer"": {""l2"": 1e-06}, ""seed"": 42, ""split"": {""stratified"": true, ""val_size"": 0.2}, ""training"": {""batch_size"": 16, ""epochs"": 800, ""include_reg_in_val"": false, ""shuffle"": true}}"
126491aea010,1,0.1575451619677426,0.0,0.1575451619677426,0.0,0.951,0.0,68.0,0.0,"{""callbacks"": {""early_stopping"": true, ""min_delta"": 0.0, ""mode"": ""auto"", ""monitor"": ""val_loss"", ""patience"": 40, ""restore_best_weights"": true, ""verbose"": 0}, ""cv"": {""k"": 5, ""seed"": 42, ""shuffle"": true}, ""data"": {""train_path"": ""data/MONK/MONK1/monks-1.train""}, ""model"": {""activation"": ""sigmoid"", ""dropout"": 0.1, ""hidden_units"": [8, 4]}, ""optim"": {""lr"": 0.3, ""momentum"": 0.0, ""name"": ""adam""}, ""regularizer"": {""l2"": 3e-07}, ""seed"": 42, ""split"": {""stratified"": true, ""val_size"": 0.2}, ""training"": {""batch_size"": 16, ""epochs"": 800, ""include_reg_in_val"": false, ""shuffle"": true}}"
bb6620db8c4d,1,0.16097692788538112,0.0,0.16097692788538112,0.0,0.9346666666666665,0.0,96.2,0.0,"{""callbacks"": {""early_stopping"": true, ""min_delta"": 0.0, ""mode"": ""auto"", ""monitor"": ""val_loss"", ""patience"": 40, ""restore_best_weights"": true, ""verbose"": 0}, ""cv"": {""k"": 5, ""seed"": 42, ""shuffle"": true}, ""data"": {""train_path"": ""data/MONK/MONK1/monks-1.train""}, ""model"": {""activation"": ""sigmoid"", ""dropout"": 0.03, ""hidden_units"": [4, 4]}, ""optim"": {""lr"": 0.3, ""momentum"": 0.0, ""name"": ""adam""}, ""regularizer"": {""l2"": 3e-07}, ""seed"": 42, ""split"": {""stratified"": true, ""val_size"": 0.2}, ""training"": {""batch_size"": 16, ""epochs"": 800, ""include_reg_in_val"": false, ""shuffle"": true}}"
1bc14006fb24,1,0.16237022887498181,0.0,0.16237022887498181,0.0,0.944,0.0,104.2,0.0,"{""callbacks"": {""early_stopping"": true, ""min_delta"": 0.0, ""mode"": ""auto"", ""monitor"": ""val_loss"", ""patience"": 40, ""restore_best_weights"": true, ""verbose"": 0}, ""cv"": {""k"": 5, ""seed"": 42, ""shuffle"": true}, ""data"": {""train_path"": ""data/MONK/MONK1/monks-1.train""}, ""model"": {""activation"": ""sigmoid"", ""dropout"": 0.07, ""hidden_units"": [4, 4]}, ""optim"": {""lr"": 0.3, ""momentum"": 0.0, ""name"": ""adam""}, ""regularizer"": {""l2"": 7e-07}, ""seed"": 42, ""split"": {""stratified"": true, ""val_size"": 0.2}, ""training"": {""batch_size"": 16, ""epochs"": 800, ""include_reg_in_val"": false, ""shuffle"": true}}"
7ae482b38b43,1,0.1689481567085021,0.0,0.1689481567085021,0.0,0.9259999999999999,0.0,86.2,0.0,"{""callbacks"": {""early_stopping"": true, ""min_delta"": 0.0, ""mode"": ""auto"", ""monitor"": ""val_loss"", ""patience"": 40, ""restore_best_weights"": true, ""verbose"": 0}, ""cv"": {""k"": 5, ""seed"": 42, ""shuffle"": true}, ""data"": {""train_path"": ""data/MONK/MONK1/monks-1.train""}, ""model"": {""activation"": ""sigmoid"", ""dropout"": 0.0, ""hidden_units"": [4, 4]}, ""optim"": {""lr"": 0.3, ""momentum"": 0.0, ""name"": ""adam""}, ""regularizer"": {""l2"": 3e-07}, ""seed"": 42, ""split"": {""stratified"": true, ""val_size"": 0.2}, ""training"": {""batch_size"": 16, ""epochs"": 800, ""include_reg_in_val"": false, ""shuffle"": true}}"
04130f47d631,1,0.17118737064886078,0.0,0.17118737064886078,0.0,0.9513333333333334,0.0,52.2,0.0,"{""callbacks"": {""early_stopping"": true, ""min_delta"": 0.0, ""mode"": ""auto"", ""monitor"": ""val_loss"", ""patience"": 40, ""restore_best_weights"": true, ""verbose"": 0}, ""cv"": {""k"": 5, ""seed"": 42, ""shuffle"": true}, ""data"": {""train_path"": ""data/MONK/MONK1/monks-1.train""}, ""model"": {""activation"": ""sigmoid"", ""dropout"": 0.1, ""hidden_units"": [4, 4]}, ""optim"": {""lr"": 0.3, ""momentum"": 0.0, ""name"": ""adam""}, ""regularizer"": {""l2"": 0.0}, ""seed"": 42, ""split"": {""stratified"": true, ""val_size"": 0.2}, ""training"": {""batch_size"": 16, ""epochs"": 800, ""include_reg_in_val"": false, ""shuffle"": true}}"
bcb1d2392dd2,1,0.1738311423192041,0.0,0.1738311423192041,0.0,0.9349999999999999,0.0,67.8,0.0,"{""callbacks"": {""early_stopping"": true, ""min_delta"": 0.0, ""mode"": ""auto"", ""monitor"": ""val_loss"", ""patience"": 40, ""restore_best_weights"": true, ""verbose"": 0}, ""cv"": {""k"": 5, ""seed"": 42, ""shuffle"": true}, ""data"": {""train_path"": ""data/MONK/MONK1/monks-1.train""}, ""model"": {""activation"": ""sigmoid"", ""dropout"": 0.07, ""hidden_units"": [8, 4]}, ""optim"": {""lr"": 0.3, ""momentum"": 0.0, ""name"": ""adam""}, ""regularizer"": {""l2"": 3e-07}, ""seed"": 42, ""split"": {""stratified"": true, ""val_size"": 0.2}, ""training"": {""batch_size"": 16, ""epochs"": 800, ""include_reg_in_val"": false, ""shuffle"": true}}"
358721bbe3a1,1,0.17437881027789476,0.0,0.17437881027789476,0.0,0.9263333333333333,0.0,513.8,0.0,"{""callbacks"": {""early_stopping"": true, ""min_delta"": 0.0, ""mode"": ""auto"", ""monitor"": ""val_loss"", ""patience"": 40, ""restore_best_weights"": true, ""verbose"": 0}, ""cv"": {""k"": 5, ""seed"": 42, ""shuffle"": true}, ""data"": {""train_path"": ""data/MONK/MONK1/monks-1.train""}, ""model"": {""activation"": ""sigmoid"", ""dropout"": 0.0, ""hidden_units"": [8, 4]}, ""optim"": {""lr"": 0.3, ""momentum"": 0.0, ""name"": ""sgd""}, ""regularizer"": {""l2"": 0.0}, ""seed"": 42, ""split"": {""stratified"": true, ""val_size"": 0.2}, ""training"": {""batch_size"": 16, ""epochs"": 800, ""include_reg_in_val"": false, ""shuffle"": true}}"
28505a4f6e7e,1,0.1743826004181427,0.0,0.1743826004181427,0.0,0.9263333333333333,0.0,513.8,0.0,"{""callbacks"": {""early_stopping"": true, ""min_delta"": 0.0, ""mode"": ""auto"", ""monitor"": ""val_loss"", ""patience"": 40, ""restore_best_weights"": true, ""verbose"": 0}, ""cv"": {""k"": 5, ""seed"": 42, ""shuffle"": true}, ""data"": {""train_path"": ""data/MONK/MONK1/monks-1.train""}, ""model"": {""activation"": ""sigmoid"", ""dropout"": 0.0, ""hidden_units"": [8, 4]}, ""optim"": {""lr"": 0.3, ""momentum"": 0.0, ""name"": ""sgd""}, ""regularizer"": {""l2"": 3e-07}, ""seed"": 42, ""split"": {""stratified"": true, ""val_size"": 0.2}, ""training"": {""batch_size"": 16, ""epochs"": 800, ""include_reg_in_val"": false, ""shuffle"": true}}"
9f736ee6354b,1,0.17438765967005607,0.0,0.17438765967005607,0.0,0.9263333333333333,0.0,513.8,0.0,"{""callbacks"": {""early_stopping"": true, ""min_delta"": 0.0, ""mode"": ""auto"", ""monitor"": ""val_loss"", ""patience"": 40, ""restore_best_weights"": true, ""verbose"": 0}, ""cv"": {""k"": 5, ""seed"": 42, ""shuffle"": true}, ""data"": {""train_path"": ""data/MONK/MONK1/monks-1.train""}, ""model"": {""activation"": ""sigmoid"", ""dropout"": 0.0, ""hidden_units"": [8, 4]}, ""optim"": {""lr"": 0.3, ""momentum"": 0.0, ""name"": ""sgd""}, ""regularizer"": {""l2"": 7e-07}, ""seed"": 42, ""split"": {""stratified"": true, ""val_size"": 0.2}, ""training"": {""batch_size"": 16, ""epochs"": 800, ""include_reg_in_val"": false, ""shuffle"": true}}"
4eb1d162a8ad,1,0.17439145841108333,0.0,0.17439145841108333,0.0,0.9263333333333333,0.0,513.8,0.0,"{""callbacks"": {""early_stopping"": true, ""min_delta"": 0.0, ""mode"": ""auto"", ""monitor"": ""val_loss"", ""patience"": 40, ""restore_best_weights"": true, ""verbose"": 0}, ""cv"": {""k"": 5, ""seed"": 42, ""shuffle"": true}, ""data"": {""train_path"": ""data/MONK/MONK1/monks-1.train""}, ""model"": {""activation"": ""sigmoid"", ""dropout"": 0.0, ""hidden_units"": [8, 4]}, ""optim"": {""lr"": 0.3, ""momentum"": 0.0, ""name"": ""sgd""}, ""regularizer"": {""l2"": 1e-06}, ""seed"": 42, ""split"": {""stratified"": true, ""val_size"": 0.2}, ""training"": {""batch_size"": 16, ""epochs"": 800, ""include_reg_in_val"": false, ""shuffle"": true}}"
cf3ec947b135,1,0.18436714560231668,0.0,0.18436714560231668,0.0,0.9259999999999999,0.0,335.8,0.0,"{""callbacks"": {""early_stopping"": true, ""min_delta"": 0.0, ""mode"": ""auto"", ""monitor"": ""val_loss"", ""patience"": 40, ""restore_best_weights"": true, ""verbose"": 0}, ""cv"": {""k"": 5, ""seed"": 42, ""shuffle"": true}, ""data"": {""train_path"": ""data/MONK/MONK1/monks-1.train""}, ""model"": {""activation"": ""sigmoid"", ""dropout"": 0.0, ""hidden_units"": [4, 4]}, ""optim"": {""lr"": 0.3, ""momentum"": 0.0, ""name"": ""adam""}, ""regularizer"": {""l2"": 7e-07}, ""seed"": 42, ""split"": {""stratified"": true, ""val_size"": 0.2}, ""training"": {""batch_size"": 16, ""epochs"": 800, ""include_reg_in_val"": false, ""shuffle"": true}}"
6d23344eb987,1,0.18818165393803887,0.0,0.18818165393803887,0.0,0.884,0.0,98.4,0.0,"{""callbacks"": {""early_stopping"": true, ""min_delta"": 0.0, ""mode"": ""auto"", ""monitor"": ""val_loss"", ""patience"": 40, ""restore_best_weights"": true, ""verbose"": 0}, ""cv"": {""k"": 5, ""seed"": 42, ""shuffle"": true}, ""data"": {""train_path"": ""data/MONK/MONK1/monks-1.train""}, ""model"": {""activation"": ""sigmoid"", ""dropout"": 0.07, ""hidden_units"": [8, 4]}, ""optim"": {""lr"": 0.3, ""momentum"": 0.0, ""name"": ""adam""}, ""regularizer"": {""l2"": 7e-07}, ""seed"": 42, ""split"": {""stratified"": true, ""val_size"": 0.2}, ""training"": {""batch_size"": 16, ""epochs"": 800, ""include_reg_in_val"": false, ""shuffle"": true}}"
0caf8f85e7a9,1,0.19069656500796167,0.0,0.19069656500796167,0.0,0.9346666666666665,0.0,100.8,0.0,"{""callbacks"": {""early_stopping"": true, ""min_delta"": 0.0, ""mode"": ""auto"", ""monitor"": ""val_loss"", ""patience"": 40, ""restore_best_weights"": true, ""verbose"": 0}, ""cv"": {""k"": 5, ""seed"": 42, ""shuffle"": true}, ""data"": {""train_path"": ""data/MONK/MONK1/monks-1.train""}, ""model"": {""activation"": ""sigmoid"", ""dropout"": 0.03, ""hidden_units"": [4, 4]}, ""optim"": {""lr"": 0.3, ""momentum"": 0.0, ""name"": ""adam""}, ""regularizer"": {""l2"": 0.0}, ""seed"": 42, ""split"": {""stratified"": true, ""val_size"": 0.2}, ""training"": {""batch_size"": 16, ""epochs"": 800, ""include_reg_in_val"": false, ""shuffle"": true}}"
353acdbb875d,1,0.19324360013205943,0.0,0.19324360013205943,0.0,0.9179999999999999,0.0,220.4,0.0,"{""callbacks"": {""early_stopping"": true, ""min_delta"": 0.0, ""mode"": ""auto"", ""monitor"": ""val_loss"", ""patience"": 40, ""restore_best_weights"": true, ""verbose"": 0}, ""cv"": {""k"": 5, ""seed"": 42, ""shuffle"": true}, ""data"": {""train_path"": ""data/MONK/MONK1/monks-1.train""}, ""model"": {""activation"": ""sigmoid"", ""dropout"": 0.0, ""hidden_units"": [4, 4]}, ""optim"": {""lr"": 0.3, ""momentum"": 0.0, ""name"": ""adam""}, ""regularizer"": {""l2"": 0.0}, ""seed"": 42, ""split"": {""stratified"": true, ""val_size"": 0.2}, ""training"": {""batch_size"": 16, ""epochs"": 800, ""include_reg_in_val"": false, ""shuffle"": true}}"
b4a8a628d2c7,1,0.19476744089572645,0.0,0.19476744089572645,0.0,0.9269999999999999,0.0,68.8,0.0,"{""callbacks"": {""early_stopping"": true, ""min_delta"": 0.0, ""mode"": ""auto"", ""monitor"": ""val_loss"", ""patience"": 40, ""restore_best_weights"": true, ""verbose"": 0}, ""cv"": {""k"": 5, ""seed"": 42, ""shuffle"": true}, ""data"": {""train_path"": ""data/MONK/MONK1/monks-1.train""}, ""model"": {""activation"": ""sigmoid"", ""dropout"": 0.07, ""hidden_units"": [8, 4]}, ""optim"": {""lr"": 0.3, ""momentum"": 0.0, ""name"": ""adam""}, ""regularizer"": {""l2"": 1e-06}, ""seed"": 42, ""split"": {""stratified"": true, ""val_size"": 0.2}, ""training"": {""batch_size"": 16, ""epochs"": 800, ""include_reg_in_val"": false, ""shuffle"": true}}"
cd3e56fdef44,1,0.19919400913817017,0.0,0.19919400913817017,0.0,0.9179999999999999,0.0,112.4,0.0,"{""callbacks"": {""early_stopping"": true, ""min_delta"": 0.0, ""mode"": ""auto"", ""monitor"": ""val_loss"", ""patience"": 40, ""restore_best_weights"": true, ""verbose"": 0}, ""cv"": {""k"": 5, ""seed"": 42, ""shuffle"": true}, ""data"": {""train_path"": ""data/MONK/MONK1/monks-1.train""}, ""model"": {""activation"": ""sigmoid"", ""dropout"": 0.07, ""hidden_units"": [8, 4]}, ""optim"": {""lr"": 0.3, ""momentum"": 0.0, ""name"": ""adam""}, ""regularizer"": {""l2"": 0.0}, ""seed"": 42, ""split"": {""stratified"": true, ""val_size"": 0.2}, ""training"": {""batch_size"": 16, ""epochs"": 800, ""include_reg_in_val"": false, ""shuffle"": true}}"
a97a2096c000,1,0.2031466192455607,0.0,0.2031466192455607,0.0,0.9276666666666668,0.0,78.2,0.0,"{""callbacks"": {""early_stopping"": true, ""min_delta"": 0.0, ""mode"": ""auto"", ""monitor"": ""val_loss"", ""patience"": 40, ""restore_best_weights"": true, ""verbose"": 0}, ""cv"": {""k"": 5, ""seed"": 42, ""shuffle"": true}, ""data"": {""train_path"": ""data/MONK/MONK1/monks-1.train""}, ""model"": {""activation"": ""sigmoid"", ""dropout"": 0.1, ""hidden_units"": [4, 4]}, ""optim"": {""lr"": 0.3, ""momentum"": 0.0, ""name"": ""adam""}, ""regularizer"": {""l2"": 3e-07}, ""seed"": 42, ""split"": {""stratified"": true, ""val_size"": 0.2}, ""training"": {""batch_size"": 16, ""epochs"": 800, ""include_reg_in_val"": false, ""shuffle"": true}}"
1c61bb777499,1,0.20422143477573673,0.0,0.20422143477573673,0.0,0.9259999999999999,0.0,86.2,0.0,"{""callbacks"": {""early_stopping"": true, ""min_delta"": 0.0, ""mode"": ""auto"", ""monitor"": ""val_loss"", ""patience"": 40, ""restore_best_weights"": true, ""verbose"": 0}, ""cv"": {""k"": 5, ""seed"": 42, ""shuffle"": true}, ""data"": {""train_path"": ""data/MONK/MONK1/monks-1.train""}, ""model"": {""activation"": ""sigmoid"", ""dropout"": 0.03, ""hidden_units"": [4, 4]}, ""optim"": {""lr"": 0.3, ""momentum"": 0.0, ""name"": ""adam""}, ""regularizer"": {""l2"": 7e-07}, ""seed"": 42, ""split"": {""stratified"": true, ""val_size"": 0.2}, ""training"": {""batch_size"": 16, ""epochs"": 800, ""include_reg_in_val"": false, ""shuffle"": true}}"
2eda86295242,1,0.20571192622179293,0.0,0.20571192622179293,0.0,0.892,0.0,77.6,0.0,"{""callbacks"": {""early_stopping"": true, ""min_delta"": 0.0, ""mode"": ""auto"", ""monitor"": ""val_loss"", ""patience"": 40, ""restore_best_weights"": true, ""verbose"": 0}, ""cv"": {""k"": 5, ""seed"": 42, ""shuffle"": true}, ""data"": {""train_path"": ""data/MONK/MONK1/monks-1.train""}, ""model"": {""activation"": ""sigmoid"", ""dropout"": 0.03, ""hidden_units"": [8, 4]}, ""optim"": {""lr"": 0.3, ""momentum"": 0.0, ""name"": ""adam""}, ""regularizer"": {""l2"": 3e-07}, ""seed"": 42, ""split"": {""stratified"": true, ""val_size"": 0.2}, ""training"": {""batch_size"": 16, ""epochs"": 800, ""include_reg_in_val"": false, ""shuffle"": true}}"
6b87e340c7b8,1,0.20608789625905635,0.0,0.20608789625905635,0.0,0.9183333333333333,0.0,105.6,0.0,"{""callbacks"": {""early_stopping"": true, ""min_delta"": 0.0, ""mode"": ""auto"", ""monitor"": ""val_loss"", ""patience"": 40, ""restore_best_weights"": true, ""verbose"": 0}, ""cv"": {""k"": 5, ""seed"": 42, ""shuffle"": true}, ""data"": {""train_path"": ""data/MONK/MONK1/monks-1.train""}, ""model"": {""activation"": ""sigmoid"", ""dropout"": 0.07, ""hidden_units"": [4, 4]}, ""optim"": {""lr"": 0.3, ""momentum"": 0.0, ""name"": ""adam""}, ""regularizer"": {""l2"": 1e-06}, ""seed"": 42, ""split"": {""stratified"": true, ""val_size"": 0.2}, ""training"": {""batch_size"": 16, ""epochs"": 800, ""include_reg_in_val"": false, ""shuffle"": true}}"
0b7caf634efd,1,0.206127177880914,0.0,0.206127177880914,0.0,0.9190000000000002,0.0,63.8,0.0,"{""callbacks"": {""early_stopping"": true, ""min_delta"": 0.0, ""mode"": ""auto"", ""monitor"": ""val_loss"", ""patience"": 40, ""restore_best_weights"": true, ""verbose"": 0}, ""cv"": {""k"": 5, ""seed"": 42, ""shuffle"": true}, ""data"": {""train_path"": ""data/MONK/MONK1/monks-1.train""}, ""model"": {""activation"": ""sigmoid"", ""dropout"": 0.1, ""hidden_units"": [8, 4]}, ""optim"": {""lr"": 0.3, ""momentum"": 0.0, ""name"": ""adam""}, ""regularizer"": {""l2"": 7e-07}, ""seed"": 42, ""split"": {""stratified"": true, ""val_size"": 0.2}, ""training"": {""batch_size"": 16, ""epochs"": 800, ""include_reg_in_val"": false, ""shuffle"": true}}"
a9a74e1729a0,1,0.20936804869638662,0.0,0.20936804869638662,0.0,0.9269999999999999,0.0,98.6,0.0,"{""callbacks"": {""early_stopping"": true, ""min_delta"": 0.0, ""mode"": ""auto"", ""monitor"": ""val_loss"", ""patience"": 40, ""restore_best_weights"": true, ""verbose"": 0}, ""cv"": {""k"": 5, ""seed"": 42, ""shuffle"": true}, ""data"": {""train_path"": ""data/MONK/MONK1/monks-1.train""}, ""model"": {""activation"": ""sigmoid"", ""dropout"": 0.07, ""hidden_units"": [4, 4]}, ""optim"": {""lr"": 0.3, ""momentum"": 0.0, ""name"": ""adam""}, ""regularizer"": {""l2"": 3e-07}, ""seed"": 42, ""split"": {""stratified"": true, ""val_size"": 0.2}, ""training"": {""batch_size"": 16, ""epochs"": 800, ""include_reg_in_val"": false, ""shuffle"": true}}"
a2bccc03495f,1,0.21019832492000182,0.0,0.21019832492000182,0.0,0.892,0.0,234.0,0.0,"{""callbacks"": {""early_stopping"": true, ""min_delta"": 0.0, ""mode"": ""auto"", ""monitor"": ""val_loss"", ""patience"": 40, ""restore_best_weights"": true, ""verbose"": 0}, ""cv"": {""k"": 5, ""seed"": 42, ""shuffle"": true}, ""data"": {""train_path"": ""data/MONK/MONK1/monks-1.train""}, ""model"": {""activation"": ""sigmoid"", ""dropout"": 0.0, ""hidden_units"": [8, 4]}, ""optim"": {""lr"": 0.3, ""momentum"": 0.0, ""name"": ""adam""}, ""regularizer"": {""l2"": 3e-07}, ""seed"": 42, ""split"": {""stratified"": true, ""val_size"": 0.2}, ""training"": {""batch_size"": 16, ""epochs"": 800, ""include_reg_in_val"": false, ""shuffle"": true}}"
fb5ac1e55eea,1,0.21810983210012713,0.0,0.21810983210012713,0.0,0.9099999999999999,0.0,62.0,0.0,"{""callbacks"": {""early_stopping"": true, ""min_delta"": 0.0, ""mode"": ""auto"", ""monitor"": ""val_loss"", ""patience"": 40, ""restore_best_weights"": true, ""verbose"": 0}, ""cv"": {""k"": 5, ""seed"": 42, ""shuffle"": true}, ""data"": {""train_path"": ""data/MONK/MONK1/monks-1.train""}, ""model"": {""activation"": ""sigmoid"", ""dropout"": 0.03, ""hidden_units"": [8, 4]}, ""optim"": {""lr"": 0.3, ""momentum"": 0.0, ""name"": ""adam""}, ""regularizer"": {""l2"": 1e-06}, ""seed"": 42, ""split"": {""stratified"": true, ""val_size"": 0.2}, ""training"": {""batch_size"": 16, ""epochs"": 800, ""include_reg_in_val"": false, ""shuffle"": true}}"
213f508e83d9,1,0.2260470432278173,0.0,0.2260470432278173,0.0,0.9029999999999999,0.0,57.6,0.0,"{""callbacks"": {""early_stopping"": true, ""min_delta"": 0.0, ""mode"": ""auto"", ""monitor"": ""val_loss"", ""patience"": 40, ""restore_best_weights"": true, ""verbose"": 0}, ""cv"": {""k"": 5, ""seed"": 42, ""shuffle"": true}, ""data"": {""train_path"": ""data/MONK/MONK1/monks-1.train""}, ""model"": {""activation"": ""sigmoid"", ""dropout"": 0.03, ""hidden_units"": [4, 4]}, ""optim"": {""lr"": 0.3, ""momentum"": 0.0, ""name"": ""adam""}, ""regularizer"": {""l2"": 1e-06}, ""seed"": 42, ""split"": {""stratified"": true, ""val_size"": 0.2}, ""training"": {""batch_size"": 16, ""epochs"": 800, ""include_reg_in_val"": false, ""shuffle"": true}}"
ed6ec8beeab3,1,0.23827144818364418,0.0,0.23827144818364418,0.0,0.9106666666666665,0.0,102.6,0.0,"{""callbacks"": {""early_stopping"": true, ""min_delta"": 0.0, ""mode"": ""auto"", ""monitor"": ""val_loss"", ""patience"": 40, ""restore_best_weights"": true, ""verbose"": 0}, ""cv"": {""k"": 5, ""seed"": 42, ""shuffle"": true}, ""data"": {""train_path"": ""data/MONK/MONK1/monks-1.train""}, ""model"": {""activation"": ""sigmoid"", ""dropout"": 0.1, ""hidden_units"": [8, 4]}, ""optim"": {""lr"": 0.3, ""momentum"": 0.0, ""name"": ""adam""}, ""regularizer"": {""l2"": 0.0}, ""seed"": 42, ""split"": {""stratified"": true, ""val_size"": 0.2}, ""training"": {""batch_size"": 16, ""epochs"": 800, ""include_reg_in_val"": false, ""shuffle"": true}}"
2ed586a52a5d,1,0.2397644609676977,0.0,0.2397644609676977,0.0,0.844,0.0,212.0,0.0,"{""callbacks"": {""early_stopping"": true, ""min_delta"": 0.0, ""mode"": ""auto"", ""monitor"": ""val_loss"", ""patience"": 40, ""restore_best_weights"": true, ""verbose"": 0}, ""cv"": {""k"": 5, ""seed"": 42, ""shuffle"": true}, ""data"": {""train_path"": ""data/MONK/MONK1/monks-1.train""}, ""model"": {""activation"": ""sigmoid"", ""dropout"": 0.0, ""hidden_units"": [8, 4]}, ""optim"": {""lr"": 0.3, ""momentum"": 0.0, ""name"": ""adam""}, ""regularizer"": {""l2"": 0.0}, ""seed"": 42, ""split"": {""stratified"": true, ""val_size"": 0.2}, ""training"": {""batch_size"": 16, ""epochs"": 800, ""include_reg_in_val"": false, ""shuffle"": true}}"
c580869a1b9a,1,0.24409401382956855,0.0,0.24409401382956855,0.0,0.8879999999999999,0.0,83.4,0.0,"{""callbacks"": {""early_stopping"": true, ""min_delta"": 0.0, ""mode"": ""auto"", ""monitor"": ""val_loss"", ""patience"": 40, ""restore_best_weights"": true, ""verbose"": 0}, ""cv"": {""k"": 5, ""seed"": 42, ""shuffle"": true}, ""data"": {""train_path"": ""data/MONK/MONK1/monks-1.train""}, ""model"": {""activation"": ""tanh"", ""dropout"": 0.0, ""hidden_units"": [4, 4]}, ""optim"": {""lr"": 0.3, ""momentum"": 0.0, ""name"": ""adam""}, ""regularizer"": {""l2"": 3e-07}, ""seed"": 42, ""split"": {""stratified"": true, ""val_size"": 0.2}, ""training"": {""batch_size"": 16, ""epochs"": 800, ""include_reg_in_val"": false, ""shuffle"": true}}"
65ba31ccfba6,1,0.2738668932306153,0.0,0.2738668932306153,0.0,0.8699999999999999,0.0,120.2,0.0,"{""callbacks"": {""early_stopping"": true, ""min_delta"": 0.0, ""mode"": ""auto"", ""monitor"": ""val_loss"", ""patience"": 40, ""restore_best_weights"": true, ""verbose"": 0}, ""cv"": {""k"": 5, ""seed"": 42, ""shuffle"": true}, ""data"": {""train_path"": ""data/MONK/MONK1/monks-1.train""}, ""model"": {""activation"": ""sigmoid"", ""dropout"": 0.07, ""hidden_units"": [4, 4]}, ""optim"": {""lr"": 0.3, ""momentum"": 0.0, ""name"": ""adam""}, ""regularizer"": {""l2"": 0.0}, ""seed"": 42, ""split"": {""stratified"": true, ""val_size"": 0.2}, ""training"": {""batch_size"": 16, ""epochs"": 800, ""include_reg_in_val"": false, ""shuffle"": true}}"
ae3857475593,1,0.31112879931733695,0.0,0.31112879931733695,0.0,0.8140000000000001,0.0,46.0,0.0,"{""callbacks"": {""early_stopping"": true, ""min_delta"": 0.0, ""mode"": ""auto"", ""monitor"": ""val_loss"", ""patience"": 40, ""restore_best_weights"": true, ""verbose"": 0}, ""cv"": {""k"": 5, ""seed"": 42, ""shuffle"": true}, ""data"": {""train_path"": ""data/MONK/MONK1/monks-1.train""}, ""model"": {""activation"": ""tanh"", ""dropout"": 0.03, ""hidden_units"": [4, 4]}, ""optim"": {""lr"": 0.3, ""momentum"": 0.0, ""name"": ""adam""}, ""regularizer"": {""l2"": 7e-07}, ""seed"": 42, ""split"": {""stratified"": true, ""val_size"": 0.2}, ""training"": {""batch_size"": 16, ""epochs"": 800, ""include_reg_in_val"": false, ""shuffle"": true}}"
8d33d0ce92ea,1,0.3232563005427891,0.0,0.3232563005427891,0.0,0.8473333333333333,0.0,271.4,0.0,"{""callbacks"": {""early_stopping"": true, ""min_delta"": 0.0, ""mode"": ""auto"", ""monitor"": ""val_loss"", ""patience"": 40, ""restore_best_weights"": true, ""verbose"": 0}, ""cv"": {""k"": 5, ""seed"": 42, ""shuffle"": true}, ""data"": {""train_path"": ""data/MONK/MONK1/monks-1.train""}, ""model"": {""activation"": ""sigmoid"", ""dropout"": 0.03, ""hidden_units"": [8, 4]}, ""optim"": {""lr"": 0.3, ""momentum"": 0.0, ""name"": ""sgd""}, ""regularizer"": {""l2"": 0.0}, ""seed"": 42, ""split"": {""stratified"": true, ""val_size"": 0.2}, ""training"": {""batch_size"": 16, ""epochs"": 800, ""include_reg_in_val"": false, ""shuffle"": true}}"
f165c2a048fb,1,0.3232642752858544,0.0,0.3232642752858544,0.0,0.8473333333333333,0.0,271.4,0.0,"{""callbacks"": {""early_stopping"": true, ""min_delta"": 0.0, ""mode"": ""auto"", ""monitor"": ""val_loss"", ""patience"": 40, ""restore_best_weights"": true, ""verbose"": 0}, ""cv"": {""k"": 5, ""seed"": 42, ""shuffle"": true}, ""data"": {""train_path"": ""data/MONK/MONK1/monks-1.train""}, ""model"": {""activation"": ""sigmoid"", ""dropout"": 0.03, ""hidden_units"": [8, 4]}, ""optim"": {""lr"": 0.3, ""momentum"": 0.0, ""name"": ""sgd""}, ""regularizer"": {""l2"": 3e-07}, ""seed"": 42, ""split"": {""stratified"": true, ""val_size"": 0.2}, ""training"": {""batch_size"": 16, ""epochs"": 800, ""include_reg_in_val"": false, ""shuffle"": true}}"
f5512f524ce9,1,0.3232749252022288,0.0,0.3232749252022288,0.0,0.8473333333333333,0.0,271.4,0.0,"{""callbacks"": {""early_stopping"": true, ""min_delta"": 0.0, ""mode"": ""auto"", ""monitor"": ""val_loss"", ""patience"": 40, ""restore_best_weights"": true, ""verbose"": 0}, ""cv"": {""k"": 5, ""seed"": 42, ""shuffle"": true}, ""data"": {""train_path"": ""data/MONK/MONK1/monks-1.train""}, ""model"": {""activation"": ""sigmoid"", ""dropout"": 0.03, ""hidden_units"": [8, 4]}, ""optim"": {""lr"": 0.3, ""momentum"": 0.0, ""name"": ""sgd""}, ""regularizer"": {""l2"": 7e-07}, ""seed"": 42, ""split"": {""stratified"": true, ""val_size"": 0.2}, ""training"": {""batch_size"": 16, ""epochs"": 800, ""include_reg_in_val"": false, ""shuffle"": true}}"
68f3f72228e8,1,0.32328292534331465,0.0,0.32328292534331465,0.0,0.8473333333333333,0.0,271.4,0.0,"{""callbacks"": {""early_stopping"": true, ""min_delta"": 0.0, ""mode"": ""auto"", ""monitor"": ""val_loss"", ""patience"": 40, ""restore_best_weights"": true, ""verbose"": 0}, ""cv"": {""k"": 5, ""seed"": 42, ""shuffle"": true}, ""data"": {""train_path"": ""data/MONK/MONK1/monks-1.train""}, ""model"": {""activation"": ""sigmoid"", ""dropout"": 0.03, ""hidden_units"": [8, 4]}, ""optim"": {""lr"": 0.3, ""momentum"": 0.0, ""name"": ""sgd""}, ""regularizer"": {""l2"": 1e-06}, ""seed"": 42, ""split"": {""stratified"": true, ""val_size"": 0.2}, ""training"": {""batch_size"": 16, ""epochs"": 800, ""include_reg_in_val"": false, ""shuffle"": true}}"
bb891c599d3d,1,0.333663366304238,0.0,0.333663366304238,0.0,0.8710000000000001,0.0,65.0,0.0,"{""callbacks"": {""early_stopping"": true, ""min_delta"": 0.0, ""mode"": ""auto"", ""monitor"": ""val_loss"", ""patience"": 40, ""restore_best_weights"": true, ""verbose"": 0}, ""cv"": {""k"": 5, ""seed"": 42, ""shuffle"": true}, ""data"": {""train_path"": ""data/MONK/MONK1/monks-1.train""}, ""model"": {""activation"": ""tanh"", ""dropout"": 0.1, ""hidden_units"": [4, 4]}, ""optim"": {""lr"": 0.3, ""momentum"": 0.0, ""name"": ""adam""}, ""regularizer"": {""l2"": 7e-07}, ""seed"": 42, ""split"": {""stratified"": true, ""val_size"": 0.2}, ""training"": {""batch_size"": 16, ""epochs"": 800, ""include_reg_in_val"": false, ""shuffle"": true}}"
58daa6981e7a,1,0.3419857144758875,0.0,0.3419857144758875,0.0,0.8710000000000001,0.0,35.0,0.0,"{""callbacks"": {""early_stopping"": true, ""min_delta"": 0.0, ""mode"": ""auto"", ""monitor"": ""val_loss"", ""patience"": 40, ""restore_best_weights"": true, ""verbose"": 0}, ""cv"": {""k"": 5, ""seed"": 42, ""shuffle"": true}, ""data"": {""train_path"": ""data/MONK/MONK1/monks-1.train""}, ""model"": {""activation"": ""tanh"", ""dropout"": 0.0, ""hidden_units"": [4, 4]}, ""optim"": {""lr"": 0.3, ""momentum"": 0.0, ""name"": ""adam""}, ""regularizer"": {""l2"": 7e-07}, ""seed"": 42, ""split"": {""stratified"": true, ""val_size"": 0.2}, ""training"": {""batch_size"": 16, ""epochs"": 800, ""include_reg_in_val"": false, ""shuffle"": true}}"
a401c1baf8a4,1,0.3480516749802327,0.0,0.3480516749802327,0.0,0.8463333333333335,0.0,46.2,0.0,"{""callbacks"": {""early_stopping"": true, ""min_delta"": 0.0, ""mode"": ""auto"", ""monitor"": ""val_loss"", ""patience"": 40, ""restore_best_weights"": true, ""verbose"": 0}, ""cv"": {""k"": 5, ""seed"": 42, ""shuffle"": true}, ""data"": {""train_path"": ""data/MONK/MONK1/monks-1.train""}, ""model"": {""activation"": ""tanh"", ""dropout"": 0.0, ""hidden_units"": [4, 4]}, ""optim"": {""lr"": 0.3, ""momentum"": 0.0, ""name"": ""adam""}, ""regularizer"": {""l2"": 1e-06}, ""seed"": 42, ""split"": {""stratified"": true, ""val_size"": 0.2}, ""training"": {""batch_size"": 16, ""epochs"": 800, ""include_reg_in_val"": false, ""shuffle"": true}}"
8a263d721896,1,0.35481304145198733,0.0,0.35481304145198733,0.0,0.8469999999999999,0.0,48.4,0.0,"{""callbacks"": {""early_stopping"": true, ""min_delta"": 0.0, ""mode"": ""auto"", ""monitor"": ""val_loss"", ""patience"": 40, ""restore_best_weights"": true, ""verbose"": 0}, ""cv"": {""k"": 5, ""seed"": 42, ""shuffle"": true}, ""data"": {""train_path"": ""data/MONK/MONK1/monks-1.train""}, ""model"": {""activation"": ""tanh"", ""dropout"": 0.03, ""hidden_units"": [4, 4]}, ""optim"": {""lr"": 0.3, ""momentum"": 0.0, ""name"": ""adam""}, ""regularizer"": {""l2"": 1e-06}, ""seed"": 42, ""split"": {""stratified"": true, ""val_size"": 0.2}, ""training"": {""batch_size"": 16, ""epochs"": 800, ""include_reg_in_val"": false, ""shuffle"": true}}"
9b914507125b,1,0.357577506927564,0.0,0.357577506927564,0.0,0.8629999999999999,0.0,35.8,0.0,"{""callbacks"": {""early_stopping"": true, ""min_delta"": 0.0, ""mode"": ""auto"", ""monitor"": ""val_loss"", ""patience"": 40, ""restore_best_weights"": true, ""verbose"": 0}, ""cv"": {""k"": 5, ""seed"": 42, ""shuffle"": true}, ""data"": {""train_path"": ""data/MONK/MONK1/monks-1.train""}, ""model"": {""activation"": ""tanh"", ""dropout"": 0.1, ""hidden_units"": [8, 4]}, ""optim"": {""lr"": 0.3, ""momentum"": 0.0, ""name"": ""adam""}, ""regularizer"": {""l2"": 1e-06}, ""seed"": 42, ""split"": {""stratified"": true, ""val_size"": 0.2}, ""training"": {""batch_size"": 16, ""epochs"": 800, ""include_reg_in_val"": false, ""shuffle"": true}}"
c9a5f4d6b91b,1,0.3650830870206664,0.0,0.3650830870206664,0.0,0.8390000000000001,0.0,320.8,0.0,"{""callbacks"": {""early_stopping"": true, ""min_delta"": 0.0, ""mode"": ""auto"", ""monitor"": ""val_loss"", ""patience"": 40, ""restore_best_weights"": true, ""verbose"": 0}, ""cv"": {""k"": 5, ""seed"": 42, ""shuffle"": true}, ""data"": {""train_path"": ""data/MONK/MONK1/monks-1.train""}, ""model"": {""activation"": ""sigmoid"", ""dropout"": 0.1, ""hidden_units"": [8, 4]}, ""optim"": {""lr"": 0.3, ""momentum"": 0.0, ""name"": ""sgd""}, ""regularizer"": {""l2"": 0.0}, ""seed"": 42, ""split"": {""stratified"": true, ""val_size"": 0.2}, ""training"": {""batch_size"": 16, ""epochs"": 800, ""include_reg_in_val"": false, ""shuffle"": true}}"
19c627b46788,1,0.36508882770115925,0.0,0.36508882770115925,0.0,0.8390000000000001,0.0,320.8,0.0,"{""callbacks"": {""early_stopping"": true, ""min_delta"": 0.0, ""mode"": ""auto"", ""monitor"": ""val_loss"", ""patience"": 40, ""restore_best_weights"": true, ""verbose"": 0}, ""cv"": {""k"": 5, ""seed"": 42, ""shuffle"": true}, ""data"": {""train_path"": ""data/MONK/MONK1/monks-1.train""}, ""model"": {""activation"": ""sigmoid"", ""dropout"": 0.1, ""hidden_units"": [8, 4]}, ""optim"": {""lr"": 0.3, ""momentum"": 0.0, ""name"": ""sgd""}, ""regularizer"": {""l2"": 3e-07}, ""seed"": 42, ""split"": {""stratified"": true, ""val_size"": 0.2}, ""training"": {""batch_size"": 16, ""epochs"": 800, ""include_reg_in_val"": false, ""shuffle"": true}}"
af05b3a5b061,1,0.3650964906448911,0.0,0.3650964906448911,0.0,0.8390000000000001,0.0,320.8,0.0,"{""callbacks"": {""early_stopping"": true, ""min_delta"": 0.0, ""mode"": ""auto"", ""monitor"": ""val_loss"", ""patience"": 40, ""restore_best_weights"": true, ""verbose"": 0}, ""cv"": {""k"": 5, ""seed"": 42, ""shuffle"": true}, ""data"": {""train_path"": ""data/MONK/MONK1/monks-1.train""}, ""model"": {""activation"": ""sigmoid"", ""dropout"": 0.1, ""hidden_units"": [8, 4]}, ""optim"": {""lr"": 0.3, ""momentum"": 0.0, ""name"": ""sgd""}, ""regularizer"": {""l2"": 7e-07}, ""seed"": 42, ""split"": {""stratified"": true, ""val_size"": 0.2}, ""training"": {""batch_size"": 16, ""epochs"": 800, ""include_reg_in_val"": false, ""shuffle"": true}}"
e0b9d2f3be73,1,0.3651022443778042,0.0,0.3651022443778042,0.0,0.8390000000000001,0.0,320.8,0.0,"{""callbacks"": {""early_stopping"": true, ""min_delta"": 0.0, ""mode"": ""auto"", ""monitor"": ""val_loss"", ""patience"": 40, ""restore_best_weights"": true, ""verbose"": 0}, ""cv"": {""k"": 5, ""seed"": 42, ""shuffle"": true}, ""data"": {""train_path"": ""data/MONK/MONK1/monks-1.train""}, ""model"": {""activation"": ""sigmoid"", ""dropout"": 0.1, ""hidden_units"": [8, 4]}, ""optim"": {""lr"": 0.3, ""momentum"": 0.0, ""name"": ""sgd""}, ""regularizer"": {""l2"": 1e-06}, ""seed"": 42, ""split"": {""stratified"": true, ""val_size"": 0.2}, ""training"": {""batch_size"": 16, ""epochs"": 800, ""include_reg_in_val"": false, ""shuffle"": true}}"
06d12ab41d8e,1,0.3674199320437564,0.0,0.3674199320437564,0.0,0.8546666666666667,0.0,61.4,0.0,"{""callbacks"": {""early_stopping"": true, ""min_delta"": 0.0, ""mode"": ""auto"", ""monitor"": ""val_loss"", ""patience"": 40, ""restore_best_weights"": true, ""verbose"": 0}, ""cv"": {""k"": 5, ""seed"": 42, ""shuffle"": true}, ""data"": {""train_path"": ""data/MONK/MONK1/monks-1.train""}, ""model"": {""activation"": ""tanh"", ""dropout"": 0.1, ""hidden_units"": [4, 4]}, ""optim"": {""lr"": 0.3, ""momentum"": 0.0, ""name"": ""adam""}, ""regularizer"": {""l2"": 0.0}, ""seed"": 42, ""split"": {""stratified"": true, ""val_size"": 0.2}, ""training"": {""batch_size"": 16, ""epochs"": 800, ""include_reg_in_val"": false, ""shuffle"": true}}"
e451b1b2cfc3,1,0.39364548490403994,0.0,0.39364548490403994,0.0,0.7906666666666667,0.0,56.4,0.0,"{""callbacks"": {""early_stopping"": true, ""min_delta"": 0.0, ""mode"": ""auto"", ""monitor"": ""val_loss"", ""patience"": 40, ""restore_best_weights"": true, ""verbose"": 0}, ""cv"": {""k"": 5, ""seed"": 42, ""shuffle"": true}, ""data"": {""train_path"": ""data/MONK/MONK1/monks-1.train""}, ""model"": {""activation"": ""tanh"", ""dropout"": 0.0, ""hidden_units"": [8, 4]}, ""optim"": {""lr"": 0.3, ""momentum"": 0.0, ""name"": ""adam""}, ""regularizer"": {""l2"": 7e-07}, ""seed"": 42, ""split"": {""stratified"": true, ""val_size"": 0.2}, ""training"": {""batch_size"": 16, ""epochs"": 800, ""include_reg_in_val"": false, ""shuffle"": true}}"
1c379f1ad88b,1,0.40533554922111953,0.0,0.40533554922111953,0.0,0.8143333333333335,0.0,205.4,0.0,"{""callbacks"": {""early_stopping"": true, ""min_delta"": 0.0, ""mode"": ""auto"", ""monitor"": ""val_loss"", ""patience"": 40, ""restore_best_weights"": true, ""verbose"": 0}, ""cv"": {""k"": 5, ""seed"": 42, ""shuffle"": true}, ""data"": {""train_path"": ""data/MONK/MONK1/monks-1.train""}, ""model"": {""activation"": ""sigmoid"", ""dropout"": 0.07, ""hidden_units"": [8, 4]}, ""optim"": {""lr"": 0.3, ""momentum"": 0.0, ""name"": ""sgd""}, ""regularizer"": {""l2"": 0.0}, ""seed"": 42, ""split"": {""stratified"": true, ""val_size"": 0.2}, ""training"": {""batch_size"": 16, ""epochs"": 800, ""include_reg_in_val"": false, ""shuffle"": true}}"
432f101ff72b,1,0.40534020717252284,0.0,0.40534020717252284,0.0,0.8143333333333335,0.0,205.4,0.0,"{""callbacks"": {""early_stopping"": true, ""min_delta"": 0.0, ""mode"": ""auto"", ""monitor"": ""val_loss"", ""patience"": 40, ""restore_best_weights"": true, ""verbose"": 0}, ""cv"": {""k"": 5, ""seed"": 42, ""shuffle"": true}, ""data"": {""train_path"": ""data/MONK/MONK1/monks-1.train""}, ""model"": {""activation"": ""sigmoid"", ""dropout"": 0.07, ""hidden_units"": [8, 4]}, ""optim"": {""lr"": 0.3, ""momentum"": 0.0, ""name"": ""sgd""}, ""regularizer"": {""l2"": 3e-07}, ""seed"": 42, ""split"": {""stratified"": true, ""val_size"": 0.2}, ""training"": {""batch_size"": 16, ""epochs"": 800, ""include_reg_in_val"": false, ""shuffle"": true}}"
6e4ab9fdb640,1,0.4053464224350153,0.0,0.4053464224350153,0.0,0.8143333333333335,0.0,205.4,0.0,"{""callbacks"": {""early_stopping"": true, ""min_delta"": 0.0, ""mode"": ""auto"", ""monitor"": ""val_loss"", ""patience"": 40, ""restore_best_weights"": true, ""verbose"": 0}, ""cv"": {""k"": 5, ""seed"": 42, ""shuffle"": true}, ""data"": {""train_path"": ""data/MONK/MONK1/monks-1.train""}, ""model"": {""activation"": ""sigmoid"", ""dropout"": 0.07, ""hidden_units"": [8, 4]}, ""optim"": {""lr"": 0.3, ""momentum"": 0.0, ""name"": ""sgd""}, ""regularizer"": {""l2"": 7e-07}, ""seed"": 42, ""split"": {""stratified"": true, ""val_size"": 0.2}, ""training"": {""batch_size"": 16, ""epochs"": 800, ""include_reg_in_val"": false, ""shuffle"": true}}"
3c58636e8990,1,0.40535108737591985,0.0,0.40535108737591985,0.0,0.8143333333333335,0.0,205.4,0.0,"{""callbacks"": {""early_stopping"": true, ""min_delta"": 0.0, ""mode"": ""auto"", ""monitor"": ""val_loss"", ""patience"": 40, ""restore_best_weights"": true, ""verbose"": 0}, ""cv"": {""k"": 5, ""seed"": 42, ""shuffle"": true}, ""data"": {""train_path"": ""data/MONK/MONK1/monks-1.train""}, ""model"": {""activation"": ""sigmoid"", ""dropout"": 0.07, ""hidden_units"": [8, 4]}, ""optim"": {""lr"": 0.3, ""momentum"": 0.0, ""name"": ""sgd""}, ""regularizer"": {""l2"": 1e-06}, ""seed"": 42, ""split"": {""stratified"": true, ""val_size"": 0.2}, ""training"": {""batch_size"": 16, ""epochs"": 800, ""include_reg_in_val"": false, ""shuffle"": true}}"
a8e05e7b89a5,1,0.4056409625961689,0.0,0.4056409625961689,0.0,0.8309999999999998,0.0,36.6,0.0,"{""callbacks"": {""early_stopping"": true, ""min_delta"": 0.0, ""mode"": ""auto"", ""monitor"": ""val_loss"", ""patience"": 40, ""restore_best_weights"": true, ""verbose"": 0}, ""cv"": {""k"": 5, ""seed"": 42, ""shuffle"": true}, ""data"": {""train_path"": ""data/MONK/MONK1/monks-1.train""}, ""model"": {""activation"": ""tanh"", ""dropout"": 0.1, ""hidden_units"": [8, 4]}, ""optim"": {""lr"": 0.3, ""momentum"": 0.0, ""name"": ""adam""}, ""regularizer"": {""l2"": 3e-07}, ""seed"": 42, ""split"": {""stratified"": true, ""val_size"": 0.2}, ""training"": {""batch_size"": 16, ""epochs"": 800, ""include_reg_in_val"": false, ""shuffle"": true}}"
eaf4c62c67e1,1,0.40676102172420625,0.0,0.40676102172420625,0.0,0.8146666666666667,0.0,45.8,0.0,"{""callbacks"": {""early_stopping"": true, ""min_delta"": 0.0, ""mode"": ""auto"", ""monitor"": ""val_loss"", ""patience"": 40, ""restore_best_weights"": true, ""verbose"": 0}, ""cv"": {""k"": 5, ""seed"": 42, ""shuffle"": true}, ""data"": {""train_path"": ""data/MONK/MONK1/monks-1.train""}, ""model"": {""activation"": ""tanh"", ""dropout"": 0.1, ""hidden_units"": [8, 4]}, ""optim"": {""lr"": 0.3, ""momentum"": 0.0, ""name"": ""adam""}, ""regularizer"": {""l2"": 0.0}, ""seed"": 42, ""split"": {""stratified"": true, ""val_size"": 0.2}, ""training"": {""batch_size"": 16, ""epochs"": 800, ""include_reg_in_val"": false, ""shuffle"": true}}"
bc107c22edef,1,0.41166836189438094,0.0,0.41166836189438094,0.0,0.792,0.0,254.6,0.0,"{""callbacks"": {""early_stopping"": true, ""min_delta"": 0.0, ""mode"": ""auto"", ""monitor"": ""val_loss"", ""patience"": 40, ""restore_best_weights"": true, ""verbose"": 0}, ""cv"": {""k"": 5, ""seed"": 42, ""shuffle"": true}, ""data"": {""train_path"": ""data/MONK/MONK1/monks-1.train""}, ""model"": {""activation"": ""sigmoid"", ""dropout"": 0.0, ""hidden_units"": [4, 4]}, ""optim"": {""lr"": 0.3, ""momentum"": 0.0, ""name"": ""sgd""}, ""regularizer"": {""l2"": 0.0}, ""seed"": 42, ""split"": {""stratified"": true, ""val_size"": 0.2}, ""training"": {""batch_size"": 16, ""epochs"": 800, ""include_reg_in_val"": false, ""shuffle"": true}}"
c51edbeea7d4,1,0.4116688173377798,0.0,0.4116688173377798,0.0,0.792,0.0,254.6,0.0,"{""callbacks"": {""early_stopping"": true, ""min_delta"": 0.0, ""mode"": ""auto"", ""monitor"": ""val_loss"", ""patience"": 40, ""restore_best_weights"": true, ""verbose"": 0}, ""cv"": {""k"": 5, ""seed"": 42, ""shuffle"": true}, ""data"": {""train_path"": ""data/MONK/MONK1/monks-1.train""}, ""model"": {""activation"": ""sigmoid"", ""dropout"": 0.0, ""hidden_units"": [4, 4]}, ""optim"": {""lr"": 0.3, ""momentum"": 0.0, ""name"": ""sgd""}, ""regularizer"": {""l2"": 3e-07}, ""seed"": 42, ""split"": {""stratified"": true, ""val_size"": 0.2}, ""training"": {""batch_size"": 16, ""epochs"": 800, ""include_reg_in_val"": false, ""shuffle"": true}}"
74dad887fbfe,1,0.4116694312321997,0.0,0.4116694312321997,0.0,0.792,0.0,254.6,0.0,"{""callbacks"": {""early_stopping"": true, ""min_delta"": 0.0, ""mode"": ""auto"", ""monitor"": ""val_loss"", ""patience"": 40, ""restore_best_weights"": true, ""verbose"": 0}, ""cv"": {""k"": 5, ""seed"": 42, ""shuffle"": true}, ""data"": {""train_path"": ""data/MONK/MONK1/monks-1.train""}, ""model"": {""activation"": ""sigmoid"", ""dropout"": 0.0, ""hidden_units"": [4, 4]}, ""optim"": {""lr"": 0.3, ""momentum"": 0.0, ""name"": ""sgd""}, ""regularizer"": {""l2"": 7e-07}, ""seed"": 42, ""split"": {""stratified"": true, ""val_size"": 0.2}, ""training"": {""batch_size"": 16, ""epochs"": 800, ""include_reg_in_val"": false, ""shuffle"": true}}"
859774d635fd,1,0.4116698966319302,0.0,0.4116698966319302,0.0,0.792,0.0,254.6,0.0,"{""callbacks"": {""early_stopping"": true, ""min_delta"": 0.0, ""mode"": ""auto"", ""monitor"": ""val_loss"", ""patience"": 40, ""restore_best_weights"": true, ""verbose"": 0}, ""cv"": {""k"": 5, ""seed"": 42, ""shuffle"": true}, ""data"": {""train_path"": ""data/MONK/MONK1/monks-1.train""}, ""model"": {""activation"": ""sigmoid"", ""dropout"": 0.0, ""hidden_units"": [4, 4]}, ""optim"": {""lr"": 0.3, ""momentum"": 0.0, ""name"": ""sgd""}, ""regularizer"": {""l2"": 1e-06}, ""seed"": 42, ""split"": {""stratified"": true, ""val_size"": 0.2}, ""training"": {""batch_size"": 16, ""epochs"": 800, ""include_reg_in_val"": false, ""shuffle"": true}}"
906150146b18,1,0.4129111766446112,0.0,0.4129111766446112,0.0,0.8300000000000001,0.0,46.0,0.0,"{""callbacks"": {""early_stopping"": true, ""min_delta"": 0.0, ""mode"": ""auto"", ""monitor"": ""val_loss"", ""patience"": 40, ""restore_best_weights"": true, ""verbose"": 0}, ""cv"": {""k"": 5, ""seed"": 42, ""shuffle"": true}, ""data"": {""train_path"": ""data/MONK/MONK1/monks-1.train""}, ""model"": {""activation"": ""tanh"", ""dropout"": 0.1, ""hidden_units"": [4, 4]}, ""optim"": {""lr"": 0.3, ""momentum"": 0.0, ""name"": ""adam""}, ""regularizer"": {""l2"": 3e-07}, ""seed"": 42, ""split"": {""stratified"": true, ""val_size"": 0.2}, ""training"": {""batch_size"": 16, ""epochs"": 800, ""include_reg_in_val"": false, ""shuffle"": true}}"
a18a667581d7,1,0.4166857648982221,0.0,0.4166857648982221,0.0,0.7826666666666667,0.0,33.0,0.0,"{""callbacks"": {""early_stopping"": true, ""min_delta"": 0.0, ""mode"": ""auto"", ""monitor"": ""val_loss"", ""patience"": 40, ""restore_best_weights"": true, ""verbose"": 0}, ""cv"": {""k"": 5, ""seed"": 42, ""shuffle"": true}, ""data"": {""train_path"": ""data/MONK/MONK1/monks-1.train""}, ""model"": {""activation"": ""tanh"", ""dropout"": 0.0, ""hidden_units"": [8, 4]}, ""optim"": {""lr"": 0.3, ""momentum"": 0.0, ""name"": ""adam""}, ""regularizer"": {""l2"": 1e-06}, ""seed"": 42, ""split"": {""stratified"": true, ""val_size"": 0.2}, ""training"": {""batch_size"": 16, ""epochs"": 800, ""include_reg_in_val"": false, ""shuffle"": true}}"
a03fdc8d4c58,1,0.41672989540459177,0.0,0.41672989540459177,0.0,0.783,0.0,77.6,0.0,"{""callbacks"": {""early_stopping"": true, ""min_delta"": 0.0, ""mode"": ""auto"", ""monitor"": ""val_loss"", ""patience"": 40, ""restore_best_weights"": true, ""verbose"": 0}, ""cv"": {""k"": 5, ""seed"": 42, ""shuffle"": true}, ""data"": {""train_path"": ""data/MONK/MONK1/monks-1.train""}, ""model"": {""activation"": ""tanh"", ""dropout"": 0.07, ""hidden_units"": [8, 4]}, ""optim"": {""lr"": 0.3, ""momentum"": 0.0, ""name"": ""adam""}, ""regularizer"": {""l2"": 7e-07}, ""seed"": 42, ""split"": {""stratified"": true, ""val_size"": 0.2}, ""training"": {""batch_size"": 16, ""epochs"": 800, ""include_reg_in_val"": false, ""shuffle"": true}}"
efe6b8e48091,1,0.42232717324304136,0.0,0.42232717324304136,0.0,0.7990000000000002,0.0,40.0,0.0,"{""callbacks"": {""early_stopping"": true, ""min_delta"": 0.0, ""mode"": ""auto"", ""monitor"": ""val_loss"", ""patience"": 40, ""restore_best_weights"": true, ""verbose"": 0}, ""cv"": {""k"": 5, ""seed"": 42, ""shuffle"": true}, ""data"": {""train_path"": ""data/MONK/MONK1/monks-1.train""}, ""model"": {""activation"": ""tanh"", ""dropout"": 0.07, ""hidden_units"": [4, 4]}, ""optim"": {""lr"": 0.3, ""momentum"": 0.0, ""name"": ""adam""}, ""regularizer"": {""l2"": 0.0}, ""seed"": 42, ""split"": {""stratified"": true, ""val_size"": 0.2}, ""training"": {""batch_size"": 16, ""epochs"": 800, ""include_reg_in_val"": false, ""shuffle"": true}}"
9d00b79cd7b9,1,0.42428072555306307,0.0,0.42428072555306307,0.0,0.799,0.0,35.8,0.0,"{""callbacks"": {""early_stopping"": true, ""min_delta"": 0.0, ""mode"": ""auto"", ""monitor"": ""val_loss"", ""patience"": 40, ""restore_best_weights"": true, ""verbose"": 0}, ""cv"": {""k"": 5, ""seed"": 42, ""shuffle"": true}, ""data"": {""train_path"": ""data/MONK/MONK1/monks-1.train""}, ""model"": {""activation"": ""tanh"", ""dropout"": 0.07, ""hidden_units"": [4, 4]}, ""optim"": {""lr"": 0.3, ""momentum"": 0.0, ""name"": ""adam""}, ""regularizer"": {""l2"": 3e-07}, ""seed"": 42, ""split"": {""stratified"": true, ""val_size"": 0.2}, ""training"": {""batch_size"": 16, ""epochs"": 800, ""include_reg_in_val"": false, ""shuffle"": true}}"
facb8ccc2ae7,1,0.4250879417413459,0.0,0.4250879417413459,0.0,0.774,0.0,56.2,0.0,"{""callbacks"": {""early_stopping"": true, ""min_delta"": 0.0, ""mode"": ""auto"", ""monitor"": ""val_loss"", ""patience"": 40, ""restore_best_weights"": true, ""verbose"": 0}, ""cv"": {""k"": 5, ""seed"": 42, ""shuffle"": true}, ""data"": {""train_path"": ""data/MONK/MONK1/monks-1.train""}, ""model"": {""activation"": ""tanh"", ""dropout"": 0.07, ""hidden_units"": [4, 4]}, ""optim"": {""lr"": 0.3, ""momentum"": 0.0, ""name"": ""adam""}, ""regularizer"": {""l2"": 7e-07}, ""seed"": 42, ""split"": {""stratified"": true, ""val_size"": 0.2}, ""training"": {""batch_size"": 16, ""epochs"": 800, ""include_reg_in_val"": false, ""shuffle"": true}}"
fc8bce29d979,1,0.42803185777597175,0.0,0.42803185777597175,0.0,0.767,0.0,23.6,0.0,"{""callbacks"": {""early_stopping"": true, ""min_delta"": 0.0, ""mode"": ""auto"", ""monitor"": ""val_loss"", ""patience"": 40, ""restore_best_weights"": true, ""verbose"": 0}, ""cv"": {""k"": 5, ""seed"": 42, ""shuffle"": true}, ""data"": {""train_path"": ""data/MONK/MONK1/monks-1.train""}, ""model"": {""activation"": ""tanh"", ""dropout"": 0.03, ""hidden_units"": [8, 4]}, ""optim"": {""lr"": 0.3, ""momentum"": 0.0, ""name"": ""adam""}, ""regularizer"": {""l2"": 3e-07}, ""seed"": 42, ""split"": {""stratified"": true, ""val_size"": 0.2}, ""training"": {""batch_size"": 16, ""epochs"": 800, ""include_reg_in_val"": false, ""shuffle"": true}}"
890bc19673b1,1,0.43209686701919214,0.0,0.43209686701919214,0.0,0.8230000000000001,0.0,45.8,0.0,"{""callbacks"": {""early_stopping"": true, ""min_delta"": 0.0, ""mode"": ""auto"", ""monitor"": ""val_loss"", ""patience"": 40, ""restore_best_weights"": true, ""verbose"": 0}, ""cv"": {""k"": 5, ""seed"": 42, ""shuffle"": true}, ""data"": {""train_path"": ""data/MONK/MONK1/monks-1.train""}, ""model"": {""activation"": ""tanh"", ""dropout"": 0.1, ""hidden_units"": [8, 4]}, ""optim"": {""lr"": 0.3, ""momentum"": 0.0, ""name"": ""adam""}, ""regularizer"": {""l2"": 7e-07}, ""seed"": 42, ""split"": {""stratified"": true, ""val_size"": 0.2}, ""training"": {""batch_size"": 16, ""epochs"": 800, ""include_reg_in_val"": false, ""shuffle"": true}}"
6881e98c8447,1,0.433768949208943,0.0,0.433768949208943,0.0,0.775,0.0,68.8,0.0,"{""callbacks"": {""early_stopping"": true, ""min_delta"": 0.0, ""mode"": ""auto"", ""monitor"": ""val_loss"", ""patience"": 40, ""restore_best_weights"": true, ""verbose"": 0}, ""cv"": {""k"": 5, ""seed"": 42, ""shuffle"": true}, ""data"": {""train_path"": ""data/MONK/MONK1/monks-1.train""}, ""model"": {""activation"": ""tanh"", ""dropout"": 0.03, ""hidden_units"": [8, 4]}, ""optim"": {""lr"": 0.3, ""momentum"": 0.0, ""name"": ""adam""}, ""regularizer"": {""l2"": 0.0}, ""seed"": 42, ""split"": {""stratified"": true, ""val_size"": 0.2}, ""training"": {""batch_size"": 16, ""epochs"": 800, ""include_reg_in_val"": false, ""shuffle"": true}}"
8ec3d68e5a8d,1,0.434784736461631,0.0,0.434784736461631,0.0,0.8053333333333332,0.0,28.2,0.0,"{""callbacks"": {""early_stopping"": true, ""min_delta"": 0.0, ""mode"": ""auto"", ""monitor"": ""val_loss"", ""patience"": 40, ""restore_best_weights"": true, ""verbose"": 0}, ""cv"": {""k"": 5, ""seed"": 42, ""shuffle"": true}, ""data"": {""train_path"": ""data/MONK/MONK1/monks-1.train""}, ""model"": {""activation"": ""tanh"", ""dropout"": 0.03, ""hidden_units"": [4, 4]}, ""optim"": {""lr"": 0.3, ""momentum"": 0.0, ""name"": ""adam""}, ""regularizer"": {""l2"": 3e-07}, ""seed"": 42, ""split"": {""stratified"": true, ""val_size"": 0.2}, ""training"": {""batch_size"": 16, ""epochs"": 800, ""include_reg_in_val"": false, ""shuffle"": true}}"
2db9b84f94c4,1,0.44459599350554513,0.0,0.44459599350554513,0.0,0.799,0.0,38.2,0.0,"{""callbacks"": {""early_stopping"": true, ""min_delta"": 0.0, ""mode"": ""auto"", ""monitor"": ""val_loss"", ""patience"": 40, ""restore_best_weights"": true, ""verbose"": 0}, ""cv"": {""k"": 5, ""seed"": 42, ""shuffle"": true}, ""data"": {""train_path"": ""data/MONK/MONK1/monks-1.train""}, ""model"": {""activation"": ""tanh"", ""dropout"": 0.07, ""hidden_units"": [4, 4]}, ""optim"": {""lr"": 0.3, ""momentum"": 0.0, ""name"": ""adam""}, ""regularizer"": {""l2"": 1e-06}, ""seed"": 42, ""split"": {""stratified"": true, ""val_size"": 0.2}, ""training"": {""batch_size"": 16, ""epochs"": 800, ""include_reg_in_val"": false, ""shuffle"": true}}"
7debd24dd596,1,0.4448391912792509,0.0,0.4448391912792509,0.0,0.791,0.0,26.4,0.0,"{""callbacks"": {""early_stopping"": true, ""min_delta"": 0.0, ""mode"": ""auto"", ""monitor"": ""val_loss"", ""patience"": 40, ""restore_best_weights"": true, ""verbose"": 0}, ""cv"": {""k"": 5, ""seed"": 42, ""shuffle"": true}, ""data"": {""train_path"": ""data/MONK/MONK1/monks-1.train""}, ""model"": {""activation"": ""tanh"", ""dropout"": 0.07, ""hidden_units"": [8, 4]}, ""optim"": {""lr"": 0.3, ""momentum"": 0.0, ""name"": ""adam""}, ""regularizer"": {""l2"": 3e-07}, ""seed"": 42, ""split"": {""stratified"": true, ""val_size"": 0.2}, ""training"": {""batch_size"": 16, ""epochs"": 800, ""include_reg_in_val"": false, ""shuffle"": true}}"
9fb1b7de8407,1,0.44556497919578053,0.0,0.44556497919578053,0.0,0.759,0.0,61.2,0.0,"{""callbacks"": {""early_stopping"": true, ""min_delta"": 0.0, ""mode"": ""auto"", ""monitor"": ""val_loss"", ""patience"": 40, ""restore_best_weights"": true, ""verbose"": 0}, ""cv"": {""k"": 5, ""seed"": 42, ""shuffle"": true}, ""data"": {""train_path"": ""data/MONK/MONK1/monks-1.train""}, ""model"": {""activation"": ""tanh"", ""dropout"": 0.1, ""hidden_units"": [4, 4]}, ""optim"": {""lr"": 0.3, ""momentum"": 0.0, ""name"": ""adam""}, ""regularizer"": {""l2"": 1e-06}, ""seed"": 42, ""split"": {""stratified"": true, ""val_size"": 0.2}, ""training"": {""batch_size"": 16, ""epochs"": 800, ""include_reg_in_val"": false, ""shuffle"": true}}"
647c0c103d0a,1,0.4486501625077751,0.0,0.4486501625077751,0.0,0.743,0.0,35.8,0.0,"{""callbacks"": {""early_stopping"": true, ""min_delta"": 0.0, ""mode"": ""auto"", ""monitor"": ""val_loss"", ""patience"": 40, ""restore_best_weights"": true, ""verbose"": 0}, ""cv"": {""k"": 5, ""seed"": 42, ""shuffle"": true}, ""data"": {""train_path"": ""data/MONK/MONK1/monks-1.train""}, ""model"": {""activation"": ""tanh"", ""dropout"": 0.07, ""hidden_units"": [8, 4]}, ""optim"": {""lr"": 0.3, ""momentum"": 0.0, ""name"": ""adam""}, ""regularizer"": {""l2"": 0.0}, ""seed"": 42, ""split"": {""stratified"": true, ""val_size"": 0.2}, ""training"": {""batch_size"": 16, ""epochs"": 800, ""include_reg_in_val"": false, ""shuffle"": true}}"
5286697ec081,1,0.45014381246373086,0.0,0.45014381246373086,0.0,0.7583333333333333,0.0,44.8,0.0,"{""callbacks"": {""early_stopping"": true, ""min_delta"": 0.0, ""mode"": ""auto"", ""monitor"": ""val_loss"", ""patience"": 40, ""restore_best_weights"": true, ""verbose"": 0}, ""cv"": {""k"": 5, ""seed"": 42, ""shuffle"": true}, ""data"": {""train_path"": ""data/MONK/MONK1/monks-1.train""}, ""model"": {""activation"": ""tanh"", ""dropout"": 0.0, ""hidden_units"": [8, 4]}, ""optim"": {""lr"": 0.3, ""momentum"": 0.0, ""name"": ""adam""}, ""regularizer"": {""l2"": 3e-07}, ""seed"": 42, ""split"": {""stratified"": true, ""val_size"": 0.2}, ""training"": {""batch_size"": 16, ""epochs"": 800, ""include_reg_in_val"": false, ""shuffle"": true}}"
c8ac47d67020,1,0.4502803182101861,0.0,0.4502803182101861,0.0,0.726,0.0,77.0,0.0,"{""callbacks"": {""early_stopping"": true, ""min_delta"": 0.0, ""mode"": ""auto"", ""monitor"": ""val_loss"", ""patience"": 40, ""restore_best_weights"": true, ""verbose"": 0}, ""cv"": {""k"": 5, ""seed"": 42, ""shuffle"": true}, ""data"": {""train_path"": ""data/MONK/MONK1/monks-1.train""}, ""model"": {""activation"": ""tanh"", ""dropout"": 0.03, ""hidden_units"": [4, 4]}, ""optim"": {""lr"": 0.3, ""momentum"": 0.0, ""name"": ""adam""}, ""regularizer"": {""l2"": 0.0}, ""seed"": 42, ""split"": {""stratified"": true, ""val_size"": 0.2}, ""training"": {""batch_size"": 16, ""epochs"": 800, ""include_reg_in_val"": false, ""shuffle"": true}}"
b03d20043716,1,0.4587438726214244,0.0,0.4587438726214244,0.0,0.7903333333333333,0.0,179.4,0.0,"{""callbacks"": {""early_stopping"": true, ""min_delta"": 0.0, ""mode"": ""auto"", ""monitor"": ""val_loss"", ""patience"": 40, ""restore_best_weights"": true, ""verbose"": 0}, ""cv"": {""k"": 5, ""seed"": 42, ""shuffle"": true}, ""data"": {""train_path"": ""data/MONK/MONK1/monks-1.train""}, ""model"": {""activation"": ""sigmoid"", ""dropout"": 0.1, ""hidden_units"": [4, 4]}, ""optim"": {""lr"": 0.3, ""momentum"": 0.0, ""name"": ""sgd""}, ""regularizer"": {""l2"": 0.0}, ""seed"": 42, ""split"": {""stratified"": true, ""val_size"": 0.2}, ""training"": {""batch_size"": 16, ""epochs"": 800, ""include_reg_in_val"": false, ""shuffle"": true}}"
3fe88cbc1d43,1,0.4587442252990755,0.0,0.4587442252990755,0.0,0.7903333333333333,0.0,179.4,0.0,"{""callbacks"": {""early_stopping"": true, ""min_delta"": 0.0, ""mode"": ""auto"", ""monitor"": ""val_loss"", ""patience"": 40, ""restore_best_weights"": true, ""verbose"": 0}, ""cv"": {""k"": 5, ""seed"": 42, ""shuffle"": true}, ""data"": {""train_path"": ""data/MONK/MONK1/monks-1.train""}, ""model"": {""activation"": ""sigmoid"", ""dropout"": 0.1, ""hidden_units"": [4, 4]}, ""optim"": {""lr"": 0.3, ""momentum"": 0.0, ""name"": ""sgd""}, ""regularizer"": {""l2"": 3e-07}, ""seed"": 42, ""split"": {""stratified"": true, ""val_size"": 0.2}, ""training"": {""batch_size"": 16, ""epochs"": 800, ""include_reg_in_val"": false, ""shuffle"": true}}"
b0c67f2797ee,1,0.4587446994798497,0.0,0.4587446994798497,0.0,0.7903333333333333,0.0,179.4,0.0,"{""callbacks"": {""early_stopping"": true, ""min_delta"": 0.0, ""mode"": ""auto"", ""monitor"": ""val_loss"", ""patience"": 40, ""restore_best_weights"": true, ""verbose"": 0}, ""cv"": {""k"": 5, ""seed"": 42, ""shuffle"": true}, ""data"": {""train_path"": ""data/MONK/MONK1/monks-1.train""}, ""model"": {""activation"": ""sigmoid"", ""dropout"": 0.1, ""hidden_units"": [4, 4]}, ""optim"": {""lr"": 0.3, ""momentum"": 0.0, ""name"": ""sgd""}, ""regularizer"": {""l2"": 7e-07}, ""seed"": 42, ""split"": {""stratified"": true, ""val_size"": 0.2}, ""training"": {""batch_size"": 16, ""epochs"": 800, ""include_reg_in_val"": false, ""shuffle"": true}}"
0369a0e8a2cf,1,0.4587450580735782,0.0,0.4587450580735782,0.0,0.7903333333333333,0.0,179.4,0.0,"{""callbacks"": {""early_stopping"": true, ""min_delta"": 0.0, ""mode"": ""auto"", ""monitor"": ""val_loss"", ""patience"": 40, ""restore_best_weights"": true, ""verbose"": 0}, ""cv"": {""k"": 5, ""seed"": 42, ""shuffle"": true}, ""data"": {""train_path"": ""data/MONK/MONK1/monks-1.train""}, ""model"": {""activation"": ""sigmoid"", ""dropout"": 0.1, ""hidden_units"": [4, 4]}, ""optim"": {""lr"": 0.3, ""momentum"": 0.0, ""name"": ""sgd""}, ""regularizer"": {""l2"": 1e-06}, ""seed"": 42, ""split"": {""stratified"": true, ""val_size"": 0.2}, ""training"": {""batch_size"": 16, ""epochs"": 800, ""include_reg_in_val"": false, ""shuffle"": true}}"
9c3a8f7d31d5,1,0.46148811968998427,0.0,0.46148811968998427,0.0,0.782,0.0,177.0,0.0,"{""callbacks"": {""early_stopping"": true, ""min_delta"": 0.0, ""mode"": ""auto"", ""monitor"": ""val_loss"", ""patience"": 40, ""restore_best_weights"": true, ""verbose"": 0}, ""cv"": {""k"": 5, ""seed"": 42, ""shuffle"": true}, ""data"": {""train_path"": ""data/MONK/MONK1/monks-1.train""}, ""model"": {""activation"": ""sigmoid"", ""dropout"": 0.07, ""hidden_units"": [4, 4]}, ""optim"": {""lr"": 0.3, ""momentum"": 0.0, ""name"": ""sgd""}, ""regularizer"": {""l2"": 1e-06}, ""seed"": 42, ""split"": {""stratified"": true, ""val_size"": 0.2}, ""training"": {""batch_size"": 16, ""epochs"": 800, ""include_reg_in_val"": false, ""shuffle"": true}}"
ce5028f3dc2d,1,0.46148814952153305,0.0,0.46148814952153305,0.0,0.782,0.0,177.0,0.0,"{""callbacks"": {""early_stopping"": true, ""min_delta"": 0.0, ""mode"": ""auto"", ""monitor"": ""val_loss"", ""patience"": 40, ""restore_best_weights"": true, ""verbose"": 0}, ""cv"": {""k"": 5, ""seed"": 42, ""shuffle"": true}, ""data"": {""train_path"": ""data/MONK/MONK1/monks-1.train""}, ""model"": {""activation"": ""sigmoid"", ""dropout"": 0.07, ""hidden_units"": [4, 4]}, ""optim"": {""lr"": 0.3, ""momentum"": 0.0, ""name"": ""sgd""}, ""regularizer"": {""l2"": 7e-07}, ""seed"": 42, ""split"": {""stratified"": true, ""val_size"": 0.2}, ""training"": {""batch_size"": 16, ""epochs"": 800, ""include_reg_in_val"": false, ""shuffle"": true}}"
d2b24acc52d2,1,0.4614881938922865,0.0,0.4614881938922865,0.0,0.782,0.0,177.0,0.0,"{""callbacks"": {""early_stopping"": true, ""min_delta"": 0.0, ""mode"": ""auto"", ""monitor"": ""val_loss"", ""patience"": 40, ""restore_best_weights"": true, ""verbose"": 0}, ""cv"": {""k"": 5, ""seed"": 42, ""shuffle"": true}, ""data"": {""train_path"": ""data/MONK/MONK1/monks-1.train""}, ""model"": {""activation"": ""sigmoid"", ""dropout"": 0.07, ""hidden_units"": [4, 4]}, ""optim"": {""lr"": 0.3, ""momentum"": 0.0, ""name"": ""sgd""}, ""regularizer"": {""l2"": 3e-07}, ""seed"": 42, ""split"": {""stratified"": true, ""val_size"": 0.2}, ""training"": {""batch_size"": 16, ""epochs"": 800, ""include_reg_in_val"": false, ""shuffle"": true}}"
4c527d3867cd,1,0.4614882306175191,0.0,0.4614882306175191,0.0,0.782,0.0,177.0,0.0,"{""callbacks"": {""early_stopping"": true, ""min_delta"": 0.0, ""mode"": ""auto"", ""monitor"": ""val_loss"", ""patience"": 40, ""restore_best_weights"": true, ""verbose"": 0}, ""cv"": {""k"": 5, ""seed"": 42, ""shuffle"": true}, ""data"": {""train_path"": ""data/MONK/MONK1/monks-1.train""}, ""model"": {""activation"": ""sigmoid"", ""dropout"": 0.07, ""hidden_units"": [4, 4]}, ""optim"": {""lr"": 0.3, ""momentum"": 0.0, ""name"": ""sgd""}, ""regularizer"": {""l2"": 0.0}, ""seed"": 42, ""split"": {""stratified"": true, ""val_size"": 0.2}, ""training"": {""batch_size"": 16, ""epochs"": 800, ""include_reg_in_val"": false, ""shuffle"": true}}"
1c082abf78ee,1,0.4659700283165962,0.0,0.4659700283165962,0.0,0.735,0.0,48.6,0.0,"{""callbacks"": {""early_stopping"": true, ""min_delta"": 0.0, ""mode"": ""auto"", ""monitor"": ""val_loss"", ""patience"": 40, ""restore_best_weights"": true, ""verbose"": 0}, ""cv"": {""k"": 5, ""seed"": 42, ""shuffle"": true}, ""data"": {""train_path"": ""data/MONK/MONK1/monks-1.train""}, ""model"": {""activation"": ""tanh"", ""dropout"": 0.07, ""hidden_units"": [8, 4]}, ""optim"": {""lr"": 0.3, ""momentum"": 0.0, ""name"": ""adam""}, ""regularizer"": {""l2"": 1e-06}, ""seed"": 42, ""split"": {""stratified"": true, ""val_size"": 0.2}, ""training"": {""batch_size"": 16, ""epochs"": 800, ""include_reg_in_val"": false, ""shuffle"": true}}"
efbdc44c61bb,1,0.4666399525513736,0.0,0.4666399525513736,0.0,0.7983333333333333,0.0,153.0,0.0,"{""callbacks"": {""early_stopping"": true, ""min_delta"": 0.0, ""mode"": ""auto"", ""monitor"": ""val_loss"", ""patience"": 40, ""restore_best_weights"": true, ""verbose"": 0}, ""cv"": {""k"": 5, ""seed"": 42, ""shuffle"": true}, ""data"": {""train_path"": ""data/MONK/MONK1/monks-1.train""}, ""model"": {""activation"": ""sigmoid"", ""dropout"": 0.03, ""hidden_units"": [4, 4]}, ""optim"": {""lr"": 0.3, ""momentum"": 0.0, ""name"": ""sgd""}, ""regularizer"": {""l2"": 0.0}, ""seed"": 42, ""split"": {""stratified"": true, ""val_size"": 0.2}, ""training"": {""batch_size"": 16, ""epochs"": 800, ""include_reg_in_val"": false, ""shuffle"": true}}"
161888483834,1,0.4666410736487858,0.0,0.4666410736487858,0.0,0.7983333333333333,0.0,153.0,0.0,"{""callbacks"": {""early_stopping"": true, ""min_delta"": 0.0, ""mode"": ""auto"", ""monitor"": ""val_loss"", ""patience"": 40, ""restore_best_weights"": true, ""verbose"": 0}, ""cv"": {""k"": 5, ""seed"": 42, ""shuffle"": true}, ""data"": {""train_path"": ""data/MONK/MONK1/monks-1.train""}, ""model"": {""activation"": ""sigmoid"", ""dropout"": 0.03, ""hidden_units"": [4, 4]}, ""optim"": {""lr"": 0.3, ""momentum"": 0.0, ""name"": ""sgd""}, ""regularizer"": {""l2"": 3e-07}, ""seed"": 42, ""split"": {""stratified"": true, ""val_size"": 0.2}, ""training"": {""batch_size"": 16, ""epochs"": 800, ""include_reg_in_val"": false, ""shuffle"": true}}"
cd6acd668744,1,0.4666425702042753,0.0,0.4666425702042753,0.0,0.7983333333333333,0.0,153.0,0.0,"{""callbacks"": {""early_stopping"": true, ""min_delta"": 0.0, ""mode"": ""auto"", ""monitor"": ""val_loss"", ""patience"": 40, ""restore_best_weights"": true, ""verbose"": 0}, ""cv"": {""k"": 5, ""seed"": 42, ""shuffle"": true}, ""data"": {""train_path"": ""data/MONK/MONK1/monks-1.train""}, ""model"": {""activation"": ""sigmoid"", ""dropout"": 0.03, ""hidden_units"": [4, 4]}, ""optim"": {""lr"": 0.3, ""momentum"": 0.0, ""name"": ""sgd""}, ""regularizer"": {""l2"": 7e-07}, ""seed"": 42, ""split"": {""stratified"": true, ""val_size"": 0.2}, ""training"": {""batch_size"": 16, ""epochs"": 800, ""include_reg_in_val"": false, ""shuffle"": true}}"
ee5dde166890,1,0.4666436939400371,0.0,0.4666436939400371,0.0,0.7983333333333333,0.0,153.0,0.0,"{""callbacks"": {""early_stopping"": true, ""min_delta"": 0.0, ""mode"": ""auto"", ""monitor"": ""val_loss"", ""patience"": 40, ""restore_best_weights"": true, ""verbose"": 0}, ""cv"": {""k"": 5, ""seed"": 42, ""shuffle"": true}, ""data"": {""train_path"": ""data/MONK/MONK1/monks-1.train""}, ""model"": {""activation"": ""sigmoid"", ""dropout"": 0.03, ""hidden_units"": [4, 4]}, ""optim"": {""lr"": 0.3, ""momentum"": 0.0, ""name"": ""sgd""}, ""regularizer"": {""l2"": 1e-06}, ""seed"": 42, ""split"": {""stratified"": true, ""val_size"": 0.2}, ""training"": {""batch_size"": 16, ""epochs"": 800, ""include_reg_in_val"": false, ""shuffle"": true}}"
9831a2f1962a,1,0.47115216324066955,0.0,0.47115216324066955,0.0,0.782,0.0,32.2,0.0,"{""callbacks"": {""early_stopping"": true, ""min_delta"": 0.0, ""mode"": ""auto"", ""monitor"": ""val_loss"", ""patience"": 40, ""restore_best_weights"": true, ""verbose"": 0}, ""cv"": {""k"": 5, ""seed"": 42, ""shuffle"": true}, ""data"": {""train_path"": ""data/MONK/MONK1/monks-1.train""}, ""model"": {""activation"": ""tanh"", ""dropout"": 0.0, ""hidden_units"": [4, 4]}, ""optim"": {""lr"": 0.3, ""momentum"": 0.0, ""name"": ""adam""}, ""regularizer"": {""l2"": 0.0}, ""seed"": 42, ""split"": {""stratified"": true, ""val_size"": 0.2}, ""training"": {""batch_size"": 16, ""epochs"": 800, ""include_reg_in_val"": false, ""shuffle"": true}}"
fa62b21f0f48,1,0.4787792797933411,0.0,0.4787792797933411,0.0,0.7503333333333333,0.0,32.0,0.0,"{""callbacks"": {""early_stopping"": true, ""min_delta"": 0.0, ""mode"": ""auto"", ""monitor"": ""val_loss"", ""patience"": 40, ""restore_best_weights"": true, ""verbose"": 0}, ""cv"": {""k"": 5, ""seed"": 42, ""shuffle"": true}, ""data"": {""train_path"": ""data/MONK/MONK1/monks-1.train""}, ""model"": {""activation"": ""tanh"", ""dropout"": 0.0, ""hidden_units"": [8, 4]}, ""optim"": {""lr"": 0.3, ""momentum"": 0.0, ""name"": ""adam""}, ""regularizer"": {""l2"": 0.0}, ""seed"": 42, ""split"": {""stratified"": true, ""val_size"": 0.2}, ""training"": {""batch_size"": 16, ""epochs"": 800, ""include_reg_in_val"": false, ""shuffle"": true}}"
09cbdf10a875,1,0.4833295453945635,0.0,0.4833295453945635,0.0,0.7343333333333333,0.0,39.0,0.0,"{""callbacks"": {""early_stopping"": true, ""min_delta"": 0.0, ""mode"": ""auto"", ""monitor"": ""val_loss"", ""patience"": 40, ""restore_best_weights"": true, ""verbose"": 0}, ""cv"": {""k"": 5, ""seed"": 42, ""shuffle"": true}, ""data"": {""train_path"": ""data/MONK/MONK1/monks-1.train""}, ""model"": {""activation"": ""tanh"", ""dropout"": 0.03, ""hidden_units"": [8, 4]}, ""optim"": {""lr"": 0.3, ""momentum"": 0.0, ""name"": ""adam""}, ""regularizer"": {""l2"": 7e-07}, ""seed"": 42, ""split"": {""stratified"": true, ""val_size"": 0.2}, ""training"": {""batch_size"": 16, ""epochs"": 800, ""include_reg_in_val"": false, ""shuffle"": true}}"
3b68c705da8f,1,0.5356059021599705,0.0,0.5356059021599705,0.0,0.652,0.0,64.4,0.0,"{""callbacks"": {""early_stopping"": true, ""min_delta"": 0.0, ""mode"": ""auto"", ""monitor"": ""val_loss"", ""patience"": 40, ""restore_best_weights"": true, ""verbose"": 0}, ""cv"": {""k"": 5, ""seed"": 42, ""shuffle"": true}, ""data"": {""train_path"": ""data/MONK/MONK1/monks-1.train""}, ""model"": {""activation"": ""tanh"", ""dropout"": 0.03, ""hidden_units"": [8, 4]}, ""optim"": {""lr"": 0.3, ""momentum"": 0.0, ""name"": ""adam""}, ""regularizer"": {""l2"": 1e-06}, ""seed"": 42, ""split"": {""stratified"": true, ""val_size"": 0.2}, ""training"": {""batch_size"": 16, ""epochs"": 800, ""include_reg_in_val"": false, ""shuffle"": true}}"
187ec11645df,1,0.5508957338736978,0.0,0.5508957338736978,0.0,0.6839999999999999,0.0,18.8,0.0,"{""callbacks"": {""early_stopping"": true, ""min_delta"": 0.0, ""mode"": ""auto"", ""monitor"": ""val_loss"", ""patience"": 40, ""restore_best_weights"": true, ""verbose"": 0}, ""cv"": {""k"": 5, ""seed"": 42, ""shuffle"": true}, ""data"": {""train_path"": ""data/MONK/MONK1/monks-1.train""}, ""model"": {""activation"": ""relu"", ""dropout"": 0.03, ""hidden_units"": [8, 4]}, ""optim"": {""lr"": 0.3, ""momentum"": 0.0, ""name"": ""adam""}, ""regularizer"": {""l2"": 3e-07}, ""seed"": 42, ""split"": {""stratified"": true, ""val_size"": 0.2}, ""training"": {""batch_size"": 16, ""epochs"": 800, ""include_reg_in_val"": false, ""shuffle"": true}}"
78be8957ec80,1,0.589826358321913,0.0,0.589826358321913,0.0,0.6226666666666667,0.0,48.6,0.0,"{""callbacks"": {""early_stopping"": true, ""min_delta"": 0.0, ""mode"": ""auto"", ""monitor"": ""val_loss"", ""patience"": 40, ""restore_best_weights"": true, ""verbose"": 0}, ""cv"": {""k"": 5, ""seed"": 42, ""shuffle"": true}, ""data"": {""train_path"": ""data/MONK/MONK1/monks-1.train""}, ""model"": {""activation"": ""relu"", ""dropout"": 0.0, ""hidden_units"": [8, 4]}, ""optim"": {""lr"": 0.3, ""momentum"": 0.0, ""name"": ""adam""}, ""regularizer"": {""l2"": 1e-06}, ""seed"": 42, ""split"": {""stratified"": true, ""val_size"": 0.2}, ""training"": {""batch_size"": 16, ""epochs"": 800, ""include_reg_in_val"": false, ""shuffle"": true}}"
28f23480909e,1,0.5929806791953264,0.0,0.5929806791953264,0.0,0.628,0.0,16.8,0.0,"{""callbacks"": {""early_stopping"": true, ""min_delta"": 0.0, ""mode"": ""auto"", ""monitor"": ""val_loss"", ""patience"": 40, ""restore_best_weights"": true, ""verbose"": 0}, ""cv"": {""k"": 5, ""seed"": 42, ""shuffle"": true}, ""data"": {""train_path"": ""data/MONK/MONK1/monks-1.train""}, ""model"": {""activation"": ""relu"", ""dropout"": 0.03, ""hidden_units"": [8, 4]}, ""optim"": {""lr"": 0.3, ""momentum"": 0.0, ""name"": ""adam""}, ""regularizer"": {""l2"": 7e-07}, ""seed"": 42, ""split"": {""stratified"": true, ""val_size"": 0.2}, ""training"": {""batch_size"": 16, ""epochs"": 800, ""include_reg_in_val"": false, ""shuffle"": true}}"
d838b56fa266,1,0.5982102080630041,0.0,0.5982102080630041,0.0,0.6279999999999999,0.0,32.0,0.0,"{""callbacks"": {""early_stopping"": true, ""min_delta"": 0.0, ""mode"": ""auto"", ""monitor"": ""val_loss"", ""patience"": 40, ""restore_best_weights"": true, ""verbose"": 0}, ""cv"": {""k"": 5, ""seed"": 42, ""shuffle"": true}, ""data"": {""train_path"": ""data/MONK/MONK1/monks-1.train""}, ""model"": {""activation"": ""relu"", ""dropout"": 0.1, ""hidden_units"": [8, 4]}, ""optim"": {""lr"": 0.3, ""momentum"": 0.0, ""name"": ""adam""}, ""regularizer"": {""l2"": 3e-07}, ""seed"": 42, ""split"": {""stratified"": true, ""val_size"": 0.2}, ""training"": {""batch_size"": 16, ""epochs"": 800, ""include_reg_in_val"": false, ""shuffle"": true}}"
31074cd278a3,1,0.6018488297565315,0.0,0.6018488297565315,0.0,0.612,0.0,27.2,0.0,"{""callbacks"": {""early_stopping"": true, ""min_delta"": 0.0, ""mode"": ""auto"", ""monitor"": ""val_loss"", ""patience"": 40, ""restore_best_weights"": true, ""verbose"": 0}, ""cv"": {""k"": 5, ""seed"": 42, ""shuffle"": true}, ""data"": {""train_path"": ""data/MONK/MONK1/monks-1.train""}, ""model"": {""activation"": ""relu"", ""dropout"": 0.1, ""hidden_units"": [8, 4]}, ""optim"": {""lr"": 0.3, ""momentum"": 0.0, ""name"": ""adam""}, ""regularizer"": {""l2"": 0.0}, ""seed"": 42, ""split"": {""stratified"": true, ""val_size"": 0.2}, ""training"": {""batch_size"": 16, ""epochs"": 800, ""include_reg_in_val"": false, ""shuffle"": true}}"
2a7de374d7e9,1,0.602937073155765,0.0,0.602937073155765,0.0,0.604,0.0,28.4,0.0,"{""callbacks"": {""early_stopping"": true, ""min_delta"": 0.0, ""mode"": ""auto"", ""monitor"": ""val_loss"", ""patience"": 40, ""restore_best_weights"": true, ""verbose"": 0}, ""cv"": {""k"": 5, ""seed"": 42, ""shuffle"": true}, ""data"": {""train_path"": ""data/MONK/MONK1/monks-1.train""}, ""model"": {""activation"": ""relu"", ""dropout"": 0.07, ""hidden_units"": [8, 4]}, ""optim"": {""lr"": 0.3, ""momentum"": 0.0, ""name"": ""adam""}, ""regularizer"": {""l2"": 3e-07}, ""seed"": 42, ""split"": {""stratified"": true, ""val_size"": 0.2}, ""training"": {""batch_size"": 16, ""epochs"": 800, ""include_reg_in_val"": false, ""shuffle"": true}}"
dbf5249961e2,1,0.6082057822297682,0.0,0.6082057822297682,0.0,0.604,0.0,27.4,0.0,"{""callbacks"": {""early_stopping"": true, ""min_delta"": 0.0, ""mode"": ""auto"", ""monitor"": ""val_loss"", ""patience"": 40, ""restore_best_weights"": true, ""verbose"": 0}, ""cv"": {""k"": 5, ""seed"": 42, ""shuffle"": true}, ""data"": {""train_path"": ""data/MONK/MONK1/monks-1.train""}, ""model"": {""activation"": ""relu"", ""dropout"": 0.1, ""hidden_units"": [8, 4]}, ""optim"": {""lr"": 0.3, ""momentum"": 0.0, ""name"": ""adam""}, ""regularizer"": {""l2"": 7e-07}, ""seed"": 42, ""split"": {""stratified"": true, ""val_size"": 0.2}, ""training"": {""batch_size"": 16, ""epochs"": 800, ""include_reg_in_val"": false, ""shuffle"": true}}"
341c3a18b120,1,0.6107113514971508,0.0,0.6107113514971508,0.0,0.58,0.0,26.0,0.0,"{""callbacks"": {""early_stopping"": true, ""min_delta"": 0.0, ""mode"": ""auto"", ""monitor"": ""val_loss"", ""patience"": 40, ""restore_best_weights"": true, ""verbose"": 0}, ""cv"": {""k"": 5, ""seed"": 42, ""shuffle"": true}, ""data"": {""train_path"": ""data/MONK/MONK1/monks-1.train""}, ""model"": {""activation"": ""relu"", ""dropout"": 0.1, ""hidden_units"": [8, 4]}, ""optim"": {""lr"": 0.3, ""momentum"": 0.0, ""name"": ""adam""}, ""regularizer"": {""l2"": 1e-06}, ""seed"": 42, ""split"": {""stratified"": true, ""val_size"": 0.2}, ""training"": {""batch_size"": 16, ""epochs"": 800, ""include_reg_in_val"": false, ""shuffle"": true}}"
7606932bfeb8,1,0.6158192847761782,0.0,0.6158192847761782,0.0,0.588,0.0,70.6,0.0,"{""callbacks"": {""early_stopping"": true, ""min_delta"": 0.0, ""mode"": ""auto"", ""monitor"": ""val_loss"", ""patience"": 40, ""restore_best_weights"": true, ""verbose"": 0}, ""cv"": {""k"": 5, ""seed"": 42, ""shuffle"": true}, ""data"": {""train_path"": ""data/MONK/MONK1/monks-1.train""}, ""model"": {""activation"": ""relu"", ""dropout"": 0.1, ""hidden_units"": [4, 4]}, ""optim"": {""lr"": 0.3, ""momentum"": 0.0, ""name"": ""adam""}, ""regularizer"": {""l2"": 1e-06}, ""seed"": 42, ""split"": {""stratified"": true, ""val_size"": 0.2}, ""training"": {""batch_size"": 16, ""epochs"": 800, ""include_reg_in_val"": false, ""shuffle"": true}}"
c9f14a883ad4,1,0.6158880721132619,0.0,0.6158880721132619,0.0,0.588,0.0,28.4,0.0,"{""callbacks"": {""early_stopping"": true, ""min_delta"": 0.0, ""mode"": ""auto"", ""monitor"": ""val_loss"", ""patience"": 40, ""restore_best_weights"": true, ""verbose"": 0}, ""cv"": {""k"": 5, ""seed"": 42, ""shuffle"": true}, ""data"": {""train_path"": ""data/MONK/MONK1/monks-1.train""}, ""model"": {""activation"": ""relu"", ""dropout"": 0.1, ""hidden_units"": [4, 4]}, ""optim"": {""lr"": 0.3, ""momentum"": 0.0, ""name"": ""adam""}, ""regularizer"": {""l2"": 0.0}, ""seed"": 42, ""split"": {""stratified"": true, ""val_size"": 0.2}, ""training"": {""batch_size"": 16, ""epochs"": 800, ""include_reg_in_val"": false, ""shuffle"": true}}"
5bf275a931a4,1,0.6159187330842423,0.0,0.6159187330842423,0.0,0.588,0.0,35.6,0.0,"{""callbacks"": {""early_stopping"": true, ""min_delta"": 0.0, ""mode"": ""auto"", ""monitor"": ""val_loss"", ""patience"": 40, ""restore_best_weights"": true, ""verbose"": 0}, ""cv"": {""k"": 5, ""seed"": 42, ""shuffle"": true}, ""data"": {""train_path"": ""data/MONK/MONK1/monks-1.train""}, ""model"": {""activation"": ""relu"", ""dropout"": 0.0, ""hidden_units"": [4, 4]}, ""optim"": {""lr"": 0.3, ""momentum"": 0.0, ""name"": ""adam""}, ""regularizer"": {""l2"": 0.0}, ""seed"": 42, ""split"": {""stratified"": true, ""val_size"": 0.2}, ""training"": {""batch_size"": 16, ""epochs"": 800, ""include_reg_in_val"": false, ""shuffle"": true}}"
3523f47c05db,1,0.6159258031568863,0.0,0.6159258031568863,0.0,0.588,0.0,38.8,0.0,"{""callbacks"": {""early_stopping"": true, ""min_delta"": 0.0, ""mode"": ""auto"", ""monitor"": ""val_loss"", ""patience"": 40, ""restore_best_weights"": true, ""verbose"": 0}, ""cv"": {""k"": 5, ""seed"": 42, ""shuffle"": true}, ""data"": {""train_path"": ""data/MONK/MONK1/monks-1.train""}, ""model"": {""activation"": ""relu"", ""dropout"": 0.1, ""hidden_units"": [4, 4]}, ""optim"": {""lr"": 0.3, ""momentum"": 0.0, ""name"": ""adam""}, ""regularizer"": {""l2"": 3e-07}, ""seed"": 42, ""split"": {""stratified"": true, ""val_size"": 0.2}, ""training"": {""batch_size"": 16, ""epochs"": 800, ""include_reg_in_val"": false, ""shuffle"": true}}"
e9a184df4615,1,0.6161508724680214,0.0,0.6161508724680214,0.0,0.588,0.0,29.2,0.0,"{""callbacks"": {""early_stopping"": true, ""min_delta"": 0.0, ""mode"": ""auto"", ""monitor"": ""val_loss"", ""patience"": 40, ""restore_best_weights"": true, ""verbose"": 0}, ""cv"": {""k"": 5, ""seed"": 42, ""shuffle"": true}, ""data"": {""train_path"": ""data/MONK/MONK1/monks-1.train""}, ""model"": {""activation"": ""relu"", ""dropout"": 0.03, ""hidden_units"": [4, 4]}, ""optim"": {""lr"": 0.3, ""momentum"": 0.0, ""name"": ""adam""}, ""regularizer"": {""l2"": 7e-07}, ""seed"": 42, ""split"": {""stratified"": true, ""val_size"": 0.2}, ""training"": {""batch_size"": 16, ""epochs"": 800, ""include_reg_in_val"": false, ""shuffle"": true}}"
de8723b82a15,1,0.6161750111707304,0.0,0.6161750111707304,0.0,0.588,0.0,28.4,0.0,"{""callbacks"": {""early_stopping"": true, ""min_delta"": 0.0, ""mode"": ""auto"", ""monitor"": ""val_loss"", ""patience"": 40, ""restore_best_weights"": true, ""verbose"": 0}, ""cv"": {""k"": 5, ""seed"": 42, ""shuffle"": true}, ""data"": {""train_path"": ""data/MONK/MONK1/monks-1.train""}, ""model"": {""activation"": ""relu"", ""dropout"": 0.1, ""hidden_units"": [4, 4]}, ""optim"": {""lr"": 0.3, ""momentum"": 0.0, ""name"": ""adam""}, ""regularizer"": {""l2"": 7e-07}, ""seed"": 42, ""split"": {""stratified"": true, ""val_size"": 0.2}, ""training"": {""batch_size"": 16, ""epochs"": 800, ""include_reg_in_val"": false, ""shuffle"": true}}"
1e7b8230b284,1,0.6251821187549141,0.0,0.6251821187549141,0.0,0.588,0.0,27.4,0.0,"{""callbacks"": {""early_stopping"": true, ""min_delta"": 0.0, ""mode"": ""auto"", ""monitor"": ""val_loss"", ""patience"": 40, ""restore_best_weights"": true, ""verbose"": 0}, ""cv"": {""k"": 5, ""seed"": 42, ""shuffle"": true}, ""data"": {""train_path"": ""data/MONK/MONK1/monks-1.train""}, ""model"": {""activation"": ""relu"", ""dropout"": 0.03, ""hidden_units"": [4, 4]}, ""optim"": {""lr"": 0.3, ""momentum"": 0.0, ""name"": ""adam""}, ""regularizer"": {""l2"": 1e-06}, ""seed"": 42, ""split"": {""stratified"": true, ""val_size"": 0.2}, ""training"": {""batch_size"": 16, ""epochs"": 800, ""include_reg_in_val"": false, ""shuffle"": true}}"
abf9b56ff092,1,0.6325769567498656,0.0,0.6325769567498656,0.0,0.5720000000000001,0.0,67.6,0.0,"{""callbacks"": {""early_stopping"": true, ""min_delta"": 0.0, ""mode"": ""auto"", ""monitor"": ""val_loss"", ""patience"": 40, ""restore_best_weights"": true, ""verbose"": 0}, ""cv"": {""k"": 5, ""seed"": 42, ""shuffle"": true}, ""data"": {""train_path"": ""data/MONK/MONK1/monks-1.train""}, ""model"": {""activation"": ""relu"", ""dropout"": 0.07, ""hidden_units"": [8, 4]}, ""optim"": {""lr"": 0.3, ""momentum"": 0.0, ""name"": ""adam""}, ""regularizer"": {""l2"": 1e-06}, ""seed"": 42, ""split"": {""stratified"": true, ""val_size"": 0.2}, ""training"": {""batch_size"": 16, ""epochs"": 800, ""include_reg_in_val"": false, ""shuffle"": true}}"
8d83eb665fd3,1,0.6353278911030131,0.0,0.6353278911030131,0.0,0.58,0.0,27.0,0.0,"{""callbacks"": {""early_stopping"": true, ""min_delta"": 0.0, ""mode"": ""auto"", ""monitor"": ""val_loss"", ""patience"": 40, ""restore_best_weights"": true, ""verbose"": 0}, ""cv"": {""k"": 5, ""seed"": 42, ""shuffle"": true}, ""data"": {""train_path"": ""data/MONK/MONK1/monks-1.train""}, ""model"": {""activation"": ""relu"", ""dropout"": 0.03, ""hidden_units"": [4, 4]}, ""optim"": {""lr"": 0.3, ""momentum"": 0.0, ""name"": ""adam""}, ""regularizer"": {""l2"": 3e-07}, ""seed"": 42, ""split"": {""stratified"": true, ""val_size"": 0.2}, ""training"": {""batch_size"": 16, ""epochs"": 800, ""include_reg_in_val"": false, ""shuffle"": true}}"
959a7f9e647d,1,0.6457310139863889,0.0,0.6457310139863889,0.0,0.5640000000000001,0.0,46.6,0.0,"{""callbacks"": {""early_stopping"": true, ""min_delta"": 0.0, ""mode"": ""auto"", ""monitor"": ""val_loss"", ""patience"": 40, ""restore_best_weights"": true, ""verbose"": 0}, ""cv"": {""k"": 5, ""seed"": 42, ""shuffle"": true}, ""data"": {""train_path"": ""data/MONK/MONK1/monks-1.train""}, ""model"": {""activation"": ""relu"", ""dropout"": 0.03, ""hidden_units"": [8, 4]}, ""optim"": {""lr"": 0.3, ""momentum"": 0.0, ""name"": ""adam""}, ""regularizer"": {""l2"": 1e-06}, ""seed"": 42, ""split"": {""stratified"": true, ""val_size"": 0.2}, ""training"": {""batch_size"": 16, ""epochs"": 800, ""include_reg_in_val"": false, ""shuffle"": true}}"
6b36a333acbc,1,0.6467783821632349,0.0,0.6467783821632349,0.0,0.5720000000000001,0.0,39.8,0.0,"{""callbacks"": {""early_stopping"": true, ""min_delta"": 0.0, ""mode"": ""auto"", ""monitor"": ""val_loss"", ""patience"": 40, ""restore_best_weights"": true, ""verbose"": 0}, ""cv"": {""k"": 5, ""seed"": 42, ""shuffle"": true}, ""data"": {""train_path"": ""data/MONK/MONK1/monks-1.train""}, ""model"": {""activation"": ""relu"", ""dropout"": 0.0, ""hidden_units"": [8, 4]}, ""optim"": {""lr"": 0.3, ""momentum"": 0.0, ""name"": ""adam""}, ""regularizer"": {""l2"": 0.0}, ""seed"": 42, ""split"": {""stratified"": true, ""val_size"": 0.2}, ""training"": {""batch_size"": 16, ""epochs"": 800, ""include_reg_in_val"": false, ""shuffle"": true}}"
84cc1441c12d,1,0.6485321285540356,0.0,0.6485321285540356,0.0,0.5640000000000001,0.0,45.2,0.0,"{""callbacks"": {""early_stopping"": true, ""min_delta"": 0.0, ""mode"": ""auto"", ""monitor"": ""val_loss"", ""patience"": 40, ""restore_best_weights"": true, ""verbose"": 0}, ""cv"": {""k"": 5, ""seed"": 42, ""shuffle"": true}, ""data"": {""train_path"": ""data/MONK/MONK1/monks-1.train""}, ""model"": {""activation"": ""relu"", ""dropout"": 0.03, ""hidden_units"": [8, 4]}, ""optim"": {""lr"": 0.3, ""momentum"": 0.0, ""name"": ""adam""}, ""regularizer"": {""l2"": 0.0}, ""seed"": 42, ""split"": {""stratified"": true, ""val_size"": 0.2}, ""training"": {""batch_size"": 16, ""epochs"": 800, ""include_reg_in_val"": false, ""shuffle"": true}}"
2e711fb50b24,1,0.6498209005299966,0.0,0.6498209005299966,0.0,0.5640000000000001,0.0,43.8,0.0,"{""callbacks"": {""early_stopping"": true, ""min_delta"": 0.0, ""mode"": ""auto"", ""monitor"": ""val_loss"", ""patience"": 40, ""restore_best_weights"": true, ""verbose"": 0}, ""cv"": {""k"": 5, ""seed"": 42, ""shuffle"": true}, ""data"": {""train_path"": ""data/MONK/MONK1/monks-1.train""}, ""model"": {""activation"": ""relu"", ""dropout"": 0.0, ""hidden_units"": [4, 4]}, ""optim"": {""lr"": 0.3, ""momentum"": 0.0, ""name"": ""adam""}, ""regularizer"": {""l2"": 3e-07}, ""seed"": 42, ""split"": {""stratified"": true, ""val_size"": 0.2}, ""training"": {""batch_size"": 16, ""epochs"": 800, ""include_reg_in_val"": false, ""shuffle"": true}}"
cfea559e869a,1,0.654115035544826,0.0,0.654115035544826,0.0,0.556,0.0,12.2,0.0,"{""callbacks"": {""early_stopping"": true, ""min_delta"": 0.0, ""mode"": ""auto"", ""monitor"": ""val_loss"", ""patience"": 40, ""restore_best_weights"": true, ""verbose"": 0}, ""cv"": {""k"": 5, ""seed"": 42, ""shuffle"": true}, ""data"": {""train_path"": ""data/MONK/MONK1/monks-1.train""}, ""model"": {""activation"": ""relu"", ""dropout"": 0.0, ""hidden_units"": [8, 4]}, ""optim"": {""lr"": 0.3, ""momentum"": 0.0, ""name"": ""adam""}, ""regularizer"": {""l2"": 7e-07}, ""seed"": 42, ""split"": {""stratified"": true, ""val_size"": 0.2}, ""training"": {""batch_size"": 16, ""epochs"": 800, ""include_reg_in_val"": false, ""shuffle"": true}}"
637093e78b9a,1,0.6864722130747647,0.0,0.6864722130747647,0.0,0.524,0.0,35.2,0.0,"{""callbacks"": {""early_stopping"": true, ""min_delta"": 0.0, ""mode"": ""auto"", ""monitor"": ""val_loss"", ""patience"": 40, ""restore_best_weights"": true, ""verbose"": 0}, ""cv"": {""k"": 5, ""seed"": 42, ""shuffle"": true}, ""data"": {""train_path"": ""data/MONK/MONK1/monks-1.train""}, ""model"": {""activation"": ""relu"", ""dropout"": 0.0, ""hidden_units"": [4, 4]}, ""optim"": {""lr"": 0.3, ""momentum"": 0.0, ""name"": ""adam""}, ""regularizer"": {""l2"": 7e-07}, ""seed"": 42, ""split"": {""stratified"": true, ""val_size"": 0.2}, ""training"": {""batch_size"": 16, ""epochs"": 800, ""include_reg_in_val"": false, ""shuffle"": true}}"
eb9787cc1d4e,1,0.68684246101879,0.0,0.68684246101879,0.0,0.524,0.0,27.2,0.0,"{""callbacks"": {""early_stopping"": true, ""min_delta"": 0.0, ""mode"": ""auto"", ""monitor"": ""val_loss"", ""patience"": 40, ""restore_best_weights"": true, ""verbose"": 0}, ""cv"": {""k"": 5, ""seed"": 42, ""shuffle"": true}, ""data"": {""train_path"": ""data/MONK/MONK1/monks-1.train""}, ""model"": {""activation"": ""relu"", ""dropout"": 0.0, ""hidden_units"": [4, 4]}, ""optim"": {""lr"": 0.3, ""momentum"": 0.0, ""name"": ""adam""}, ""regularizer"": {""l2"": 1e-06}, ""seed"": 42, ""split"": {""stratified"": true, ""val_size"": 0.2}, ""training"": {""batch_size"": 16, ""epochs"": 800, ""include_reg_in_val"": false, ""shuffle"": true}}"
037524dd80ce,1,0.6925072695069296,0.0,0.6925072695069296,0.0,0.516,0.0,54.0,0.0,"{""callbacks"": {""early_stopping"": true, ""min_delta"": 0.0, ""mode"": ""auto"", ""monitor"": ""val_loss"", ""patience"": 40, ""restore_best_weights"": true, ""verbose"": 0}, ""cv"": {""k"": 5, ""seed"": 42, ""shuffle"": true}, ""data"": {""train_path"": ""data/MONK/MONK1/monks-1.train""}, ""model"": {""activation"": ""relu"", ""dropout"": 0.07, ""hidden_units"": [8, 4]}, ""optim"": {""lr"": 0.3, ""momentum"": 0.0, ""name"": ""adam""}, ""regularizer"": {""l2"": 7e-07}, ""seed"": 42, ""split"": {""stratified"": true, ""val_size"": 0.2}, ""training"": {""batch_size"": 16, ""epochs"": 800, ""include_reg_in_val"": false, ""shuffle"": true}}"
4c8458d9f26e,1,0.6925094223997121,0.0,0.6925094223997121,0.0,0.516,0.0,42.0,0.0,"{""callbacks"": {""early_stopping"": true, ""min_delta"": 0.0, ""mode"": ""auto"", ""monitor"": ""val_loss"", ""patience"": 40, ""restore_best_weights"": true, ""verbose"": 0}, ""cv"": {""k"": 5, ""seed"": 42, ""shuffle"": true}, ""data"": {""train_path"": ""data/MONK/MONK1/monks-1.train""}, ""model"": {""activation"": ""relu"", ""dropout"": 0.07, ""hidden_units"": [4, 4]}, ""optim"": {""lr"": 0.3, ""momentum"": 0.0, ""name"": ""adam""}, ""regularizer"": {""l2"": 0.0}, ""seed"": 42, ""split"": {""stratified"": true, ""val_size"": 0.2}, ""training"": {""batch_size"": 16, ""epochs"": 800, ""include_reg_in_val"": false, ""shuffle"": true}}"
42ac15960a24,1,0.6925094614541012,0.0,0.6925094614541012,0.0,0.516,0.0,42.0,0.0,"{""callbacks"": {""early_stopping"": true, ""min_delta"": 0.0, ""mode"": ""auto"", ""monitor"": ""val_loss"", ""patience"": 40, ""restore_best_weights"": true, ""verbose"": 0}, ""cv"": {""k"": 5, ""seed"": 42, ""shuffle"": true}, ""data"": {""train_path"": ""data/MONK/MONK1/monks-1.train""}, ""model"": {""activation"": ""relu"", ""dropout"": 0.07, ""hidden_units"": [4, 4]}, ""optim"": {""lr"": 0.3, ""momentum"": 0.0, ""name"": ""adam""}, ""regularizer"": {""l2"": 3e-07}, ""seed"": 42, ""split"": {""stratified"": true, ""val_size"": 0.2}, ""training"": {""batch_size"": 16, ""epochs"": 800, ""include_reg_in_val"": false, ""shuffle"": true}}"
7e00aae27e84,1,0.6925094754700878,0.0,0.6925094754700878,0.0,0.516,0.0,42.0,0.0,"{""callbacks"": {""early_stopping"": true, ""min_delta"": 0.0, ""mode"": ""auto"", ""monitor"": ""val_loss"", ""patience"": 40, ""restore_best_weights"": true, ""verbose"": 0}, ""cv"": {""k"": 5, ""seed"": 42, ""shuffle"": true}, ""data"": {""train_path"": ""data/MONK/MONK1/monks-1.train""}, ""model"": {""activation"": ""relu"", ""dropout"": 0.07, ""hidden_units"": [4, 4]}, ""optim"": {""lr"": 0.3, ""momentum"": 0.0, ""name"": ""adam""}, ""regularizer"": {""l2"": 7e-07}, ""seed"": 42, ""split"": {""stratified"": true, ""val_size"": 0.2}, ""training"": {""batch_size"": 16, ""epochs"": 800, ""include_reg_in_val"": false, ""shuffle"": true}}"
deea6cc17907,1,0.6925096648604983,0.0,0.6925096648604983,0.0,0.516,0.0,42.0,0.0,"{""callbacks"": {""early_stopping"": true, ""min_delta"": 0.0, ""mode"": ""auto"", ""monitor"": ""val_loss"", ""patience"": 40, ""restore_best_weights"": true, ""verbose"": 0}, ""cv"": {""k"": 5, ""seed"": 42, ""shuffle"": true}, ""data"": {""train_path"": ""data/MONK/MONK1/monks-1.train""}, ""model"": {""activation"": ""relu"", ""dropout"": 0.03, ""hidden_units"": [4, 4]}, ""optim"": {""lr"": 0.3, ""momentum"": 0.0, ""name"": ""adam""}, ""regularizer"": {""l2"": 0.0}, ""seed"": 42, ""split"": {""stratified"": true, ""val_size"": 0.2}, ""training"": {""batch_size"": 16, ""epochs"": 800, ""include_reg_in_val"": false, ""shuffle"": true}}"
b9b7fc05d134,1,0.6925097499183528,0.0,0.6925097499183528,0.0,0.516,0.0,29.6,0.0,"{""callbacks"": {""early_stopping"": true, ""min_delta"": 0.0, ""mode"": ""auto"", ""monitor"": ""val_loss"", ""patience"": 40, ""restore_best_weights"": true, ""verbose"": 0}, ""cv"": {""k"": 5, ""seed"": 42, ""shuffle"": true}, ""data"": {""train_path"": ""data/MONK/MONK1/monks-1.train""}, ""model"": {""activation"": ""relu"", ""dropout"": 0.07, ""hidden_units"": [4, 4]}, ""optim"": {""lr"": 0.3, ""momentum"": 0.0, ""name"": ""adam""}, ""regularizer"": {""l2"": 1e-06}, ""seed"": 42, ""split"": {""stratified"": true, ""val_size"": 0.2}, ""training"": {""batch_size"": 16, ""epochs"": 800, ""include_reg_in_val"": false, ""shuffle"": true}}"
15ff4163d049,1,0.6925104540948281,0.0,0.6925104540948281,0.0,0.516,0.0,35.4,0.0,"{""callbacks"": {""early_stopping"": true, ""min_delta"": 0.0, ""mode"": ""auto"", ""monitor"": ""val_loss"", ""patience"": 40, ""restore_best_weights"": true, ""verbose"": 0}, ""cv"": {""k"": 5, ""seed"": 42, ""shuffle"": true}, ""data"": {""train_path"": ""data/MONK/MONK1/monks-1.train""}, ""model"": {""activation"": ""relu"", ""dropout"": 0.07, ""hidden_units"": [8, 4]}, ""optim"": {""lr"": 0.3, ""momentum"": 0.0, ""name"": ""adam""}, ""regularizer"": {""l2"": 0.0}, ""seed"": 42, ""split"": {""stratified"": true, ""val_size"": 0.2}, ""training"": {""batch_size"": 16, ""epochs"": 800, ""include_reg_in_val"": false, ""shuffle"": true}}"
2aaa0784878d,1,0.6925110245190526,0.0,0.6925110245190526,0.0,0.516,0.0,35.4,0.0,"{""callbacks"": {""early_stopping"": true, ""min_delta"": 0.0, ""mode"": ""auto"", ""monitor"": ""val_loss"", ""patience"": 40, ""restore_best_weights"": true, ""verbose"": 0}, ""cv"": {""k"": 5, ""seed"": 42, ""shuffle"": true}, ""data"": {""train_path"": ""data/MONK/MONK1/monks-1.train""}, ""model"": {""activation"": ""relu"", ""dropout"": 0.0, ""hidden_units"": [8, 4]}, ""optim"": {""lr"": 0.3, ""momentum"": 0.0, ""name"": ""adam""}, ""regularizer"": {""l2"": 3e-07}, ""seed"": 42, ""split"": {""stratified"": true, ""val_size"": 0.2}, ""training"": {""batch_size"": 16, ""epochs"": 800, ""include_reg_in_val"": false, ""shuffle"": true}}"
