config_id,seed,mode,objective,objective_mode,score_mean,score_std,val_loss_mean,val_loss_std,val_acc_mean,val_acc_std,best_epoch_mean,best_epoch_std,train_time_sec,config_json
58daa6981e7a,42,kfold,val_loss,min,0.3419857144758875,,0.3419857144758875,0.0642615802609103,0.8710000000000001,0.046518813398452034,35.0,28.809720581775867,1.677840232849121,"{""callbacks"": {""early_stopping"": true, ""min_delta"": 0.0, ""mode"": ""auto"", ""monitor"": ""val_loss"", ""patience"": 40, ""restore_best_weights"": true, ""verbose"": 0}, ""cv"": {""k"": 5, ""seed"": 42, ""shuffle"": true}, ""data"": {""train_path"": ""data/MONK/MONK1/monks-1.train""}, ""model"": {""activation"": ""tanh"", ""dropout"": 0.0, ""hidden_units"": [4, 4]}, ""optim"": {""lr"": 0.3, ""momentum"": 0.0, ""name"": ""adam""}, ""regularizer"": {""l2"": 7e-07}, ""seed"": 42, ""split"": {""stratified"": true, ""val_size"": 0.2}, ""training"": {""batch_size"": 16, ""epochs"": 800, ""include_reg_in_val"": false, ""shuffle"": true}}"
9831a2f1962a,42,kfold,val_loss,min,0.47115216324066955,,0.47115216324066955,0.057085075226608564,0.782,0.04915282290977802,32.2,26.01076700137849,1.6800658702850342,"{""callbacks"": {""early_stopping"": true, ""min_delta"": 0.0, ""mode"": ""auto"", ""monitor"": ""val_loss"", ""patience"": 40, ""restore_best_weights"": true, ""verbose"": 0}, ""cv"": {""k"": 5, ""seed"": 42, ""shuffle"": true}, ""data"": {""train_path"": ""data/MONK/MONK1/monks-1.train""}, ""model"": {""activation"": ""tanh"", ""dropout"": 0.0, ""hidden_units"": [4, 4]}, ""optim"": {""lr"": 0.3, ""momentum"": 0.0, ""name"": ""adam""}, ""regularizer"": {""l2"": 0.0}, ""seed"": 42, ""split"": {""stratified"": true, ""val_size"": 0.2}, ""training"": {""batch_size"": 16, ""epochs"": 800, ""include_reg_in_val"": false, ""shuffle"": true}}"
a401c1baf8a4,42,kfold,val_loss,min,0.3480516749802327,,0.3480516749802327,0.10536046054520269,0.8463333333333335,0.06532312845471433,46.2,20.643643089338664,2.3895633220672607,"{""callbacks"": {""early_stopping"": true, ""min_delta"": 0.0, ""mode"": ""auto"", ""monitor"": ""val_loss"", ""patience"": 40, ""restore_best_weights"": true, ""verbose"": 0}, ""cv"": {""k"": 5, ""seed"": 42, ""shuffle"": true}, ""data"": {""train_path"": ""data/MONK/MONK1/monks-1.train""}, ""model"": {""activation"": ""tanh"", ""dropout"": 0.0, ""hidden_units"": [4, 4]}, ""optim"": {""lr"": 0.3, ""momentum"": 0.0, ""name"": ""adam""}, ""regularizer"": {""l2"": 1e-06}, ""seed"": 42, ""split"": {""stratified"": true, ""val_size"": 0.2}, ""training"": {""batch_size"": 16, ""epochs"": 800, ""include_reg_in_val"": false, ""shuffle"": true}}"
c580869a1b9a,42,kfold,val_loss,min,0.24409401382956855,,0.24409401382956855,0.13449100095494754,0.8879999999999999,0.096,83.4,12.84678948220138,2.947922706604004,"{""callbacks"": {""early_stopping"": true, ""min_delta"": 0.0, ""mode"": ""auto"", ""monitor"": ""val_loss"", ""patience"": 40, ""restore_best_weights"": true, ""verbose"": 0}, ""cv"": {""k"": 5, ""seed"": 42, ""shuffle"": true}, ""data"": {""train_path"": ""data/MONK/MONK1/monks-1.train""}, ""model"": {""activation"": ""tanh"", ""dropout"": 0.0, ""hidden_units"": [4, 4]}, ""optim"": {""lr"": 0.3, ""momentum"": 0.0, ""name"": ""adam""}, ""regularizer"": {""l2"": 3e-07}, ""seed"": 42, ""split"": {""stratified"": true, ""val_size"": 0.2}, ""training"": {""batch_size"": 16, ""epochs"": 800, ""include_reg_in_val"": false, ""shuffle"": true}}"
c2b1524febec,42,kfold,val_loss,min,0.1497264941499567,,0.1497264941499567,0.13607138857492992,0.9349999999999999,0.06587867636800242,368.8,351.95420156605604,5.595877170562744,"{""callbacks"": {""early_stopping"": true, ""min_delta"": 0.0, ""mode"": ""auto"", ""monitor"": ""val_loss"", ""patience"": 40, ""restore_best_weights"": true, ""verbose"": 0}, ""cv"": {""k"": 5, ""seed"": 42, ""shuffle"": true}, ""data"": {""train_path"": ""data/MONK/MONK1/monks-1.train""}, ""model"": {""activation"": ""tanh"", ""dropout"": 0.0, ""hidden_units"": [4, 4]}, ""optim"": {""lr"": 0.3, ""momentum"": 0.0, ""name"": ""sgd""}, ""regularizer"": {""l2"": 0.0}, ""seed"": 42, ""split"": {""stratified"": true, ""val_size"": 0.2}, ""training"": {""batch_size"": 16, ""epochs"": 800, ""include_reg_in_val"": false, ""shuffle"": true}}"
e9fe2405a931,42,kfold,val_loss,min,0.1497254563752198,,0.1497254563752198,0.13606817173399122,0.9349999999999999,0.06587867636800242,368.8,351.95420156605604,6.256360054016113,"{""callbacks"": {""early_stopping"": true, ""min_delta"": 0.0, ""mode"": ""auto"", ""monitor"": ""val_loss"", ""patience"": 40, ""restore_best_weights"": true, ""verbose"": 0}, ""cv"": {""k"": 5, ""seed"": 42, ""shuffle"": true}, ""data"": {""train_path"": ""data/MONK/MONK1/monks-1.train""}, ""model"": {""activation"": ""tanh"", ""dropout"": 0.0, ""hidden_units"": [4, 4]}, ""optim"": {""lr"": 0.3, ""momentum"": 0.0, ""name"": ""sgd""}, ""regularizer"": {""l2"": 3e-07}, ""seed"": 42, ""split"": {""stratified"": true, ""val_size"": 0.2}, ""training"": {""batch_size"": 16, ""epochs"": 800, ""include_reg_in_val"": false, ""shuffle"": true}}"
880e8bf80492,42,kfold,val_loss,min,0.1497230422729893,,0.1497230422729893,0.13606065888558297,0.9349999999999999,0.06587867636800242,368.8,351.95420156605604,7.116542339324951,"{""callbacks"": {""early_stopping"": true, ""min_delta"": 0.0, ""mode"": ""auto"", ""monitor"": ""val_loss"", ""patience"": 40, ""restore_best_weights"": true, ""verbose"": 0}, ""cv"": {""k"": 5, ""seed"": 42, ""shuffle"": true}, ""data"": {""train_path"": ""data/MONK/MONK1/monks-1.train""}, ""model"": {""activation"": ""tanh"", ""dropout"": 0.0, ""hidden_units"": [4, 4]}, ""optim"": {""lr"": 0.3, ""momentum"": 0.0, ""name"": ""sgd""}, ""regularizer"": {""l2"": 1e-06}, ""seed"": 42, ""split"": {""stratified"": true, ""val_size"": 0.2}, ""training"": {""batch_size"": 16, ""epochs"": 800, ""include_reg_in_val"": false, ""shuffle"": true}}"
fa62b21f0f48,42,kfold,val_loss,min,0.4787792797933411,,0.4787792797933411,0.22847189403772675,0.7503333333333333,0.16231793219207516,32.0,20.00999750124922,1.7013895511627197,"{""callbacks"": {""early_stopping"": true, ""min_delta"": 0.0, ""mode"": ""auto"", ""monitor"": ""val_loss"", ""patience"": 40, ""restore_best_weights"": true, ""verbose"": 0}, ""cv"": {""k"": 5, ""seed"": 42, ""shuffle"": true}, ""data"": {""train_path"": ""data/MONK/MONK1/monks-1.train""}, ""model"": {""activation"": ""tanh"", ""dropout"": 0.0, ""hidden_units"": [8, 4]}, ""optim"": {""lr"": 0.3, ""momentum"": 0.0, ""name"": ""adam""}, ""regularizer"": {""l2"": 0.0}, ""seed"": 42, ""split"": {""stratified"": true, ""val_size"": 0.2}, ""training"": {""batch_size"": 16, ""epochs"": 800, ""include_reg_in_val"": false, ""shuffle"": true}}"
0f787c06825e,42,kfold,val_loss,min,0.14972407562572215,,0.14972407562572215,0.13606387985695365,0.9349999999999999,0.06587867636800242,368.8,351.95420156605604,7.445358753204346,"{""callbacks"": {""early_stopping"": true, ""min_delta"": 0.0, ""mode"": ""auto"", ""monitor"": ""val_loss"", ""patience"": 40, ""restore_best_weights"": true, ""verbose"": 0}, ""cv"": {""k"": 5, ""seed"": 42, ""shuffle"": true}, ""data"": {""train_path"": ""data/MONK/MONK1/monks-1.train""}, ""model"": {""activation"": ""tanh"", ""dropout"": 0.0, ""hidden_units"": [4, 4]}, ""optim"": {""lr"": 0.3, ""momentum"": 0.0, ""name"": ""sgd""}, ""regularizer"": {""l2"": 7e-07}, ""seed"": 42, ""split"": {""stratified"": true, ""val_size"": 0.2}, ""training"": {""batch_size"": 16, ""epochs"": 800, ""include_reg_in_val"": false, ""shuffle"": true}}"
5286697ec081,42,kfold,val_loss,min,0.45014381246373086,,0.45014381246373086,0.1336061358885769,0.7583333333333333,0.12082126376502512,44.8,24.959166652755055,2.0760462284088135,"{""callbacks"": {""early_stopping"": true, ""min_delta"": 0.0, ""mode"": ""auto"", ""monitor"": ""val_loss"", ""patience"": 40, ""restore_best_weights"": true, ""verbose"": 0}, ""cv"": {""k"": 5, ""seed"": 42, ""shuffle"": true}, ""data"": {""train_path"": ""data/MONK/MONK1/monks-1.train""}, ""model"": {""activation"": ""tanh"", ""dropout"": 0.0, ""hidden_units"": [8, 4]}, ""optim"": {""lr"": 0.3, ""momentum"": 0.0, ""name"": ""adam""}, ""regularizer"": {""l2"": 3e-07}, ""seed"": 42, ""split"": {""stratified"": true, ""val_size"": 0.2}, ""training"": {""batch_size"": 16, ""epochs"": 800, ""include_reg_in_val"": false, ""shuffle"": true}}"
e6078ca3c3d9,42,kfold,val_loss,min,0.04320456966981628,,0.04320456966981628,0.03657905370862796,0.984,0.01959591794226544,454.2,294.5392333798674,7.116624593734741,"{""callbacks"": {""early_stopping"": true, ""min_delta"": 0.0, ""mode"": ""auto"", ""monitor"": ""val_loss"", ""patience"": 40, ""restore_best_weights"": true, ""verbose"": 0}, ""cv"": {""k"": 5, ""seed"": 42, ""shuffle"": true}, ""data"": {""train_path"": ""data/MONK/MONK1/monks-1.train""}, ""model"": {""activation"": ""tanh"", ""dropout"": 0.0, ""hidden_units"": [8, 4]}, ""optim"": {""lr"": 0.3, ""momentum"": 0.0, ""name"": ""sgd""}, ""regularizer"": {""l2"": 0.0}, ""seed"": 42, ""split"": {""stratified"": true, ""val_size"": 0.2}, ""training"": {""batch_size"": 16, ""epochs"": 800, ""include_reg_in_val"": false, ""shuffle"": true}}"
a18a667581d7,42,kfold,val_loss,min,0.4166857648982221,,0.4166857648982221,0.15881212961979527,0.7826666666666667,0.14171018939292182,33.0,18.077610461562667,2.1963918209075928,"{""callbacks"": {""early_stopping"": true, ""min_delta"": 0.0, ""mode"": ""auto"", ""monitor"": ""val_loss"", ""patience"": 40, ""restore_best_weights"": true, ""verbose"": 0}, ""cv"": {""k"": 5, ""seed"": 42, ""shuffle"": true}, ""data"": {""train_path"": ""data/MONK/MONK1/monks-1.train""}, ""model"": {""activation"": ""tanh"", ""dropout"": 0.0, ""hidden_units"": [8, 4]}, ""optim"": {""lr"": 0.3, ""momentum"": 0.0, ""name"": ""adam""}, ""regularizer"": {""l2"": 1e-06}, ""seed"": 42, ""split"": {""stratified"": true, ""val_size"": 0.2}, ""training"": {""batch_size"": 16, ""epochs"": 800, ""include_reg_in_val"": false, ""shuffle"": true}}"
e451b1b2cfc3,42,kfold,val_loss,min,0.39364548490403994,,0.39364548490403994,0.18116509567974404,0.7906666666666667,0.14796996692272088,56.4,11.46472851837321,2.6934776306152344,"{""callbacks"": {""early_stopping"": true, ""min_delta"": 0.0, ""mode"": ""auto"", ""monitor"": ""val_loss"", ""patience"": 40, ""restore_best_weights"": true, ""verbose"": 0}, ""cv"": {""k"": 5, ""seed"": 42, ""shuffle"": true}, ""data"": {""train_path"": ""data/MONK/MONK1/monks-1.train""}, ""model"": {""activation"": ""tanh"", ""dropout"": 0.0, ""hidden_units"": [8, 4]}, ""optim"": {""lr"": 0.3, ""momentum"": 0.0, ""name"": ""adam""}, ""regularizer"": {""l2"": 7e-07}, ""seed"": 42, ""split"": {""stratified"": true, ""val_size"": 0.2}, ""training"": {""batch_size"": 16, ""epochs"": 800, ""include_reg_in_val"": false, ""shuffle"": true}}"
de29bd5cfe55,42,kfold,val_loss,min,0.043200147365815025,,0.043200147365815025,0.03657402039010238,0.984,0.01959591794226544,454.2,294.5392333798674,9.479080438613892,"{""callbacks"": {""early_stopping"": true, ""min_delta"": 0.0, ""mode"": ""auto"", ""monitor"": ""val_loss"", ""patience"": 40, ""restore_best_weights"": true, ""verbose"": 0}, ""cv"": {""k"": 5, ""seed"": 42, ""shuffle"": true}, ""data"": {""train_path"": ""data/MONK/MONK1/monks-1.train""}, ""model"": {""activation"": ""tanh"", ""dropout"": 0.0, ""hidden_units"": [8, 4]}, ""optim"": {""lr"": 0.3, ""momentum"": 0.0, ""name"": ""sgd""}, ""regularizer"": {""l2"": 3e-07}, ""seed"": 42, ""split"": {""stratified"": true, ""val_size"": 0.2}, ""training"": {""batch_size"": 16, ""epochs"": 800, ""include_reg_in_val"": false, ""shuffle"": true}}"
c1ca126e9b01,42,kfold,val_loss,min,0.04318974795101953,,0.04318974795101953,0.036562297236260075,0.984,0.01959591794226544,454.2,294.5392333798674,8.314759254455566,"{""callbacks"": {""early_stopping"": true, ""min_delta"": 0.0, ""mode"": ""auto"", ""monitor"": ""val_loss"", ""patience"": 40, ""restore_best_weights"": true, ""verbose"": 0}, ""cv"": {""k"": 5, ""seed"": 42, ""shuffle"": true}, ""data"": {""train_path"": ""data/MONK/MONK1/monks-1.train""}, ""model"": {""activation"": ""tanh"", ""dropout"": 0.0, ""hidden_units"": [8, 4]}, ""optim"": {""lr"": 0.3, ""momentum"": 0.0, ""name"": ""sgd""}, ""regularizer"": {""l2"": 1e-06}, ""seed"": 42, ""split"": {""stratified"": true, ""val_size"": 0.2}, ""training"": {""batch_size"": 16, ""epochs"": 800, ""include_reg_in_val"": false, ""shuffle"": true}}"
032f93be2094,42,kfold,val_loss,min,0.04319421865168204,,0.04319421865168204,0.03656731779594902,0.984,0.01959591794226544,454.2,294.5392333798674,9.408386945724487,"{""callbacks"": {""early_stopping"": true, ""min_delta"": 0.0, ""mode"": ""auto"", ""monitor"": ""val_loss"", ""patience"": 40, ""restore_best_weights"": true, ""verbose"": 0}, ""cv"": {""k"": 5, ""seed"": 42, ""shuffle"": true}, ""data"": {""train_path"": ""data/MONK/MONK1/monks-1.train""}, ""model"": {""activation"": ""tanh"", ""dropout"": 0.0, ""hidden_units"": [8, 4]}, ""optim"": {""lr"": 0.3, ""momentum"": 0.0, ""name"": ""sgd""}, ""regularizer"": {""l2"": 7e-07}, ""seed"": 42, ""split"": {""stratified"": true, ""val_size"": 0.2}, ""training"": {""batch_size"": 16, ""epochs"": 800, ""include_reg_in_val"": false, ""shuffle"": true}}"
fb3b640467ad,42,kfold,val_loss,min,0.02358626243321191,,0.02358626243321191,0.029663014110579766,0.992,0.016000000000000014,194.6,78.28307607650584,4.671157360076904,"{""callbacks"": {""early_stopping"": true, ""min_delta"": 0.0, ""mode"": ""auto"", ""monitor"": ""val_loss"", ""patience"": 40, ""restore_best_weights"": true, ""verbose"": 0}, ""cv"": {""k"": 5, ""seed"": 42, ""shuffle"": true}, ""data"": {""train_path"": ""data/MONK/MONK1/monks-1.train""}, ""model"": {""activation"": ""tanh"", ""dropout"": 0.03, ""hidden_units"": [4, 4]}, ""optim"": {""lr"": 0.3, ""momentum"": 0.0, ""name"": ""sgd""}, ""regularizer"": {""l2"": 0.0}, ""seed"": 42, ""split"": {""stratified"": true, ""val_size"": 0.2}, ""training"": {""batch_size"": 16, ""epochs"": 800, ""include_reg_in_val"": false, ""shuffle"": true}}"
c8ac47d67020,42,kfold,val_loss,min,0.4502803182101861,,0.4502803182101861,0.144264724272672,0.726,0.11655041827466772,77.0,38.93584466786357,3.023277997970581,"{""callbacks"": {""early_stopping"": true, ""min_delta"": 0.0, ""mode"": ""auto"", ""monitor"": ""val_loss"", ""patience"": 40, ""restore_best_weights"": true, ""verbose"": 0}, ""cv"": {""k"": 5, ""seed"": 42, ""shuffle"": true}, ""data"": {""train_path"": ""data/MONK/MONK1/monks-1.train""}, ""model"": {""activation"": ""tanh"", ""dropout"": 0.03, ""hidden_units"": [4, 4]}, ""optim"": {""lr"": 0.3, ""momentum"": 0.0, ""name"": ""adam""}, ""regularizer"": {""l2"": 0.0}, ""seed"": 42, ""split"": {""stratified"": true, ""val_size"": 0.2}, ""training"": {""batch_size"": 16, ""epochs"": 800, ""include_reg_in_val"": false, ""shuffle"": true}}"
1828db17c048,42,kfold,val_loss,min,0.023588428227685095,,0.023588428227685095,0.029670764624822012,0.992,0.016000000000000014,194.6,78.28307607650584,4.792137145996094,"{""callbacks"": {""early_stopping"": true, ""min_delta"": 0.0, ""mode"": ""auto"", ""monitor"": ""val_loss"", ""patience"": 40, ""restore_best_weights"": true, ""verbose"": 0}, ""cv"": {""k"": 5, ""seed"": 42, ""shuffle"": true}, ""data"": {""train_path"": ""data/MONK/MONK1/monks-1.train""}, ""model"": {""activation"": ""tanh"", ""dropout"": 0.03, ""hidden_units"": [4, 4]}, ""optim"": {""lr"": 0.3, ""momentum"": 0.0, ""name"": ""sgd""}, ""regularizer"": {""l2"": 3e-07}, ""seed"": 42, ""split"": {""stratified"": true, ""val_size"": 0.2}, ""training"": {""batch_size"": 16, ""epochs"": 800, ""include_reg_in_val"": false, ""shuffle"": true}}"
8ec3d68e5a8d,42,kfold,val_loss,min,0.434784736461631,,0.434784736461631,0.12740229441675716,0.8053333333333332,0.08201896799589173,28.2,14.688771221582831,1.981569528579712,"{""callbacks"": {""early_stopping"": true, ""min_delta"": 0.0, ""mode"": ""auto"", ""monitor"": ""val_loss"", ""patience"": 40, ""restore_best_weights"": true, ""verbose"": 0}, ""cv"": {""k"": 5, ""seed"": 42, ""shuffle"": true}, ""data"": {""train_path"": ""data/MONK/MONK1/monks-1.train""}, ""model"": {""activation"": ""tanh"", ""dropout"": 0.03, ""hidden_units"": [4, 4]}, ""optim"": {""lr"": 0.3, ""momentum"": 0.0, ""name"": ""adam""}, ""regularizer"": {""l2"": 3e-07}, ""seed"": 42, ""split"": {""stratified"": true, ""val_size"": 0.2}, ""training"": {""batch_size"": 16, ""epochs"": 800, ""include_reg_in_val"": false, ""shuffle"": true}}"
7679ab6834ef,42,kfold,val_loss,min,0.023591310995479692,,0.023591310995479692,0.029681089439158724,0.992,0.016000000000000014,194.6,78.28307607650584,4.808765172958374,"{""callbacks"": {""early_stopping"": true, ""min_delta"": 0.0, ""mode"": ""auto"", ""monitor"": ""val_loss"", ""patience"": 40, ""restore_best_weights"": true, ""verbose"": 0}, ""cv"": {""k"": 5, ""seed"": 42, ""shuffle"": true}, ""data"": {""train_path"": ""data/MONK/MONK1/monks-1.train""}, ""model"": {""activation"": ""tanh"", ""dropout"": 0.03, ""hidden_units"": [4, 4]}, ""optim"": {""lr"": 0.3, ""momentum"": 0.0, ""name"": ""sgd""}, ""regularizer"": {""l2"": 7e-07}, ""seed"": 42, ""split"": {""stratified"": true, ""val_size"": 0.2}, ""training"": {""batch_size"": 16, ""epochs"": 800, ""include_reg_in_val"": false, ""shuffle"": true}}"
ae3857475593,42,kfold,val_loss,min,0.31112879931733695,,0.31112879931733695,0.1931606338730992,0.8140000000000001,0.1474584687293341,46.0,26.130442016927304,2.402974843978882,"{""callbacks"": {""early_stopping"": true, ""min_delta"": 0.0, ""mode"": ""auto"", ""monitor"": ""val_loss"", ""patience"": 40, ""restore_best_weights"": true, ""verbose"": 0}, ""cv"": {""k"": 5, ""seed"": 42, ""shuffle"": true}, ""data"": {""train_path"": ""data/MONK/MONK1/monks-1.train""}, ""model"": {""activation"": ""tanh"", ""dropout"": 0.03, ""hidden_units"": [4, 4]}, ""optim"": {""lr"": 0.3, ""momentum"": 0.0, ""name"": ""adam""}, ""regularizer"": {""l2"": 7e-07}, ""seed"": 42, ""split"": {""stratified"": true, ""val_size"": 0.2}, ""training"": {""batch_size"": 16, ""epochs"": 800, ""include_reg_in_val"": false, ""shuffle"": true}}"
f9dcbc3c2cde,42,kfold,val_loss,min,0.02359346930423547,,0.02359346930423547,0.029688826103191488,0.992,0.016000000000000014,194.6,78.28307607650584,4.978292226791382,"{""callbacks"": {""early_stopping"": true, ""min_delta"": 0.0, ""mode"": ""auto"", ""monitor"": ""val_loss"", ""patience"": 40, ""restore_best_weights"": true, ""verbose"": 0}, ""cv"": {""k"": 5, ""seed"": 42, ""shuffle"": true}, ""data"": {""train_path"": ""data/MONK/MONK1/monks-1.train""}, ""model"": {""activation"": ""tanh"", ""dropout"": 0.03, ""hidden_units"": [4, 4]}, ""optim"": {""lr"": 0.3, ""momentum"": 0.0, ""name"": ""sgd""}, ""regularizer"": {""l2"": 1e-06}, ""seed"": 42, ""split"": {""stratified"": true, ""val_size"": 0.2}, ""training"": {""batch_size"": 16, ""epochs"": 800, ""include_reg_in_val"": false, ""shuffle"": true}}"
8a263d721896,42,kfold,val_loss,min,0.35481304145198733,,0.35481304145198733,0.08702377675081852,0.8469999999999999,0.05249761899362675,48.4,17.53396703544295,2.6254689693450928,"{""callbacks"": {""early_stopping"": true, ""min_delta"": 0.0, ""mode"": ""auto"", ""monitor"": ""val_loss"", ""patience"": 40, ""restore_best_weights"": true, ""verbose"": 0}, ""cv"": {""k"": 5, ""seed"": 42, ""shuffle"": true}, ""data"": {""train_path"": ""data/MONK/MONK1/monks-1.train""}, ""model"": {""activation"": ""tanh"", ""dropout"": 0.03, ""hidden_units"": [4, 4]}, ""optim"": {""lr"": 0.3, ""momentum"": 0.0, ""name"": ""adam""}, ""regularizer"": {""l2"": 1e-06}, ""seed"": 42, ""split"": {""stratified"": true, ""val_size"": 0.2}, ""training"": {""batch_size"": 16, ""epochs"": 800, ""include_reg_in_val"": false, ""shuffle"": true}}"
fc8bce29d979,42,kfold,val_loss,min,0.42803185777597175,,0.42803185777597175,0.21266025634566765,0.767,0.14978651474682225,23.6,21.067510531621906,1.8575186729431152,"{""callbacks"": {""early_stopping"": true, ""min_delta"": 0.0, ""mode"": ""auto"", ""monitor"": ""val_loss"", ""patience"": 40, ""restore_best_weights"": true, ""verbose"": 0}, ""cv"": {""k"": 5, ""seed"": 42, ""shuffle"": true}, ""data"": {""train_path"": ""data/MONK/MONK1/monks-1.train""}, ""model"": {""activation"": ""tanh"", ""dropout"": 0.03, ""hidden_units"": [8, 4]}, ""optim"": {""lr"": 0.3, ""momentum"": 0.0, ""name"": ""adam""}, ""regularizer"": {""l2"": 3e-07}, ""seed"": 42, ""split"": {""stratified"": true, ""val_size"": 0.2}, ""training"": {""batch_size"": 16, ""epochs"": 800, ""include_reg_in_val"": false, ""shuffle"": true}}"
26c000328491,42,kfold,val_loss,min,0.00967972292293083,,0.00967972292293083,0.01009667418096181,1.0,0.0,141.6,32.87917273898478,3.6703274250030518,"{""callbacks"": {""early_stopping"": true, ""min_delta"": 0.0, ""mode"": ""auto"", ""monitor"": ""val_loss"", ""patience"": 40, ""restore_best_weights"": true, ""verbose"": 0}, ""cv"": {""k"": 5, ""seed"": 42, ""shuffle"": true}, ""data"": {""train_path"": ""data/MONK/MONK1/monks-1.train""}, ""model"": {""activation"": ""tanh"", ""dropout"": 0.03, ""hidden_units"": [8, 4]}, ""optim"": {""lr"": 0.3, ""momentum"": 0.0, ""name"": ""sgd""}, ""regularizer"": {""l2"": 0.0}, ""seed"": 42, ""split"": {""stratified"": true, ""val_size"": 0.2}, ""training"": {""batch_size"": 16, ""epochs"": 800, ""include_reg_in_val"": false, ""shuffle"": true}}"
6881e98c8447,42,kfold,val_loss,min,0.433768949208943,,0.433768949208943,0.17375081409270923,0.775,0.15652475842498526,68.8,44.00636317624986,2.8617866039276123,"{""callbacks"": {""early_stopping"": true, ""min_delta"": 0.0, ""mode"": ""auto"", ""monitor"": ""val_loss"", ""patience"": 40, ""restore_best_weights"": true, ""verbose"": 0}, ""cv"": {""k"": 5, ""seed"": 42, ""shuffle"": true}, ""data"": {""train_path"": ""data/MONK/MONK1/monks-1.train""}, ""model"": {""activation"": ""tanh"", ""dropout"": 0.03, ""hidden_units"": [8, 4]}, ""optim"": {""lr"": 0.3, ""momentum"": 0.0, ""name"": ""adam""}, ""regularizer"": {""l2"": 0.0}, ""seed"": 42, ""split"": {""stratified"": true, ""val_size"": 0.2}, ""training"": {""batch_size"": 16, ""epochs"": 800, ""include_reg_in_val"": false, ""shuffle"": true}}"
d60739026fe8,42,kfold,val_loss,min,0.009680379449415282,,0.009680379449415282,0.010096044761356658,1.0,0.0,141.6,32.87917273898478,3.752009868621826,"{""callbacks"": {""early_stopping"": true, ""min_delta"": 0.0, ""mode"": ""auto"", ""monitor"": ""val_loss"", ""patience"": 40, ""restore_best_weights"": true, ""verbose"": 0}, ""cv"": {""k"": 5, ""seed"": 42, ""shuffle"": true}, ""data"": {""train_path"": ""data/MONK/MONK1/monks-1.train""}, ""model"": {""activation"": ""tanh"", ""dropout"": 0.03, ""hidden_units"": [8, 4]}, ""optim"": {""lr"": 0.3, ""momentum"": 0.0, ""name"": ""sgd""}, ""regularizer"": {""l2"": 3e-07}, ""seed"": 42, ""split"": {""stratified"": true, ""val_size"": 0.2}, ""training"": {""batch_size"": 16, ""epochs"": 800, ""include_reg_in_val"": false, ""shuffle"": true}}"
09cbdf10a875,42,kfold,val_loss,min,0.4833295453945635,,0.4833295453945635,0.12622022300904484,0.7343333333333333,0.12207283800165282,39.0,33.148152286364315,2.403618812561035,"{""callbacks"": {""early_stopping"": true, ""min_delta"": 0.0, ""mode"": ""auto"", ""monitor"": ""val_loss"", ""patience"": 40, ""restore_best_weights"": true, ""verbose"": 0}, ""cv"": {""k"": 5, ""seed"": 42, ""shuffle"": true}, ""data"": {""train_path"": ""data/MONK/MONK1/monks-1.train""}, ""model"": {""activation"": ""tanh"", ""dropout"": 0.03, ""hidden_units"": [8, 4]}, ""optim"": {""lr"": 0.3, ""momentum"": 0.0, ""name"": ""adam""}, ""regularizer"": {""l2"": 7e-07}, ""seed"": 42, ""split"": {""stratified"": true, ""val_size"": 0.2}, ""training"": {""batch_size"": 16, ""epochs"": 800, ""include_reg_in_val"": false, ""shuffle"": true}}"
ce6e6ea7169f,42,kfold,val_loss,min,0.009681260725457606,,0.009681260725457606,0.010095204037896582,1.0,0.0,141.6,32.87917273898478,3.9047982692718506,"{""callbacks"": {""early_stopping"": true, ""min_delta"": 0.0, ""mode"": ""auto"", ""monitor"": ""val_loss"", ""patience"": 40, ""restore_best_weights"": true, ""verbose"": 0}, ""cv"": {""k"": 5, ""seed"": 42, ""shuffle"": true}, ""data"": {""train_path"": ""data/MONK/MONK1/monks-1.train""}, ""model"": {""activation"": ""tanh"", ""dropout"": 0.03, ""hidden_units"": [8, 4]}, ""optim"": {""lr"": 0.3, ""momentum"": 0.0, ""name"": ""sgd""}, ""regularizer"": {""l2"": 7e-07}, ""seed"": 42, ""split"": {""stratified"": true, ""val_size"": 0.2}, ""training"": {""batch_size"": 16, ""epochs"": 800, ""include_reg_in_val"": false, ""shuffle"": true}}"
9baf4b7fe745,42,kfold,val_loss,min,0.009681926113501629,,0.009681926113501629,0.01009457236815897,1.0,0.0,141.6,32.87917273898478,3.8337297439575195,"{""callbacks"": {""early_stopping"": true, ""min_delta"": 0.0, ""mode"": ""auto"", ""monitor"": ""val_loss"", ""patience"": 40, ""restore_best_weights"": true, ""verbose"": 0}, ""cv"": {""k"": 5, ""seed"": 42, ""shuffle"": true}, ""data"": {""train_path"": ""data/MONK/MONK1/monks-1.train""}, ""model"": {""activation"": ""tanh"", ""dropout"": 0.03, ""hidden_units"": [8, 4]}, ""optim"": {""lr"": 0.3, ""momentum"": 0.0, ""name"": ""sgd""}, ""regularizer"": {""l2"": 1e-06}, ""seed"": 42, ""split"": {""stratified"": true, ""val_size"": 0.2}, ""training"": {""batch_size"": 16, ""epochs"": 800, ""include_reg_in_val"": false, ""shuffle"": true}}"
3b68c705da8f,42,kfold,val_loss,min,0.5356059021599705,,0.5356059021599705,0.16917160245085738,0.652,0.16277591959500645,64.4,29.431955422635447,3.197788715362549,"{""callbacks"": {""early_stopping"": true, ""min_delta"": 0.0, ""mode"": ""auto"", ""monitor"": ""val_loss"", ""patience"": 40, ""restore_best_weights"": true, ""verbose"": 0}, ""cv"": {""k"": 5, ""seed"": 42, ""shuffle"": true}, ""data"": {""train_path"": ""data/MONK/MONK1/monks-1.train""}, ""model"": {""activation"": ""tanh"", ""dropout"": 0.03, ""hidden_units"": [8, 4]}, ""optim"": {""lr"": 0.3, ""momentum"": 0.0, ""name"": ""adam""}, ""regularizer"": {""l2"": 1e-06}, ""seed"": 42, ""split"": {""stratified"": true, ""val_size"": 0.2}, ""training"": {""batch_size"": 16, ""epochs"": 800, ""include_reg_in_val"": false, ""shuffle"": true}}"
efe6b8e48091,42,kfold,val_loss,min,0.42232717324304136,,0.42232717324304136,0.10024552347184107,0.7990000000000002,0.06575712889109436,40.0,17.099707599839242,2.2338390350341797,"{""callbacks"": {""early_stopping"": true, ""min_delta"": 0.0, ""mode"": ""auto"", ""monitor"": ""val_loss"", ""patience"": 40, ""restore_best_weights"": true, ""verbose"": 0}, ""cv"": {""k"": 5, ""seed"": 42, ""shuffle"": true}, ""data"": {""train_path"": ""data/MONK/MONK1/monks-1.train""}, ""model"": {""activation"": ""tanh"", ""dropout"": 0.07, ""hidden_units"": [4, 4]}, ""optim"": {""lr"": 0.3, ""momentum"": 0.0, ""name"": ""adam""}, ""regularizer"": {""l2"": 0.0}, ""seed"": 42, ""split"": {""stratified"": true, ""val_size"": 0.2}, ""training"": {""batch_size"": 16, ""epochs"": 800, ""include_reg_in_val"": false, ""shuffle"": true}}"
9d00b79cd7b9,42,kfold,val_loss,min,0.42428072555306307,,0.42428072555306307,0.1882203499086388,0.799,0.11525623627379127,35.8,26.783577057592588,2.2950496673583984,"{""callbacks"": {""early_stopping"": true, ""min_delta"": 0.0, ""mode"": ""auto"", ""monitor"": ""val_loss"", ""patience"": 40, ""restore_best_weights"": true, ""verbose"": 0}, ""cv"": {""k"": 5, ""seed"": 42, ""shuffle"": true}, ""data"": {""train_path"": ""data/MONK/MONK1/monks-1.train""}, ""model"": {""activation"": ""tanh"", ""dropout"": 0.07, ""hidden_units"": [4, 4]}, ""optim"": {""lr"": 0.3, ""momentum"": 0.0, ""name"": ""adam""}, ""regularizer"": {""l2"": 3e-07}, ""seed"": 42, ""split"": {""stratified"": true, ""val_size"": 0.2}, ""training"": {""batch_size"": 16, ""epochs"": 800, ""include_reg_in_val"": false, ""shuffle"": true}}"
502275bfe466,42,kfold,val_loss,min,0.07778901700675707,,0.07778901700675707,0.08319238956705967,0.968,0.03919183588453083,181.6,91.60043668018183,4.016288757324219,"{""callbacks"": {""early_stopping"": true, ""min_delta"": 0.0, ""mode"": ""auto"", ""monitor"": ""val_loss"", ""patience"": 40, ""restore_best_weights"": true, ""verbose"": 0}, ""cv"": {""k"": 5, ""seed"": 42, ""shuffle"": true}, ""data"": {""train_path"": ""data/MONK/MONK1/monks-1.train""}, ""model"": {""activation"": ""tanh"", ""dropout"": 0.07, ""hidden_units"": [4, 4]}, ""optim"": {""lr"": 0.3, ""momentum"": 0.0, ""name"": ""sgd""}, ""regularizer"": {""l2"": 0.0}, ""seed"": 42, ""split"": {""stratified"": true, ""val_size"": 0.2}, ""training"": {""batch_size"": 16, ""epochs"": 800, ""include_reg_in_val"": false, ""shuffle"": true}}"
facb8ccc2ae7,42,kfold,val_loss,min,0.4250879417413459,,0.4250879417413459,0.1784337212052053,0.774,0.1490771612286738,56.2,46.18397990645674,3.090642213821411,"{""callbacks"": {""early_stopping"": true, ""min_delta"": 0.0, ""mode"": ""auto"", ""monitor"": ""val_loss"", ""patience"": 40, ""restore_best_weights"": true, ""verbose"": 0}, ""cv"": {""k"": 5, ""seed"": 42, ""shuffle"": true}, ""data"": {""train_path"": ""data/MONK/MONK1/monks-1.train""}, ""model"": {""activation"": ""tanh"", ""dropout"": 0.07, ""hidden_units"": [4, 4]}, ""optim"": {""lr"": 0.3, ""momentum"": 0.0, ""name"": ""adam""}, ""regularizer"": {""l2"": 7e-07}, ""seed"": 42, ""split"": {""stratified"": true, ""val_size"": 0.2}, ""training"": {""batch_size"": 16, ""epochs"": 800, ""include_reg_in_val"": false, ""shuffle"": true}}"
2db9b84f94c4,42,kfold,val_loss,min,0.44459599350554513,,0.44459599350554513,0.10552202995209597,0.799,0.05517245689653489,38.2,13.962807740565648,2.8479936122894287,"{""callbacks"": {""early_stopping"": true, ""min_delta"": 0.0, ""mode"": ""auto"", ""monitor"": ""val_loss"", ""patience"": 40, ""restore_best_weights"": true, ""verbose"": 0}, ""cv"": {""k"": 5, ""seed"": 42, ""shuffle"": true}, ""data"": {""train_path"": ""data/MONK/MONK1/monks-1.train""}, ""model"": {""activation"": ""tanh"", ""dropout"": 0.07, ""hidden_units"": [4, 4]}, ""optim"": {""lr"": 0.3, ""momentum"": 0.0, ""name"": ""adam""}, ""regularizer"": {""l2"": 1e-06}, ""seed"": 42, ""split"": {""stratified"": true, ""val_size"": 0.2}, ""training"": {""batch_size"": 16, ""epochs"": 800, ""include_reg_in_val"": false, ""shuffle"": true}}"
266f0b2d76c4,42,kfold,val_loss,min,0.07778801063597023,,0.07778801063597023,0.08318490436528946,0.968,0.03919183588453083,181.6,91.60043668018183,4.382337331771851,"{""callbacks"": {""early_stopping"": true, ""min_delta"": 0.0, ""mode"": ""auto"", ""monitor"": ""val_loss"", ""patience"": 40, ""restore_best_weights"": true, ""verbose"": 0}, ""cv"": {""k"": 5, ""seed"": 42, ""shuffle"": true}, ""data"": {""train_path"": ""data/MONK/MONK1/monks-1.train""}, ""model"": {""activation"": ""tanh"", ""dropout"": 0.07, ""hidden_units"": [4, 4]}, ""optim"": {""lr"": 0.3, ""momentum"": 0.0, ""name"": ""sgd""}, ""regularizer"": {""l2"": 7e-07}, ""seed"": 42, ""split"": {""stratified"": true, ""val_size"": 0.2}, ""training"": {""batch_size"": 16, ""epochs"": 800, ""include_reg_in_val"": false, ""shuffle"": true}}"
1d662869f62a,42,kfold,val_loss,min,0.07778758008312274,,0.07778758008312274,0.0831816959942792,0.968,0.03919183588453083,181.6,91.60043668018183,4.294522285461426,"{""callbacks"": {""early_stopping"": true, ""min_delta"": 0.0, ""mode"": ""auto"", ""monitor"": ""val_loss"", ""patience"": 40, ""restore_best_weights"": true, ""verbose"": 0}, ""cv"": {""k"": 5, ""seed"": 42, ""shuffle"": true}, ""data"": {""train_path"": ""data/MONK/MONK1/monks-1.train""}, ""model"": {""activation"": ""tanh"", ""dropout"": 0.07, ""hidden_units"": [4, 4]}, ""optim"": {""lr"": 0.3, ""momentum"": 0.0, ""name"": ""sgd""}, ""regularizer"": {""l2"": 1e-06}, ""seed"": 42, ""split"": {""stratified"": true, ""val_size"": 0.2}, ""training"": {""batch_size"": 16, ""epochs"": 800, ""include_reg_in_val"": false, ""shuffle"": true}}"
2f3190e2c14d,42,kfold,val_loss,min,0.07778858540562525,,0.07778858540562525,0.08318918179422005,0.968,0.03919183588453083,181.6,91.60043668018183,5.112676620483398,"{""callbacks"": {""early_stopping"": true, ""min_delta"": 0.0, ""mode"": ""auto"", ""monitor"": ""val_loss"", ""patience"": 40, ""restore_best_weights"": true, ""verbose"": 0}, ""cv"": {""k"": 5, ""seed"": 42, ""shuffle"": true}, ""data"": {""train_path"": ""data/MONK/MONK1/monks-1.train""}, ""model"": {""activation"": ""tanh"", ""dropout"": 0.07, ""hidden_units"": [4, 4]}, ""optim"": {""lr"": 0.3, ""momentum"": 0.0, ""name"": ""sgd""}, ""regularizer"": {""l2"": 3e-07}, ""seed"": 42, ""split"": {""stratified"": true, ""val_size"": 0.2}, ""training"": {""batch_size"": 16, ""epochs"": 800, ""include_reg_in_val"": false, ""shuffle"": true}}"
1c082abf78ee,42,kfold,val_loss,min,0.4659700283165962,,0.4659700283165962,0.12685811843060596,0.735,0.1268857754044952,48.6,45.51746917393365,2.194863796234131,"{""callbacks"": {""early_stopping"": true, ""min_delta"": 0.0, ""mode"": ""auto"", ""monitor"": ""val_loss"", ""patience"": 40, ""restore_best_weights"": true, ""verbose"": 0}, ""cv"": {""k"": 5, ""seed"": 42, ""shuffle"": true}, ""data"": {""train_path"": ""data/MONK/MONK1/monks-1.train""}, ""model"": {""activation"": ""tanh"", ""dropout"": 0.07, ""hidden_units"": [8, 4]}, ""optim"": {""lr"": 0.3, ""momentum"": 0.0, ""name"": ""adam""}, ""regularizer"": {""l2"": 1e-06}, ""seed"": 42, ""split"": {""stratified"": true, ""val_size"": 0.2}, ""training"": {""batch_size"": 16, ""epochs"": 800, ""include_reg_in_val"": false, ""shuffle"": true}}"
7debd24dd596,42,kfold,val_loss,min,0.4448391912792509,,0.4448391912792509,0.10442817879891793,0.791,0.09167333309092672,26.4,13.230268326832983,2.4613547325134277,"{""callbacks"": {""early_stopping"": true, ""min_delta"": 0.0, ""mode"": ""auto"", ""monitor"": ""val_loss"", ""patience"": 40, ""restore_best_weights"": true, ""verbose"": 0}, ""cv"": {""k"": 5, ""seed"": 42, ""shuffle"": true}, ""data"": {""train_path"": ""data/MONK/MONK1/monks-1.train""}, ""model"": {""activation"": ""tanh"", ""dropout"": 0.07, ""hidden_units"": [8, 4]}, ""optim"": {""lr"": 0.3, ""momentum"": 0.0, ""name"": ""adam""}, ""regularizer"": {""l2"": 3e-07}, ""seed"": 42, ""split"": {""stratified"": true, ""val_size"": 0.2}, ""training"": {""batch_size"": 16, ""epochs"": 800, ""include_reg_in_val"": false, ""shuffle"": true}}"
647c0c103d0a,42,kfold,val_loss,min,0.4486501625077751,,0.4486501625077751,0.14330144417170365,0.743,0.11914696806885183,35.8,29.006206232459977,2.5950896739959717,"{""callbacks"": {""early_stopping"": true, ""min_delta"": 0.0, ""mode"": ""auto"", ""monitor"": ""val_loss"", ""patience"": 40, ""restore_best_weights"": true, ""verbose"": 0}, ""cv"": {""k"": 5, ""seed"": 42, ""shuffle"": true}, ""data"": {""train_path"": ""data/MONK/MONK1/monks-1.train""}, ""model"": {""activation"": ""tanh"", ""dropout"": 0.07, ""hidden_units"": [8, 4]}, ""optim"": {""lr"": 0.3, ""momentum"": 0.0, ""name"": ""adam""}, ""regularizer"": {""l2"": 0.0}, ""seed"": 42, ""split"": {""stratified"": true, ""val_size"": 0.2}, ""training"": {""batch_size"": 16, ""epochs"": 800, ""include_reg_in_val"": false, ""shuffle"": true}}"
a03fdc8d4c58,42,kfold,val_loss,min,0.41672989540459177,,0.41672989540459177,0.1659049860687267,0.783,0.141548578233764,77.6,22.39285600364545,2.77167010307312,"{""callbacks"": {""early_stopping"": true, ""min_delta"": 0.0, ""mode"": ""auto"", ""monitor"": ""val_loss"", ""patience"": 40, ""restore_best_weights"": true, ""verbose"": 0}, ""cv"": {""k"": 5, ""seed"": 42, ""shuffle"": true}, ""data"": {""train_path"": ""data/MONK/MONK1/monks-1.train""}, ""model"": {""activation"": ""tanh"", ""dropout"": 0.07, ""hidden_units"": [8, 4]}, ""optim"": {""lr"": 0.3, ""momentum"": 0.0, ""name"": ""adam""}, ""regularizer"": {""l2"": 7e-07}, ""seed"": 42, ""split"": {""stratified"": true, ""val_size"": 0.2}, ""training"": {""batch_size"": 16, ""epochs"": 800, ""include_reg_in_val"": false, ""shuffle"": true}}"
bcc8fcfeb60f,42,kfold,val_loss,min,0.006764846266376153,,0.006764846266376153,0.009476050585509616,1.0,0.0,208.8,77.01791999268741,4.344011068344116,"{""callbacks"": {""early_stopping"": true, ""min_delta"": 0.0, ""mode"": ""auto"", ""monitor"": ""val_loss"", ""patience"": 40, ""restore_best_weights"": true, ""verbose"": 0}, ""cv"": {""k"": 5, ""seed"": 42, ""shuffle"": true}, ""data"": {""train_path"": ""data/MONK/MONK1/monks-1.train""}, ""model"": {""activation"": ""tanh"", ""dropout"": 0.07, ""hidden_units"": [8, 4]}, ""optim"": {""lr"": 0.3, ""momentum"": 0.0, ""name"": ""sgd""}, ""regularizer"": {""l2"": 7e-07}, ""seed"": 42, ""split"": {""stratified"": true, ""val_size"": 0.2}, ""training"": {""batch_size"": 16, ""epochs"": 800, ""include_reg_in_val"": false, ""shuffle"": true}}"
ee884166a0fe,42,kfold,val_loss,min,0.006763707430870047,,0.006763707430870047,0.009474645512213914,1.0,0.0,208.8,77.01791999268741,6.204379558563232,"{""callbacks"": {""early_stopping"": true, ""min_delta"": 0.0, ""mode"": ""auto"", ""monitor"": ""val_loss"", ""patience"": 40, ""restore_best_weights"": true, ""verbose"": 0}, ""cv"": {""k"": 5, ""seed"": 42, ""shuffle"": true}, ""data"": {""train_path"": ""data/MONK/MONK1/monks-1.train""}, ""model"": {""activation"": ""tanh"", ""dropout"": 0.07, ""hidden_units"": [8, 4]}, ""optim"": {""lr"": 0.3, ""momentum"": 0.0, ""name"": ""sgd""}, ""regularizer"": {""l2"": 0.0}, ""seed"": 42, ""split"": {""stratified"": true, ""val_size"": 0.2}, ""training"": {""batch_size"": 16, ""epochs"": 800, ""include_reg_in_val"": false, ""shuffle"": true}}"
5c021a85a2eb,42,kfold,val_loss,min,0.006764208693026884,,0.006764208693026884,0.009475239111967522,1.0,0.0,208.8,77.01791999268741,6.720924377441406,"{""callbacks"": {""early_stopping"": true, ""min_delta"": 0.0, ""mode"": ""auto"", ""monitor"": ""val_loss"", ""patience"": 40, ""restore_best_weights"": true, ""verbose"": 0}, ""cv"": {""k"": 5, ""seed"": 42, ""shuffle"": true}, ""data"": {""train_path"": ""data/MONK/MONK1/monks-1.train""}, ""model"": {""activation"": ""tanh"", ""dropout"": 0.07, ""hidden_units"": [8, 4]}, ""optim"": {""lr"": 0.3, ""momentum"": 0.0, ""name"": ""sgd""}, ""regularizer"": {""l2"": 3e-07}, ""seed"": 42, ""split"": {""stratified"": true, ""val_size"": 0.2}, ""training"": {""batch_size"": 16, ""epochs"": 800, ""include_reg_in_val"": false, ""shuffle"": true}}"
06d12ab41d8e,42,kfold,val_loss,min,0.3674199320437564,,0.3674199320437564,0.0964063378053858,0.8546666666666667,0.09356162556186046,61.4,34.880366970546625,2.6093904972076416,"{""callbacks"": {""early_stopping"": true, ""min_delta"": 0.0, ""mode"": ""auto"", ""monitor"": ""val_loss"", ""patience"": 40, ""restore_best_weights"": true, ""verbose"": 0}, ""cv"": {""k"": 5, ""seed"": 42, ""shuffle"": true}, ""data"": {""train_path"": ""data/MONK/MONK1/monks-1.train""}, ""model"": {""activation"": ""tanh"", ""dropout"": 0.1, ""hidden_units"": [4, 4]}, ""optim"": {""lr"": 0.3, ""momentum"": 0.0, ""name"": ""adam""}, ""regularizer"": {""l2"": 0.0}, ""seed"": 42, ""split"": {""stratified"": true, ""val_size"": 0.2}, ""training"": {""batch_size"": 16, ""epochs"": 800, ""include_reg_in_val"": false, ""shuffle"": true}}"
b2268380e002,42,kfold,val_loss,min,0.006765305354580137,,0.006765305354580137,0.009476671870094763,1.0,0.0,208.8,77.01791999268741,6.337919235229492,"{""callbacks"": {""early_stopping"": true, ""min_delta"": 0.0, ""mode"": ""auto"", ""monitor"": ""val_loss"", ""patience"": 40, ""restore_best_weights"": true, ""verbose"": 0}, ""cv"": {""k"": 5, ""seed"": 42, ""shuffle"": true}, ""data"": {""train_path"": ""data/MONK/MONK1/monks-1.train""}, ""model"": {""activation"": ""tanh"", ""dropout"": 0.07, ""hidden_units"": [8, 4]}, ""optim"": {""lr"": 0.3, ""momentum"": 0.0, ""name"": ""sgd""}, ""regularizer"": {""l2"": 1e-06}, ""seed"": 42, ""split"": {""stratified"": true, ""val_size"": 0.2}, ""training"": {""batch_size"": 16, ""epochs"": 800, ""include_reg_in_val"": false, ""shuffle"": true}}"
f75658d0cdde,42,kfold,val_loss,min,0.01494656886424497,,0.01494656886424497,0.008819781900088077,1.0,0.0,208.6,84.48573844146715,4.37817645072937,"{""callbacks"": {""early_stopping"": true, ""min_delta"": 0.0, ""mode"": ""auto"", ""monitor"": ""val_loss"", ""patience"": 40, ""restore_best_weights"": true, ""verbose"": 0}, ""cv"": {""k"": 5, ""seed"": 42, ""shuffle"": true}, ""data"": {""train_path"": ""data/MONK/MONK1/monks-1.train""}, ""model"": {""activation"": ""tanh"", ""dropout"": 0.1, ""hidden_units"": [4, 4]}, ""optim"": {""lr"": 0.3, ""momentum"": 0.0, ""name"": ""sgd""}, ""regularizer"": {""l2"": 0.0}, ""seed"": 42, ""split"": {""stratified"": true, ""val_size"": 0.2}, ""training"": {""batch_size"": 16, ""epochs"": 800, ""include_reg_in_val"": false, ""shuffle"": true}}"
906150146b18,42,kfold,val_loss,min,0.4129111766446112,,0.4129111766446112,0.13493071066648243,0.8300000000000001,0.07949842765740714,46.0,40.124805295477756,2.3426461219787598,"{""callbacks"": {""early_stopping"": true, ""min_delta"": 0.0, ""mode"": ""auto"", ""monitor"": ""val_loss"", ""patience"": 40, ""restore_best_weights"": true, ""verbose"": 0}, ""cv"": {""k"": 5, ""seed"": 42, ""shuffle"": true}, ""data"": {""train_path"": ""data/MONK/MONK1/monks-1.train""}, ""model"": {""activation"": ""tanh"", ""dropout"": 0.1, ""hidden_units"": [4, 4]}, ""optim"": {""lr"": 0.3, ""momentum"": 0.0, ""name"": ""adam""}, ""regularizer"": {""l2"": 3e-07}, ""seed"": 42, ""split"": {""stratified"": true, ""val_size"": 0.2}, ""training"": {""batch_size"": 16, ""epochs"": 800, ""include_reg_in_val"": false, ""shuffle"": true}}"
ecaaaa2f9f69,42,kfold,val_loss,min,0.014950334517057079,,0.014950334517057079,0.008813008288125337,1.0,0.0,208.6,84.48573844146715,4.850385904312134,"{""callbacks"": {""early_stopping"": true, ""min_delta"": 0.0, ""mode"": ""auto"", ""monitor"": ""val_loss"", ""patience"": 40, ""restore_best_weights"": true, ""verbose"": 0}, ""cv"": {""k"": 5, ""seed"": 42, ""shuffle"": true}, ""data"": {""train_path"": ""data/MONK/MONK1/monks-1.train""}, ""model"": {""activation"": ""tanh"", ""dropout"": 0.1, ""hidden_units"": [4, 4]}, ""optim"": {""lr"": 0.3, ""momentum"": 0.0, ""name"": ""sgd""}, ""regularizer"": {""l2"": 1e-06}, ""seed"": 42, ""split"": {""stratified"": true, ""val_size"": 0.2}, ""training"": {""batch_size"": 16, ""epochs"": 800, ""include_reg_in_val"": false, ""shuffle"": true}}"
bb891c599d3d,42,kfold,val_loss,min,0.333663366304238,,0.333663366304238,0.11331135535589965,0.8710000000000001,0.06873136110975833,65.0,30.757112998459398,2.9839744567871094,"{""callbacks"": {""early_stopping"": true, ""min_delta"": 0.0, ""mode"": ""auto"", ""monitor"": ""val_loss"", ""patience"": 40, ""restore_best_weights"": true, ""verbose"": 0}, ""cv"": {""k"": 5, ""seed"": 42, ""shuffle"": true}, ""data"": {""train_path"": ""data/MONK/MONK1/monks-1.train""}, ""model"": {""activation"": ""tanh"", ""dropout"": 0.1, ""hidden_units"": [4, 4]}, ""optim"": {""lr"": 0.3, ""momentum"": 0.0, ""name"": ""adam""}, ""regularizer"": {""l2"": 7e-07}, ""seed"": 42, ""split"": {""stratified"": true, ""val_size"": 0.2}, ""training"": {""batch_size"": 16, ""epochs"": 800, ""include_reg_in_val"": false, ""shuffle"": true}}"
b746ed1cf050,42,kfold,val_loss,min,0.014949203217333234,,0.014949203217333234,0.008815039701691996,1.0,0.0,208.6,84.48573844146715,5.852795362472534,"{""callbacks"": {""early_stopping"": true, ""min_delta"": 0.0, ""mode"": ""auto"", ""monitor"": ""val_loss"", ""patience"": 40, ""restore_best_weights"": true, ""verbose"": 0}, ""cv"": {""k"": 5, ""seed"": 42, ""shuffle"": true}, ""data"": {""train_path"": ""data/MONK/MONK1/monks-1.train""}, ""model"": {""activation"": ""tanh"", ""dropout"": 0.1, ""hidden_units"": [4, 4]}, ""optim"": {""lr"": 0.3, ""momentum"": 0.0, ""name"": ""sgd""}, ""regularizer"": {""l2"": 7e-07}, ""seed"": 42, ""split"": {""stratified"": true, ""val_size"": 0.2}, ""training"": {""batch_size"": 16, ""epochs"": 800, ""include_reg_in_val"": false, ""shuffle"": true}}"
0d5f3fb95ec2,42,kfold,val_loss,min,0.01494769599761538,,0.01494769599761538,0.008817749785106287,1.0,0.0,208.6,84.48573844146715,5.921890735626221,"{""callbacks"": {""early_stopping"": true, ""min_delta"": 0.0, ""mode"": ""auto"", ""monitor"": ""val_loss"", ""patience"": 40, ""restore_best_weights"": true, ""verbose"": 0}, ""cv"": {""k"": 5, ""seed"": 42, ""shuffle"": true}, ""data"": {""train_path"": ""data/MONK/MONK1/monks-1.train""}, ""model"": {""activation"": ""tanh"", ""dropout"": 0.1, ""hidden_units"": [4, 4]}, ""optim"": {""lr"": 0.3, ""momentum"": 0.0, ""name"": ""sgd""}, ""regularizer"": {""l2"": 3e-07}, ""seed"": 42, ""split"": {""stratified"": true, ""val_size"": 0.2}, ""training"": {""batch_size"": 16, ""epochs"": 800, ""include_reg_in_val"": false, ""shuffle"": true}}"
9fb1b7de8407,42,kfold,val_loss,min,0.44556497919578053,,0.44556497919578053,0.15710427400290058,0.759,0.144512975196001,61.2,16.939893742287758,3.0134196281433105,"{""callbacks"": {""early_stopping"": true, ""min_delta"": 0.0, ""mode"": ""auto"", ""monitor"": ""val_loss"", ""patience"": 40, ""restore_best_weights"": true, ""verbose"": 0}, ""cv"": {""k"": 5, ""seed"": 42, ""shuffle"": true}, ""data"": {""train_path"": ""data/MONK/MONK1/monks-1.train""}, ""model"": {""activation"": ""tanh"", ""dropout"": 0.1, ""hidden_units"": [4, 4]}, ""optim"": {""lr"": 0.3, ""momentum"": 0.0, ""name"": ""adam""}, ""regularizer"": {""l2"": 1e-06}, ""seed"": 42, ""split"": {""stratified"": true, ""val_size"": 0.2}, ""training"": {""batch_size"": 16, ""epochs"": 800, ""include_reg_in_val"": false, ""shuffle"": true}}"
eaf4c62c67e1,42,kfold,val_loss,min,0.40676102172420625,,0.40676102172420625,0.03654849376692182,0.8146666666666667,0.07380454668318957,45.8,18.967340351245877,2.3136792182922363,"{""callbacks"": {""early_stopping"": true, ""min_delta"": 0.0, ""mode"": ""auto"", ""monitor"": ""val_loss"", ""patience"": 40, ""restore_best_weights"": true, ""verbose"": 0}, ""cv"": {""k"": 5, ""seed"": 42, ""shuffle"": true}, ""data"": {""train_path"": ""data/MONK/MONK1/monks-1.train""}, ""model"": {""activation"": ""tanh"", ""dropout"": 0.1, ""hidden_units"": [8, 4]}, ""optim"": {""lr"": 0.3, ""momentum"": 0.0, ""name"": ""adam""}, ""regularizer"": {""l2"": 0.0}, ""seed"": 42, ""split"": {""stratified"": true, ""val_size"": 0.2}, ""training"": {""batch_size"": 16, ""epochs"": 800, ""include_reg_in_val"": false, ""shuffle"": true}}"
a8e05e7b89a5,42,kfold,val_loss,min,0.4056409625961689,,0.4056409625961689,0.10063632064522553,0.8309999999999998,0.07696752561957546,36.6,25.048752463945185,2.3735883235931396,"{""callbacks"": {""early_stopping"": true, ""min_delta"": 0.0, ""mode"": ""auto"", ""monitor"": ""val_loss"", ""patience"": 40, ""restore_best_weights"": true, ""verbose"": 0}, ""cv"": {""k"": 5, ""seed"": 42, ""shuffle"": true}, ""data"": {""train_path"": ""data/MONK/MONK1/monks-1.train""}, ""model"": {""activation"": ""tanh"", ""dropout"": 0.1, ""hidden_units"": [8, 4]}, ""optim"": {""lr"": 0.3, ""momentum"": 0.0, ""name"": ""adam""}, ""regularizer"": {""l2"": 3e-07}, ""seed"": 42, ""split"": {""stratified"": true, ""val_size"": 0.2}, ""training"": {""batch_size"": 16, ""epochs"": 800, ""include_reg_in_val"": false, ""shuffle"": true}}"
890bc19673b1,42,kfold,val_loss,min,0.43209686701919214,,0.43209686701919214,0.15153374234952943,0.8230000000000001,0.0961041102138717,45.8,24.011663832396124,2.6076464653015137,"{""callbacks"": {""early_stopping"": true, ""min_delta"": 0.0, ""mode"": ""auto"", ""monitor"": ""val_loss"", ""patience"": 40, ""restore_best_weights"": true, ""verbose"": 0}, ""cv"": {""k"": 5, ""seed"": 42, ""shuffle"": true}, ""data"": {""train_path"": ""data/MONK/MONK1/monks-1.train""}, ""model"": {""activation"": ""tanh"", ""dropout"": 0.1, ""hidden_units"": [8, 4]}, ""optim"": {""lr"": 0.3, ""momentum"": 0.0, ""name"": ""adam""}, ""regularizer"": {""l2"": 7e-07}, ""seed"": 42, ""split"": {""stratified"": true, ""val_size"": 0.2}, ""training"": {""batch_size"": 16, ""epochs"": 800, ""include_reg_in_val"": false, ""shuffle"": true}}"
9b914507125b,42,kfold,val_loss,min,0.357577506927564,,0.357577506927564,0.14324297741511607,0.8629999999999999,0.07820485918406861,35.8,19.873600579663467,2.363516330718994,"{""callbacks"": {""early_stopping"": true, ""min_delta"": 0.0, ""mode"": ""auto"", ""monitor"": ""val_loss"", ""patience"": 40, ""restore_best_weights"": true, ""verbose"": 0}, ""cv"": {""k"": 5, ""seed"": 42, ""shuffle"": true}, ""data"": {""train_path"": ""data/MONK/MONK1/monks-1.train""}, ""model"": {""activation"": ""tanh"", ""dropout"": 0.1, ""hidden_units"": [8, 4]}, ""optim"": {""lr"": 0.3, ""momentum"": 0.0, ""name"": ""adam""}, ""regularizer"": {""l2"": 1e-06}, ""seed"": 42, ""split"": {""stratified"": true, ""val_size"": 0.2}, ""training"": {""batch_size"": 16, ""epochs"": 800, ""include_reg_in_val"": false, ""shuffle"": true}}"
dd86be479469,42,kfold,val_loss,min,0.0015043676009848799,,0.0015043676009848799,0.0008440332074671766,1.0,0.0,265.0,64.01562309311689,5.646188735961914,"{""callbacks"": {""early_stopping"": true, ""min_delta"": 0.0, ""mode"": ""auto"", ""monitor"": ""val_loss"", ""patience"": 40, ""restore_best_weights"": true, ""verbose"": 0}, ""cv"": {""k"": 5, ""seed"": 42, ""shuffle"": true}, ""data"": {""train_path"": ""data/MONK/MONK1/monks-1.train""}, ""model"": {""activation"": ""tanh"", ""dropout"": 0.1, ""hidden_units"": [8, 4]}, ""optim"": {""lr"": 0.3, ""momentum"": 0.0, ""name"": ""sgd""}, ""regularizer"": {""l2"": 0.0}, ""seed"": 42, ""split"": {""stratified"": true, ""val_size"": 0.2}, ""training"": {""batch_size"": 16, ""epochs"": 800, ""include_reg_in_val"": false, ""shuffle"": true}}"
2abd45f3ea55,42,kfold,val_loss,min,0.0015048203073335313,,0.0015048203073335313,0.0008435456707145166,1.0,0.0,265.0,64.01562309311689,6.2147486209869385,"{""callbacks"": {""early_stopping"": true, ""min_delta"": 0.0, ""mode"": ""auto"", ""monitor"": ""val_loss"", ""patience"": 40, ""restore_best_weights"": true, ""verbose"": 0}, ""cv"": {""k"": 5, ""seed"": 42, ""shuffle"": true}, ""data"": {""train_path"": ""data/MONK/MONK1/monks-1.train""}, ""model"": {""activation"": ""tanh"", ""dropout"": 0.1, ""hidden_units"": [8, 4]}, ""optim"": {""lr"": 0.3, ""momentum"": 0.0, ""name"": ""sgd""}, ""regularizer"": {""l2"": 7e-07}, ""seed"": 42, ""split"": {""stratified"": true, ""val_size"": 0.2}, ""training"": {""batch_size"": 16, ""epochs"": 800, ""include_reg_in_val"": false, ""shuffle"": true}}"
5bf275a931a4,42,kfold,val_loss,min,0.6159187330842423,,0.6159187330842423,0.15326400313070482,0.588,0.14620533505997652,35.6,14.065560778013793,1.805577039718628,"{""callbacks"": {""early_stopping"": true, ""min_delta"": 0.0, ""mode"": ""auto"", ""monitor"": ""val_loss"", ""patience"": 40, ""restore_best_weights"": true, ""verbose"": 0}, ""cv"": {""k"": 5, ""seed"": 42, ""shuffle"": true}, ""data"": {""train_path"": ""data/MONK/MONK1/monks-1.train""}, ""model"": {""activation"": ""relu"", ""dropout"": 0.0, ""hidden_units"": [4, 4]}, ""optim"": {""lr"": 0.3, ""momentum"": 0.0, ""name"": ""adam""}, ""regularizer"": {""l2"": 0.0}, ""seed"": 42, ""split"": {""stratified"": true, ""val_size"": 0.2}, ""training"": {""batch_size"": 16, ""epochs"": 800, ""include_reg_in_val"": false, ""shuffle"": true}}"
1734c4f715fe,42,kfold,val_loss,min,0.0015045611901015753,,0.0015045611901015753,0.0008438237193580322,1.0,0.0,265.0,64.01562309311689,6.5045695304870605,"{""callbacks"": {""early_stopping"": true, ""min_delta"": 0.0, ""mode"": ""auto"", ""monitor"": ""val_loss"", ""patience"": 40, ""restore_best_weights"": true, ""verbose"": 0}, ""cv"": {""k"": 5, ""seed"": 42, ""shuffle"": true}, ""data"": {""train_path"": ""data/MONK/MONK1/monks-1.train""}, ""model"": {""activation"": ""tanh"", ""dropout"": 0.1, ""hidden_units"": [8, 4]}, ""optim"": {""lr"": 0.3, ""momentum"": 0.0, ""name"": ""sgd""}, ""regularizer"": {""l2"": 3e-07}, ""seed"": 42, ""split"": {""stratified"": true, ""val_size"": 0.2}, ""training"": {""batch_size"": 16, ""epochs"": 800, ""include_reg_in_val"": false, ""shuffle"": true}}"
4235df86dd64,42,kfold,val_loss,min,0.0015050153940502143,,0.0015050153940502143,0.0008433380817551674,1.0,0.0,265.0,64.01562309311689,6.806535482406616,"{""callbacks"": {""early_stopping"": true, ""min_delta"": 0.0, ""mode"": ""auto"", ""monitor"": ""val_loss"", ""patience"": 40, ""restore_best_weights"": true, ""verbose"": 0}, ""cv"": {""k"": 5, ""seed"": 42, ""shuffle"": true}, ""data"": {""train_path"": ""data/MONK/MONK1/monks-1.train""}, ""model"": {""activation"": ""tanh"", ""dropout"": 0.1, ""hidden_units"": [8, 4]}, ""optim"": {""lr"": 0.3, ""momentum"": 0.0, ""name"": ""sgd""}, ""regularizer"": {""l2"": 1e-06}, ""seed"": 42, ""split"": {""stratified"": true, ""val_size"": 0.2}, ""training"": {""batch_size"": 16, ""epochs"": 800, ""include_reg_in_val"": false, ""shuffle"": true}}"
eb9787cc1d4e,42,kfold,val_loss,min,0.68684246101879,,0.68684246101879,0.011420275251138243,0.524,0.01959591794226544,27.2,15.967466924969658,1.6509339809417725,"{""callbacks"": {""early_stopping"": true, ""min_delta"": 0.0, ""mode"": ""auto"", ""monitor"": ""val_loss"", ""patience"": 40, ""restore_best_weights"": true, ""verbose"": 0}, ""cv"": {""k"": 5, ""seed"": 42, ""shuffle"": true}, ""data"": {""train_path"": ""data/MONK/MONK1/monks-1.train""}, ""model"": {""activation"": ""relu"", ""dropout"": 0.0, ""hidden_units"": [4, 4]}, ""optim"": {""lr"": 0.3, ""momentum"": 0.0, ""name"": ""adam""}, ""regularizer"": {""l2"": 1e-06}, ""seed"": 42, ""split"": {""stratified"": true, ""val_size"": 0.2}, ""training"": {""batch_size"": 16, ""epochs"": 800, ""include_reg_in_val"": false, ""shuffle"": true}}"
2e711fb50b24,42,kfold,val_loss,min,0.6498209005299966,,0.6498209005299966,0.08545986708836555,0.5640000000000001,0.09830564581955606,43.8,26.202289976259706,1.9721903800964355,"{""callbacks"": {""early_stopping"": true, ""min_delta"": 0.0, ""mode"": ""auto"", ""monitor"": ""val_loss"", ""patience"": 40, ""restore_best_weights"": true, ""verbose"": 0}, ""cv"": {""k"": 5, ""seed"": 42, ""shuffle"": true}, ""data"": {""train_path"": ""data/MONK/MONK1/monks-1.train""}, ""model"": {""activation"": ""relu"", ""dropout"": 0.0, ""hidden_units"": [4, 4]}, ""optim"": {""lr"": 0.3, ""momentum"": 0.0, ""name"": ""adam""}, ""regularizer"": {""l2"": 3e-07}, ""seed"": 42, ""split"": {""stratified"": true, ""val_size"": 0.2}, ""training"": {""batch_size"": 16, ""epochs"": 800, ""include_reg_in_val"": false, ""shuffle"": true}}"
637093e78b9a,42,kfold,val_loss,min,0.6864722130747647,,0.6864722130747647,0.012160518007893747,0.524,0.01959591794226544,35.2,13.70255450636851,2.197373390197754,"{""callbacks"": {""early_stopping"": true, ""min_delta"": 0.0, ""mode"": ""auto"", ""monitor"": ""val_loss"", ""patience"": 40, ""restore_best_weights"": true, ""verbose"": 0}, ""cv"": {""k"": 5, ""seed"": 42, ""shuffle"": true}, ""data"": {""train_path"": ""data/MONK/MONK1/monks-1.train""}, ""model"": {""activation"": ""relu"", ""dropout"": 0.0, ""hidden_units"": [4, 4]}, ""optim"": {""lr"": 0.3, ""momentum"": 0.0, ""name"": ""adam""}, ""regularizer"": {""l2"": 7e-07}, ""seed"": 42, ""split"": {""stratified"": true, ""val_size"": 0.2}, ""training"": {""batch_size"": 16, ""epochs"": 800, ""include_reg_in_val"": false, ""shuffle"": true}}"
e5a693df4c24,42,kfold,val_loss,min,0.11330297531497505,,0.11330297531497505,0.14520435131884352,0.944,0.07838367176906168,500.4,364.33534003716966,8.101972818374634,"{""callbacks"": {""early_stopping"": true, ""min_delta"": 0.0, ""mode"": ""auto"", ""monitor"": ""val_loss"", ""patience"": 40, ""restore_best_weights"": true, ""verbose"": 0}, ""cv"": {""k"": 5, ""seed"": 42, ""shuffle"": true}, ""data"": {""train_path"": ""data/MONK/MONK1/monks-1.train""}, ""model"": {""activation"": ""relu"", ""dropout"": 0.0, ""hidden_units"": [4, 4]}, ""optim"": {""lr"": 0.3, ""momentum"": 0.0, ""name"": ""sgd""}, ""regularizer"": {""l2"": 0.0}, ""seed"": 42, ""split"": {""stratified"": true, ""val_size"": 0.2}, ""training"": {""batch_size"": 16, ""epochs"": 800, ""include_reg_in_val"": false, ""shuffle"": true}}"
c83585f63b7b,42,kfold,val_loss,min,0.11338957924370027,,0.11338957924370027,0.1451315206016328,0.944,0.07838367176906168,500.4,364.33534003716966,9.681002855300903,"{""callbacks"": {""early_stopping"": true, ""min_delta"": 0.0, ""mode"": ""auto"", ""monitor"": ""val_loss"", ""patience"": 40, ""restore_best_weights"": true, ""verbose"": 0}, ""cv"": {""k"": 5, ""seed"": 42, ""shuffle"": true}, ""data"": {""train_path"": ""data/MONK/MONK1/monks-1.train""}, ""model"": {""activation"": ""relu"", ""dropout"": 0.0, ""hidden_units"": [4, 4]}, ""optim"": {""lr"": 0.3, ""momentum"": 0.0, ""name"": ""sgd""}, ""regularizer"": {""l2"": 3e-07}, ""seed"": 42, ""split"": {""stratified"": true, ""val_size"": 0.2}, ""training"": {""batch_size"": 16, ""epochs"": 800, ""include_reg_in_val"": false, ""shuffle"": true}}"
6b36a333acbc,42,kfold,val_loss,min,0.6467783821632349,,0.6467783821632349,0.09153899827923949,0.5720000000000001,0.11426285485668561,39.8,33.937589778886775,1.9023385047912598,"{""callbacks"": {""early_stopping"": true, ""min_delta"": 0.0, ""mode"": ""auto"", ""monitor"": ""val_loss"", ""patience"": 40, ""restore_best_weights"": true, ""verbose"": 0}, ""cv"": {""k"": 5, ""seed"": 42, ""shuffle"": true}, ""data"": {""train_path"": ""data/MONK/MONK1/monks-1.train""}, ""model"": {""activation"": ""relu"", ""dropout"": 0.0, ""hidden_units"": [8, 4]}, ""optim"": {""lr"": 0.3, ""momentum"": 0.0, ""name"": ""adam""}, ""regularizer"": {""l2"": 0.0}, ""seed"": 42, ""split"": {""stratified"": true, ""val_size"": 0.2}, ""training"": {""batch_size"": 16, ""epochs"": 800, ""include_reg_in_val"": false, ""shuffle"": true}}"
65361254117f,42,kfold,val_loss,min,0.11337634525128112,,0.11337634525128112,0.14512532555682361,0.944,0.07838367176906168,500.4,364.33534003716966,9.93689751625061,"{""callbacks"": {""early_stopping"": true, ""min_delta"": 0.0, ""mode"": ""auto"", ""monitor"": ""val_loss"", ""patience"": 40, ""restore_best_weights"": true, ""verbose"": 0}, ""cv"": {""k"": 5, ""seed"": 42, ""shuffle"": true}, ""data"": {""train_path"": ""data/MONK/MONK1/monks-1.train""}, ""model"": {""activation"": ""relu"", ""dropout"": 0.0, ""hidden_units"": [4, 4]}, ""optim"": {""lr"": 0.3, ""momentum"": 0.0, ""name"": ""sgd""}, ""regularizer"": {""l2"": 1e-06}, ""seed"": 42, ""split"": {""stratified"": true, ""val_size"": 0.2}, ""training"": {""batch_size"": 16, ""epochs"": 800, ""include_reg_in_val"": false, ""shuffle"": true}}"
f94992e7ead8,42,kfold,val_loss,min,0.11337508207977372,,0.11337508207977372,0.14513355438930783,0.944,0.07838367176906168,501.8,365.4719688293481,10.296489238739014,"{""callbacks"": {""early_stopping"": true, ""min_delta"": 0.0, ""mode"": ""auto"", ""monitor"": ""val_loss"", ""patience"": 40, ""restore_best_weights"": true, ""verbose"": 0}, ""cv"": {""k"": 5, ""seed"": 42, ""shuffle"": true}, ""data"": {""train_path"": ""data/MONK/MONK1/monks-1.train""}, ""model"": {""activation"": ""relu"", ""dropout"": 0.0, ""hidden_units"": [4, 4]}, ""optim"": {""lr"": 0.3, ""momentum"": 0.0, ""name"": ""sgd""}, ""regularizer"": {""l2"": 7e-07}, ""seed"": 42, ""split"": {""stratified"": true, ""val_size"": 0.2}, ""training"": {""batch_size"": 16, ""epochs"": 800, ""include_reg_in_val"": false, ""shuffle"": true}}"
cfea559e869a,42,kfold,val_loss,min,0.654115035544826,,0.654115035544826,0.05764443305671692,0.556,0.0649923072370877,12.2,9.600000000000001,1.4081733226776123,"{""callbacks"": {""early_stopping"": true, ""min_delta"": 0.0, ""mode"": ""auto"", ""monitor"": ""val_loss"", ""patience"": 40, ""restore_best_weights"": true, ""verbose"": 0}, ""cv"": {""k"": 5, ""seed"": 42, ""shuffle"": true}, ""data"": {""train_path"": ""data/MONK/MONK1/monks-1.train""}, ""model"": {""activation"": ""relu"", ""dropout"": 0.0, ""hidden_units"": [8, 4]}, ""optim"": {""lr"": 0.3, ""momentum"": 0.0, ""name"": ""adam""}, ""regularizer"": {""l2"": 7e-07}, ""seed"": 42, ""split"": {""stratified"": true, ""val_size"": 0.2}, ""training"": {""batch_size"": 16, ""epochs"": 800, ""include_reg_in_val"": false, ""shuffle"": true}}"
2aaa0784878d,42,kfold,val_loss,min,0.6925110245190526,,0.6925110245190526,0.00031903425956489117,0.516,0.008000000000000007,35.4,25.421250952697036,1.9795913696289062,"{""callbacks"": {""early_stopping"": true, ""min_delta"": 0.0, ""mode"": ""auto"", ""monitor"": ""val_loss"", ""patience"": 40, ""restore_best_weights"": true, ""verbose"": 0}, ""cv"": {""k"": 5, ""seed"": 42, ""shuffle"": true}, ""data"": {""train_path"": ""data/MONK/MONK1/monks-1.train""}, ""model"": {""activation"": ""relu"", ""dropout"": 0.0, ""hidden_units"": [8, 4]}, ""optim"": {""lr"": 0.3, ""momentum"": 0.0, ""name"": ""adam""}, ""regularizer"": {""l2"": 3e-07}, ""seed"": 42, ""split"": {""stratified"": true, ""val_size"": 0.2}, ""training"": {""batch_size"": 16, ""epochs"": 800, ""include_reg_in_val"": false, ""shuffle"": true}}"
78be8957ec80,42,kfold,val_loss,min,0.589826358321913,,0.589826358321913,0.11961753263334851,0.6226666666666667,0.12056164859154471,48.6,35.17157943567505,2.538054943084717,"{""callbacks"": {""early_stopping"": true, ""min_delta"": 0.0, ""mode"": ""auto"", ""monitor"": ""val_loss"", ""patience"": 40, ""restore_best_weights"": true, ""verbose"": 0}, ""cv"": {""k"": 5, ""seed"": 42, ""shuffle"": true}, ""data"": {""train_path"": ""data/MONK/MONK1/monks-1.train""}, ""model"": {""activation"": ""relu"", ""dropout"": 0.0, ""hidden_units"": [8, 4]}, ""optim"": {""lr"": 0.3, ""momentum"": 0.0, ""name"": ""adam""}, ""regularizer"": {""l2"": 1e-06}, ""seed"": 42, ""split"": {""stratified"": true, ""val_size"": 0.2}, ""training"": {""batch_size"": 16, ""epochs"": 800, ""include_reg_in_val"": false, ""shuffle"": true}}"
5d559801520c,42,kfold,val_loss,min,0.1371825007027777,,0.1371825007027777,0.13779363649823445,0.96,0.050596442562694056,124.4,85.11310122419462,3.259605884552002,"{""callbacks"": {""early_stopping"": true, ""min_delta"": 0.0, ""mode"": ""auto"", ""monitor"": ""val_loss"", ""patience"": 40, ""restore_best_weights"": true, ""verbose"": 0}, ""cv"": {""k"": 5, ""seed"": 42, ""shuffle"": true}, ""data"": {""train_path"": ""data/MONK/MONK1/monks-1.train""}, ""model"": {""activation"": ""relu"", ""dropout"": 0.03, ""hidden_units"": [4, 4]}, ""optim"": {""lr"": 0.3, ""momentum"": 0.0, ""name"": ""sgd""}, ""regularizer"": {""l2"": 0.0}, ""seed"": 42, ""split"": {""stratified"": true, ""val_size"": 0.2}, ""training"": {""batch_size"": 16, ""epochs"": 800, ""include_reg_in_val"": false, ""shuffle"": true}}"
4c48631fa417,42,kfold,val_loss,min,0.15433469830510732,,0.15433469830510732,0.14268670341690376,0.944,0.0741889479639656,100.2,82.85022631230406,2.956639051437378,"{""callbacks"": {""early_stopping"": true, ""min_delta"": 0.0, ""mode"": ""auto"", ""monitor"": ""val_loss"", ""patience"": 40, ""restore_best_weights"": true, ""verbose"": 0}, ""cv"": {""k"": 5, ""seed"": 42, ""shuffle"": true}, ""data"": {""train_path"": ""data/MONK/MONK1/monks-1.train""}, ""model"": {""activation"": ""relu"", ""dropout"": 0.03, ""hidden_units"": [4, 4]}, ""optim"": {""lr"": 0.3, ""momentum"": 0.0, ""name"": ""sgd""}, ""regularizer"": {""l2"": 3e-07}, ""seed"": 42, ""split"": {""stratified"": true, ""val_size"": 0.2}, ""training"": {""batch_size"": 16, ""epochs"": 800, ""include_reg_in_val"": false, ""shuffle"": true}}"
b485edf94364,42,kfold,val_loss,min,0.08511813057236184,,0.08511813057236184,0.09058614281870542,0.968,0.064,116.4,66.58408218185485,3.2622995376586914,"{""callbacks"": {""early_stopping"": true, ""min_delta"": 0.0, ""mode"": ""auto"", ""monitor"": ""val_loss"", ""patience"": 40, ""restore_best_weights"": true, ""verbose"": 0}, ""cv"": {""k"": 5, ""seed"": 42, ""shuffle"": true}, ""data"": {""train_path"": ""data/MONK/MONK1/monks-1.train""}, ""model"": {""activation"": ""relu"", ""dropout"": 0.03, ""hidden_units"": [4, 4]}, ""optim"": {""lr"": 0.3, ""momentum"": 0.0, ""name"": ""sgd""}, ""regularizer"": {""l2"": 7e-07}, ""seed"": 42, ""split"": {""stratified"": true, ""val_size"": 0.2}, ""training"": {""batch_size"": 16, ""epochs"": 800, ""include_reg_in_val"": false, ""shuffle"": true}}"
2d8100fe6db4,42,kfold,val_loss,min,0.020488763331667208,,0.020488763331667208,0.039190897453901655,0.992,0.016000000000000014,655.2,289.6,11.212045669555664,"{""callbacks"": {""early_stopping"": true, ""min_delta"": 0.0, ""mode"": ""auto"", ""monitor"": ""val_loss"", ""patience"": 40, ""restore_best_weights"": true, ""verbose"": 0}, ""cv"": {""k"": 5, ""seed"": 42, ""shuffle"": true}, ""data"": {""train_path"": ""data/MONK/MONK1/monks-1.train""}, ""model"": {""activation"": ""relu"", ""dropout"": 0.0, ""hidden_units"": [8, 4]}, ""optim"": {""lr"": 0.3, ""momentum"": 0.0, ""name"": ""sgd""}, ""regularizer"": {""l2"": 0.0}, ""seed"": 42, ""split"": {""stratified"": true, ""val_size"": 0.2}, ""training"": {""batch_size"": 16, ""epochs"": 800, ""include_reg_in_val"": false, ""shuffle"": true}}"
8d83eb665fd3,42,kfold,val_loss,min,0.6353278911030131,,0.6353278911030131,0.11444539334327104,0.58,0.13023056476879763,27.0,16.2234398325386,1.904374122619629,"{""callbacks"": {""early_stopping"": true, ""min_delta"": 0.0, ""mode"": ""auto"", ""monitor"": ""val_loss"", ""patience"": 40, ""restore_best_weights"": true, ""verbose"": 0}, ""cv"": {""k"": 5, ""seed"": 42, ""shuffle"": true}, ""data"": {""train_path"": ""data/MONK/MONK1/monks-1.train""}, ""model"": {""activation"": ""relu"", ""dropout"": 0.03, ""hidden_units"": [4, 4]}, ""optim"": {""lr"": 0.3, ""momentum"": 0.0, ""name"": ""adam""}, ""regularizer"": {""l2"": 3e-07}, ""seed"": 42, ""split"": {""stratified"": true, ""val_size"": 0.2}, ""training"": {""batch_size"": 16, ""epochs"": 800, ""include_reg_in_val"": false, ""shuffle"": true}}"
deea6cc17907,42,kfold,val_loss,min,0.6925096648604983,,0.6925096648604983,0.0003187950434739509,0.516,0.008000000000000007,42.0,23.09112383579457,2.2916407585144043,"{""callbacks"": {""early_stopping"": true, ""min_delta"": 0.0, ""mode"": ""auto"", ""monitor"": ""val_loss"", ""patience"": 40, ""restore_best_weights"": true, ""verbose"": 0}, ""cv"": {""k"": 5, ""seed"": 42, ""shuffle"": true}, ""data"": {""train_path"": ""data/MONK/MONK1/monks-1.train""}, ""model"": {""activation"": ""relu"", ""dropout"": 0.03, ""hidden_units"": [4, 4]}, ""optim"": {""lr"": 0.3, ""momentum"": 0.0, ""name"": ""adam""}, ""regularizer"": {""l2"": 0.0}, ""seed"": 42, ""split"": {""stratified"": true, ""val_size"": 0.2}, ""training"": {""batch_size"": 16, ""epochs"": 800, ""include_reg_in_val"": false, ""shuffle"": true}}"
a15b531fbfe1,42,kfold,val_loss,min,0.08524781928217601,,0.08524781928217601,0.09052676039880717,0.968,0.064,116.4,66.58408218185485,3.491731882095337,"{""callbacks"": {""early_stopping"": true, ""min_delta"": 0.0, ""mode"": ""auto"", ""monitor"": ""val_loss"", ""patience"": 40, ""restore_best_weights"": true, ""verbose"": 0}, ""cv"": {""k"": 5, ""seed"": 42, ""shuffle"": true}, ""data"": {""train_path"": ""data/MONK/MONK1/monks-1.train""}, ""model"": {""activation"": ""relu"", ""dropout"": 0.03, ""hidden_units"": [4, 4]}, ""optim"": {""lr"": 0.3, ""momentum"": 0.0, ""name"": ""sgd""}, ""regularizer"": {""l2"": 1e-06}, ""seed"": 42, ""split"": {""stratified"": true, ""val_size"": 0.2}, ""training"": {""batch_size"": 16, ""epochs"": 800, ""include_reg_in_val"": false, ""shuffle"": true}}"
0221333f1fa8,42,kfold,val_loss,min,0.020488442870145975,,0.020488442870145975,0.039187325603202976,0.992,0.016000000000000014,654.0,289.0093424095491,12.220606088638306,"{""callbacks"": {""early_stopping"": true, ""min_delta"": 0.0, ""mode"": ""auto"", ""monitor"": ""val_loss"", ""patience"": 40, ""restore_best_weights"": true, ""verbose"": 0}, ""cv"": {""k"": 5, ""seed"": 42, ""shuffle"": true}, ""data"": {""train_path"": ""data/MONK/MONK1/monks-1.train""}, ""model"": {""activation"": ""relu"", ""dropout"": 0.0, ""hidden_units"": [8, 4]}, ""optim"": {""lr"": 0.3, ""momentum"": 0.0, ""name"": ""sgd""}, ""regularizer"": {""l2"": 7e-07}, ""seed"": 42, ""split"": {""stratified"": true, ""val_size"": 0.2}, ""training"": {""batch_size"": 16, ""epochs"": 800, ""include_reg_in_val"": false, ""shuffle"": true}}"
800ca34d9312,42,kfold,val_loss,min,0.020485845331449058,,0.020485845331449058,0.039189152580713704,0.992,0.016000000000000014,654.0,289.0093424095491,12.428364992141724,"{""callbacks"": {""early_stopping"": true, ""min_delta"": 0.0, ""mode"": ""auto"", ""monitor"": ""val_loss"", ""patience"": 40, ""restore_best_weights"": true, ""verbose"": 0}, ""cv"": {""k"": 5, ""seed"": 42, ""shuffle"": true}, ""data"": {""train_path"": ""data/MONK/MONK1/monks-1.train""}, ""model"": {""activation"": ""relu"", ""dropout"": 0.0, ""hidden_units"": [8, 4]}, ""optim"": {""lr"": 0.3, ""momentum"": 0.0, ""name"": ""sgd""}, ""regularizer"": {""l2"": 3e-07}, ""seed"": 42, ""split"": {""stratified"": true, ""val_size"": 0.2}, ""training"": {""batch_size"": 16, ""epochs"": 800, ""include_reg_in_val"": false, ""shuffle"": true}}"
e9a184df4615,42,kfold,val_loss,min,0.6161508724680214,,0.6161508724680214,0.1527991831145263,0.588,0.14620533505997652,29.2,13.789851340750559,1.9836268424987793,"{""callbacks"": {""early_stopping"": true, ""min_delta"": 0.0, ""mode"": ""auto"", ""monitor"": ""val_loss"", ""patience"": 40, ""restore_best_weights"": true, ""verbose"": 0}, ""cv"": {""k"": 5, ""seed"": 42, ""shuffle"": true}, ""data"": {""train_path"": ""data/MONK/MONK1/monks-1.train""}, ""model"": {""activation"": ""relu"", ""dropout"": 0.03, ""hidden_units"": [4, 4]}, ""optim"": {""lr"": 0.3, ""momentum"": 0.0, ""name"": ""adam""}, ""regularizer"": {""l2"": 7e-07}, ""seed"": 42, ""split"": {""stratified"": true, ""val_size"": 0.2}, ""training"": {""batch_size"": 16, ""epochs"": 800, ""include_reg_in_val"": false, ""shuffle"": true}}"
1e7b8230b284,42,kfold,val_loss,min,0.6251821187549141,,0.6251821187549141,0.13473675481112818,0.588,0.14620533505997652,27.4,15.717506163510802,2.0296192169189453,"{""callbacks"": {""early_stopping"": true, ""min_delta"": 0.0, ""mode"": ""auto"", ""monitor"": ""val_loss"", ""patience"": 40, ""restore_best_weights"": true, ""verbose"": 0}, ""cv"": {""k"": 5, ""seed"": 42, ""shuffle"": true}, ""data"": {""train_path"": ""data/MONK/MONK1/monks-1.train""}, ""model"": {""activation"": ""relu"", ""dropout"": 0.03, ""hidden_units"": [4, 4]}, ""optim"": {""lr"": 0.3, ""momentum"": 0.0, ""name"": ""adam""}, ""regularizer"": {""l2"": 1e-06}, ""seed"": 42, ""split"": {""stratified"": true, ""val_size"": 0.2}, ""training"": {""batch_size"": 16, ""epochs"": 800, ""include_reg_in_val"": false, ""shuffle"": true}}"
b5691cb224f5,42,kfold,val_loss,min,0.020484210691131807,,0.020484210691131807,0.0391821713932984,0.992,0.016000000000000014,654.0,289.0093424095491,12.83290719985962,"{""callbacks"": {""early_stopping"": true, ""min_delta"": 0.0, ""mode"": ""auto"", ""monitor"": ""val_loss"", ""patience"": 40, ""restore_best_weights"": true, ""verbose"": 0}, ""cv"": {""k"": 5, ""seed"": 42, ""shuffle"": true}, ""data"": {""train_path"": ""data/MONK/MONK1/monks-1.train""}, ""model"": {""activation"": ""relu"", ""dropout"": 0.0, ""hidden_units"": [8, 4]}, ""optim"": {""lr"": 0.3, ""momentum"": 0.0, ""name"": ""sgd""}, ""regularizer"": {""l2"": 1e-06}, ""seed"": 42, ""split"": {""stratified"": true, ""val_size"": 0.2}, ""training"": {""batch_size"": 16, ""epochs"": 800, ""include_reg_in_val"": false, ""shuffle"": true}}"
187ec11645df,42,kfold,val_loss,min,0.5508957338736978,,0.5508957338736978,0.17192506395008403,0.6839999999999999,0.16119553343687906,18.8,19.07249328221143,1.7146902084350586,"{""callbacks"": {""early_stopping"": true, ""min_delta"": 0.0, ""mode"": ""auto"", ""monitor"": ""val_loss"", ""patience"": 40, ""restore_best_weights"": true, ""verbose"": 0}, ""cv"": {""k"": 5, ""seed"": 42, ""shuffle"": true}, ""data"": {""train_path"": ""data/MONK/MONK1/monks-1.train""}, ""model"": {""activation"": ""relu"", ""dropout"": 0.03, ""hidden_units"": [8, 4]}, ""optim"": {""lr"": 0.3, ""momentum"": 0.0, ""name"": ""adam""}, ""regularizer"": {""l2"": 3e-07}, ""seed"": 42, ""split"": {""stratified"": true, ""val_size"": 0.2}, ""training"": {""batch_size"": 16, ""epochs"": 800, ""include_reg_in_val"": false, ""shuffle"": true}}"
28f23480909e,42,kfold,val_loss,min,0.5929806791953264,,0.5929806791953264,0.12246794444791595,0.628,0.14062716664997557,16.8,12.936769303036984,1.685554027557373,"{""callbacks"": {""early_stopping"": true, ""min_delta"": 0.0, ""mode"": ""auto"", ""monitor"": ""val_loss"", ""patience"": 40, ""restore_best_weights"": true, ""verbose"": 0}, ""cv"": {""k"": 5, ""seed"": 42, ""shuffle"": true}, ""data"": {""train_path"": ""data/MONK/MONK1/monks-1.train""}, ""model"": {""activation"": ""relu"", ""dropout"": 0.03, ""hidden_units"": [8, 4]}, ""optim"": {""lr"": 0.3, ""momentum"": 0.0, ""name"": ""adam""}, ""regularizer"": {""l2"": 7e-07}, ""seed"": 42, ""split"": {""stratified"": true, ""val_size"": 0.2}, ""training"": {""batch_size"": 16, ""epochs"": 800, ""include_reg_in_val"": false, ""shuffle"": true}}"
84cc1441c12d,42,kfold,val_loss,min,0.6485321285540356,,0.6485321285540356,0.08803077803153966,0.5640000000000001,0.09830564581955605,45.2,32.97514215283992,2.3487370014190674,"{""callbacks"": {""early_stopping"": true, ""min_delta"": 0.0, ""mode"": ""auto"", ""monitor"": ""val_loss"", ""patience"": 40, ""restore_best_weights"": true, ""verbose"": 0}, ""cv"": {""k"": 5, ""seed"": 42, ""shuffle"": true}, ""data"": {""train_path"": ""data/MONK/MONK1/monks-1.train""}, ""model"": {""activation"": ""relu"", ""dropout"": 0.03, ""hidden_units"": [8, 4]}, ""optim"": {""lr"": 0.3, ""momentum"": 0.0, ""name"": ""adam""}, ""regularizer"": {""l2"": 0.0}, ""seed"": 42, ""split"": {""stratified"": true, ""val_size"": 0.2}, ""training"": {""batch_size"": 16, ""epochs"": 800, ""include_reg_in_val"": false, ""shuffle"": true}}"
959a7f9e647d,42,kfold,val_loss,min,0.6457310139863889,,0.6457310139863889,0.09363485010409563,0.5640000000000001,0.09830564581955605,46.6,32.04746479832688,2.7154927253723145,"{""callbacks"": {""early_stopping"": true, ""min_delta"": 0.0, ""mode"": ""auto"", ""monitor"": ""val_loss"", ""patience"": 40, ""restore_best_weights"": true, ""verbose"": 0}, ""cv"": {""k"": 5, ""seed"": 42, ""shuffle"": true}, ""data"": {""train_path"": ""data/MONK/MONK1/monks-1.train""}, ""model"": {""activation"": ""relu"", ""dropout"": 0.03, ""hidden_units"": [8, 4]}, ""optim"": {""lr"": 0.3, ""momentum"": 0.0, ""name"": ""adam""}, ""regularizer"": {""l2"": 1e-06}, ""seed"": 42, ""split"": {""stratified"": true, ""val_size"": 0.2}, ""training"": {""batch_size"": 16, ""epochs"": 800, ""include_reg_in_val"": false, ""shuffle"": true}}"
11ea020bf5f6,42,kfold,val_loss,min,0.007985870905316756,,0.007985870905316756,0.005545637292411813,1.0,0.0,174.4,55.56113749735511,4.470247983932495,"{""callbacks"": {""early_stopping"": true, ""min_delta"": 0.0, ""mode"": ""auto"", ""monitor"": ""val_loss"", ""patience"": 40, ""restore_best_weights"": true, ""verbose"": 0}, ""cv"": {""k"": 5, ""seed"": 42, ""shuffle"": true}, ""data"": {""train_path"": ""data/MONK/MONK1/monks-1.train""}, ""model"": {""activation"": ""relu"", ""dropout"": 0.03, ""hidden_units"": [8, 4]}, ""optim"": {""lr"": 0.3, ""momentum"": 0.0, ""name"": ""sgd""}, ""regularizer"": {""l2"": 1e-06}, ""seed"": 42, ""split"": {""stratified"": true, ""val_size"": 0.2}, ""training"": {""batch_size"": 16, ""epochs"": 800, ""include_reg_in_val"": false, ""shuffle"": true}}"
b5445e4391bd,42,kfold,val_loss,min,0.006653022329062982,,0.006653022329062982,0.006101474425159197,1.0,0.0,228.8,73.45583707235252,5.064024209976196,"{""callbacks"": {""early_stopping"": true, ""min_delta"": 0.0, ""mode"": ""auto"", ""monitor"": ""val_loss"", ""patience"": 40, ""restore_best_weights"": true, ""verbose"": 0}, ""cv"": {""k"": 5, ""seed"": 42, ""shuffle"": true}, ""data"": {""train_path"": ""data/MONK/MONK1/monks-1.train""}, ""model"": {""activation"": ""relu"", ""dropout"": 0.03, ""hidden_units"": [8, 4]}, ""optim"": {""lr"": 0.3, ""momentum"": 0.0, ""name"": ""sgd""}, ""regularizer"": {""l2"": 0.0}, ""seed"": 42, ""split"": {""stratified"": true, ""val_size"": 0.2}, ""training"": {""batch_size"": 16, ""epochs"": 800, ""include_reg_in_val"": false, ""shuffle"": true}}"
31d1f3ec946f,42,kfold,val_loss,min,0.14444103209776468,,0.14444103209776468,0.12667234614057168,0.9359999999999999,0.08236504112789599,96.0,33.49626844888845,2.518688917160034,"{""callbacks"": {""early_stopping"": true, ""min_delta"": 0.0, ""mode"": ""auto"", ""monitor"": ""val_loss"", ""patience"": 40, ""restore_best_weights"": true, ""verbose"": 0}, ""cv"": {""k"": 5, ""seed"": 42, ""shuffle"": true}, ""data"": {""train_path"": ""data/MONK/MONK1/monks-1.train""}, ""model"": {""activation"": ""relu"", ""dropout"": 0.07, ""hidden_units"": [4, 4]}, ""optim"": {""lr"": 0.3, ""momentum"": 0.0, ""name"": ""sgd""}, ""regularizer"": {""l2"": 0.0}, ""seed"": 42, ""split"": {""stratified"": true, ""val_size"": 0.2}, ""training"": {""batch_size"": 16, ""epochs"": 800, ""include_reg_in_val"": false, ""shuffle"": true}}"
6f3f3e9ea1f9,42,kfold,val_loss,min,0.007763140748763014,,0.007763140748763014,0.005748064237158834,1.0,0.0,187.2,61.50902372823031,5.059231519699097,"{""callbacks"": {""early_stopping"": true, ""min_delta"": 0.0, ""mode"": ""auto"", ""monitor"": ""val_loss"", ""patience"": 40, ""restore_best_weights"": true, ""verbose"": 0}, ""cv"": {""k"": 5, ""seed"": 42, ""shuffle"": true}, ""data"": {""train_path"": ""data/MONK/MONK1/monks-1.train""}, ""model"": {""activation"": ""relu"", ""dropout"": 0.03, ""hidden_units"": [8, 4]}, ""optim"": {""lr"": 0.3, ""momentum"": 0.0, ""name"": ""sgd""}, ""regularizer"": {""l2"": 3e-07}, ""seed"": 42, ""split"": {""stratified"": true, ""val_size"": 0.2}, ""training"": {""batch_size"": 16, ""epochs"": 800, ""include_reg_in_val"": false, ""shuffle"": true}}"
d03b7481d642,42,kfold,val_loss,min,0.007774589423905175,,0.007774589423905175,0.005747653159753403,1.0,0.0,187.2,61.50902372823031,5.181165933609009,"{""callbacks"": {""early_stopping"": true, ""min_delta"": 0.0, ""mode"": ""auto"", ""monitor"": ""val_loss"", ""patience"": 40, ""restore_best_weights"": true, ""verbose"": 0}, ""cv"": {""k"": 5, ""seed"": 42, ""shuffle"": true}, ""data"": {""train_path"": ""data/MONK/MONK1/monks-1.train""}, ""model"": {""activation"": ""relu"", ""dropout"": 0.03, ""hidden_units"": [8, 4]}, ""optim"": {""lr"": 0.3, ""momentum"": 0.0, ""name"": ""sgd""}, ""regularizer"": {""l2"": 7e-07}, ""seed"": 42, ""split"": {""stratified"": true, ""val_size"": 0.2}, ""training"": {""batch_size"": 16, ""epochs"": 800, ""include_reg_in_val"": false, ""shuffle"": true}}"
7ae108baaa53,42,kfold,val_loss,min,0.13440315530580668,,0.13440315530580668,0.11942981553465346,0.96,0.050596442562694056,115.0,30.822070014844883,3.477952241897583,"{""callbacks"": {""early_stopping"": true, ""min_delta"": 0.0, ""mode"": ""auto"", ""monitor"": ""val_loss"", ""patience"": 40, ""restore_best_weights"": true, ""verbose"": 0}, ""cv"": {""k"": 5, ""seed"": 42, ""shuffle"": true}, ""data"": {""train_path"": ""data/MONK/MONK1/monks-1.train""}, ""model"": {""activation"": ""relu"", ""dropout"": 0.07, ""hidden_units"": [4, 4]}, ""optim"": {""lr"": 0.3, ""momentum"": 0.0, ""name"": ""sgd""}, ""regularizer"": {""l2"": 3e-07}, ""seed"": 42, ""split"": {""stratified"": true, ""val_size"": 0.2}, ""training"": {""batch_size"": 16, ""epochs"": 800, ""include_reg_in_val"": false, ""shuffle"": true}}"
111418d29b49,42,kfold,val_loss,min,0.13462068420367312,,0.13462068420367312,0.11915700310453532,0.96,0.050596442562694056,115.0,30.822070014844883,3.359649181365967,"{""callbacks"": {""early_stopping"": true, ""min_delta"": 0.0, ""mode"": ""auto"", ""monitor"": ""val_loss"", ""patience"": 40, ""restore_best_weights"": true, ""verbose"": 0}, ""cv"": {""k"": 5, ""seed"": 42, ""shuffle"": true}, ""data"": {""train_path"": ""data/MONK/MONK1/monks-1.train""}, ""model"": {""activation"": ""relu"", ""dropout"": 0.07, ""hidden_units"": [4, 4]}, ""optim"": {""lr"": 0.3, ""momentum"": 0.0, ""name"": ""sgd""}, ""regularizer"": {""l2"": 7e-07}, ""seed"": 42, ""split"": {""stratified"": true, ""val_size"": 0.2}, ""training"": {""batch_size"": 16, ""epochs"": 800, ""include_reg_in_val"": false, ""shuffle"": true}}"
4c8458d9f26e,42,kfold,val_loss,min,0.6925094223997121,,0.6925094223997121,0.0003189741308440513,0.516,0.008000000000000007,42.0,23.09112383579457,2.1969733238220215,"{""callbacks"": {""early_stopping"": true, ""min_delta"": 0.0, ""mode"": ""auto"", ""monitor"": ""val_loss"", ""patience"": 40, ""restore_best_weights"": true, ""verbose"": 0}, ""cv"": {""k"": 5, ""seed"": 42, ""shuffle"": true}, ""data"": {""train_path"": ""data/MONK/MONK1/monks-1.train""}, ""model"": {""activation"": ""relu"", ""dropout"": 0.07, ""hidden_units"": [4, 4]}, ""optim"": {""lr"": 0.3, ""momentum"": 0.0, ""name"": ""adam""}, ""regularizer"": {""l2"": 0.0}, ""seed"": 42, ""split"": {""stratified"": true, ""val_size"": 0.2}, ""training"": {""batch_size"": 16, ""epochs"": 800, ""include_reg_in_val"": false, ""shuffle"": true}}"
b9b7fc05d134,42,kfold,val_loss,min,0.6925097499183528,,0.6925097499183528,0.00031903135005337735,0.516,0.008000000000000007,29.6,13.455110553243328,2.268965482711792,"{""callbacks"": {""early_stopping"": true, ""min_delta"": 0.0, ""mode"": ""auto"", ""monitor"": ""val_loss"", ""patience"": 40, ""restore_best_weights"": true, ""verbose"": 0}, ""cv"": {""k"": 5, ""seed"": 42, ""shuffle"": true}, ""data"": {""train_path"": ""data/MONK/MONK1/monks-1.train""}, ""model"": {""activation"": ""relu"", ""dropout"": 0.07, ""hidden_units"": [4, 4]}, ""optim"": {""lr"": 0.3, ""momentum"": 0.0, ""name"": ""adam""}, ""regularizer"": {""l2"": 1e-06}, ""seed"": 42, ""split"": {""stratified"": true, ""val_size"": 0.2}, ""training"": {""batch_size"": 16, ""epochs"": 800, ""include_reg_in_val"": false, ""shuffle"": true}}"
7e00aae27e84,42,kfold,val_loss,min,0.6925094754700878,,0.6925094754700878,0.0003189362166039076,0.516,0.008000000000000007,42.0,23.09112383579457,2.3485913276672363,"{""callbacks"": {""early_stopping"": true, ""min_delta"": 0.0, ""mode"": ""auto"", ""monitor"": ""val_loss"", ""patience"": 40, ""restore_best_weights"": true, ""verbose"": 0}, ""cv"": {""k"": 5, ""seed"": 42, ""shuffle"": true}, ""data"": {""train_path"": ""data/MONK/MONK1/monks-1.train""}, ""model"": {""activation"": ""relu"", ""dropout"": 0.07, ""hidden_units"": [4, 4]}, ""optim"": {""lr"": 0.3, ""momentum"": 0.0, ""name"": ""adam""}, ""regularizer"": {""l2"": 7e-07}, ""seed"": 42, ""split"": {""stratified"": true, ""val_size"": 0.2}, ""training"": {""batch_size"": 16, ""epochs"": 800, ""include_reg_in_val"": false, ""shuffle"": true}}"
42ac15960a24,42,kfold,val_loss,min,0.6925094614541012,,0.6925094614541012,0.00031894325978341556,0.516,0.008000000000000007,42.0,23.09112383579457,2.465515375137329,"{""callbacks"": {""early_stopping"": true, ""min_delta"": 0.0, ""mode"": ""auto"", ""monitor"": ""val_loss"", ""patience"": 40, ""restore_best_weights"": true, ""verbose"": 0}, ""cv"": {""k"": 5, ""seed"": 42, ""shuffle"": true}, ""data"": {""train_path"": ""data/MONK/MONK1/monks-1.train""}, ""model"": {""activation"": ""relu"", ""dropout"": 0.07, ""hidden_units"": [4, 4]}, ""optim"": {""lr"": 0.3, ""momentum"": 0.0, ""name"": ""adam""}, ""regularizer"": {""l2"": 3e-07}, ""seed"": 42, ""split"": {""stratified"": true, ""val_size"": 0.2}, ""training"": {""batch_size"": 16, ""epochs"": 800, ""include_reg_in_val"": false, ""shuffle"": true}}"
7ef9d5a5698a,42,kfold,val_loss,min,0.13167176090364216,,0.13167176090364216,0.12206223465668674,0.96,0.050596442562694056,158.6,114.78431948659188,5.0607383251190186,"{""callbacks"": {""early_stopping"": true, ""min_delta"": 0.0, ""mode"": ""auto"", ""monitor"": ""val_loss"", ""patience"": 40, ""restore_best_weights"": true, ""verbose"": 0}, ""cv"": {""k"": 5, ""seed"": 42, ""shuffle"": true}, ""data"": {""train_path"": ""data/MONK/MONK1/monks-1.train""}, ""model"": {""activation"": ""relu"", ""dropout"": 0.07, ""hidden_units"": [4, 4]}, ""optim"": {""lr"": 0.3, ""momentum"": 0.0, ""name"": ""sgd""}, ""regularizer"": {""l2"": 1e-06}, ""seed"": 42, ""split"": {""stratified"": true, ""val_size"": 0.2}, ""training"": {""batch_size"": 16, ""epochs"": 800, ""include_reg_in_val"": false, ""shuffle"": true}}"
2a7de374d7e9,42,kfold,val_loss,min,0.602937073155765,,0.602937073155765,0.1294909040962297,0.604,0.12799999999999997,28.4,28.274370019507064,2.0914523601531982,"{""callbacks"": {""early_stopping"": true, ""min_delta"": 0.0, ""mode"": ""auto"", ""monitor"": ""val_loss"", ""patience"": 40, ""restore_best_weights"": true, ""verbose"": 0}, ""cv"": {""k"": 5, ""seed"": 42, ""shuffle"": true}, ""data"": {""train_path"": ""data/MONK/MONK1/monks-1.train""}, ""model"": {""activation"": ""relu"", ""dropout"": 0.07, ""hidden_units"": [8, 4]}, ""optim"": {""lr"": 0.3, ""momentum"": 0.0, ""name"": ""adam""}, ""regularizer"": {""l2"": 3e-07}, ""seed"": 42, ""split"": {""stratified"": true, ""val_size"": 0.2}, ""training"": {""batch_size"": 16, ""epochs"": 800, ""include_reg_in_val"": false, ""shuffle"": true}}"
15ff4163d049,42,kfold,val_loss,min,0.6925104540948281,,0.6925104540948281,0.00031850523673434986,0.516,0.008000000000000007,35.4,25.421250952697036,2.7548394203186035,"{""callbacks"": {""early_stopping"": true, ""min_delta"": 0.0, ""mode"": ""auto"", ""monitor"": ""val_loss"", ""patience"": 40, ""restore_best_weights"": true, ""verbose"": 0}, ""cv"": {""k"": 5, ""seed"": 42, ""shuffle"": true}, ""data"": {""train_path"": ""data/MONK/MONK1/monks-1.train""}, ""model"": {""activation"": ""relu"", ""dropout"": 0.07, ""hidden_units"": [8, 4]}, ""optim"": {""lr"": 0.3, ""momentum"": 0.0, ""name"": ""adam""}, ""regularizer"": {""l2"": 0.0}, ""seed"": 42, ""split"": {""stratified"": true, ""val_size"": 0.2}, ""training"": {""batch_size"": 16, ""epochs"": 800, ""include_reg_in_val"": false, ""shuffle"": true}}"
7ba45a7b0e05,42,kfold,val_loss,min,0.0659321840030141,,0.0659321840030141,0.11488636563618657,0.976,0.047999999999999994,142.0,77.69427263318705,3.94901704788208,"{""callbacks"": {""early_stopping"": true, ""min_delta"": 0.0, ""mode"": ""auto"", ""monitor"": ""val_loss"", ""patience"": 40, ""restore_best_weights"": true, ""verbose"": 0}, ""cv"": {""k"": 5, ""seed"": 42, ""shuffle"": true}, ""data"": {""train_path"": ""data/MONK/MONK1/monks-1.train""}, ""model"": {""activation"": ""relu"", ""dropout"": 0.07, ""hidden_units"": [8, 4]}, ""optim"": {""lr"": 0.3, ""momentum"": 0.0, ""name"": ""sgd""}, ""regularizer"": {""l2"": 7e-07}, ""seed"": 42, ""split"": {""stratified"": true, ""val_size"": 0.2}, ""training"": {""batch_size"": 16, ""epochs"": 800, ""include_reg_in_val"": false, ""shuffle"": true}}"
037524dd80ce,42,kfold,val_loss,min,0.6925072695069296,,0.6925072695069296,0.00032017049947980544,0.516,0.008000000000000007,54.0,23.85791273351464,2.8878793716430664,"{""callbacks"": {""early_stopping"": true, ""min_delta"": 0.0, ""mode"": ""auto"", ""monitor"": ""val_loss"", ""patience"": 40, ""restore_best_weights"": true, ""verbose"": 0}, ""cv"": {""k"": 5, ""seed"": 42, ""shuffle"": true}, ""data"": {""train_path"": ""data/MONK/MONK1/monks-1.train""}, ""model"": {""activation"": ""relu"", ""dropout"": 0.07, ""hidden_units"": [8, 4]}, ""optim"": {""lr"": 0.3, ""momentum"": 0.0, ""name"": ""adam""}, ""regularizer"": {""l2"": 7e-07}, ""seed"": 42, ""split"": {""stratified"": true, ""val_size"": 0.2}, ""training"": {""batch_size"": 16, ""epochs"": 800, ""include_reg_in_val"": false, ""shuffle"": true}}"
0d112f6a0244,42,kfold,val_loss,min,0.06625490231392185,,0.06625490231392185,0.11466999044896077,0.976,0.047999999999999994,130.6,58.73193339232074,4.300105333328247,"{""callbacks"": {""early_stopping"": true, ""min_delta"": 0.0, ""mode"": ""auto"", ""monitor"": ""val_loss"", ""patience"": 40, ""restore_best_weights"": true, ""verbose"": 0}, ""cv"": {""k"": 5, ""seed"": 42, ""shuffle"": true}, ""data"": {""train_path"": ""data/MONK/MONK1/monks-1.train""}, ""model"": {""activation"": ""relu"", ""dropout"": 0.07, ""hidden_units"": [8, 4]}, ""optim"": {""lr"": 0.3, ""momentum"": 0.0, ""name"": ""sgd""}, ""regularizer"": {""l2"": 3e-07}, ""seed"": 42, ""split"": {""stratified"": true, ""val_size"": 0.2}, ""training"": {""batch_size"": 16, ""epochs"": 800, ""include_reg_in_val"": false, ""shuffle"": true}}"
22e6367da662,42,kfold,val_loss,min,0.009447107344732766,,0.009447107344732766,0.003886456728307907,1.0,0.0,192.4,44.64795628021511,5.397939205169678,"{""callbacks"": {""early_stopping"": true, ""min_delta"": 0.0, ""mode"": ""auto"", ""monitor"": ""val_loss"", ""patience"": 40, ""restore_best_weights"": true, ""verbose"": 0}, ""cv"": {""k"": 5, ""seed"": 42, ""shuffle"": true}, ""data"": {""train_path"": ""data/MONK/MONK1/monks-1.train""}, ""model"": {""activation"": ""relu"", ""dropout"": 0.07, ""hidden_units"": [8, 4]}, ""optim"": {""lr"": 0.3, ""momentum"": 0.0, ""name"": ""sgd""}, ""regularizer"": {""l2"": 0.0}, ""seed"": 42, ""split"": {""stratified"": true, ""val_size"": 0.2}, ""training"": {""batch_size"": 16, ""epochs"": 800, ""include_reg_in_val"": false, ""shuffle"": true}}"
4737d3e51dab,42,kfold,val_loss,min,0.09529782606202328,,0.09529782606202328,0.05133843194780624,0.976,0.03199999999999999,117.4,35.13744441475504,2.9037907123565674,"{""callbacks"": {""early_stopping"": true, ""min_delta"": 0.0, ""mode"": ""auto"", ""monitor"": ""val_loss"", ""patience"": 40, ""restore_best_weights"": true, ""verbose"": 0}, ""cv"": {""k"": 5, ""seed"": 42, ""shuffle"": true}, ""data"": {""train_path"": ""data/MONK/MONK1/monks-1.train""}, ""model"": {""activation"": ""relu"", ""dropout"": 0.1, ""hidden_units"": [4, 4]}, ""optim"": {""lr"": 0.3, ""momentum"": 0.0, ""name"": ""sgd""}, ""regularizer"": {""l2"": 0.0}, ""seed"": 42, ""split"": {""stratified"": true, ""val_size"": 0.2}, ""training"": {""batch_size"": 16, ""epochs"": 800, ""include_reg_in_val"": false, ""shuffle"": true}}"
c9f14a883ad4,42,kfold,val_loss,min,0.6158880721132619,,0.6158880721132619,0.1533258784261784,0.588,0.14620533505997652,28.4,15.628179676469042,2.5019690990448,"{""callbacks"": {""early_stopping"": true, ""min_delta"": 0.0, ""mode"": ""auto"", ""monitor"": ""val_loss"", ""patience"": 40, ""restore_best_weights"": true, ""verbose"": 0}, ""cv"": {""k"": 5, ""seed"": 42, ""shuffle"": true}, ""data"": {""train_path"": ""data/MONK/MONK1/monks-1.train""}, ""model"": {""activation"": ""relu"", ""dropout"": 0.1, ""hidden_units"": [4, 4]}, ""optim"": {""lr"": 0.3, ""momentum"": 0.0, ""name"": ""adam""}, ""regularizer"": {""l2"": 0.0}, ""seed"": 42, ""split"": {""stratified"": true, ""val_size"": 0.2}, ""training"": {""batch_size"": 16, ""epochs"": 800, ""include_reg_in_val"": false, ""shuffle"": true}}"
abf9b56ff092,42,kfold,val_loss,min,0.6325769567498656,,0.6325769567498656,0.11056854692518243,0.5720000000000001,0.11426285485668561,67.6,85.01905668730981,3.9626572132110596,"{""callbacks"": {""early_stopping"": true, ""min_delta"": 0.0, ""mode"": ""auto"", ""monitor"": ""val_loss"", ""patience"": 40, ""restore_best_weights"": true, ""verbose"": 0}, ""cv"": {""k"": 5, ""seed"": 42, ""shuffle"": true}, ""data"": {""train_path"": ""data/MONK/MONK1/monks-1.train""}, ""model"": {""activation"": ""relu"", ""dropout"": 0.07, ""hidden_units"": [8, 4]}, ""optim"": {""lr"": 0.3, ""momentum"": 0.0, ""name"": ""adam""}, ""regularizer"": {""l2"": 1e-06}, ""seed"": 42, ""split"": {""stratified"": true, ""val_size"": 0.2}, ""training"": {""batch_size"": 16, ""epochs"": 800, ""include_reg_in_val"": false, ""shuffle"": true}}"
14b70d0ec02b,42,kfold,val_loss,min,0.09527661944465776,,0.09527661944465776,0.0513472912789711,0.976,0.03199999999999999,117.4,35.13744441475504,3.5463321208953857,"{""callbacks"": {""early_stopping"": true, ""min_delta"": 0.0, ""mode"": ""auto"", ""monitor"": ""val_loss"", ""patience"": 40, ""restore_best_weights"": true, ""verbose"": 0}, ""cv"": {""k"": 5, ""seed"": 42, ""shuffle"": true}, ""data"": {""train_path"": ""data/MONK/MONK1/monks-1.train""}, ""model"": {""activation"": ""relu"", ""dropout"": 0.1, ""hidden_units"": [4, 4]}, ""optim"": {""lr"": 0.3, ""momentum"": 0.0, ""name"": ""sgd""}, ""regularizer"": {""l2"": 3e-07}, ""seed"": 42, ""split"": {""stratified"": true, ""val_size"": 0.2}, ""training"": {""batch_size"": 16, ""epochs"": 800, ""include_reg_in_val"": false, ""shuffle"": true}}"
261c8d7d5a88,42,kfold,val_loss,min,0.08676820573387245,,0.08676820573387245,0.05789292093808788,0.976,0.03199999999999999,126.6,37.35558860465191,3.5669238567352295,"{""callbacks"": {""early_stopping"": true, ""min_delta"": 0.0, ""mode"": ""auto"", ""monitor"": ""val_loss"", ""patience"": 40, ""restore_best_weights"": true, ""verbose"": 0}, ""cv"": {""k"": 5, ""seed"": 42, ""shuffle"": true}, ""data"": {""train_path"": ""data/MONK/MONK1/monks-1.train""}, ""model"": {""activation"": ""relu"", ""dropout"": 0.1, ""hidden_units"": [4, 4]}, ""optim"": {""lr"": 0.3, ""momentum"": 0.0, ""name"": ""sgd""}, ""regularizer"": {""l2"": 7e-07}, ""seed"": 42, ""split"": {""stratified"": true, ""val_size"": 0.2}, ""training"": {""batch_size"": 16, ""epochs"": 800, ""include_reg_in_val"": false, ""shuffle"": true}}"
61622f65d3d7,42,kfold,val_loss,min,0.005614380377813485,,0.005614380377813485,0.00314874706807866,1.0,0.0,301.4,183.06567127673063,7.148662567138672,"{""callbacks"": {""early_stopping"": true, ""min_delta"": 0.0, ""mode"": ""auto"", ""monitor"": ""val_loss"", ""patience"": 40, ""restore_best_weights"": true, ""verbose"": 0}, ""cv"": {""k"": 5, ""seed"": 42, ""shuffle"": true}, ""data"": {""train_path"": ""data/MONK/MONK1/monks-1.train""}, ""model"": {""activation"": ""relu"", ""dropout"": 0.07, ""hidden_units"": [8, 4]}, ""optim"": {""lr"": 0.3, ""momentum"": 0.0, ""name"": ""sgd""}, ""regularizer"": {""l2"": 1e-06}, ""seed"": 42, ""split"": {""stratified"": true, ""val_size"": 0.2}, ""training"": {""batch_size"": 16, ""epochs"": 800, ""include_reg_in_val"": false, ""shuffle"": true}}"
3523f47c05db,42,kfold,val_loss,min,0.6159258031568863,,0.6159258031568863,0.1532505315078043,0.588,0.14620533505997652,38.8,8.541662601625049,3.350060224533081,"{""callbacks"": {""early_stopping"": true, ""min_delta"": 0.0, ""mode"": ""auto"", ""monitor"": ""val_loss"", ""patience"": 40, ""restore_best_weights"": true, ""verbose"": 0}, ""cv"": {""k"": 5, ""seed"": 42, ""shuffle"": true}, ""data"": {""train_path"": ""data/MONK/MONK1/monks-1.train""}, ""model"": {""activation"": ""relu"", ""dropout"": 0.1, ""hidden_units"": [4, 4]}, ""optim"": {""lr"": 0.3, ""momentum"": 0.0, ""name"": ""adam""}, ""regularizer"": {""l2"": 3e-07}, ""seed"": 42, ""split"": {""stratified"": true, ""val_size"": 0.2}, ""training"": {""batch_size"": 16, ""epochs"": 800, ""include_reg_in_val"": false, ""shuffle"": true}}"
de8723b82a15,42,kfold,val_loss,min,0.6161750111707304,,0.6161750111707304,0.15275202447008032,0.588,0.14620533505997652,28.4,15.628179676469042,2.0577003955841064,"{""callbacks"": {""early_stopping"": true, ""min_delta"": 0.0, ""mode"": ""auto"", ""monitor"": ""val_loss"", ""patience"": 40, ""restore_best_weights"": true, ""verbose"": 0}, ""cv"": {""k"": 5, ""seed"": 42, ""shuffle"": true}, ""data"": {""train_path"": ""data/MONK/MONK1/monks-1.train""}, ""model"": {""activation"": ""relu"", ""dropout"": 0.1, ""hidden_units"": [4, 4]}, ""optim"": {""lr"": 0.3, ""momentum"": 0.0, ""name"": ""adam""}, ""regularizer"": {""l2"": 7e-07}, ""seed"": 42, ""split"": {""stratified"": true, ""val_size"": 0.2}, ""training"": {""batch_size"": 16, ""epochs"": 800, ""include_reg_in_val"": false, ""shuffle"": true}}"
944dd6bc3ec3,42,kfold,val_loss,min,0.08676632131024016,,0.08676632131024016,0.057885857131651716,0.976,0.03199999999999999,126.6,37.35558860465191,4.450360298156738,"{""callbacks"": {""early_stopping"": true, ""min_delta"": 0.0, ""mode"": ""auto"", ""monitor"": ""val_loss"", ""patience"": 40, ""restore_best_weights"": true, ""verbose"": 0}, ""cv"": {""k"": 5, ""seed"": 42, ""shuffle"": true}, ""data"": {""train_path"": ""data/MONK/MONK1/monks-1.train""}, ""model"": {""activation"": ""relu"", ""dropout"": 0.1, ""hidden_units"": [4, 4]}, ""optim"": {""lr"": 0.3, ""momentum"": 0.0, ""name"": ""sgd""}, ""regularizer"": {""l2"": 1e-06}, ""seed"": 42, ""split"": {""stratified"": true, ""val_size"": 0.2}, ""training"": {""batch_size"": 16, ""epochs"": 800, ""include_reg_in_val"": false, ""shuffle"": true}}"
31074cd278a3,42,kfold,val_loss,min,0.6018488297565315,,0.6018488297565315,0.12975072731879386,0.612,0.13120975573485377,27.2,18.54076589572286,1.906907081604004,"{""callbacks"": {""early_stopping"": true, ""min_delta"": 0.0, ""mode"": ""auto"", ""monitor"": ""val_loss"", ""patience"": 40, ""restore_best_weights"": true, ""verbose"": 0}, ""cv"": {""k"": 5, ""seed"": 42, ""shuffle"": true}, ""data"": {""train_path"": ""data/MONK/MONK1/monks-1.train""}, ""model"": {""activation"": ""relu"", ""dropout"": 0.1, ""hidden_units"": [8, 4]}, ""optim"": {""lr"": 0.3, ""momentum"": 0.0, ""name"": ""adam""}, ""regularizer"": {""l2"": 0.0}, ""seed"": 42, ""split"": {""stratified"": true, ""val_size"": 0.2}, ""training"": {""batch_size"": 16, ""epochs"": 800, ""include_reg_in_val"": false, ""shuffle"": true}}"
7606932bfeb8,42,kfold,val_loss,min,0.6158192847761782,,0.6158192847761782,0.15346354543408058,0.588,0.14620533505997652,70.6,58.575080025553525,3.6259562969207764,"{""callbacks"": {""early_stopping"": true, ""min_delta"": 0.0, ""mode"": ""auto"", ""monitor"": ""val_loss"", ""patience"": 40, ""restore_best_weights"": true, ""verbose"": 0}, ""cv"": {""k"": 5, ""seed"": 42, ""shuffle"": true}, ""data"": {""train_path"": ""data/MONK/MONK1/monks-1.train""}, ""model"": {""activation"": ""relu"", ""dropout"": 0.1, ""hidden_units"": [4, 4]}, ""optim"": {""lr"": 0.3, ""momentum"": 0.0, ""name"": ""adam""}, ""regularizer"": {""l2"": 1e-06}, ""seed"": 42, ""split"": {""stratified"": true, ""val_size"": 0.2}, ""training"": {""batch_size"": 16, ""epochs"": 800, ""include_reg_in_val"": false, ""shuffle"": true}}"
d838b56fa266,42,kfold,val_loss,min,0.5982102080630041,,0.5982102080630041,0.1283093275277414,0.6279999999999999,0.142884568795934,32.0,29.04479299289289,2.10001277923584,"{""callbacks"": {""early_stopping"": true, ""min_delta"": 0.0, ""mode"": ""auto"", ""monitor"": ""val_loss"", ""patience"": 40, ""restore_best_weights"": true, ""verbose"": 0}, ""cv"": {""k"": 5, ""seed"": 42, ""shuffle"": true}, ""data"": {""train_path"": ""data/MONK/MONK1/monks-1.train""}, ""model"": {""activation"": ""relu"", ""dropout"": 0.1, ""hidden_units"": [8, 4]}, ""optim"": {""lr"": 0.3, ""momentum"": 0.0, ""name"": ""adam""}, ""regularizer"": {""l2"": 3e-07}, ""seed"": 42, ""split"": {""stratified"": true, ""val_size"": 0.2}, ""training"": {""batch_size"": 16, ""epochs"": 800, ""include_reg_in_val"": false, ""shuffle"": true}}"
dbf5249961e2,42,kfold,val_loss,min,0.6082057822297682,,0.6082057822297682,0.10172013053868198,0.604,0.10910545357588686,27.4,28.70261312145638,2.126035451889038,"{""callbacks"": {""early_stopping"": true, ""min_delta"": 0.0, ""mode"": ""auto"", ""monitor"": ""val_loss"", ""patience"": 40, ""restore_best_weights"": true, ""verbose"": 0}, ""cv"": {""k"": 5, ""seed"": 42, ""shuffle"": true}, ""data"": {""train_path"": ""data/MONK/MONK1/monks-1.train""}, ""model"": {""activation"": ""relu"", ""dropout"": 0.1, ""hidden_units"": [8, 4]}, ""optim"": {""lr"": 0.3, ""momentum"": 0.0, ""name"": ""adam""}, ""regularizer"": {""l2"": 7e-07}, ""seed"": 42, ""split"": {""stratified"": true, ""val_size"": 0.2}, ""training"": {""batch_size"": 16, ""epochs"": 800, ""include_reg_in_val"": false, ""shuffle"": true}}"
900820f8abc2,42,kfold,val_loss,min,0.0201830751169328,,0.0201830751169328,0.018313200152777584,1.0,0.0,139.2,43.04137544270629,3.961099863052368,"{""callbacks"": {""early_stopping"": true, ""min_delta"": 0.0, ""mode"": ""auto"", ""monitor"": ""val_loss"", ""patience"": 40, ""restore_best_weights"": true, ""verbose"": 0}, ""cv"": {""k"": 5, ""seed"": 42, ""shuffle"": true}, ""data"": {""train_path"": ""data/MONK/MONK1/monks-1.train""}, ""model"": {""activation"": ""relu"", ""dropout"": 0.1, ""hidden_units"": [8, 4]}, ""optim"": {""lr"": 0.3, ""momentum"": 0.0, ""name"": ""sgd""}, ""regularizer"": {""l2"": 0.0}, ""seed"": 42, ""split"": {""stratified"": true, ""val_size"": 0.2}, ""training"": {""batch_size"": 16, ""epochs"": 800, ""include_reg_in_val"": false, ""shuffle"": true}}"
69a109112406,42,kfold,val_loss,min,0.022117489461282426,,0.022117489461282426,0.018011125559703293,1.0,0.0,130.4,36.346113960092076,3.6524274349212646,"{""callbacks"": {""early_stopping"": true, ""min_delta"": 0.0, ""mode"": ""auto"", ""monitor"": ""val_loss"", ""patience"": 40, ""restore_best_weights"": true, ""verbose"": 0}, ""cv"": {""k"": 5, ""seed"": 42, ""shuffle"": true}, ""data"": {""train_path"": ""data/MONK/MONK1/monks-1.train""}, ""model"": {""activation"": ""relu"", ""dropout"": 0.1, ""hidden_units"": [8, 4]}, ""optim"": {""lr"": 0.3, ""momentum"": 0.0, ""name"": ""sgd""}, ""regularizer"": {""l2"": 7e-07}, ""seed"": 42, ""split"": {""stratified"": true, ""val_size"": 0.2}, ""training"": {""batch_size"": 16, ""epochs"": 800, ""include_reg_in_val"": false, ""shuffle"": true}}"
59cb2e7d9eac,42,kfold,val_loss,min,0.0484594109489046,,0.0484594109489046,0.06990138975626073,0.992,0.016000000000000014,120.6,42.01237912806177,3.3765063285827637,"{""callbacks"": {""early_stopping"": true, ""min_delta"": 0.0, ""mode"": ""auto"", ""monitor"": ""val_loss"", ""patience"": 40, ""restore_best_weights"": true, ""verbose"": 0}, ""cv"": {""k"": 5, ""seed"": 42, ""shuffle"": true}, ""data"": {""train_path"": ""data/MONK/MONK1/monks-1.train""}, ""model"": {""activation"": ""relu"", ""dropout"": 0.1, ""hidden_units"": [8, 4]}, ""optim"": {""lr"": 0.3, ""momentum"": 0.0, ""name"": ""sgd""}, ""regularizer"": {""l2"": 1e-06}, ""seed"": 42, ""split"": {""stratified"": true, ""val_size"": 0.2}, ""training"": {""batch_size"": 16, ""epochs"": 800, ""include_reg_in_val"": false, ""shuffle"": true}}"
abe055b8d57a,42,kfold,val_loss,min,0.02008959977994097,,0.02008959977994097,0.018311608329001097,1.0,0.0,145.0,55.3497967475943,3.915161609649658,"{""callbacks"": {""early_stopping"": true, ""min_delta"": 0.0, ""mode"": ""auto"", ""monitor"": ""val_loss"", ""patience"": 40, ""restore_best_weights"": true, ""verbose"": 0}, ""cv"": {""k"": 5, ""seed"": 42, ""shuffle"": true}, ""data"": {""train_path"": ""data/MONK/MONK1/monks-1.train""}, ""model"": {""activation"": ""relu"", ""dropout"": 0.1, ""hidden_units"": [8, 4]}, ""optim"": {""lr"": 0.3, ""momentum"": 0.0, ""name"": ""sgd""}, ""regularizer"": {""l2"": 3e-07}, ""seed"": 42, ""split"": {""stratified"": true, ""val_size"": 0.2}, ""training"": {""batch_size"": 16, ""epochs"": 800, ""include_reg_in_val"": false, ""shuffle"": true}}"
341c3a18b120,42,kfold,val_loss,min,0.6107113514971508,,0.6107113514971508,0.12056370377651053,0.58,0.13023056476879763,26.0,28.733255993708752,2.1054680347442627,"{""callbacks"": {""early_stopping"": true, ""min_delta"": 0.0, ""mode"": ""auto"", ""monitor"": ""val_loss"", ""patience"": 40, ""restore_best_weights"": true, ""verbose"": 0}, ""cv"": {""k"": 5, ""seed"": 42, ""shuffle"": true}, ""data"": {""train_path"": ""data/MONK/MONK1/monks-1.train""}, ""model"": {""activation"": ""relu"", ""dropout"": 0.1, ""hidden_units"": [8, 4]}, ""optim"": {""lr"": 0.3, ""momentum"": 0.0, ""name"": ""adam""}, ""regularizer"": {""l2"": 1e-06}, ""seed"": 42, ""split"": {""stratified"": true, ""val_size"": 0.2}, ""training"": {""batch_size"": 16, ""epochs"": 800, ""include_reg_in_val"": false, ""shuffle"": true}}"
7ae482b38b43,42,kfold,val_loss,min,0.1689481567085021,,0.1689481567085021,0.16972243708822018,0.9259999999999999,0.09286549412995118,86.2,57.77335025770965,3.2341902256011963,"{""callbacks"": {""early_stopping"": true, ""min_delta"": 0.0, ""mode"": ""auto"", ""monitor"": ""val_loss"", ""patience"": 40, ""restore_best_weights"": true, ""verbose"": 0}, ""cv"": {""k"": 5, ""seed"": 42, ""shuffle"": true}, ""data"": {""train_path"": ""data/MONK/MONK1/monks-1.train""}, ""model"": {""activation"": ""sigmoid"", ""dropout"": 0.0, ""hidden_units"": [4, 4]}, ""optim"": {""lr"": 0.3, ""momentum"": 0.0, ""name"": ""adam""}, ""regularizer"": {""l2"": 3e-07}, ""seed"": 42, ""split"": {""stratified"": true, ""val_size"": 0.2}, ""training"": {""batch_size"": 16, ""epochs"": 800, ""include_reg_in_val"": false, ""shuffle"": true}}"
bc107c22edef,42,kfold,val_loss,min,0.41166836189438094,,0.41166836189438094,0.2180398467670595,0.792,0.1547126368465097,254.6,278.30961176358966,5.43375301361084,"{""callbacks"": {""early_stopping"": true, ""min_delta"": 0.0, ""mode"": ""auto"", ""monitor"": ""val_loss"", ""patience"": 40, ""restore_best_weights"": true, ""verbose"": 0}, ""cv"": {""k"": 5, ""seed"": 42, ""shuffle"": true}, ""data"": {""train_path"": ""data/MONK/MONK1/monks-1.train""}, ""model"": {""activation"": ""sigmoid"", ""dropout"": 0.0, ""hidden_units"": [4, 4]}, ""optim"": {""lr"": 0.3, ""momentum"": 0.0, ""name"": ""sgd""}, ""regularizer"": {""l2"": 0.0}, ""seed"": 42, ""split"": {""stratified"": true, ""val_size"": 0.2}, ""training"": {""batch_size"": 16, ""epochs"": 800, ""include_reg_in_val"": false, ""shuffle"": true}}"
c51edbeea7d4,42,kfold,val_loss,min,0.4116688173377798,,0.4116688173377798,0.21803436590804215,0.792,0.1547126368465097,254.6,278.30961176358966,5.591856479644775,"{""callbacks"": {""early_stopping"": true, ""min_delta"": 0.0, ""mode"": ""auto"", ""monitor"": ""val_loss"", ""patience"": 40, ""restore_best_weights"": true, ""verbose"": 0}, ""cv"": {""k"": 5, ""seed"": 42, ""shuffle"": true}, ""data"": {""train_path"": ""data/MONK/MONK1/monks-1.train""}, ""model"": {""activation"": ""sigmoid"", ""dropout"": 0.0, ""hidden_units"": [4, 4]}, ""optim"": {""lr"": 0.3, ""momentum"": 0.0, ""name"": ""sgd""}, ""regularizer"": {""l2"": 3e-07}, ""seed"": 42, ""split"": {""stratified"": true, ""val_size"": 0.2}, ""training"": {""batch_size"": 16, ""epochs"": 800, ""include_reg_in_val"": false, ""shuffle"": true}}"
74dad887fbfe,42,kfold,val_loss,min,0.4116694312321997,,0.4116694312321997,0.218027051512743,0.792,0.1547126368465097,254.6,278.30961176358966,6.11654806137085,"{""callbacks"": {""early_stopping"": true, ""min_delta"": 0.0, ""mode"": ""auto"", ""monitor"": ""val_loss"", ""patience"": 40, ""restore_best_weights"": true, ""verbose"": 0}, ""cv"": {""k"": 5, ""seed"": 42, ""shuffle"": true}, ""data"": {""train_path"": ""data/MONK/MONK1/monks-1.train""}, ""model"": {""activation"": ""sigmoid"", ""dropout"": 0.0, ""hidden_units"": [4, 4]}, ""optim"": {""lr"": 0.3, ""momentum"": 0.0, ""name"": ""sgd""}, ""regularizer"": {""l2"": 7e-07}, ""seed"": 42, ""split"": {""stratified"": true, ""val_size"": 0.2}, ""training"": {""batch_size"": 16, ""epochs"": 800, ""include_reg_in_val"": false, ""shuffle"": true}}"
859774d635fd,42,kfold,val_loss,min,0.4116698966319302,,0.4116698966319302,0.2180215607758108,0.792,0.1547126368465097,254.6,278.30961176358966,6.1527793407440186,"{""callbacks"": {""early_stopping"": true, ""min_delta"": 0.0, ""mode"": ""auto"", ""monitor"": ""val_loss"", ""patience"": 40, ""restore_best_weights"": true, ""verbose"": 0}, ""cv"": {""k"": 5, ""seed"": 42, ""shuffle"": true}, ""data"": {""train_path"": ""data/MONK/MONK1/monks-1.train""}, ""model"": {""activation"": ""sigmoid"", ""dropout"": 0.0, ""hidden_units"": [4, 4]}, ""optim"": {""lr"": 0.3, ""momentum"": 0.0, ""name"": ""sgd""}, ""regularizer"": {""l2"": 1e-06}, ""seed"": 42, ""split"": {""stratified"": true, ""val_size"": 0.2}, ""training"": {""batch_size"": 16, ""epochs"": 800, ""include_reg_in_val"": false, ""shuffle"": true}}"
353acdbb875d,42,kfold,val_loss,min,0.19324360013205943,,0.19324360013205943,0.1736420042077006,0.9179999999999999,0.09474175425861608,220.4,291.43067786353583,6.24606466293335,"{""callbacks"": {""early_stopping"": true, ""min_delta"": 0.0, ""mode"": ""auto"", ""monitor"": ""val_loss"", ""patience"": 40, ""restore_best_weights"": true, ""verbose"": 0}, ""cv"": {""k"": 5, ""seed"": 42, ""shuffle"": true}, ""data"": {""train_path"": ""data/MONK/MONK1/monks-1.train""}, ""model"": {""activation"": ""sigmoid"", ""dropout"": 0.0, ""hidden_units"": [4, 4]}, ""optim"": {""lr"": 0.3, ""momentum"": 0.0, ""name"": ""adam""}, ""regularizer"": {""l2"": 0.0}, ""seed"": 42, ""split"": {""stratified"": true, ""val_size"": 0.2}, ""training"": {""batch_size"": 16, ""epochs"": 800, ""include_reg_in_val"": false, ""shuffle"": true}}"
f647a054e47d,42,kfold,val_loss,min,0.07814426252295023,,0.07814426252295023,0.13035916893616736,0.976,0.047999999999999994,318.8,246.88734272943196,10.076136112213135,"{""callbacks"": {""early_stopping"": true, ""min_delta"": 0.0, ""mode"": ""auto"", ""monitor"": ""val_loss"", ""patience"": 40, ""restore_best_weights"": true, ""verbose"": 0}, ""cv"": {""k"": 5, ""seed"": 42, ""shuffle"": true}, ""data"": {""train_path"": ""data/MONK/MONK1/monks-1.train""}, ""model"": {""activation"": ""sigmoid"", ""dropout"": 0.0, ""hidden_units"": [4, 4]}, ""optim"": {""lr"": 0.3, ""momentum"": 0.0, ""name"": ""adam""}, ""regularizer"": {""l2"": 1e-06}, ""seed"": 42, ""split"": {""stratified"": true, ""val_size"": 0.2}, ""training"": {""batch_size"": 16, ""epochs"": 800, ""include_reg_in_val"": false, ""shuffle"": true}}"
cf3ec947b135,42,kfold,val_loss,min,0.18436714560231668,,0.18436714560231668,0.2228621062088541,0.9259999999999999,0.09951884243699782,335.8,297.64838316375915,10.856932640075684,"{""callbacks"": {""early_stopping"": true, ""min_delta"": 0.0, ""mode"": ""auto"", ""monitor"": ""val_loss"", ""patience"": 40, ""restore_best_weights"": true, ""verbose"": 0}, ""cv"": {""k"": 5, ""seed"": 42, ""shuffle"": true}, ""data"": {""train_path"": ""data/MONK/MONK1/monks-1.train""}, ""model"": {""activation"": ""sigmoid"", ""dropout"": 0.0, ""hidden_units"": [4, 4]}, ""optim"": {""lr"": 0.3, ""momentum"": 0.0, ""name"": ""adam""}, ""regularizer"": {""l2"": 7e-07}, ""seed"": 42, ""split"": {""stratified"": true, ""val_size"": 0.2}, ""training"": {""batch_size"": 16, ""epochs"": 800, ""include_reg_in_val"": false, ""shuffle"": true}}"
2ed586a52a5d,42,kfold,val_loss,min,0.2397644609676977,,0.2397644609676977,0.25210487797529557,0.844,0.18347751905887544,212.0,295.05524906362876,6.544631481170654,"{""callbacks"": {""early_stopping"": true, ""min_delta"": 0.0, ""mode"": ""auto"", ""monitor"": ""val_loss"", ""patience"": 40, ""restore_best_weights"": true, ""verbose"": 0}, ""cv"": {""k"": 5, ""seed"": 42, ""shuffle"": true}, ""data"": {""train_path"": ""data/MONK/MONK1/monks-1.train""}, ""model"": {""activation"": ""sigmoid"", ""dropout"": 0.0, ""hidden_units"": [8, 4]}, ""optim"": {""lr"": 0.3, ""momentum"": 0.0, ""name"": ""adam""}, ""regularizer"": {""l2"": 0.0}, ""seed"": 42, ""split"": {""stratified"": true, ""val_size"": 0.2}, ""training"": {""batch_size"": 16, ""epochs"": 800, ""include_reg_in_val"": false, ""shuffle"": true}}"
358721bbe3a1,42,kfold,val_loss,min,0.17437881027789476,,0.17437881027789476,0.1979504849551917,0.9263333333333333,0.09150834813162011,513.8,295.6162377136953,9.489944696426392,"{""callbacks"": {""early_stopping"": true, ""min_delta"": 0.0, ""mode"": ""auto"", ""monitor"": ""val_loss"", ""patience"": 40, ""restore_best_weights"": true, ""verbose"": 0}, ""cv"": {""k"": 5, ""seed"": 42, ""shuffle"": true}, ""data"": {""train_path"": ""data/MONK/MONK1/monks-1.train""}, ""model"": {""activation"": ""sigmoid"", ""dropout"": 0.0, ""hidden_units"": [8, 4]}, ""optim"": {""lr"": 0.3, ""momentum"": 0.0, ""name"": ""sgd""}, ""regularizer"": {""l2"": 0.0}, ""seed"": 42, ""split"": {""stratified"": true, ""val_size"": 0.2}, ""training"": {""batch_size"": 16, ""epochs"": 800, ""include_reg_in_val"": false, ""shuffle"": true}}"
a2bccc03495f,42,kfold,val_loss,min,0.21019832492000182,,0.21019832492000182,0.2674518738379256,0.892,0.19661129163911212,234.0,226.27505386144537,7.667964458465576,"{""callbacks"": {""early_stopping"": true, ""min_delta"": 0.0, ""mode"": ""auto"", ""monitor"": ""val_loss"", ""patience"": 40, ""restore_best_weights"": true, ""verbose"": 0}, ""cv"": {""k"": 5, ""seed"": 42, ""shuffle"": true}, ""data"": {""train_path"": ""data/MONK/MONK1/monks-1.train""}, ""model"": {""activation"": ""sigmoid"", ""dropout"": 0.0, ""hidden_units"": [8, 4]}, ""optim"": {""lr"": 0.3, ""momentum"": 0.0, ""name"": ""adam""}, ""regularizer"": {""l2"": 3e-07}, ""seed"": 42, ""split"": {""stratified"": true, ""val_size"": 0.2}, ""training"": {""batch_size"": 16, ""epochs"": 800, ""include_reg_in_val"": false, ""shuffle"": true}}"
9f736ee6354b,42,kfold,val_loss,min,0.17438765967005607,,0.17438765967005607,0.19794751260444202,0.9263333333333333,0.09150834813162011,513.8,295.6162377136953,10.801474809646606,"{""callbacks"": {""early_stopping"": true, ""min_delta"": 0.0, ""mode"": ""auto"", ""monitor"": ""val_loss"", ""patience"": 40, ""restore_best_weights"": true, ""verbose"": 0}, ""cv"": {""k"": 5, ""seed"": 42, ""shuffle"": true}, ""data"": {""train_path"": ""data/MONK/MONK1/monks-1.train""}, ""model"": {""activation"": ""sigmoid"", ""dropout"": 0.0, ""hidden_units"": [8, 4]}, ""optim"": {""lr"": 0.3, ""momentum"": 0.0, ""name"": ""sgd""}, ""regularizer"": {""l2"": 7e-07}, ""seed"": 42, ""split"": {""stratified"": true, ""val_size"": 0.2}, ""training"": {""batch_size"": 16, ""epochs"": 800, ""include_reg_in_val"": false, ""shuffle"": true}}"
28505a4f6e7e,42,kfold,val_loss,min,0.1743826004181427,,0.1743826004181427,0.19794921341487068,0.9263333333333333,0.09150834813162011,513.8,295.6162377136953,11.117272853851318,"{""callbacks"": {""early_stopping"": true, ""min_delta"": 0.0, ""mode"": ""auto"", ""monitor"": ""val_loss"", ""patience"": 40, ""restore_best_weights"": true, ""verbose"": 0}, ""cv"": {""k"": 5, ""seed"": 42, ""shuffle"": true}, ""data"": {""train_path"": ""data/MONK/MONK1/monks-1.train""}, ""model"": {""activation"": ""sigmoid"", ""dropout"": 0.0, ""hidden_units"": [8, 4]}, ""optim"": {""lr"": 0.3, ""momentum"": 0.0, ""name"": ""sgd""}, ""regularizer"": {""l2"": 3e-07}, ""seed"": 42, ""split"": {""stratified"": true, ""val_size"": 0.2}, ""training"": {""batch_size"": 16, ""epochs"": 800, ""include_reg_in_val"": false, ""shuffle"": true}}"
fd54c3b20353,42,kfold,val_loss,min,0.15510015832333163,,0.15510015832333163,0.20035037372337097,0.9513333333333334,0.06434628539740615,132.0,94.43939855801709,5.169012784957886,"{""callbacks"": {""early_stopping"": true, ""min_delta"": 0.0, ""mode"": ""auto"", ""monitor"": ""val_loss"", ""patience"": 40, ""restore_best_weights"": true, ""verbose"": 0}, ""cv"": {""k"": 5, ""seed"": 42, ""shuffle"": true}, ""data"": {""train_path"": ""data/MONK/MONK1/monks-1.train""}, ""model"": {""activation"": ""sigmoid"", ""dropout"": 0.0, ""hidden_units"": [8, 4]}, ""optim"": {""lr"": 0.3, ""momentum"": 0.0, ""name"": ""adam""}, ""regularizer"": {""l2"": 1e-06}, ""seed"": 42, ""split"": {""stratified"": true, ""val_size"": 0.2}, ""training"": {""batch_size"": 16, ""epochs"": 800, ""include_reg_in_val"": false, ""shuffle"": true}}"
4eb1d162a8ad,42,kfold,val_loss,min,0.17439145841108333,,0.17439145841108333,0.1979462329284937,0.9263333333333333,0.09150834813162011,513.8,295.6162377136953,10.76227331161499,"{""callbacks"": {""early_stopping"": true, ""min_delta"": 0.0, ""mode"": ""auto"", ""monitor"": ""val_loss"", ""patience"": 40, ""restore_best_weights"": true, ""verbose"": 0}, ""cv"": {""k"": 5, ""seed"": 42, ""shuffle"": true}, ""data"": {""train_path"": ""data/MONK/MONK1/monks-1.train""}, ""model"": {""activation"": ""sigmoid"", ""dropout"": 0.0, ""hidden_units"": [8, 4]}, ""optim"": {""lr"": 0.3, ""momentum"": 0.0, ""name"": ""sgd""}, ""regularizer"": {""l2"": 1e-06}, ""seed"": 42, ""split"": {""stratified"": true, ""val_size"": 0.2}, ""training"": {""batch_size"": 16, ""epochs"": 800, ""include_reg_in_val"": false, ""shuffle"": true}}"
efbdc44c61bb,42,kfold,val_loss,min,0.4666399525513736,,0.4666399525513736,0.070209270221977,0.7983333333333333,0.03593203460856496,153.0,24.63331078032346,4.189044952392578,"{""callbacks"": {""early_stopping"": true, ""min_delta"": 0.0, ""mode"": ""auto"", ""monitor"": ""val_loss"", ""patience"": 40, ""restore_best_weights"": true, ""verbose"": 0}, ""cv"": {""k"": 5, ""seed"": 42, ""shuffle"": true}, ""data"": {""train_path"": ""data/MONK/MONK1/monks-1.train""}, ""model"": {""activation"": ""sigmoid"", ""dropout"": 0.03, ""hidden_units"": [4, 4]}, ""optim"": {""lr"": 0.3, ""momentum"": 0.0, ""name"": ""sgd""}, ""regularizer"": {""l2"": 0.0}, ""seed"": 42, ""split"": {""stratified"": true, ""val_size"": 0.2}, ""training"": {""batch_size"": 16, ""epochs"": 800, ""include_reg_in_val"": false, ""shuffle"": true}}"
161888483834,42,kfold,val_loss,min,0.4666410736487858,,0.4666410736487858,0.07020811504599474,0.7983333333333333,0.03593203460856496,153.0,24.63331078032346,4.082002878189087,"{""callbacks"": {""early_stopping"": true, ""min_delta"": 0.0, ""mode"": ""auto"", ""monitor"": ""val_loss"", ""patience"": 40, ""restore_best_weights"": true, ""verbose"": 0}, ""cv"": {""k"": 5, ""seed"": 42, ""shuffle"": true}, ""data"": {""train_path"": ""data/MONK/MONK1/monks-1.train""}, ""model"": {""activation"": ""sigmoid"", ""dropout"": 0.03, ""hidden_units"": [4, 4]}, ""optim"": {""lr"": 0.3, ""momentum"": 0.0, ""name"": ""sgd""}, ""regularizer"": {""l2"": 3e-07}, ""seed"": 42, ""split"": {""stratified"": true, ""val_size"": 0.2}, ""training"": {""batch_size"": 16, ""epochs"": 800, ""include_reg_in_val"": false, ""shuffle"": true}}"
cd6acd668744,42,kfold,val_loss,min,0.4666425702042753,,0.4666425702042753,0.07020657445839336,0.7983333333333333,0.03593203460856496,153.0,24.63331078032346,4.314975738525391,"{""callbacks"": {""early_stopping"": true, ""min_delta"": 0.0, ""mode"": ""auto"", ""monitor"": ""val_loss"", ""patience"": 40, ""restore_best_weights"": true, ""verbose"": 0}, ""cv"": {""k"": 5, ""seed"": 42, ""shuffle"": true}, ""data"": {""train_path"": ""data/MONK/MONK1/monks-1.train""}, ""model"": {""activation"": ""sigmoid"", ""dropout"": 0.03, ""hidden_units"": [4, 4]}, ""optim"": {""lr"": 0.3, ""momentum"": 0.0, ""name"": ""sgd""}, ""regularizer"": {""l2"": 7e-07}, ""seed"": 42, ""split"": {""stratified"": true, ""val_size"": 0.2}, ""training"": {""batch_size"": 16, ""epochs"": 800, ""include_reg_in_val"": false, ""shuffle"": true}}"
4dd67cfbc352,42,kfold,val_loss,min,0.13002831595501024,,0.13002831595501024,0.19580212572563757,0.9516666666666665,0.0775313556640867,244.4,210.31842525085625,8.458401203155518,"{""callbacks"": {""early_stopping"": true, ""min_delta"": 0.0, ""mode"": ""auto"", ""monitor"": ""val_loss"", ""patience"": 40, ""restore_best_weights"": true, ""verbose"": 0}, ""cv"": {""k"": 5, ""seed"": 42, ""shuffle"": true}, ""data"": {""train_path"": ""data/MONK/MONK1/monks-1.train""}, ""model"": {""activation"": ""sigmoid"", ""dropout"": 0.0, ""hidden_units"": [8, 4]}, ""optim"": {""lr"": 0.3, ""momentum"": 0.0, ""name"": ""adam""}, ""regularizer"": {""l2"": 7e-07}, ""seed"": 42, ""split"": {""stratified"": true, ""val_size"": 0.2}, ""training"": {""batch_size"": 16, ""epochs"": 800, ""include_reg_in_val"": false, ""shuffle"": true}}"
213f508e83d9,42,kfold,val_loss,min,0.2260470432278173,,0.2260470432278173,0.1375354623566325,0.9029999999999999,0.09008884503644166,57.6,24.507957891264628,2.9239394664764404,"{""callbacks"": {""early_stopping"": true, ""min_delta"": 0.0, ""mode"": ""auto"", ""monitor"": ""val_loss"", ""patience"": 40, ""restore_best_weights"": true, ""verbose"": 0}, ""cv"": {""k"": 5, ""seed"": 42, ""shuffle"": true}, ""data"": {""train_path"": ""data/MONK/MONK1/monks-1.train""}, ""model"": {""activation"": ""sigmoid"", ""dropout"": 0.03, ""hidden_units"": [4, 4]}, ""optim"": {""lr"": 0.3, ""momentum"": 0.0, ""name"": ""adam""}, ""regularizer"": {""l2"": 1e-06}, ""seed"": 42, ""split"": {""stratified"": true, ""val_size"": 0.2}, ""training"": {""batch_size"": 16, ""epochs"": 800, ""include_reg_in_val"": false, ""shuffle"": true}}"
0caf8f85e7a9,42,kfold,val_loss,min,0.19069656500796167,,0.19069656500796167,0.15604771500962417,0.9346666666666665,0.06698590233109583,100.8,64.11364909284137,4.108017683029175,"{""callbacks"": {""early_stopping"": true, ""min_delta"": 0.0, ""mode"": ""auto"", ""monitor"": ""val_loss"", ""patience"": 40, ""restore_best_weights"": true, ""verbose"": 0}, ""cv"": {""k"": 5, ""seed"": 42, ""shuffle"": true}, ""data"": {""train_path"": ""data/MONK/MONK1/monks-1.train""}, ""model"": {""activation"": ""sigmoid"", ""dropout"": 0.03, ""hidden_units"": [4, 4]}, ""optim"": {""lr"": 0.3, ""momentum"": 0.0, ""name"": ""adam""}, ""regularizer"": {""l2"": 0.0}, ""seed"": 42, ""split"": {""stratified"": true, ""val_size"": 0.2}, ""training"": {""batch_size"": 16, ""epochs"": 800, ""include_reg_in_val"": false, ""shuffle"": true}}"
ee5dde166890,42,kfold,val_loss,min,0.4666436939400371,,0.4666436939400371,0.07020541875300988,0.7983333333333333,0.03593203460856496,153.0,24.63331078032346,4.438805341720581,"{""callbacks"": {""early_stopping"": true, ""min_delta"": 0.0, ""mode"": ""auto"", ""monitor"": ""val_loss"", ""patience"": 40, ""restore_best_weights"": true, ""verbose"": 0}, ""cv"": {""k"": 5, ""seed"": 42, ""shuffle"": true}, ""data"": {""train_path"": ""data/MONK/MONK1/monks-1.train""}, ""model"": {""activation"": ""sigmoid"", ""dropout"": 0.03, ""hidden_units"": [4, 4]}, ""optim"": {""lr"": 0.3, ""momentum"": 0.0, ""name"": ""sgd""}, ""regularizer"": {""l2"": 1e-06}, ""seed"": 42, ""split"": {""stratified"": true, ""val_size"": 0.2}, ""training"": {""batch_size"": 16, ""epochs"": 800, ""include_reg_in_val"": false, ""shuffle"": true}}"
bb6620db8c4d,42,kfold,val_loss,min,0.16097692788538112,,0.16097692788538112,0.11967311438593524,0.9346666666666665,0.06698590233109583,96.2,33.05994555349418,4.057046413421631,"{""callbacks"": {""early_stopping"": true, ""min_delta"": 0.0, ""mode"": ""auto"", ""monitor"": ""val_loss"", ""patience"": 40, ""restore_best_weights"": true, ""verbose"": 0}, ""cv"": {""k"": 5, ""seed"": 42, ""shuffle"": true}, ""data"": {""train_path"": ""data/MONK/MONK1/monks-1.train""}, ""model"": {""activation"": ""sigmoid"", ""dropout"": 0.03, ""hidden_units"": [4, 4]}, ""optim"": {""lr"": 0.3, ""momentum"": 0.0, ""name"": ""adam""}, ""regularizer"": {""l2"": 3e-07}, ""seed"": 42, ""split"": {""stratified"": true, ""val_size"": 0.2}, ""training"": {""batch_size"": 16, ""epochs"": 800, ""include_reg_in_val"": false, ""shuffle"": true}}"
1c61bb777499,42,kfold,val_loss,min,0.20422143477573673,,0.20422143477573673,0.14572100944269495,0.9259999999999999,0.0893532316147547,86.2,43.7693957006491,4.006572723388672,"{""callbacks"": {""early_stopping"": true, ""min_delta"": 0.0, ""mode"": ""auto"", ""monitor"": ""val_loss"", ""patience"": 40, ""restore_best_weights"": true, ""verbose"": 0}, ""cv"": {""k"": 5, ""seed"": 42, ""shuffle"": true}, ""data"": {""train_path"": ""data/MONK/MONK1/monks-1.train""}, ""model"": {""activation"": ""sigmoid"", ""dropout"": 0.03, ""hidden_units"": [4, 4]}, ""optim"": {""lr"": 0.3, ""momentum"": 0.0, ""name"": ""adam""}, ""regularizer"": {""l2"": 7e-07}, ""seed"": 42, ""split"": {""stratified"": true, ""val_size"": 0.2}, ""training"": {""batch_size"": 16, ""epochs"": 800, ""include_reg_in_val"": false, ""shuffle"": true}}"
8d33d0ce92ea,42,kfold,val_loss,min,0.3232563005427891,,0.3232563005427891,0.18835963296779218,0.8473333333333333,0.07267584039952878,271.4,166.39783652439715,6.253511667251587,"{""callbacks"": {""early_stopping"": true, ""min_delta"": 0.0, ""mode"": ""auto"", ""monitor"": ""val_loss"", ""patience"": 40, ""restore_best_weights"": true, ""verbose"": 0}, ""cv"": {""k"": 5, ""seed"": 42, ""shuffle"": true}, ""data"": {""train_path"": ""data/MONK/MONK1/monks-1.train""}, ""model"": {""activation"": ""sigmoid"", ""dropout"": 0.03, ""hidden_units"": [8, 4]}, ""optim"": {""lr"": 0.3, ""momentum"": 0.0, ""name"": ""sgd""}, ""regularizer"": {""l2"": 0.0}, ""seed"": 42, ""split"": {""stratified"": true, ""val_size"": 0.2}, ""training"": {""batch_size"": 16, ""epochs"": 800, ""include_reg_in_val"": false, ""shuffle"": true}}"
fb5ac1e55eea,42,kfold,val_loss,min,0.21810983210012713,,0.21810983210012713,0.17741946615781015,0.9099999999999999,0.08899438184514795,62.0,22.16303228351211,3.184262275695801,"{""callbacks"": {""early_stopping"": true, ""min_delta"": 0.0, ""mode"": ""auto"", ""monitor"": ""val_loss"", ""patience"": 40, ""restore_best_weights"": true, ""verbose"": 0}, ""cv"": {""k"": 5, ""seed"": 42, ""shuffle"": true}, ""data"": {""train_path"": ""data/MONK/MONK1/monks-1.train""}, ""model"": {""activation"": ""sigmoid"", ""dropout"": 0.03, ""hidden_units"": [8, 4]}, ""optim"": {""lr"": 0.3, ""momentum"": 0.0, ""name"": ""adam""}, ""regularizer"": {""l2"": 1e-06}, ""seed"": 42, ""split"": {""stratified"": true, ""val_size"": 0.2}, ""training"": {""batch_size"": 16, ""epochs"": 800, ""include_reg_in_val"": false, ""shuffle"": true}}"
2eda86295242,42,kfold,val_loss,min,0.20571192622179293,,0.20571192622179293,0.2488214612739074,0.892,0.19661129163911212,77.6,48.226963412597314,3.744654417037964,"{""callbacks"": {""early_stopping"": true, ""min_delta"": 0.0, ""mode"": ""auto"", ""monitor"": ""val_loss"", ""patience"": 40, ""restore_best_weights"": true, ""verbose"": 0}, ""cv"": {""k"": 5, ""seed"": 42, ""shuffle"": true}, ""data"": {""train_path"": ""data/MONK/MONK1/monks-1.train""}, ""model"": {""activation"": ""sigmoid"", ""dropout"": 0.03, ""hidden_units"": [8, 4]}, ""optim"": {""lr"": 0.3, ""momentum"": 0.0, ""name"": ""adam""}, ""regularizer"": {""l2"": 3e-07}, ""seed"": 42, ""split"": {""stratified"": true, ""val_size"": 0.2}, ""training"": {""batch_size"": 16, ""epochs"": 800, ""include_reg_in_val"": false, ""shuffle"": true}}"
8d258cc20924,42,kfold,val_loss,min,0.09571127669835389,,0.09571127669835389,0.12004061974422509,0.967,0.048538644398046386,103.0,56.87530219699936,4.1053807735443115,"{""callbacks"": {""early_stopping"": true, ""min_delta"": 0.0, ""mode"": ""auto"", ""monitor"": ""val_loss"", ""patience"": 40, ""restore_best_weights"": true, ""verbose"": 0}, ""cv"": {""k"": 5, ""seed"": 42, ""shuffle"": true}, ""data"": {""train_path"": ""data/MONK/MONK1/monks-1.train""}, ""model"": {""activation"": ""sigmoid"", ""dropout"": 0.03, ""hidden_units"": [8, 4]}, ""optim"": {""lr"": 0.3, ""momentum"": 0.0, ""name"": ""adam""}, ""regularizer"": {""l2"": 0.0}, ""seed"": 42, ""split"": {""stratified"": true, ""val_size"": 0.2}, ""training"": {""batch_size"": 16, ""epochs"": 800, ""include_reg_in_val"": false, ""shuffle"": true}}"
f165c2a048fb,42,kfold,val_loss,min,0.3232642752858544,,0.3232642752858544,0.18835401764108847,0.8473333333333333,0.07267584039952878,271.4,166.39783652439715,7.077014684677124,"{""callbacks"": {""early_stopping"": true, ""min_delta"": 0.0, ""mode"": ""auto"", ""monitor"": ""val_loss"", ""patience"": 40, ""restore_best_weights"": true, ""verbose"": 0}, ""cv"": {""k"": 5, ""seed"": 42, ""shuffle"": true}, ""data"": {""train_path"": ""data/MONK/MONK1/monks-1.train""}, ""model"": {""activation"": ""sigmoid"", ""dropout"": 0.03, ""hidden_units"": [8, 4]}, ""optim"": {""lr"": 0.3, ""momentum"": 0.0, ""name"": ""sgd""}, ""regularizer"": {""l2"": 3e-07}, ""seed"": 42, ""split"": {""stratified"": true, ""val_size"": 0.2}, ""training"": {""batch_size"": 16, ""epochs"": 800, ""include_reg_in_val"": false, ""shuffle"": true}}"
347b097a1019,42,kfold,val_loss,min,0.09085290988863512,,0.09085290988863512,0.0875426289235474,0.976,0.03199999999999999,138.4,44.58071331865384,5.381242036819458,"{""callbacks"": {""early_stopping"": true, ""min_delta"": 0.0, ""mode"": ""auto"", ""monitor"": ""val_loss"", ""patience"": 40, ""restore_best_weights"": true, ""verbose"": 0}, ""cv"": {""k"": 5, ""seed"": 42, ""shuffle"": true}, ""data"": {""train_path"": ""data/MONK/MONK1/monks-1.train""}, ""model"": {""activation"": ""sigmoid"", ""dropout"": 0.03, ""hidden_units"": [8, 4]}, ""optim"": {""lr"": 0.3, ""momentum"": 0.0, ""name"": ""adam""}, ""regularizer"": {""l2"": 7e-07}, ""seed"": 42, ""split"": {""stratified"": true, ""val_size"": 0.2}, ""training"": {""batch_size"": 16, ""epochs"": 800, ""include_reg_in_val"": false, ""shuffle"": true}}"
68f3f72228e8,42,kfold,val_loss,min,0.32328292534331465,,0.32328292534331465,0.18834087974437103,0.8473333333333333,0.07267584039952878,271.4,166.39783652439715,6.925151348114014,"{""callbacks"": {""early_stopping"": true, ""min_delta"": 0.0, ""mode"": ""auto"", ""monitor"": ""val_loss"", ""patience"": 40, ""restore_best_weights"": true, ""verbose"": 0}, ""cv"": {""k"": 5, ""seed"": 42, ""shuffle"": true}, ""data"": {""train_path"": ""data/MONK/MONK1/monks-1.train""}, ""model"": {""activation"": ""sigmoid"", ""dropout"": 0.03, ""hidden_units"": [8, 4]}, ""optim"": {""lr"": 0.3, ""momentum"": 0.0, ""name"": ""sgd""}, ""regularizer"": {""l2"": 1e-06}, ""seed"": 42, ""split"": {""stratified"": true, ""val_size"": 0.2}, ""training"": {""batch_size"": 16, ""epochs"": 800, ""include_reg_in_val"": false, ""shuffle"": true}}"
f5512f524ce9,42,kfold,val_loss,min,0.3232749252022288,,0.3232749252022288,0.18834651635387611,0.8473333333333333,0.07267584039952878,271.4,166.39783652439715,7.315349102020264,"{""callbacks"": {""early_stopping"": true, ""min_delta"": 0.0, ""mode"": ""auto"", ""monitor"": ""val_loss"", ""patience"": 40, ""restore_best_weights"": true, ""verbose"": 0}, ""cv"": {""k"": 5, ""seed"": 42, ""shuffle"": true}, ""data"": {""train_path"": ""data/MONK/MONK1/monks-1.train""}, ""model"": {""activation"": ""sigmoid"", ""dropout"": 0.03, ""hidden_units"": [8, 4]}, ""optim"": {""lr"": 0.3, ""momentum"": 0.0, ""name"": ""sgd""}, ""regularizer"": {""l2"": 7e-07}, ""seed"": 42, ""split"": {""stratified"": true, ""val_size"": 0.2}, ""training"": {""batch_size"": 16, ""epochs"": 800, ""include_reg_in_val"": false, ""shuffle"": true}}"
4c527d3867cd,42,kfold,val_loss,min,0.4614882306175191,,0.4614882306175191,0.06248929573167707,0.782,0.042142615011410964,177.0,38.13659659696969,4.7273595333099365,"{""callbacks"": {""early_stopping"": true, ""min_delta"": 0.0, ""mode"": ""auto"", ""monitor"": ""val_loss"", ""patience"": 40, ""restore_best_weights"": true, ""verbose"": 0}, ""cv"": {""k"": 5, ""seed"": 42, ""shuffle"": true}, ""data"": {""train_path"": ""data/MONK/MONK1/monks-1.train""}, ""model"": {""activation"": ""sigmoid"", ""dropout"": 0.07, ""hidden_units"": [4, 4]}, ""optim"": {""lr"": 0.3, ""momentum"": 0.0, ""name"": ""sgd""}, ""regularizer"": {""l2"": 0.0}, ""seed"": 42, ""split"": {""stratified"": true, ""val_size"": 0.2}, ""training"": {""batch_size"": 16, ""epochs"": 800, ""include_reg_in_val"": false, ""shuffle"": true}}"
d2b24acc52d2,42,kfold,val_loss,min,0.4614881938922865,,0.4614881938922865,0.06248923533159471,0.782,0.042142615011410964,177.0,38.13659659696969,4.844949007034302,"{""callbacks"": {""early_stopping"": true, ""min_delta"": 0.0, ""mode"": ""auto"", ""monitor"": ""val_loss"", ""patience"": 40, ""restore_best_weights"": true, ""verbose"": 0}, ""cv"": {""k"": 5, ""seed"": 42, ""shuffle"": true}, ""data"": {""train_path"": ""data/MONK/MONK1/monks-1.train""}, ""model"": {""activation"": ""sigmoid"", ""dropout"": 0.07, ""hidden_units"": [4, 4]}, ""optim"": {""lr"": 0.3, ""momentum"": 0.0, ""name"": ""sgd""}, ""regularizer"": {""l2"": 3e-07}, ""seed"": 42, ""split"": {""stratified"": true, ""val_size"": 0.2}, ""training"": {""batch_size"": 16, ""epochs"": 800, ""include_reg_in_val"": false, ""shuffle"": true}}"
9c3a8f7d31d5,42,kfold,val_loss,min,0.46148811968998427,,0.46148811968998427,0.06248908913646929,0.782,0.042142615011410964,177.0,38.13659659696969,5.2048468589782715,"{""callbacks"": {""early_stopping"": true, ""min_delta"": 0.0, ""mode"": ""auto"", ""monitor"": ""val_loss"", ""patience"": 40, ""restore_best_weights"": true, ""verbose"": 0}, ""cv"": {""k"": 5, ""seed"": 42, ""shuffle"": true}, ""data"": {""train_path"": ""data/MONK/MONK1/monks-1.train""}, ""model"": {""activation"": ""sigmoid"", ""dropout"": 0.07, ""hidden_units"": [4, 4]}, ""optim"": {""lr"": 0.3, ""momentum"": 0.0, ""name"": ""sgd""}, ""regularizer"": {""l2"": 1e-06}, ""seed"": 42, ""split"": {""stratified"": true, ""val_size"": 0.2}, ""training"": {""batch_size"": 16, ""epochs"": 800, ""include_reg_in_val"": false, ""shuffle"": true}}"
ce5028f3dc2d,42,kfold,val_loss,min,0.46148814952153305,,0.46148814952153305,0.06248915269354474,0.782,0.042142615011410964,177.0,38.13659659696969,5.422382116317749,"{""callbacks"": {""early_stopping"": true, ""min_delta"": 0.0, ""mode"": ""auto"", ""monitor"": ""val_loss"", ""patience"": 40, ""restore_best_weights"": true, ""verbose"": 0}, ""cv"": {""k"": 5, ""seed"": 42, ""shuffle"": true}, ""data"": {""train_path"": ""data/MONK/MONK1/monks-1.train""}, ""model"": {""activation"": ""sigmoid"", ""dropout"": 0.07, ""hidden_units"": [4, 4]}, ""optim"": {""lr"": 0.3, ""momentum"": 0.0, ""name"": ""sgd""}, ""regularizer"": {""l2"": 7e-07}, ""seed"": 42, ""split"": {""stratified"": true, ""val_size"": 0.2}, ""training"": {""batch_size"": 16, ""epochs"": 800, ""include_reg_in_val"": false, ""shuffle"": true}}"
65ba31ccfba6,42,kfold,val_loss,min,0.2738668932306153,,0.2738668932306153,0.1709707129128395,0.8699999999999999,0.10158740079360234,120.2,60.647835905331355,4.6606504917144775,"{""callbacks"": {""early_stopping"": true, ""min_delta"": 0.0, ""mode"": ""auto"", ""monitor"": ""val_loss"", ""patience"": 40, ""restore_best_weights"": true, ""verbose"": 0}, ""cv"": {""k"": 5, ""seed"": 42, ""shuffle"": true}, ""data"": {""train_path"": ""data/MONK/MONK1/monks-1.train""}, ""model"": {""activation"": ""sigmoid"", ""dropout"": 0.07, ""hidden_units"": [4, 4]}, ""optim"": {""lr"": 0.3, ""momentum"": 0.0, ""name"": ""adam""}, ""regularizer"": {""l2"": 0.0}, ""seed"": 42, ""split"": {""stratified"": true, ""val_size"": 0.2}, ""training"": {""batch_size"": 16, ""epochs"": 800, ""include_reg_in_val"": false, ""shuffle"": true}}"
a9a74e1729a0,42,kfold,val_loss,min,0.20936804869638662,,0.20936804869638662,0.0989642821299392,0.9269999999999999,0.04770744176750624,98.6,66.69212847105722,4.439566135406494,"{""callbacks"": {""early_stopping"": true, ""min_delta"": 0.0, ""mode"": ""auto"", ""monitor"": ""val_loss"", ""patience"": 40, ""restore_best_weights"": true, ""verbose"": 0}, ""cv"": {""k"": 5, ""seed"": 42, ""shuffle"": true}, ""data"": {""train_path"": ""data/MONK/MONK1/monks-1.train""}, ""model"": {""activation"": ""sigmoid"", ""dropout"": 0.07, ""hidden_units"": [4, 4]}, ""optim"": {""lr"": 0.3, ""momentum"": 0.0, ""name"": ""adam""}, ""regularizer"": {""l2"": 3e-07}, ""seed"": 42, ""split"": {""stratified"": true, ""val_size"": 0.2}, ""training"": {""batch_size"": 16, ""epochs"": 800, ""include_reg_in_val"": false, ""shuffle"": true}}"
6b87e340c7b8,42,kfold,val_loss,min,0.20608789625905635,,0.20608789625905635,0.16152005144256057,0.9183333333333333,0.07855641992295163,105.6,52.92485238524525,4.287331819534302,"{""callbacks"": {""early_stopping"": true, ""min_delta"": 0.0, ""mode"": ""auto"", ""monitor"": ""val_loss"", ""patience"": 40, ""restore_best_weights"": true, ""verbose"": 0}, ""cv"": {""k"": 5, ""seed"": 42, ""shuffle"": true}, ""data"": {""train_path"": ""data/MONK/MONK1/monks-1.train""}, ""model"": {""activation"": ""sigmoid"", ""dropout"": 0.07, ""hidden_units"": [4, 4]}, ""optim"": {""lr"": 0.3, ""momentum"": 0.0, ""name"": ""adam""}, ""regularizer"": {""l2"": 1e-06}, ""seed"": 42, ""split"": {""stratified"": true, ""val_size"": 0.2}, ""training"": {""batch_size"": 16, ""epochs"": 800, ""include_reg_in_val"": false, ""shuffle"": true}}"
1bc14006fb24,42,kfold,val_loss,min,0.16237022887498181,,0.16237022887498181,0.07477918913277634,0.944,0.04079215610874226,104.2,51.4058362445355,4.5566184520721436,"{""callbacks"": {""early_stopping"": true, ""min_delta"": 0.0, ""mode"": ""auto"", ""monitor"": ""val_loss"", ""patience"": 40, ""restore_best_weights"": true, ""verbose"": 0}, ""cv"": {""k"": 5, ""seed"": 42, ""shuffle"": true}, ""data"": {""train_path"": ""data/MONK/MONK1/monks-1.train""}, ""model"": {""activation"": ""sigmoid"", ""dropout"": 0.07, ""hidden_units"": [4, 4]}, ""optim"": {""lr"": 0.3, ""momentum"": 0.0, ""name"": ""adam""}, ""regularizer"": {""l2"": 7e-07}, ""seed"": 42, ""split"": {""stratified"": true, ""val_size"": 0.2}, ""training"": {""batch_size"": 16, ""epochs"": 800, ""include_reg_in_val"": false, ""shuffle"": true}}"
1c379f1ad88b,42,kfold,val_loss,min,0.40533554922111953,,0.40533554922111953,0.14234336618087287,0.8143333333333335,0.06548621568272553,205.4,81.31322155713669,5.146328926086426,"{""callbacks"": {""early_stopping"": true, ""min_delta"": 0.0, ""mode"": ""auto"", ""monitor"": ""val_loss"", ""patience"": 40, ""restore_best_weights"": true, ""verbose"": 0}, ""cv"": {""k"": 5, ""seed"": 42, ""shuffle"": true}, ""data"": {""train_path"": ""data/MONK/MONK1/monks-1.train""}, ""model"": {""activation"": ""sigmoid"", ""dropout"": 0.07, ""hidden_units"": [8, 4]}, ""optim"": {""lr"": 0.3, ""momentum"": 0.0, ""name"": ""sgd""}, ""regularizer"": {""l2"": 0.0}, ""seed"": 42, ""split"": {""stratified"": true, ""val_size"": 0.2}, ""training"": {""batch_size"": 16, ""epochs"": 800, ""include_reg_in_val"": false, ""shuffle"": true}}"
bcb1d2392dd2,42,kfold,val_loss,min,0.1738311423192041,,0.1738311423192041,0.12383231252232546,0.9349999999999999,0.04919349550499537,67.8,30.175486740067676,3.326151132583618,"{""callbacks"": {""early_stopping"": true, ""min_delta"": 0.0, ""mode"": ""auto"", ""monitor"": ""val_loss"", ""patience"": 40, ""restore_best_weights"": true, ""verbose"": 0}, ""cv"": {""k"": 5, ""seed"": 42, ""shuffle"": true}, ""data"": {""train_path"": ""data/MONK/MONK1/monks-1.train""}, ""model"": {""activation"": ""sigmoid"", ""dropout"": 0.07, ""hidden_units"": [8, 4]}, ""optim"": {""lr"": 0.3, ""momentum"": 0.0, ""name"": ""adam""}, ""regularizer"": {""l2"": 3e-07}, ""seed"": 42, ""split"": {""stratified"": true, ""val_size"": 0.2}, ""training"": {""batch_size"": 16, ""epochs"": 800, ""include_reg_in_val"": false, ""shuffle"": true}}"
432f101ff72b,42,kfold,val_loss,min,0.40534020717252284,,0.40534020717252284,0.14234148757683943,0.8143333333333335,0.06548621568272553,205.4,81.31322155713669,5.446745872497559,"{""callbacks"": {""early_stopping"": true, ""min_delta"": 0.0, ""mode"": ""auto"", ""monitor"": ""val_loss"", ""patience"": 40, ""restore_best_weights"": true, ""verbose"": 0}, ""cv"": {""k"": 5, ""seed"": 42, ""shuffle"": true}, ""data"": {""train_path"": ""data/MONK/MONK1/monks-1.train""}, ""model"": {""activation"": ""sigmoid"", ""dropout"": 0.07, ""hidden_units"": [8, 4]}, ""optim"": {""lr"": 0.3, ""momentum"": 0.0, ""name"": ""sgd""}, ""regularizer"": {""l2"": 3e-07}, ""seed"": 42, ""split"": {""stratified"": true, ""val_size"": 0.2}, ""training"": {""batch_size"": 16, ""epochs"": 800, ""include_reg_in_val"": false, ""shuffle"": true}}"
cd3e56fdef44,42,kfold,val_loss,min,0.19919400913817017,,0.19919400913817017,0.15130443520833337,0.9179999999999999,0.08772684879784523,112.4,82.9230969030945,4.699307918548584,"{""callbacks"": {""early_stopping"": true, ""min_delta"": 0.0, ""mode"": ""auto"", ""monitor"": ""val_loss"", ""patience"": 40, ""restore_best_weights"": true, ""verbose"": 0}, ""cv"": {""k"": 5, ""seed"": 42, ""shuffle"": true}, ""data"": {""train_path"": ""data/MONK/MONK1/monks-1.train""}, ""model"": {""activation"": ""sigmoid"", ""dropout"": 0.07, ""hidden_units"": [8, 4]}, ""optim"": {""lr"": 0.3, ""momentum"": 0.0, ""name"": ""adam""}, ""regularizer"": {""l2"": 0.0}, ""seed"": 42, ""split"": {""stratified"": true, ""val_size"": 0.2}, ""training"": {""batch_size"": 16, ""epochs"": 800, ""include_reg_in_val"": false, ""shuffle"": true}}"
b4a8a628d2c7,42,kfold,val_loss,min,0.19476744089572645,,0.19476744089572645,0.11720297821858451,0.9269999999999999,0.04770744176750624,68.8,17.151093259614676,3.6246979236602783,"{""callbacks"": {""early_stopping"": true, ""min_delta"": 0.0, ""mode"": ""auto"", ""monitor"": ""val_loss"", ""patience"": 40, ""restore_best_weights"": true, ""verbose"": 0}, ""cv"": {""k"": 5, ""seed"": 42, ""shuffle"": true}, ""data"": {""train_path"": ""data/MONK/MONK1/monks-1.train""}, ""model"": {""activation"": ""sigmoid"", ""dropout"": 0.07, ""hidden_units"": [8, 4]}, ""optim"": {""lr"": 0.3, ""momentum"": 0.0, ""name"": ""adam""}, ""regularizer"": {""l2"": 1e-06}, ""seed"": 42, ""split"": {""stratified"": true, ""val_size"": 0.2}, ""training"": {""batch_size"": 16, ""epochs"": 800, ""include_reg_in_val"": false, ""shuffle"": true}}"
6e4ab9fdb640,42,kfold,val_loss,min,0.4053464224350153,,0.4053464224350153,0.14233897776875712,0.8143333333333335,0.06548621568272553,205.4,81.31322155713669,5.6035051345825195,"{""callbacks"": {""early_stopping"": true, ""min_delta"": 0.0, ""mode"": ""auto"", ""monitor"": ""val_loss"", ""patience"": 40, ""restore_best_weights"": true, ""verbose"": 0}, ""cv"": {""k"": 5, ""seed"": 42, ""shuffle"": true}, ""data"": {""train_path"": ""data/MONK/MONK1/monks-1.train""}, ""model"": {""activation"": ""sigmoid"", ""dropout"": 0.07, ""hidden_units"": [8, 4]}, ""optim"": {""lr"": 0.3, ""momentum"": 0.0, ""name"": ""sgd""}, ""regularizer"": {""l2"": 7e-07}, ""seed"": 42, ""split"": {""stratified"": true, ""val_size"": 0.2}, ""training"": {""batch_size"": 16, ""epochs"": 800, ""include_reg_in_val"": false, ""shuffle"": true}}"
3c58636e8990,42,kfold,val_loss,min,0.40535108737591985,,0.40535108737591985,0.1423370916602536,0.8143333333333335,0.06548621568272553,205.4,81.31322155713669,5.632615566253662,"{""callbacks"": {""early_stopping"": true, ""min_delta"": 0.0, ""mode"": ""auto"", ""monitor"": ""val_loss"", ""patience"": 40, ""restore_best_weights"": true, ""verbose"": 0}, ""cv"": {""k"": 5, ""seed"": 42, ""shuffle"": true}, ""data"": {""train_path"": ""data/MONK/MONK1/monks-1.train""}, ""model"": {""activation"": ""sigmoid"", ""dropout"": 0.07, ""hidden_units"": [8, 4]}, ""optim"": {""lr"": 0.3, ""momentum"": 0.0, ""name"": ""sgd""}, ""regularizer"": {""l2"": 1e-06}, ""seed"": 42, ""split"": {""stratified"": true, ""val_size"": 0.2}, ""training"": {""batch_size"": 16, ""epochs"": 800, ""include_reg_in_val"": false, ""shuffle"": true}}"
6d23344eb987,42,kfold,val_loss,min,0.18818165393803887,,0.18818165393803887,0.2676437938798323,0.884,0.1944839324982915,98.4,47.27197901505711,4.163174390792847,"{""callbacks"": {""early_stopping"": true, ""min_delta"": 0.0, ""mode"": ""auto"", ""monitor"": ""val_loss"", ""patience"": 40, ""restore_best_weights"": true, ""verbose"": 0}, ""cv"": {""k"": 5, ""seed"": 42, ""shuffle"": true}, ""data"": {""train_path"": ""data/MONK/MONK1/monks-1.train""}, ""model"": {""activation"": ""sigmoid"", ""dropout"": 0.07, ""hidden_units"": [8, 4]}, ""optim"": {""lr"": 0.3, ""momentum"": 0.0, ""name"": ""adam""}, ""regularizer"": {""l2"": 7e-07}, ""seed"": 42, ""split"": {""stratified"": true, ""val_size"": 0.2}, ""training"": {""batch_size"": 16, ""epochs"": 800, ""include_reg_in_val"": false, ""shuffle"": true}}"
04130f47d631,42,kfold,val_loss,min,0.17118737064886078,,0.17118737064886078,0.12499447378925146,0.9513333333333334,0.047121592125526114,52.2,30.373672810511408,2.7178218364715576,"{""callbacks"": {""early_stopping"": true, ""min_delta"": 0.0, ""mode"": ""auto"", ""monitor"": ""val_loss"", ""patience"": 40, ""restore_best_weights"": true, ""verbose"": 0}, ""cv"": {""k"": 5, ""seed"": 42, ""shuffle"": true}, ""data"": {""train_path"": ""data/MONK/MONK1/monks-1.train""}, ""model"": {""activation"": ""sigmoid"", ""dropout"": 0.1, ""hidden_units"": [4, 4]}, ""optim"": {""lr"": 0.3, ""momentum"": 0.0, ""name"": ""adam""}, ""regularizer"": {""l2"": 0.0}, ""seed"": 42, ""split"": {""stratified"": true, ""val_size"": 0.2}, ""training"": {""batch_size"": 16, ""epochs"": 800, ""include_reg_in_val"": false, ""shuffle"": true}}"
b03d20043716,42,kfold,val_loss,min,0.4587438726214244,,0.4587438726214244,0.05746753780457022,0.7903333333333333,0.029672284112357172,179.4,34.09164120426003,4.394125699996948,"{""callbacks"": {""early_stopping"": true, ""min_delta"": 0.0, ""mode"": ""auto"", ""monitor"": ""val_loss"", ""patience"": 40, ""restore_best_weights"": true, ""verbose"": 0}, ""cv"": {""k"": 5, ""seed"": 42, ""shuffle"": true}, ""data"": {""train_path"": ""data/MONK/MONK1/monks-1.train""}, ""model"": {""activation"": ""sigmoid"", ""dropout"": 0.1, ""hidden_units"": [4, 4]}, ""optim"": {""lr"": 0.3, ""momentum"": 0.0, ""name"": ""sgd""}, ""regularizer"": {""l2"": 0.0}, ""seed"": 42, ""split"": {""stratified"": true, ""val_size"": 0.2}, ""training"": {""batch_size"": 16, ""epochs"": 800, ""include_reg_in_val"": false, ""shuffle"": true}}"
3fe88cbc1d43,42,kfold,val_loss,min,0.4587442252990755,,0.4587442252990755,0.057468674792699466,0.7903333333333333,0.029672284112357172,179.4,34.09164120426003,4.909179449081421,"{""callbacks"": {""early_stopping"": true, ""min_delta"": 0.0, ""mode"": ""auto"", ""monitor"": ""val_loss"", ""patience"": 40, ""restore_best_weights"": true, ""verbose"": 0}, ""cv"": {""k"": 5, ""seed"": 42, ""shuffle"": true}, ""data"": {""train_path"": ""data/MONK/MONK1/monks-1.train""}, ""model"": {""activation"": ""sigmoid"", ""dropout"": 0.1, ""hidden_units"": [4, 4]}, ""optim"": {""lr"": 0.3, ""momentum"": 0.0, ""name"": ""sgd""}, ""regularizer"": {""l2"": 3e-07}, ""seed"": 42, ""split"": {""stratified"": true, ""val_size"": 0.2}, ""training"": {""batch_size"": 16, ""epochs"": 800, ""include_reg_in_val"": false, ""shuffle"": true}}"
a97a2096c000,42,kfold,val_loss,min,0.2031466192455607,,0.2031466192455607,0.04537759309724243,0.9276666666666668,0.029582276976445047,78.2,39.44312360855819,3.6858062744140625,"{""callbacks"": {""early_stopping"": true, ""min_delta"": 0.0, ""mode"": ""auto"", ""monitor"": ""val_loss"", ""patience"": 40, ""restore_best_weights"": true, ""verbose"": 0}, ""cv"": {""k"": 5, ""seed"": 42, ""shuffle"": true}, ""data"": {""train_path"": ""data/MONK/MONK1/monks-1.train""}, ""model"": {""activation"": ""sigmoid"", ""dropout"": 0.1, ""hidden_units"": [4, 4]}, ""optim"": {""lr"": 0.3, ""momentum"": 0.0, ""name"": ""adam""}, ""regularizer"": {""l2"": 3e-07}, ""seed"": 42, ""split"": {""stratified"": true, ""val_size"": 0.2}, ""training"": {""batch_size"": 16, ""epochs"": 800, ""include_reg_in_val"": false, ""shuffle"": true}}"
8495afb509f2,42,kfold,val_loss,min,0.08243914597707833,,0.08243914597707833,0.08730473507059659,0.967,0.048538644398046386,90.8,40.42474489715427,3.884899377822876,"{""callbacks"": {""early_stopping"": true, ""min_delta"": 0.0, ""mode"": ""auto"", ""monitor"": ""val_loss"", ""patience"": 40, ""restore_best_weights"": true, ""verbose"": 0}, ""cv"": {""k"": 5, ""seed"": 42, ""shuffle"": true}, ""data"": {""train_path"": ""data/MONK/MONK1/monks-1.train""}, ""model"": {""activation"": ""sigmoid"", ""dropout"": 0.1, ""hidden_units"": [4, 4]}, ""optim"": {""lr"": 0.3, ""momentum"": 0.0, ""name"": ""adam""}, ""regularizer"": {""l2"": 7e-07}, ""seed"": 42, ""split"": {""stratified"": true, ""val_size"": 0.2}, ""training"": {""batch_size"": 16, ""epochs"": 800, ""include_reg_in_val"": false, ""shuffle"": true}}"
b0c67f2797ee,42,kfold,val_loss,min,0.4587446994798497,,0.4587446994798497,0.05747019005658033,0.7903333333333333,0.029672284112357172,179.4,34.09164120426003,4.847498178482056,"{""callbacks"": {""early_stopping"": true, ""min_delta"": 0.0, ""mode"": ""auto"", ""monitor"": ""val_loss"", ""patience"": 40, ""restore_best_weights"": true, ""verbose"": 0}, ""cv"": {""k"": 5, ""seed"": 42, ""shuffle"": true}, ""data"": {""train_path"": ""data/MONK/MONK1/monks-1.train""}, ""model"": {""activation"": ""sigmoid"", ""dropout"": 0.1, ""hidden_units"": [4, 4]}, ""optim"": {""lr"": 0.3, ""momentum"": 0.0, ""name"": ""sgd""}, ""regularizer"": {""l2"": 7e-07}, ""seed"": 42, ""split"": {""stratified"": true, ""val_size"": 0.2}, ""training"": {""batch_size"": 16, ""epochs"": 800, ""include_reg_in_val"": false, ""shuffle"": true}}"
221c960a21c8,42,kfold,val_loss,min,0.0950595016912682,,0.0950595016912682,0.10434442837770304,0.967,0.048538644398046386,107.4,62.339714468386845,4.490533828735352,"{""callbacks"": {""early_stopping"": true, ""min_delta"": 0.0, ""mode"": ""auto"", ""monitor"": ""val_loss"", ""patience"": 40, ""restore_best_weights"": true, ""verbose"": 0}, ""cv"": {""k"": 5, ""seed"": 42, ""shuffle"": true}, ""data"": {""train_path"": ""data/MONK/MONK1/monks-1.train""}, ""model"": {""activation"": ""sigmoid"", ""dropout"": 0.1, ""hidden_units"": [4, 4]}, ""optim"": {""lr"": 0.3, ""momentum"": 0.0, ""name"": ""adam""}, ""regularizer"": {""l2"": 1e-06}, ""seed"": 42, ""split"": {""stratified"": true, ""val_size"": 0.2}, ""training"": {""batch_size"": 16, ""epochs"": 800, ""include_reg_in_val"": false, ""shuffle"": true}}"
0369a0e8a2cf,42,kfold,val_loss,min,0.4587450580735782,,0.4587450580735782,0.0574713259639888,0.7903333333333333,0.029672284112357172,179.4,34.09164120426003,5.1013503074646,"{""callbacks"": {""early_stopping"": true, ""min_delta"": 0.0, ""mode"": ""auto"", ""monitor"": ""val_loss"", ""patience"": 40, ""restore_best_weights"": true, ""verbose"": 0}, ""cv"": {""k"": 5, ""seed"": 42, ""shuffle"": true}, ""data"": {""train_path"": ""data/MONK/MONK1/monks-1.train""}, ""model"": {""activation"": ""sigmoid"", ""dropout"": 0.1, ""hidden_units"": [4, 4]}, ""optim"": {""lr"": 0.3, ""momentum"": 0.0, ""name"": ""sgd""}, ""regularizer"": {""l2"": 1e-06}, ""seed"": 42, ""split"": {""stratified"": true, ""val_size"": 0.2}, ""training"": {""batch_size"": 16, ""epochs"": 800, ""include_reg_in_val"": false, ""shuffle"": true}}"
126491aea010,42,kfold,val_loss,min,0.1575451619677426,,0.1575451619677426,0.10145263659092833,0.951,0.04103656905736638,68.0,48.33632174669479,3.2591583728790283,"{""callbacks"": {""early_stopping"": true, ""min_delta"": 0.0, ""mode"": ""auto"", ""monitor"": ""val_loss"", ""patience"": 40, ""restore_best_weights"": true, ""verbose"": 0}, ""cv"": {""k"": 5, ""seed"": 42, ""shuffle"": true}, ""data"": {""train_path"": ""data/MONK/MONK1/monks-1.train""}, ""model"": {""activation"": ""sigmoid"", ""dropout"": 0.1, ""hidden_units"": [8, 4]}, ""optim"": {""lr"": 0.3, ""momentum"": 0.0, ""name"": ""adam""}, ""regularizer"": {""l2"": 3e-07}, ""seed"": 42, ""split"": {""stratified"": true, ""val_size"": 0.2}, ""training"": {""batch_size"": 16, ""epochs"": 800, ""include_reg_in_val"": false, ""shuffle"": true}}"
ed6ec8beeab3,42,kfold,val_loss,min,0.23827144818364418,,0.23827144818364418,0.09804461494967577,0.9106666666666665,0.04873511168665882,102.6,35.66286584109584,3.9969468116760254,"{""callbacks"": {""early_stopping"": true, ""min_delta"": 0.0, ""mode"": ""auto"", ""monitor"": ""val_loss"", ""patience"": 40, ""restore_best_weights"": true, ""verbose"": 0}, ""cv"": {""k"": 5, ""seed"": 42, ""shuffle"": true}, ""data"": {""train_path"": ""data/MONK/MONK1/monks-1.train""}, ""model"": {""activation"": ""sigmoid"", ""dropout"": 0.1, ""hidden_units"": [8, 4]}, ""optim"": {""lr"": 0.3, ""momentum"": 0.0, ""name"": ""adam""}, ""regularizer"": {""l2"": 0.0}, ""seed"": 42, ""split"": {""stratified"": true, ""val_size"": 0.2}, ""training"": {""batch_size"": 16, ""epochs"": 800, ""include_reg_in_val"": false, ""shuffle"": true}}"
0b7caf634efd,42,kfold,val_loss,min,0.206127177880914,,0.206127177880914,0.06868710462723221,0.9190000000000002,0.02690724809414741,63.8,12.983065893693986,3.33400559425354,"{""callbacks"": {""early_stopping"": true, ""min_delta"": 0.0, ""mode"": ""auto"", ""monitor"": ""val_loss"", ""patience"": 40, ""restore_best_weights"": true, ""verbose"": 0}, ""cv"": {""k"": 5, ""seed"": 42, ""shuffle"": true}, ""data"": {""train_path"": ""data/MONK/MONK1/monks-1.train""}, ""model"": {""activation"": ""sigmoid"", ""dropout"": 0.1, ""hidden_units"": [8, 4]}, ""optim"": {""lr"": 0.3, ""momentum"": 0.0, ""name"": ""adam""}, ""regularizer"": {""l2"": 7e-07}, ""seed"": 42, ""split"": {""stratified"": true, ""val_size"": 0.2}, ""training"": {""batch_size"": 16, ""epochs"": 800, ""include_reg_in_val"": false, ""shuffle"": true}}"
8c2d26f1190d,42,kfold,val_loss,min,0.13752864838187356,,0.13752864838187356,0.14795125797927464,0.951,0.060033324079214544,83.2,34.95368363992556,3.5750010013580322,"{""callbacks"": {""early_stopping"": true, ""min_delta"": 0.0, ""mode"": ""auto"", ""monitor"": ""val_loss"", ""patience"": 40, ""restore_best_weights"": true, ""verbose"": 0}, ""cv"": {""k"": 5, ""seed"": 42, ""shuffle"": true}, ""data"": {""train_path"": ""data/MONK/MONK1/monks-1.train""}, ""model"": {""activation"": ""sigmoid"", ""dropout"": 0.1, ""hidden_units"": [8, 4]}, ""optim"": {""lr"": 0.3, ""momentum"": 0.0, ""name"": ""adam""}, ""regularizer"": {""l2"": 1e-06}, ""seed"": 42, ""split"": {""stratified"": true, ""val_size"": 0.2}, ""training"": {""batch_size"": 16, ""epochs"": 800, ""include_reg_in_val"": false, ""shuffle"": true}}"
c9a5f4d6b91b,42,kfold,val_loss,min,0.3650830870206664,,0.3650830870206664,0.12037508713805499,0.8390000000000001,0.07102112361825882,320.8,135.6412916482293,6.688363075256348,"{""callbacks"": {""early_stopping"": true, ""min_delta"": 0.0, ""mode"": ""auto"", ""monitor"": ""val_loss"", ""patience"": 40, ""restore_best_weights"": true, ""verbose"": 0}, ""cv"": {""k"": 5, ""seed"": 42, ""shuffle"": true}, ""data"": {""train_path"": ""data/MONK/MONK1/monks-1.train""}, ""model"": {""activation"": ""sigmoid"", ""dropout"": 0.1, ""hidden_units"": [8, 4]}, ""optim"": {""lr"": 0.3, ""momentum"": 0.0, ""name"": ""sgd""}, ""regularizer"": {""l2"": 0.0}, ""seed"": 42, ""split"": {""stratified"": true, ""val_size"": 0.2}, ""training"": {""batch_size"": 16, ""epochs"": 800, ""include_reg_in_val"": false, ""shuffle"": true}}"
19c627b46788,42,kfold,val_loss,min,0.36508882770115925,,0.36508882770115925,0.12037638804103644,0.8390000000000001,0.07102112361825882,320.8,135.6412916482293,7.125884532928467,"{""callbacks"": {""early_stopping"": true, ""min_delta"": 0.0, ""mode"": ""auto"", ""monitor"": ""val_loss"", ""patience"": 40, ""restore_best_weights"": true, ""verbose"": 0}, ""cv"": {""k"": 5, ""seed"": 42, ""shuffle"": true}, ""data"": {""train_path"": ""data/MONK/MONK1/monks-1.train""}, ""model"": {""activation"": ""sigmoid"", ""dropout"": 0.1, ""hidden_units"": [8, 4]}, ""optim"": {""lr"": 0.3, ""momentum"": 0.0, ""name"": ""sgd""}, ""regularizer"": {""l2"": 3e-07}, ""seed"": 42, ""split"": {""stratified"": true, ""val_size"": 0.2}, ""training"": {""batch_size"": 16, ""epochs"": 800, ""include_reg_in_val"": false, ""shuffle"": true}}"
af05b3a5b061,42,kfold,val_loss,min,0.3650964906448911,,0.3650964906448911,0.12037811171471381,0.8390000000000001,0.07102112361825882,320.8,135.6412916482293,6.593457460403442,"{""callbacks"": {""early_stopping"": true, ""min_delta"": 0.0, ""mode"": ""auto"", ""monitor"": ""val_loss"", ""patience"": 40, ""restore_best_weights"": true, ""verbose"": 0}, ""cv"": {""k"": 5, ""seed"": 42, ""shuffle"": true}, ""data"": {""train_path"": ""data/MONK/MONK1/monks-1.train""}, ""model"": {""activation"": ""sigmoid"", ""dropout"": 0.1, ""hidden_units"": [8, 4]}, ""optim"": {""lr"": 0.3, ""momentum"": 0.0, ""name"": ""sgd""}, ""regularizer"": {""l2"": 7e-07}, ""seed"": 42, ""split"": {""stratified"": true, ""val_size"": 0.2}, ""training"": {""batch_size"": 16, ""epochs"": 800, ""include_reg_in_val"": false, ""shuffle"": true}}"
e0b9d2f3be73,42,kfold,val_loss,min,0.3651022443778042,,0.3651022443778042,0.12037939632593173,0.8390000000000001,0.07102112361825882,320.8,135.6412916482293,6.540229797363281,"{""callbacks"": {""early_stopping"": true, ""min_delta"": 0.0, ""mode"": ""auto"", ""monitor"": ""val_loss"", ""patience"": 40, ""restore_best_weights"": true, ""verbose"": 0}, ""cv"": {""k"": 5, ""seed"": 42, ""shuffle"": true}, ""data"": {""train_path"": ""data/MONK/MONK1/monks-1.train""}, ""model"": {""activation"": ""sigmoid"", ""dropout"": 0.1, ""hidden_units"": [8, 4]}, ""optim"": {""lr"": 0.3, ""momentum"": 0.0, ""name"": ""sgd""}, ""regularizer"": {""l2"": 1e-06}, ""seed"": 42, ""split"": {""stratified"": true, ""val_size"": 0.2}, ""training"": {""batch_size"": 16, ""epochs"": 800, ""include_reg_in_val"": false, ""shuffle"": true}}"
