config_id,n_runs,score_mean,score_std,val_loss_mean,val_loss_std,val_acc_mean,val_acc_std,best_epoch_mean,best_epoch_std,config_json
dbd361f0211f,1,0.00016403296359870424,0.0,0.00016403296359870424,0.0,1.0,0.0,800.0,0.0,"{""callbacks"": {""early_stopping"": true, ""min_delta"": 0.0, ""mode"": ""auto"", ""monitor"": ""val_loss"", ""patience"": 40, ""restore_best_weights"": true, ""verbose"": 0}, ""cv"": {""k"": 3, ""seed"": 42, ""shuffle"": true}, ""data"": {""train_path"": ""data/MONK/MONK1/monks-1.train""}, ""model"": {""activation"": ""tanh"", ""dropout"": 0.0, ""hidden_units"": [8, 4]}, ""optim"": {""lr"": 0.2, ""momentum"": 0.9, ""name"": ""sgd""}, ""regularizer"": {""l2"": 0.0}, ""seed"": 42, ""split"": {""stratified"": true, ""val_size"": 0.2}, ""training"": {""batch_size"": 16, ""epochs"": 800, ""include_reg_in_val"": false, ""shuffle"": true}}"
9cd58eb5555a,1,0.0013394710860387363,0.0,0.0013394710860387363,0.0,1.0,0.0,800.0,0.0,"{""callbacks"": {""early_stopping"": true, ""min_delta"": 0.0, ""mode"": ""auto"", ""monitor"": ""val_loss"", ""patience"": 40, ""restore_best_weights"": true, ""verbose"": 0}, ""cv"": {""k"": 3, ""seed"": 42, ""shuffle"": true}, ""data"": {""train_path"": ""data/MONK/MONK1/monks-1.train""}, ""model"": {""activation"": ""tanh"", ""dropout"": 0.0, ""hidden_units"": [4]}, ""optim"": {""lr"": 0.2, ""momentum"": 0.9, ""name"": ""sgd""}, ""regularizer"": {""l2"": 0.0}, ""seed"": 42, ""split"": {""stratified"": true, ""val_size"": 0.2}, ""training"": {""batch_size"": 16, ""epochs"": 800, ""include_reg_in_val"": false, ""shuffle"": true}}"
7c729cdc112c,1,0.0016616769029942945,0.0,0.0016616769029942945,0.0,1.0,0.0,800.0,0.0,"{""callbacks"": {""early_stopping"": true, ""min_delta"": 0.0, ""mode"": ""auto"", ""monitor"": ""val_loss"", ""patience"": 40, ""restore_best_weights"": true, ""verbose"": 0}, ""cv"": {""k"": 3, ""seed"": 42, ""shuffle"": true}, ""data"": {""train_path"": ""data/MONK/MONK1/monks-1.train""}, ""model"": {""activation"": ""tanh"", ""dropout"": 0.0, ""hidden_units"": [4]}, ""optim"": {""lr"": 0.1, ""momentum"": 0.9, ""name"": ""sgd""}, ""regularizer"": {""l2"": 0.0}, ""seed"": 42, ""split"": {""stratified"": true, ""val_size"": 0.2}, ""training"": {""batch_size"": 16, ""epochs"": 800, ""include_reg_in_val"": false, ""shuffle"": true}}"
83f18d60c2a1,1,0.002552294120580189,0.0,0.002552294120580189,0.0,1.0,0.0,166.0,0.0,"{""callbacks"": {""early_stopping"": true, ""min_delta"": 0.0, ""mode"": ""auto"", ""monitor"": ""val_loss"", ""patience"": 40, ""restore_best_weights"": true, ""verbose"": 0}, ""cv"": {""k"": 3, ""seed"": 42, ""shuffle"": true}, ""data"": {""train_path"": ""data/MONK/MONK1/monks-1.train""}, ""model"": {""activation"": ""tanh"", ""dropout"": 0.2, ""hidden_units"": [8]}, ""optim"": {""lr"": 0.1, ""momentum"": 0.9, ""name"": ""sgd""}, ""regularizer"": {""l2"": 0.0}, ""seed"": 42, ""split"": {""stratified"": true, ""val_size"": 0.2}, ""training"": {""batch_size"": 16, ""epochs"": 800, ""include_reg_in_val"": false, ""shuffle"": true}}"
932bab7960c3,1,0.0029586527892904923,0.0,0.0029586527892904923,0.0,1.0,0.0,800.0,0.0,"{""callbacks"": {""early_stopping"": true, ""min_delta"": 0.0, ""mode"": ""auto"", ""monitor"": ""val_loss"", ""patience"": 40, ""restore_best_weights"": true, ""verbose"": 0}, ""cv"": {""k"": 3, ""seed"": 42, ""shuffle"": true}, ""data"": {""train_path"": ""data/MONK/MONK1/monks-1.train""}, ""model"": {""activation"": ""sigmoid"", ""dropout"": 0.0, ""hidden_units"": [8, 4]}, ""optim"": {""lr"": 0.2, ""momentum"": 0.9, ""name"": ""sgd""}, ""regularizer"": {""l2"": 0.0}, ""seed"": 42, ""split"": {""stratified"": true, ""val_size"": 0.2}, ""training"": {""batch_size"": 16, ""epochs"": 800, ""include_reg_in_val"": false, ""shuffle"": true}}"
9479c90fe6b4,1,0.004355198312619959,0.0,0.004355198312619959,0.0,1.0,0.0,800.0,0.0,"{""callbacks"": {""early_stopping"": true, ""min_delta"": 0.0, ""mode"": ""auto"", ""monitor"": ""val_loss"", ""patience"": 40, ""restore_best_weights"": true, ""verbose"": 0}, ""cv"": {""k"": 3, ""seed"": 42, ""shuffle"": true}, ""data"": {""train_path"": ""data/MONK/MONK1/monks-1.train""}, ""model"": {""activation"": ""sigmoid"", ""dropout"": 0.0, ""hidden_units"": [8, 4]}, ""optim"": {""lr"": 0.2, ""momentum"": 0.9, ""name"": ""sgd""}, ""regularizer"": {""l2"": 0.0}, ""seed"": 42, ""split"": {""stratified"": true, ""val_size"": 0.2}, ""training"": {""batch_size"": 32, ""epochs"": 800, ""include_reg_in_val"": false, ""shuffle"": true}}"
476f3b3735a8,1,0.005017304512052364,0.0,0.005017304512052364,0.0,1.0,0.0,20.0,0.0,"{""callbacks"": {""early_stopping"": true, ""min_delta"": 0.0, ""mode"": ""auto"", ""monitor"": ""val_loss"", ""patience"": 40, ""restore_best_weights"": true, ""verbose"": 0}, ""cv"": {""k"": 3, ""seed"": 42, ""shuffle"": true}, ""data"": {""train_path"": ""data/MONK/MONK1/monks-1.train""}, ""model"": {""activation"": ""tanh"", ""dropout"": 0.0, ""hidden_units"": [8, 4]}, ""optim"": {""lr"": 0.2, ""momentum"": 0.9, ""name"": ""sgd""}, ""regularizer"": {""l2"": ""1e-3""}, ""seed"": 42, ""split"": {""stratified"": true, ""val_size"": 0.2}, ""training"": {""batch_size"": 16, ""epochs"": 800, ""include_reg_in_val"": false, ""shuffle"": true}}"
d9b103b603e3,1,0.00519635939942697,0.0,0.00519635939942697,0.0,1.0,0.0,521.0,0.0,"{""callbacks"": {""early_stopping"": true, ""min_delta"": 0.0, ""mode"": ""auto"", ""monitor"": ""val_loss"", ""patience"": 40, ""restore_best_weights"": true, ""verbose"": 0}, ""cv"": {""k"": 3, ""seed"": 42, ""shuffle"": true}, ""data"": {""train_path"": ""data/MONK/MONK1/monks-1.train""}, ""model"": {""activation"": ""relu"", ""dropout"": 0.2, ""hidden_units"": [8]}, ""optim"": {""lr"": 0.2, ""momentum"": 0.0, ""name"": ""sgd""}, ""regularizer"": {""l2"": 0.0}, ""seed"": 42, ""split"": {""stratified"": true, ""val_size"": 0.2}, ""training"": {""batch_size"": 16, ""epochs"": 800, ""include_reg_in_val"": false, ""shuffle"": true}}"
b85f2f7d11d4,1,0.0052416133059610195,0.0,0.0052416133059610195,0.0,1.0,0.0,123.0,0.0,"{""callbacks"": {""early_stopping"": true, ""min_delta"": 0.0, ""mode"": ""auto"", ""monitor"": ""val_loss"", ""patience"": 40, ""restore_best_weights"": true, ""verbose"": 0}, ""cv"": {""k"": 3, ""seed"": 42, ""shuffle"": true}, ""data"": {""train_path"": ""data/MONK/MONK1/monks-1.train""}, ""model"": {""activation"": ""tanh"", ""dropout"": 0.2, ""hidden_units"": [8, 4]}, ""optim"": {""lr"": 0.1, ""momentum"": 0.9, ""name"": ""sgd""}, ""regularizer"": {""l2"": 0.0}, ""seed"": 42, ""split"": {""stratified"": true, ""val_size"": 0.2}, ""training"": {""batch_size"": 16, ""epochs"": 800, ""include_reg_in_val"": false, ""shuffle"": true}}"
e353f3c5c1b1,1,0.005461015462327445,0.0,0.005461015462327445,0.0,1.0,0.0,448.0,0.0,"{""callbacks"": {""early_stopping"": true, ""min_delta"": 0.0, ""mode"": ""auto"", ""monitor"": ""val_loss"", ""patience"": 40, ""restore_best_weights"": true, ""verbose"": 0}, ""cv"": {""k"": 3, ""seed"": 42, ""shuffle"": true}, ""data"": {""train_path"": ""data/MONK/MONK1/monks-1.train""}, ""model"": {""activation"": ""relu"", ""dropout"": 0.2, ""hidden_units"": [8]}, ""optim"": {""lr"": 0.2, ""momentum"": 0.1, ""name"": ""sgd""}, ""regularizer"": {""l2"": 0.0}, ""seed"": 42, ""split"": {""stratified"": true, ""val_size"": 0.2}, ""training"": {""batch_size"": 16, ""epochs"": 800, ""include_reg_in_val"": false, ""shuffle"": true}}"
aa1fb1ef7b41,1,0.005816182524781183,0.0,0.005816182524781183,0.0,1.0,0.0,328.0,0.0,"{""callbacks"": {""early_stopping"": true, ""min_delta"": 0.0, ""mode"": ""auto"", ""monitor"": ""val_loss"", ""patience"": 40, ""restore_best_weights"": true, ""verbose"": 0}, ""cv"": {""k"": 3, ""seed"": 42, ""shuffle"": true}, ""data"": {""train_path"": ""data/MONK/MONK1/monks-1.train""}, ""model"": {""activation"": ""tanh"", ""dropout"": 0.2, ""hidden_units"": [8, 4]}, ""optim"": {""lr"": 0.2, ""momentum"": 0.0, ""name"": ""sgd""}, ""regularizer"": {""l2"": 0.0}, ""seed"": 42, ""split"": {""stratified"": true, ""val_size"": 0.2}, ""training"": {""batch_size"": 16, ""epochs"": 800, ""include_reg_in_val"": false, ""shuffle"": true}}"
cf78309444ae,1,0.007134324853810895,0.0,0.007134324853810895,0.0,1.0,0.0,452.0,0.0,"{""callbacks"": {""early_stopping"": true, ""min_delta"": 0.0, ""mode"": ""auto"", ""monitor"": ""val_loss"", ""patience"": 40, ""restore_best_weights"": true, ""verbose"": 0}, ""cv"": {""k"": 3, ""seed"": 42, ""shuffle"": true}, ""data"": {""train_path"": ""data/MONK/MONK1/monks-1.train""}, ""model"": {""activation"": ""relu"", ""dropout"": 0.2, ""hidden_units"": [8, 4]}, ""optim"": {""lr"": 0.1, ""momentum"": 0.0, ""name"": ""sgd""}, ""regularizer"": {""l2"": 0.0}, ""seed"": 42, ""split"": {""stratified"": true, ""val_size"": 0.2}, ""training"": {""batch_size"": 16, ""epochs"": 800, ""include_reg_in_val"": false, ""shuffle"": true}}"
55714617b8f0,1,0.007169906449163808,0.0,0.007169906449163808,0.0,1.0,0.0,95.0,0.0,"{""callbacks"": {""early_stopping"": true, ""min_delta"": 0.0, ""mode"": ""auto"", ""monitor"": ""val_loss"", ""patience"": 40, ""restore_best_weights"": true, ""verbose"": 0}, ""cv"": {""k"": 3, ""seed"": 42, ""shuffle"": true}, ""data"": {""train_path"": ""data/MONK/MONK1/monks-1.train""}, ""model"": {""activation"": ""tanh"", ""dropout"": 0.2, ""hidden_units"": [8]}, ""optim"": {""lr"": 0.2, ""momentum"": 0.9, ""name"": ""sgd""}, ""regularizer"": {""l2"": 0.0}, ""seed"": 42, ""split"": {""stratified"": true, ""val_size"": 0.2}, ""training"": {""batch_size"": 16, ""epochs"": 800, ""include_reg_in_val"": false, ""shuffle"": true}}"
0020f552137f,1,0.007376152719413414,0.0,0.007376152719413414,0.0,1.0,0.0,800.0,0.0,"{""callbacks"": {""early_stopping"": true, ""min_delta"": 0.0, ""mode"": ""auto"", ""monitor"": ""val_loss"", ""patience"": 40, ""restore_best_weights"": true, ""verbose"": 0}, ""cv"": {""k"": 3, ""seed"": 42, ""shuffle"": true}, ""data"": {""train_path"": ""data/MONK/MONK1/monks-1.train""}, ""model"": {""activation"": ""tanh"", ""dropout"": 0.0, ""hidden_units"": [4]}, ""optim"": {""lr"": 0.2, ""momentum"": 0.1, ""name"": ""sgd""}, ""regularizer"": {""l2"": 0.0}, ""seed"": 42, ""split"": {""stratified"": true, ""val_size"": 0.2}, ""training"": {""batch_size"": 16, ""epochs"": 800, ""include_reg_in_val"": false, ""shuffle"": true}}"
302f3637658e,1,0.007491272858809256,0.0,0.007491272858809256,0.0,1.0,0.0,152.0,0.0,"{""callbacks"": {""early_stopping"": true, ""min_delta"": 0.0, ""mode"": ""auto"", ""monitor"": ""val_loss"", ""patience"": 40, ""restore_best_weights"": true, ""verbose"": 0}, ""cv"": {""k"": 3, ""seed"": 42, ""shuffle"": true}, ""data"": {""train_path"": ""data/MONK/MONK1/monks-1.train""}, ""model"": {""activation"": ""tanh"", ""dropout"": 0.2, ""hidden_units"": [8]}, ""optim"": {""lr"": 0.2, ""momentum"": 0.9, ""name"": ""sgd""}, ""regularizer"": {""l2"": 0.0}, ""seed"": 42, ""split"": {""stratified"": true, ""val_size"": 0.2}, ""training"": {""batch_size"": 32, ""epochs"": 800, ""include_reg_in_val"": false, ""shuffle"": true}}"
65913f054c52,1,0.007515985395333854,0.0,0.007515985395333854,0.0,1.0,0.0,797.0,0.0,"{""callbacks"": {""early_stopping"": true, ""min_delta"": 0.0, ""mode"": ""auto"", ""monitor"": ""val_loss"", ""patience"": 40, ""restore_best_weights"": true, ""verbose"": 0}, ""cv"": {""k"": 3, ""seed"": 42, ""shuffle"": true}, ""data"": {""train_path"": ""data/MONK/MONK1/monks-1.train""}, ""model"": {""activation"": ""relu"", ""dropout"": 0.2, ""hidden_units"": [8]}, ""optim"": {""lr"": 0.1, ""momentum"": 0.1, ""name"": ""sgd""}, ""regularizer"": {""l2"": 0.0}, ""seed"": 42, ""split"": {""stratified"": true, ""val_size"": 0.2}, ""training"": {""batch_size"": 16, ""epochs"": 800, ""include_reg_in_val"": false, ""shuffle"": true}}"
7457af011561,1,0.00836951624680027,0.0,0.00836951624680027,0.0,1.0,0.0,800.0,0.0,"{""callbacks"": {""early_stopping"": true, ""min_delta"": 0.0, ""mode"": ""auto"", ""monitor"": ""val_loss"", ""patience"": 40, ""restore_best_weights"": true, ""verbose"": 0}, ""cv"": {""k"": 3, ""seed"": 42, ""shuffle"": true}, ""data"": {""train_path"": ""data/MONK/MONK1/monks-1.train""}, ""model"": {""activation"": ""tanh"", ""dropout"": 0.0, ""hidden_units"": [4]}, ""optim"": {""lr"": 0.2, ""momentum"": 0.0, ""name"": ""sgd""}, ""regularizer"": {""l2"": 0.0}, ""seed"": 42, ""split"": {""stratified"": true, ""val_size"": 0.2}, ""training"": {""batch_size"": 16, ""epochs"": 800, ""include_reg_in_val"": false, ""shuffle"": true}}"
5304516345a0,1,0.008705054876890295,0.0,0.008705054876890295,0.0,1.0,0.0,793.0,0.0,"{""callbacks"": {""early_stopping"": true, ""min_delta"": 0.0, ""mode"": ""auto"", ""monitor"": ""val_loss"", ""patience"": 40, ""restore_best_weights"": true, ""verbose"": 0}, ""cv"": {""k"": 3, ""seed"": 42, ""shuffle"": true}, ""data"": {""train_path"": ""data/MONK/MONK1/monks-1.train""}, ""model"": {""activation"": ""relu"", ""dropout"": 0.2, ""hidden_units"": [8]}, ""optim"": {""lr"": 0.1, ""momentum"": 0.0, ""name"": ""sgd""}, ""regularizer"": {""l2"": 0.0}, ""seed"": 42, ""split"": {""stratified"": true, ""val_size"": 0.2}, ""training"": {""batch_size"": 16, ""epochs"": 800, ""include_reg_in_val"": false, ""shuffle"": true}}"
504d9c973ba5,1,0.01013086310415553,0.0,0.01013086310415553,0.0,1.0,0.0,243.0,0.0,"{""callbacks"": {""early_stopping"": true, ""min_delta"": 0.0, ""mode"": ""auto"", ""monitor"": ""val_loss"", ""patience"": 40, ""restore_best_weights"": true, ""verbose"": 0}, ""cv"": {""k"": 3, ""seed"": 42, ""shuffle"": true}, ""data"": {""train_path"": ""data/MONK/MONK1/monks-1.train""}, ""model"": {""activation"": ""relu"", ""dropout"": 0.0, ""hidden_units"": [8]}, ""optim"": {""lr"": 0.2, ""momentum"": 0.9, ""name"": ""sgd""}, ""regularizer"": {""l2"": ""1e-3""}, ""seed"": 42, ""split"": {""stratified"": true, ""val_size"": 0.2}, ""training"": {""batch_size"": 16, ""epochs"": 800, ""include_reg_in_val"": false, ""shuffle"": true}}"
d19be6e54b48,1,0.010421567162809032,0.0,0.010421567162809032,0.0,1.0,0.0,425.0,0.0,"{""callbacks"": {""early_stopping"": true, ""min_delta"": 0.0, ""mode"": ""auto"", ""monitor"": ""val_loss"", ""patience"": 40, ""restore_best_weights"": true, ""verbose"": 0}, ""cv"": {""k"": 3, ""seed"": 42, ""shuffle"": true}, ""data"": {""train_path"": ""data/MONK/MONK1/monks-1.train""}, ""model"": {""activation"": ""relu"", ""dropout"": 0.2, ""hidden_units"": [8, 4]}, ""optim"": {""lr"": 0.1, ""momentum"": 0.0, ""name"": ""sgd""}, ""regularizer"": {""l2"": ""1e-3""}, ""seed"": 42, ""split"": {""stratified"": true, ""val_size"": 0.2}, ""training"": {""batch_size"": 16, ""epochs"": 800, ""include_reg_in_val"": false, ""shuffle"": true}}"
f8310b8485ff,1,0.010640546517489162,0.0,0.010640546517489162,0.0,1.0,0.0,352.0,0.0,"{""callbacks"": {""early_stopping"": true, ""min_delta"": 0.0, ""mode"": ""auto"", ""monitor"": ""val_loss"", ""patience"": 40, ""restore_best_weights"": true, ""verbose"": 0}, ""cv"": {""k"": 3, ""seed"": 42, ""shuffle"": true}, ""data"": {""train_path"": ""data/MONK/MONK1/monks-1.train""}, ""model"": {""activation"": ""tanh"", ""dropout"": 0.2, ""hidden_units"": [4]}, ""optim"": {""lr"": 0.2, ""momentum"": 0.1, ""name"": ""sgd""}, ""regularizer"": {""l2"": 0.0}, ""seed"": 42, ""split"": {""stratified"": true, ""val_size"": 0.2}, ""training"": {""batch_size"": 16, ""epochs"": 800, ""include_reg_in_val"": false, ""shuffle"": true}}"
2c216dff7fa8,1,0.010996056493874156,0.0,0.010996056493874156,0.0,1.0,0.0,468.0,0.0,"{""callbacks"": {""early_stopping"": true, ""min_delta"": 0.0, ""mode"": ""auto"", ""monitor"": ""val_loss"", ""patience"": 40, ""restore_best_weights"": true, ""verbose"": 0}, ""cv"": {""k"": 3, ""seed"": 42, ""shuffle"": true}, ""data"": {""train_path"": ""data/MONK/MONK1/monks-1.train""}, ""model"": {""activation"": ""relu"", ""dropout"": 0.2, ""hidden_units"": [8]}, ""optim"": {""lr"": 0.2, ""momentum"": 0.1, ""name"": ""sgd""}, ""regularizer"": {""l2"": 0.0}, ""seed"": 42, ""split"": {""stratified"": true, ""val_size"": 0.2}, ""training"": {""batch_size"": 32, ""epochs"": 800, ""include_reg_in_val"": false, ""shuffle"": true}}"
1c2f29077df6,1,0.011195456590466661,0.0,0.011195456590466661,0.0,1.0,0.0,788.0,0.0,"{""callbacks"": {""early_stopping"": true, ""min_delta"": 0.0, ""mode"": ""auto"", ""monitor"": ""val_loss"", ""patience"": 40, ""restore_best_weights"": true, ""verbose"": 0}, ""cv"": {""k"": 3, ""seed"": 42, ""shuffle"": true}, ""data"": {""train_path"": ""data/MONK/MONK1/monks-1.train""}, ""model"": {""activation"": ""tanh"", ""dropout"": 0.2, ""hidden_units"": [4]}, ""optim"": {""lr"": 0.01, ""momentum"": 0.9, ""name"": ""sgd""}, ""regularizer"": {""l2"": 0.0}, ""seed"": 42, ""split"": {""stratified"": true, ""val_size"": 0.2}, ""training"": {""batch_size"": 16, ""epochs"": 800, ""include_reg_in_val"": false, ""shuffle"": true}}"
4f4cd795ef09,1,0.011390997878537376,0.0,0.011390997878537376,0.0,1.0,0.0,728.0,0.0,"{""callbacks"": {""early_stopping"": true, ""min_delta"": 0.0, ""mode"": ""auto"", ""monitor"": ""val_loss"", ""patience"": 40, ""restore_best_weights"": true, ""verbose"": 0}, ""cv"": {""k"": 3, ""seed"": 42, ""shuffle"": true}, ""data"": {""train_path"": ""data/MONK/MONK1/monks-1.train""}, ""model"": {""activation"": ""tanh"", ""dropout"": 0.2, ""hidden_units"": [4]}, ""optim"": {""lr"": 0.1, ""momentum"": 0.0, ""name"": ""sgd""}, ""regularizer"": {""l2"": 0.0}, ""seed"": 42, ""split"": {""stratified"": true, ""val_size"": 0.2}, ""training"": {""batch_size"": 16, ""epochs"": 800, ""include_reg_in_val"": false, ""shuffle"": true}}"
77adf8b317fc,1,0.011416891092071864,0.0,0.011416891092071864,0.0,1.0,0.0,218.0,0.0,"{""callbacks"": {""early_stopping"": true, ""min_delta"": 0.0, ""mode"": ""auto"", ""monitor"": ""val_loss"", ""patience"": 40, ""restore_best_weights"": true, ""verbose"": 0}, ""cv"": {""k"": 3, ""seed"": 42, ""shuffle"": true}, ""data"": {""train_path"": ""data/MONK/MONK1/monks-1.train""}, ""model"": {""activation"": ""tanh"", ""dropout"": 0.2, ""hidden_units"": [4]}, ""optim"": {""lr"": 0.2, ""momentum"": 0.9, ""name"": ""sgd""}, ""regularizer"": {""l2"": 0.0}, ""seed"": 42, ""split"": {""stratified"": true, ""val_size"": 0.2}, ""training"": {""batch_size"": 32, ""epochs"": 800, ""include_reg_in_val"": false, ""shuffle"": true}}"
8bdc189693b2,1,0.011780668814048365,0.0,0.011780668814048365,0.0,1.0,0.0,91.0,0.0,"{""callbacks"": {""early_stopping"": true, ""min_delta"": 0.0, ""mode"": ""auto"", ""monitor"": ""val_loss"", ""patience"": 40, ""restore_best_weights"": true, ""verbose"": 0}, ""cv"": {""k"": 3, ""seed"": 42, ""shuffle"": true}, ""data"": {""train_path"": ""data/MONK/MONK1/monks-1.train""}, ""model"": {""activation"": ""tanh"", ""dropout"": 0.2, ""hidden_units"": [8, 4]}, ""optim"": {""lr"": 0.2, ""momentum"": 0.9, ""name"": ""sgd""}, ""regularizer"": {""l2"": 0.0}, ""seed"": 42, ""split"": {""stratified"": true, ""val_size"": 0.2}, ""training"": {""batch_size"": 32, ""epochs"": 800, ""include_reg_in_val"": false, ""shuffle"": true}}"
5ccf3799dce0,1,0.011868649130174078,0.0,0.011868649130174078,0.0,1.0,0.0,800.0,0.0,"{""callbacks"": {""early_stopping"": true, ""min_delta"": 0.0, ""mode"": ""auto"", ""monitor"": ""val_loss"", ""patience"": 40, ""restore_best_weights"": true, ""verbose"": 0}, ""cv"": {""k"": 3, ""seed"": 42, ""shuffle"": true}, ""data"": {""train_path"": ""data/MONK/MONK1/monks-1.train""}, ""model"": {""activation"": ""tanh"", ""dropout"": 0.0, ""hidden_units"": [4]}, ""optim"": {""lr"": 0.2, ""momentum"": 0.1, ""name"": ""sgd""}, ""regularizer"": {""l2"": 0.0}, ""seed"": 42, ""split"": {""stratified"": true, ""val_size"": 0.2}, ""training"": {""batch_size"": 32, ""epochs"": 800, ""include_reg_in_val"": false, ""shuffle"": true}}"
aaa1ce6c1d25,1,0.01193259330546359,0.0,0.01193259330546359,0.0,1.0,0.0,287.0,0.0,"{""callbacks"": {""early_stopping"": true, ""min_delta"": 0.0, ""mode"": ""auto"", ""monitor"": ""val_loss"", ""patience"": 40, ""restore_best_weights"": true, ""verbose"": 0}, ""cv"": {""k"": 3, ""seed"": 42, ""shuffle"": true}, ""data"": {""train_path"": ""data/MONK/MONK1/monks-1.train""}, ""model"": {""activation"": ""tanh"", ""dropout"": 0.2, ""hidden_units"": [8, 4]}, ""optim"": {""lr"": 0.2, ""momentum"": 0.0, ""name"": ""sgd""}, ""regularizer"": {""l2"": ""1e-3""}, ""seed"": 42, ""split"": {""stratified"": true, ""val_size"": 0.2}, ""training"": {""batch_size"": 16, ""epochs"": 800, ""include_reg_in_val"": false, ""shuffle"": true}}"
eb30120e4595,1,0.012304720781869765,0.0,0.012304720781869765,0.0,1.0,0.0,352.0,0.0,"{""callbacks"": {""early_stopping"": true, ""min_delta"": 0.0, ""mode"": ""auto"", ""monitor"": ""val_loss"", ""patience"": 40, ""restore_best_weights"": true, ""verbose"": 0}, ""cv"": {""k"": 3, ""seed"": 42, ""shuffle"": true}, ""data"": {""train_path"": ""data/MONK/MONK1/monks-1.train""}, ""model"": {""activation"": ""tanh"", ""dropout"": 0.2, ""hidden_units"": [4]}, ""optim"": {""lr"": 0.2, ""momentum"": 0.0, ""name"": ""sgd""}, ""regularizer"": {""l2"": 0.0}, ""seed"": 42, ""split"": {""stratified"": true, ""val_size"": 0.2}, ""training"": {""batch_size"": 16, ""epochs"": 800, ""include_reg_in_val"": false, ""shuffle"": true}}"
4105cb605b01,1,0.012322845583070624,0.0,0.012322845583070624,0.0,1.0,0.0,791.0,0.0,"{""callbacks"": {""early_stopping"": true, ""min_delta"": 0.0, ""mode"": ""auto"", ""monitor"": ""val_loss"", ""patience"": 40, ""restore_best_weights"": true, ""verbose"": 0}, ""cv"": {""k"": 3, ""seed"": 42, ""shuffle"": true}, ""data"": {""train_path"": ""data/MONK/MONK1/monks-1.train""}, ""model"": {""activation"": ""relu"", ""dropout"": 0.2, ""hidden_units"": [8]}, ""optim"": {""lr"": 0.2, ""momentum"": 0.0, ""name"": ""sgd""}, ""regularizer"": {""l2"": 0.0}, ""seed"": 42, ""split"": {""stratified"": true, ""val_size"": 0.2}, ""training"": {""batch_size"": 32, ""epochs"": 800, ""include_reg_in_val"": false, ""shuffle"": true}}"
fddf21384feb,1,0.012404751147115332,0.0,0.012404751147115332,0.0,1.0,0.0,463.0,0.0,"{""callbacks"": {""early_stopping"": true, ""min_delta"": 0.0, ""mode"": ""auto"", ""monitor"": ""val_loss"", ""patience"": 40, ""restore_best_weights"": true, ""verbose"": 0}, ""cv"": {""k"": 3, ""seed"": 42, ""shuffle"": true}, ""data"": {""train_path"": ""data/MONK/MONK1/monks-1.train""}, ""model"": {""activation"": ""relu"", ""dropout"": 0.2, ""hidden_units"": [8, 4]}, ""optim"": {""lr"": 0.1, ""momentum"": 0.1, ""name"": ""sgd""}, ""regularizer"": {""l2"": ""1e-3""}, ""seed"": 42, ""split"": {""stratified"": true, ""val_size"": 0.2}, ""training"": {""batch_size"": 16, ""epochs"": 800, ""include_reg_in_val"": false, ""shuffle"": true}}"
2bacd3d9d8c8,1,0.012484198153562807,0.0,0.012484198153562807,0.0,1.0,0.0,130.0,0.0,"{""callbacks"": {""early_stopping"": true, ""min_delta"": 0.0, ""mode"": ""auto"", ""monitor"": ""val_loss"", ""patience"": 40, ""restore_best_weights"": true, ""verbose"": 0}, ""cv"": {""k"": 3, ""seed"": 42, ""shuffle"": true}, ""data"": {""train_path"": ""data/MONK/MONK1/monks-1.train""}, ""model"": {""activation"": ""tanh"", ""dropout"": 0.2, ""hidden_units"": [8]}, ""optim"": {""lr"": 0.2, ""momentum"": 0.9, ""name"": ""sgd""}, ""regularizer"": {""l2"": ""1e-3""}, ""seed"": 42, ""split"": {""stratified"": true, ""val_size"": 0.2}, ""training"": {""batch_size"": 32, ""epochs"": 800, ""include_reg_in_val"": false, ""shuffle"": true}}"
5e87c82a4d6e,1,0.013230349838294454,0.0,0.013230349838294454,0.0,1.0,0.0,415.0,0.0,"{""callbacks"": {""early_stopping"": true, ""min_delta"": 0.0, ""mode"": ""auto"", ""monitor"": ""val_loss"", ""patience"": 40, ""restore_best_weights"": true, ""verbose"": 0}, ""cv"": {""k"": 3, ""seed"": 42, ""shuffle"": true}, ""data"": {""train_path"": ""data/MONK/MONK1/monks-1.train""}, ""model"": {""activation"": ""relu"", ""dropout"": 0.0, ""hidden_units"": [8]}, ""optim"": {""lr"": 0.1, ""momentum"": 0.9, ""name"": ""sgd""}, ""regularizer"": {""l2"": ""1e-3""}, ""seed"": 42, ""split"": {""stratified"": true, ""val_size"": 0.2}, ""training"": {""batch_size"": 16, ""epochs"": 800, ""include_reg_in_val"": false, ""shuffle"": true}}"
4b026ec74019,1,0.013454623011861108,0.0,0.013454623011861108,0.0,1.0,0.0,384.0,0.0,"{""callbacks"": {""early_stopping"": true, ""min_delta"": 0.0, ""mode"": ""auto"", ""monitor"": ""val_loss"", ""patience"": 40, ""restore_best_weights"": true, ""verbose"": 0}, ""cv"": {""k"": 3, ""seed"": 42, ""shuffle"": true}, ""data"": {""train_path"": ""data/MONK/MONK1/monks-1.train""}, ""model"": {""activation"": ""relu"", ""dropout"": 0.2, ""hidden_units"": [8, 4]}, ""optim"": {""lr"": 0.1, ""momentum"": 0.1, ""name"": ""sgd""}, ""regularizer"": {""l2"": 0.0}, ""seed"": 42, ""split"": {""stratified"": true, ""val_size"": 0.2}, ""training"": {""batch_size"": 16, ""epochs"": 800, ""include_reg_in_val"": false, ""shuffle"": true}}"
810ae7dd0c1d,1,0.013505233590607997,0.0,0.013505233590607997,0.0,1.0,0.0,95.0,0.0,"{""callbacks"": {""early_stopping"": true, ""min_delta"": 0.0, ""mode"": ""auto"", ""monitor"": ""val_loss"", ""patience"": 40, ""restore_best_weights"": true, ""verbose"": 0}, ""cv"": {""k"": 3, ""seed"": 42, ""shuffle"": true}, ""data"": {""train_path"": ""data/MONK/MONK1/monks-1.train""}, ""model"": {""activation"": ""relu"", ""dropout"": 0.0, ""hidden_units"": [8, 4]}, ""optim"": {""lr"": 0.2, ""momentum"": 0.9, ""name"": ""sgd""}, ""regularizer"": {""l2"": ""1e-3""}, ""seed"": 42, ""split"": {""stratified"": true, ""val_size"": 0.2}, ""training"": {""batch_size"": 32, ""epochs"": 800, ""include_reg_in_val"": false, ""shuffle"": true}}"
609bd8700c65,1,0.01505225683796907,0.0,0.01505225683796907,0.0,1.0,0.0,93.0,0.0,"{""callbacks"": {""early_stopping"": true, ""min_delta"": 0.0, ""mode"": ""auto"", ""monitor"": ""val_loss"", ""patience"": 40, ""restore_best_weights"": true, ""verbose"": 0}, ""cv"": {""k"": 3, ""seed"": 42, ""shuffle"": true}, ""data"": {""train_path"": ""data/MONK/MONK1/monks-1.train""}, ""model"": {""activation"": ""tanh"", ""dropout"": 0.2, ""hidden_units"": [8]}, ""optim"": {""lr"": 0.2, ""momentum"": 0.9, ""name"": ""sgd""}, ""regularizer"": {""l2"": ""1e-3""}, ""seed"": 42, ""split"": {""stratified"": true, ""val_size"": 0.2}, ""training"": {""batch_size"": 16, ""epochs"": 800, ""include_reg_in_val"": false, ""shuffle"": true}}"
f3b6dc62208f,1,0.016731658012712477,0.0,0.016731658012712477,0.0,1.0,0.0,95.0,0.0,"{""callbacks"": {""early_stopping"": true, ""min_delta"": 0.0, ""mode"": ""auto"", ""monitor"": ""val_loss"", ""patience"": 40, ""restore_best_weights"": true, ""verbose"": 0}, ""cv"": {""k"": 3, ""seed"": 42, ""shuffle"": true}, ""data"": {""train_path"": ""data/MONK/MONK1/monks-1.train""}, ""model"": {""activation"": ""tanh"", ""dropout"": 0.2, ""hidden_units"": [8]}, ""optim"": {""lr"": 0.1, ""momentum"": 0.9, ""name"": ""sgd""}, ""regularizer"": {""l2"": ""1e-3""}, ""seed"": 42, ""split"": {""stratified"": true, ""val_size"": 0.2}, ""training"": {""batch_size"": 16, ""epochs"": 800, ""include_reg_in_val"": false, ""shuffle"": true}}"
6919e058fb2a,1,0.016864409456575368,0.0,0.016864409456575368,0.0,1.0,0.0,131.0,0.0,"{""callbacks"": {""early_stopping"": true, ""min_delta"": 0.0, ""mode"": ""auto"", ""monitor"": ""val_loss"", ""patience"": 40, ""restore_best_weights"": true, ""verbose"": 0}, ""cv"": {""k"": 3, ""seed"": 42, ""shuffle"": true}, ""data"": {""train_path"": ""data/MONK/MONK1/monks-1.train""}, ""model"": {""activation"": ""relu"", ""dropout"": 0.2, ""hidden_units"": [8]}, ""optim"": {""lr"": 0.2, ""momentum"": 0.9, ""name"": ""sgd""}, ""regularizer"": {""l2"": ""1e-3""}, ""seed"": 42, ""split"": {""stratified"": true, ""val_size"": 0.2}, ""training"": {""batch_size"": 16, ""epochs"": 800, ""include_reg_in_val"": false, ""shuffle"": true}}"
08dac7670aab,1,0.016945447004658862,0.0,0.016945447004658862,0.0,1.0,0.0,547.0,0.0,"{""callbacks"": {""early_stopping"": true, ""min_delta"": 0.0, ""mode"": ""auto"", ""monitor"": ""val_loss"", ""patience"": 40, ""restore_best_weights"": true, ""verbose"": 0}, ""cv"": {""k"": 3, ""seed"": 42, ""shuffle"": true}, ""data"": {""train_path"": ""data/MONK/MONK1/monks-1.train""}, ""model"": {""activation"": ""tanh"", ""dropout"": 0.0, ""hidden_units"": [8]}, ""optim"": {""lr"": 0.1, ""momentum"": 0.9, ""name"": ""sgd""}, ""regularizer"": {""l2"": 0.0}, ""seed"": 42, ""split"": {""stratified"": true, ""val_size"": 0.2}, ""training"": {""batch_size"": 16, ""epochs"": 800, ""include_reg_in_val"": false, ""shuffle"": true}}"
18ab34d0ac8b,1,0.01733514032486967,0.0,0.01733514032486967,0.0,1.0,0.0,334.0,0.0,"{""callbacks"": {""early_stopping"": true, ""min_delta"": 0.0, ""mode"": ""auto"", ""monitor"": ""val_loss"", ""patience"": 40, ""restore_best_weights"": true, ""verbose"": 0}, ""cv"": {""k"": 3, ""seed"": 42, ""shuffle"": true}, ""data"": {""train_path"": ""data/MONK/MONK1/monks-1.train""}, ""model"": {""activation"": ""relu"", ""dropout"": 0.2, ""hidden_units"": [8]}, ""optim"": {""lr"": 0.2, ""momentum"": 0.1, ""name"": ""sgd""}, ""regularizer"": {""l2"": ""1e-3""}, ""seed"": 42, ""split"": {""stratified"": true, ""val_size"": 0.2}, ""training"": {""batch_size"": 16, ""epochs"": 800, ""include_reg_in_val"": false, ""shuffle"": true}}"
07ded17e1fcf,1,0.01735024349380571,0.0,0.01735024349380571,0.0,1.0,0.0,243.0,0.0,"{""callbacks"": {""early_stopping"": true, ""min_delta"": 0.0, ""mode"": ""auto"", ""monitor"": ""val_loss"", ""patience"": 40, ""restore_best_weights"": true, ""verbose"": 0}, ""cv"": {""k"": 3, ""seed"": 42, ""shuffle"": true}, ""data"": {""train_path"": ""data/MONK/MONK1/monks-1.train""}, ""model"": {""activation"": ""relu"", ""dropout"": 0.0, ""hidden_units"": [8]}, ""optim"": {""lr"": 0.2, ""momentum"": 0.9, ""name"": ""sgd""}, ""regularizer"": {""l2"": ""1e-3""}, ""seed"": 42, ""split"": {""stratified"": true, ""val_size"": 0.2}, ""training"": {""batch_size"": 32, ""epochs"": 800, ""include_reg_in_val"": false, ""shuffle"": true}}"
4c510d0244e8,1,0.01778421332250716,0.0,0.01778421332250716,0.0,1.0,0.0,190.0,0.0,"{""callbacks"": {""early_stopping"": true, ""min_delta"": 0.0, ""mode"": ""auto"", ""monitor"": ""val_loss"", ""patience"": 40, ""restore_best_weights"": true, ""verbose"": 0}, ""cv"": {""k"": 3, ""seed"": 42, ""shuffle"": true}, ""data"": {""train_path"": ""data/MONK/MONK1/monks-1.train""}, ""model"": {""activation"": ""relu"", ""dropout"": 0.0, ""hidden_units"": [4]}, ""optim"": {""lr"": 0.1, ""momentum"": 0.9, ""name"": ""sgd""}, ""regularizer"": {""l2"": ""1e-3""}, ""seed"": 42, ""split"": {""stratified"": true, ""val_size"": 0.2}, ""training"": {""batch_size"": 16, ""epochs"": 800, ""include_reg_in_val"": false, ""shuffle"": true}}"
2588761d7dff,1,0.017879597340995135,0.0,0.017879597340995135,0.0,1.0,0.0,744.0,0.0,"{""callbacks"": {""early_stopping"": true, ""min_delta"": 0.0, ""mode"": ""auto"", ""monitor"": ""val_loss"", ""patience"": 40, ""restore_best_weights"": true, ""verbose"": 0}, ""cv"": {""k"": 3, ""seed"": 42, ""shuffle"": true}, ""data"": {""train_path"": ""data/MONK/MONK1/monks-1.train""}, ""model"": {""activation"": ""tanh"", ""dropout"": 0.0, ""hidden_units"": [8]}, ""optim"": {""lr"": 0.2, ""momentum"": 0.1, ""name"": ""sgd""}, ""regularizer"": {""l2"": 0.0}, ""seed"": 42, ""split"": {""stratified"": true, ""val_size"": 0.2}, ""training"": {""batch_size"": 16, ""epochs"": 800, ""include_reg_in_val"": false, ""shuffle"": true}}"
fa05380de5d2,1,0.018138222282548813,0.0,0.018138222282548813,0.0,1.0,0.0,104.0,0.0,"{""callbacks"": {""early_stopping"": true, ""min_delta"": 0.0, ""mode"": ""auto"", ""monitor"": ""val_loss"", ""patience"": 40, ""restore_best_weights"": true, ""verbose"": 0}, ""cv"": {""k"": 3, ""seed"": 42, ""shuffle"": true}, ""data"": {""train_path"": ""data/MONK/MONK1/monks-1.train""}, ""model"": {""activation"": ""relu"", ""dropout"": 0.2, ""hidden_units"": [8]}, ""optim"": {""lr"": 0.2, ""momentum"": 0.9, ""name"": ""sgd""}, ""regularizer"": {""l2"": 0.0}, ""seed"": 42, ""split"": {""stratified"": true, ""val_size"": 0.2}, ""training"": {""batch_size"": 16, ""epochs"": 800, ""include_reg_in_val"": false, ""shuffle"": true}}"
ac7502f47b31,1,0.01824991668368056,0.0,0.01824991668368056,0.0,1.0,0.0,335.0,0.0,"{""callbacks"": {""early_stopping"": true, ""min_delta"": 0.0, ""mode"": ""auto"", ""monitor"": ""val_loss"", ""patience"": 40, ""restore_best_weights"": true, ""verbose"": 0}, ""cv"": {""k"": 3, ""seed"": 42, ""shuffle"": true}, ""data"": {""train_path"": ""data/MONK/MONK1/monks-1.train""}, ""model"": {""activation"": ""relu"", ""dropout"": 0.2, ""hidden_units"": [8]}, ""optim"": {""lr"": 0.2, ""momentum"": 0.0, ""name"": ""sgd""}, ""regularizer"": {""l2"": ""1e-3""}, ""seed"": 42, ""split"": {""stratified"": true, ""val_size"": 0.2}, ""training"": {""batch_size"": 16, ""epochs"": 800, ""include_reg_in_val"": false, ""shuffle"": true}}"
e77fa3f749f9,1,0.018459959312206717,0.0,0.018459959312206717,0.0,1.0,0.0,222.0,0.0,"{""callbacks"": {""early_stopping"": true, ""min_delta"": 0.0, ""mode"": ""auto"", ""monitor"": ""val_loss"", ""patience"": 40, ""restore_best_weights"": true, ""verbose"": 0}, ""cv"": {""k"": 3, ""seed"": 42, ""shuffle"": true}, ""data"": {""train_path"": ""data/MONK/MONK1/monks-1.train""}, ""model"": {""activation"": ""tanh"", ""dropout"": 0.0, ""hidden_units"": [4]}, ""optim"": {""lr"": 0.1, ""momentum"": 0.9, ""name"": ""sgd""}, ""regularizer"": {""l2"": ""1e-3""}, ""seed"": 42, ""split"": {""stratified"": true, ""val_size"": 0.2}, ""training"": {""batch_size"": 16, ""epochs"": 800, ""include_reg_in_val"": false, ""shuffle"": true}}"
21c49f0257b5,1,0.019216477056383848,0.0,0.019216477056383848,0.0,1.0,0.0,590.0,0.0,"{""callbacks"": {""early_stopping"": true, ""min_delta"": 0.0, ""mode"": ""auto"", ""monitor"": ""val_loss"", ""patience"": 40, ""restore_best_weights"": true, ""verbose"": 0}, ""cv"": {""k"": 3, ""seed"": 42, ""shuffle"": true}, ""data"": {""train_path"": ""data/MONK/MONK1/monks-1.train""}, ""model"": {""activation"": ""relu"", ""dropout"": 0.2, ""hidden_units"": [8]}, ""optim"": {""lr"": 0.1, ""momentum"": 0.1, ""name"": ""sgd""}, ""regularizer"": {""l2"": ""1e-3""}, ""seed"": 42, ""split"": {""stratified"": true, ""val_size"": 0.2}, ""training"": {""batch_size"": 16, ""epochs"": 800, ""include_reg_in_val"": false, ""shuffle"": true}}"
9a8ef22bc800,1,0.019417879368648278,0.0,0.019417879368648278,0.0,1.0,0.0,744.0,0.0,"{""callbacks"": {""early_stopping"": true, ""min_delta"": 0.0, ""mode"": ""auto"", ""monitor"": ""val_loss"", ""patience"": 40, ""restore_best_weights"": true, ""verbose"": 0}, ""cv"": {""k"": 3, ""seed"": 42, ""shuffle"": true}, ""data"": {""train_path"": ""data/MONK/MONK1/monks-1.train""}, ""model"": {""activation"": ""tanh"", ""dropout"": 0.0, ""hidden_units"": [8]}, ""optim"": {""lr"": 0.2, ""momentum"": 0.0, ""name"": ""sgd""}, ""regularizer"": {""l2"": 0.0}, ""seed"": 42, ""split"": {""stratified"": true, ""val_size"": 0.2}, ""training"": {""batch_size"": 16, ""epochs"": 800, ""include_reg_in_val"": false, ""shuffle"": true}}"
ed24751f4c61,1,0.019857824994929746,0.0,0.019857824994929746,0.0,1.0,0.0,789.0,0.0,"{""callbacks"": {""early_stopping"": true, ""min_delta"": 0.0, ""mode"": ""auto"", ""monitor"": ""val_loss"", ""patience"": 40, ""restore_best_weights"": true, ""verbose"": 0}, ""cv"": {""k"": 3, ""seed"": 42, ""shuffle"": true}, ""data"": {""train_path"": ""data/MONK/MONK1/monks-1.train""}, ""model"": {""activation"": ""relu"", ""dropout"": 0.2, ""hidden_units"": [8]}, ""optim"": {""lr"": 0.1, ""momentum"": 0.1, ""name"": ""sgd""}, ""regularizer"": {""l2"": 0.0}, ""seed"": 42, ""split"": {""stratified"": true, ""val_size"": 0.2}, ""training"": {""batch_size"": 32, ""epochs"": 800, ""include_reg_in_val"": false, ""shuffle"": true}}"
563aac80ab43,1,0.020636997333038233,0.0,0.020636997333038233,0.0,1.0,0.0,629.0,0.0,"{""callbacks"": {""early_stopping"": true, ""min_delta"": 0.0, ""mode"": ""auto"", ""monitor"": ""val_loss"", ""patience"": 40, ""restore_best_weights"": true, ""verbose"": 0}, ""cv"": {""k"": 3, ""seed"": 42, ""shuffle"": true}, ""data"": {""train_path"": ""data/MONK/MONK1/monks-1.train""}, ""model"": {""activation"": ""relu"", ""dropout"": 0.2, ""hidden_units"": [8, 4]}, ""optim"": {""lr"": 0.01, ""momentum"": 0.9, ""name"": ""sgd""}, ""regularizer"": {""l2"": ""1e-3""}, ""seed"": 42, ""split"": {""stratified"": true, ""val_size"": 0.2}, ""training"": {""batch_size"": 32, ""epochs"": 800, ""include_reg_in_val"": false, ""shuffle"": true}}"
36c738cd51b5,1,0.02109816202933092,0.0,0.02109816202933092,0.0,1.0,0.0,590.0,0.0,"{""callbacks"": {""early_stopping"": true, ""min_delta"": 0.0, ""mode"": ""auto"", ""monitor"": ""val_loss"", ""patience"": 40, ""restore_best_weights"": true, ""verbose"": 0}, ""cv"": {""k"": 3, ""seed"": 42, ""shuffle"": true}, ""data"": {""train_path"": ""data/MONK/MONK1/monks-1.train""}, ""model"": {""activation"": ""relu"", ""dropout"": 0.2, ""hidden_units"": [8]}, ""optim"": {""lr"": 0.1, ""momentum"": 0.0, ""name"": ""sgd""}, ""regularizer"": {""l2"": ""1e-3""}, ""seed"": 42, ""split"": {""stratified"": true, ""val_size"": 0.2}, ""training"": {""batch_size"": 16, ""epochs"": 800, ""include_reg_in_val"": false, ""shuffle"": true}}"
c3d171a89935,1,0.021301721825685304,0.0,0.021301721825685304,0.0,1.0,0.0,800.0,0.0,"{""callbacks"": {""early_stopping"": true, ""min_delta"": 0.0, ""mode"": ""auto"", ""monitor"": ""val_loss"", ""patience"": 40, ""restore_best_weights"": true, ""verbose"": 0}, ""cv"": {""k"": 3, ""seed"": 42, ""shuffle"": true}, ""data"": {""train_path"": ""data/MONK/MONK1/monks-1.train""}, ""model"": {""activation"": ""tanh"", ""dropout"": 0.0, ""hidden_units"": [4]}, ""optim"": {""lr"": 0.1, ""momentum"": 0.1, ""name"": ""sgd""}, ""regularizer"": {""l2"": 0.0}, ""seed"": 42, ""split"": {""stratified"": true, ""val_size"": 0.2}, ""training"": {""batch_size"": 16, ""epochs"": 800, ""include_reg_in_val"": false, ""shuffle"": true}}"
5fe7d3966b6e,1,0.022775637652999604,0.0,0.022775637652999604,0.0,1.0,0.0,353.0,0.0,"{""callbacks"": {""early_stopping"": true, ""min_delta"": 0.0, ""mode"": ""auto"", ""monitor"": ""val_loss"", ""patience"": 40, ""restore_best_weights"": true, ""verbose"": 0}, ""cv"": {""k"": 3, ""seed"": 42, ""shuffle"": true}, ""data"": {""train_path"": ""data/MONK/MONK1/monks-1.train""}, ""model"": {""activation"": ""sigmoid"", ""dropout"": 0.2, ""hidden_units"": [8]}, ""optim"": {""lr"": 0.2, ""momentum"": 0.9, ""name"": ""sgd""}, ""regularizer"": {""l2"": 0.0}, ""seed"": 42, ""split"": {""stratified"": true, ""val_size"": 0.2}, ""training"": {""batch_size"": 16, ""epochs"": 800, ""include_reg_in_val"": false, ""shuffle"": true}}"
f6546afc5813,1,0.023483121435496093,0.0,0.023483121435496093,0.0,1.0,0.0,800.0,0.0,"{""callbacks"": {""early_stopping"": true, ""min_delta"": 0.0, ""mode"": ""auto"", ""monitor"": ""val_loss"", ""patience"": 40, ""restore_best_weights"": true, ""verbose"": 0}, ""cv"": {""k"": 3, ""seed"": 42, ""shuffle"": true}, ""data"": {""train_path"": ""data/MONK/MONK1/monks-1.train""}, ""model"": {""activation"": ""tanh"", ""dropout"": 0.0, ""hidden_units"": [4]}, ""optim"": {""lr"": 0.1, ""momentum"": 0.0, ""name"": ""sgd""}, ""regularizer"": {""l2"": 0.0}, ""seed"": 42, ""split"": {""stratified"": true, ""val_size"": 0.2}, ""training"": {""batch_size"": 16, ""epochs"": 800, ""include_reg_in_val"": false, ""shuffle"": true}}"
fa5644fb5c2a,1,0.023742551651544215,0.0,0.023742551651544215,0.0,1.0,0.0,316.0,0.0,"{""callbacks"": {""early_stopping"": true, ""min_delta"": 0.0, ""mode"": ""auto"", ""monitor"": ""val_loss"", ""patience"": 40, ""restore_best_weights"": true, ""verbose"": 0}, ""cv"": {""k"": 3, ""seed"": 42, ""shuffle"": true}, ""data"": {""train_path"": ""data/MONK/MONK1/monks-1.train""}, ""model"": {""activation"": ""tanh"", ""dropout"": 0.2, ""hidden_units"": [4]}, ""optim"": {""lr"": 0.2, ""momentum"": 0.1, ""name"": ""sgd""}, ""regularizer"": {""l2"": ""1e-3""}, ""seed"": 42, ""split"": {""stratified"": true, ""val_size"": 0.2}, ""training"": {""batch_size"": 16, ""epochs"": 800, ""include_reg_in_val"": false, ""shuffle"": true}}"
d574423c484b,1,0.023804604711667548,0.0,0.023804604711667548,0.0,1.0,0.0,246.0,0.0,"{""callbacks"": {""early_stopping"": true, ""min_delta"": 0.0, ""mode"": ""auto"", ""monitor"": ""val_loss"", ""patience"": 40, ""restore_best_weights"": true, ""verbose"": 0}, ""cv"": {""k"": 3, ""seed"": 42, ""shuffle"": true}, ""data"": {""train_path"": ""data/MONK/MONK1/monks-1.train""}, ""model"": {""activation"": ""tanh"", ""dropout"": 0.2, ""hidden_units"": [4]}, ""optim"": {""lr"": 0.1, ""momentum"": 0.9, ""name"": ""sgd""}, ""regularizer"": {""l2"": 0.0}, ""seed"": 42, ""split"": {""stratified"": true, ""val_size"": 0.2}, ""training"": {""batch_size"": 16, ""epochs"": 800, ""include_reg_in_val"": false, ""shuffle"": true}}"
a6ce2346f85c,1,0.02397622916190187,0.0,0.02397622916190187,0.0,1.0,0.0,241.0,0.0,"{""callbacks"": {""early_stopping"": true, ""min_delta"": 0.0, ""mode"": ""auto"", ""monitor"": ""val_loss"", ""patience"": 40, ""restore_best_weights"": true, ""verbose"": 0}, ""cv"": {""k"": 3, ""seed"": 42, ""shuffle"": true}, ""data"": {""train_path"": ""data/MONK/MONK1/monks-1.train""}, ""model"": {""activation"": ""tanh"", ""dropout"": 0.2, ""hidden_units"": [4]}, ""optim"": {""lr"": 0.2, ""momentum"": 0.9, ""name"": ""sgd""}, ""regularizer"": {""l2"": 0.0}, ""seed"": 42, ""split"": {""stratified"": true, ""val_size"": 0.2}, ""training"": {""batch_size"": 16, ""epochs"": 800, ""include_reg_in_val"": false, ""shuffle"": true}}"
ad2c7b007b8a,1,0.02530099658564646,0.0,0.02530099658564646,0.0,1.0,0.0,374.0,0.0,"{""callbacks"": {""early_stopping"": true, ""min_delta"": 0.0, ""mode"": ""auto"", ""monitor"": ""val_loss"", ""patience"": 40, ""restore_best_weights"": true, ""verbose"": 0}, ""cv"": {""k"": 3, ""seed"": 42, ""shuffle"": true}, ""data"": {""train_path"": ""data/MONK/MONK1/monks-1.train""}, ""model"": {""activation"": ""relu"", ""dropout"": 0.2, ""hidden_units"": [8]}, ""optim"": {""lr"": 0.2, ""momentum"": 0.0, ""name"": ""sgd""}, ""regularizer"": {""l2"": ""1e-3""}, ""seed"": 42, ""split"": {""stratified"": true, ""val_size"": 0.2}, ""training"": {""batch_size"": 32, ""epochs"": 800, ""include_reg_in_val"": false, ""shuffle"": true}}"
d857aa78f10d,1,0.025661094446717582,0.0,0.025661094446717582,0.0,1.0,0.0,161.0,0.0,"{""callbacks"": {""early_stopping"": true, ""min_delta"": 0.0, ""mode"": ""auto"", ""monitor"": ""val_loss"", ""patience"": 40, ""restore_best_weights"": true, ""verbose"": 0}, ""cv"": {""k"": 3, ""seed"": 42, ""shuffle"": true}, ""data"": {""train_path"": ""data/MONK/MONK1/monks-1.train""}, ""model"": {""activation"": ""tanh"", ""dropout"": 0.2, ""hidden_units"": [8, 4]}, ""optim"": {""lr"": 0.1, ""momentum"": 0.9, ""name"": ""sgd""}, ""regularizer"": {""l2"": 0.0}, ""seed"": 42, ""split"": {""stratified"": true, ""val_size"": 0.2}, ""training"": {""batch_size"": 32, ""epochs"": 800, ""include_reg_in_val"": false, ""shuffle"": true}}"
f69d724af436,1,0.02568958161683386,0.0,0.02568958161683386,0.0,1.0,0.0,729.0,0.0,"{""callbacks"": {""early_stopping"": true, ""min_delta"": 0.0, ""mode"": ""auto"", ""monitor"": ""val_loss"", ""patience"": 40, ""restore_best_weights"": true, ""verbose"": 0}, ""cv"": {""k"": 3, ""seed"": 42, ""shuffle"": true}, ""data"": {""train_path"": ""data/MONK/MONK1/monks-1.train""}, ""model"": {""activation"": ""tanh"", ""dropout"": 0.2, ""hidden_units"": [4]}, ""optim"": {""lr"": 0.01, ""momentum"": 0.9, ""name"": ""sgd""}, ""regularizer"": {""l2"": ""1e-3""}, ""seed"": 42, ""split"": {""stratified"": true, ""val_size"": 0.2}, ""training"": {""batch_size"": 16, ""epochs"": 800, ""include_reg_in_val"": false, ""shuffle"": true}}"
d58f44e6e8c2,1,0.02570669211819001,0.0,0.02570669211819001,0.0,1.0,0.0,352.0,0.0,"{""callbacks"": {""early_stopping"": true, ""min_delta"": 0.0, ""mode"": ""auto"", ""monitor"": ""val_loss"", ""patience"": 40, ""restore_best_weights"": true, ""verbose"": 0}, ""cv"": {""k"": 3, ""seed"": 42, ""shuffle"": true}, ""data"": {""train_path"": ""data/MONK/MONK1/monks-1.train""}, ""model"": {""activation"": ""tanh"", ""dropout"": 0.2, ""hidden_units"": [4]}, ""optim"": {""lr"": 0.2, ""momentum"": 0.0, ""name"": ""sgd""}, ""regularizer"": {""l2"": ""1e-3""}, ""seed"": 42, ""split"": {""stratified"": true, ""val_size"": 0.2}, ""training"": {""batch_size"": 16, ""epochs"": 800, ""include_reg_in_val"": false, ""shuffle"": true}}"
396c835053a2,1,0.025900929072359948,0.0,0.025900929072359948,0.0,1.0,0.0,331.0,0.0,"{""callbacks"": {""early_stopping"": true, ""min_delta"": 0.0, ""mode"": ""auto"", ""monitor"": ""val_loss"", ""patience"": 40, ""restore_best_weights"": true, ""verbose"": 0}, ""cv"": {""k"": 3, ""seed"": 42, ""shuffle"": true}, ""data"": {""train_path"": ""data/MONK/MONK1/monks-1.train""}, ""model"": {""activation"": ""sigmoid"", ""dropout"": 0.2, ""hidden_units"": [8]}, ""optim"": {""lr"": 0.2, ""momentum"": 0.9, ""name"": ""sgd""}, ""regularizer"": {""l2"": 0.0}, ""seed"": 42, ""split"": {""stratified"": true, ""val_size"": 0.2}, ""training"": {""batch_size"": 32, ""epochs"": 800, ""include_reg_in_val"": false, ""shuffle"": true}}"
d198d66589e4,1,0.02600551124521971,0.0,0.02600551124521971,0.0,1.0,0.0,91.0,0.0,"{""callbacks"": {""early_stopping"": true, ""min_delta"": 0.0, ""mode"": ""auto"", ""monitor"": ""val_loss"", ""patience"": 40, ""restore_best_weights"": true, ""verbose"": 0}, ""cv"": {""k"": 3, ""seed"": 42, ""shuffle"": true}, ""data"": {""train_path"": ""data/MONK/MONK1/monks-1.train""}, ""model"": {""activation"": ""tanh"", ""dropout"": 0.0, ""hidden_units"": [4]}, ""optim"": {""lr"": 0.2, ""momentum"": 0.9, ""name"": ""sgd""}, ""regularizer"": {""l2"": ""1e-3""}, ""seed"": 42, ""split"": {""stratified"": true, ""val_size"": 0.2}, ""training"": {""batch_size"": 16, ""epochs"": 800, ""include_reg_in_val"": false, ""shuffle"": true}}"
c5b229a8e905,1,0.026236556106272117,0.0,0.026236556106272117,0.0,1.0,0.0,445.0,0.0,"{""callbacks"": {""early_stopping"": true, ""min_delta"": 0.0, ""mode"": ""auto"", ""monitor"": ""val_loss"", ""patience"": 40, ""restore_best_weights"": true, ""verbose"": 0}, ""cv"": {""k"": 3, ""seed"": 42, ""shuffle"": true}, ""data"": {""train_path"": ""data/MONK/MONK1/monks-1.train""}, ""model"": {""activation"": ""tanh"", ""dropout"": 0.2, ""hidden_units"": [4]}, ""optim"": {""lr"": 0.1, ""momentum"": 0.1, ""name"": ""sgd""}, ""regularizer"": {""l2"": 0.0}, ""seed"": 42, ""split"": {""stratified"": true, ""val_size"": 0.2}, ""training"": {""batch_size"": 16, ""epochs"": 800, ""include_reg_in_val"": false, ""shuffle"": true}}"
1661da1ddd07,1,0.02667657851211282,0.0,0.02667657851211282,0.0,1.0,0.0,234.0,0.0,"{""callbacks"": {""early_stopping"": true, ""min_delta"": 0.0, ""mode"": ""auto"", ""monitor"": ""val_loss"", ""patience"": 40, ""restore_best_weights"": true, ""verbose"": 0}, ""cv"": {""k"": 3, ""seed"": 42, ""shuffle"": true}, ""data"": {""train_path"": ""data/MONK/MONK1/monks-1.train""}, ""model"": {""activation"": ""relu"", ""dropout"": 0.0, ""hidden_units"": [4]}, ""optim"": {""lr"": 0.2, ""momentum"": 0.9, ""name"": ""sgd""}, ""regularizer"": {""l2"": ""1e-3""}, ""seed"": 42, ""split"": {""stratified"": true, ""val_size"": 0.2}, ""training"": {""batch_size"": 32, ""epochs"": 800, ""include_reg_in_val"": false, ""shuffle"": true}}"
8d8991c5d69e,1,0.026692853273621284,0.0,0.026692853273621284,0.0,1.0,0.0,335.0,0.0,"{""callbacks"": {""early_stopping"": true, ""min_delta"": 0.0, ""mode"": ""auto"", ""monitor"": ""val_loss"", ""patience"": 40, ""restore_best_weights"": true, ""verbose"": 0}, ""cv"": {""k"": 3, ""seed"": 42, ""shuffle"": true}, ""data"": {""train_path"": ""data/MONK/MONK1/monks-1.train""}, ""model"": {""activation"": ""relu"", ""dropout"": 0.2, ""hidden_units"": [8]}, ""optim"": {""lr"": 0.2, ""momentum"": 0.1, ""name"": ""sgd""}, ""regularizer"": {""l2"": ""1e-3""}, ""seed"": 42, ""split"": {""stratified"": true, ""val_size"": 0.2}, ""training"": {""batch_size"": 32, ""epochs"": 800, ""include_reg_in_val"": false, ""shuffle"": true}}"
07b0e8231d3d,1,0.026731446603220802,0.0,0.026731446603220802,0.0,1.0,0.0,105.0,0.0,"{""callbacks"": {""early_stopping"": true, ""min_delta"": 0.0, ""mode"": ""auto"", ""monitor"": ""val_loss"", ""patience"": 40, ""restore_best_weights"": true, ""verbose"": 0}, ""cv"": {""k"": 3, ""seed"": 42, ""shuffle"": true}, ""data"": {""train_path"": ""data/MONK/MONK1/monks-1.train""}, ""model"": {""activation"": ""tanh"", ""dropout"": 0.0, ""hidden_units"": [8]}, ""optim"": {""lr"": 0.2, ""momentum"": 0.9, ""name"": ""sgd""}, ""regularizer"": {""l2"": 0.0}, ""seed"": 42, ""split"": {""stratified"": true, ""val_size"": 0.2}, ""training"": {""batch_size"": 16, ""epochs"": 800, ""include_reg_in_val"": false, ""shuffle"": true}}"
203cf93189e3,1,0.027246195399169865,0.0,0.027246195399169865,0.0,1.0,0.0,30.0,0.0,"{""callbacks"": {""early_stopping"": true, ""min_delta"": 0.0, ""mode"": ""auto"", ""monitor"": ""val_loss"", ""patience"": 40, ""restore_best_weights"": true, ""verbose"": 0}, ""cv"": {""k"": 3, ""seed"": 42, ""shuffle"": true}, ""data"": {""train_path"": ""data/MONK/MONK1/monks-1.train""}, ""model"": {""activation"": ""tanh"", ""dropout"": 0.0, ""hidden_units"": [8, 4]}, ""optim"": {""lr"": 0.2, ""momentum"": 0.9, ""name"": ""sgd""}, ""regularizer"": {""l2"": ""1e-2""}, ""seed"": 42, ""split"": {""stratified"": true, ""val_size"": 0.2}, ""training"": {""batch_size"": 16, ""epochs"": 800, ""include_reg_in_val"": false, ""shuffle"": true}}"
6fd2479c4acc,1,0.027676304122151465,0.0,0.027676304122151465,0.0,1.0,0.0,800.0,0.0,"{""callbacks"": {""early_stopping"": true, ""min_delta"": 0.0, ""mode"": ""auto"", ""monitor"": ""val_loss"", ""patience"": 40, ""restore_best_weights"": true, ""verbose"": 0}, ""cv"": {""k"": 3, ""seed"": 42, ""shuffle"": true}, ""data"": {""train_path"": ""data/MONK/MONK1/monks-1.train""}, ""model"": {""activation"": ""tanh"", ""dropout"": 0.0, ""hidden_units"": [4]}, ""optim"": {""lr"": 0.01, ""momentum"": 0.9, ""name"": ""sgd""}, ""regularizer"": {""l2"": ""1e-3""}, ""seed"": 42, ""split"": {""stratified"": true, ""val_size"": 0.2}, ""training"": {""batch_size"": 16, ""epochs"": 800, ""include_reg_in_val"": false, ""shuffle"": true}}"
b7c89d10e6a7,1,0.028895856972707367,0.0,0.028895856972707367,0.0,1.0,0.0,728.0,0.0,"{""callbacks"": {""early_stopping"": true, ""min_delta"": 0.0, ""mode"": ""auto"", ""monitor"": ""val_loss"", ""patience"": 40, ""restore_best_weights"": true, ""verbose"": 0}, ""cv"": {""k"": 3, ""seed"": 42, ""shuffle"": true}, ""data"": {""train_path"": ""data/MONK/MONK1/monks-1.train""}, ""model"": {""activation"": ""tanh"", ""dropout"": 0.2, ""hidden_units"": [4]}, ""optim"": {""lr"": 0.1, ""momentum"": 0.1, ""name"": ""sgd""}, ""regularizer"": {""l2"": 0.0}, ""seed"": 42, ""split"": {""stratified"": true, ""val_size"": 0.2}, ""training"": {""batch_size"": 32, ""epochs"": 800, ""include_reg_in_val"": false, ""shuffle"": true}}"
9ccc2d5b7cb5,1,0.029800500765057136,0.0,0.029800500765057136,0.0,1.0,0.0,464.0,0.0,"{""callbacks"": {""early_stopping"": true, ""min_delta"": 0.0, ""mode"": ""auto"", ""monitor"": ""val_loss"", ""patience"": 40, ""restore_best_weights"": true, ""verbose"": 0}, ""cv"": {""k"": 3, ""seed"": 42, ""shuffle"": true}, ""data"": {""train_path"": ""data/MONK/MONK1/monks-1.train""}, ""model"": {""activation"": ""relu"", ""dropout"": 0.2, ""hidden_units"": [8, 4]}, ""optim"": {""lr"": 0.1, ""momentum"": 0.1, ""name"": ""sgd""}, ""regularizer"": {""l2"": ""1e-3""}, ""seed"": 42, ""split"": {""stratified"": true, ""val_size"": 0.2}, ""training"": {""batch_size"": 32, ""epochs"": 800, ""include_reg_in_val"": false, ""shuffle"": true}}"
1b1920c46831,1,0.029895320064441226,0.0,0.029895320064441226,0.0,1.0,0.0,91.0,0.0,"{""callbacks"": {""early_stopping"": true, ""min_delta"": 0.0, ""mode"": ""auto"", ""monitor"": ""val_loss"", ""patience"": 40, ""restore_best_weights"": true, ""verbose"": 0}, ""cv"": {""k"": 3, ""seed"": 42, ""shuffle"": true}, ""data"": {""train_path"": ""data/MONK/MONK1/monks-1.train""}, ""model"": {""activation"": ""relu"", ""dropout"": 0.2, ""hidden_units"": [8, 4]}, ""optim"": {""lr"": 0.1, ""momentum"": 0.9, ""name"": ""sgd""}, ""regularizer"": {""l2"": ""1e-3""}, ""seed"": 42, ""split"": {""stratified"": true, ""val_size"": 0.2}, ""training"": {""batch_size"": 16, ""epochs"": 800, ""include_reg_in_val"": false, ""shuffle"": true}}"
f1ff96b70290,1,0.0302664134883176,0.0,0.0302664134883176,0.0,1.0,0.0,329.0,0.0,"{""callbacks"": {""early_stopping"": true, ""min_delta"": 0.0, ""mode"": ""auto"", ""monitor"": ""val_loss"", ""patience"": 40, ""restore_best_weights"": true, ""verbose"": 0}, ""cv"": {""k"": 3, ""seed"": 42, ""shuffle"": true}, ""data"": {""train_path"": ""data/MONK/MONK1/monks-1.train""}, ""model"": {""activation"": ""tanh"", ""dropout"": 0.0, ""hidden_units"": [4]}, ""optim"": {""lr"": 0.2, ""momentum"": 0.1, ""name"": ""sgd""}, ""regularizer"": {""l2"": ""1e-3""}, ""seed"": 42, ""split"": {""stratified"": true, ""val_size"": 0.2}, ""training"": {""batch_size"": 16, ""epochs"": 800, ""include_reg_in_val"": false, ""shuffle"": true}}"
601a6f952ade,1,0.03052894372266601,0.0,0.03052894372266601,0.0,1.0,0.0,542.0,0.0,"{""callbacks"": {""early_stopping"": true, ""min_delta"": 0.0, ""mode"": ""auto"", ""monitor"": ""val_loss"", ""patience"": 40, ""restore_best_weights"": true, ""verbose"": 0}, ""cv"": {""k"": 3, ""seed"": 42, ""shuffle"": true}, ""data"": {""train_path"": ""data/MONK/MONK1/monks-1.train""}, ""model"": {""activation"": ""tanh"", ""dropout"": 0.0, ""hidden_units"": [4]}, ""optim"": {""lr"": 0.2, ""momentum"": 0.0, ""name"": ""sgd""}, ""regularizer"": {""l2"": 0.0}, ""seed"": 42, ""split"": {""stratified"": true, ""val_size"": 0.2}, ""training"": {""batch_size"": 32, ""epochs"": 800, ""include_reg_in_val"": false, ""shuffle"": true}}"
5b33031b8360,1,0.03053846763483068,0.0,0.03053846763483068,0.0,1.0,0.0,800.0,0.0,"{""callbacks"": {""early_stopping"": true, ""min_delta"": 0.0, ""mode"": ""auto"", ""monitor"": ""val_loss"", ""patience"": 40, ""restore_best_weights"": true, ""verbose"": 0}, ""cv"": {""k"": 3, ""seed"": 42, ""shuffle"": true}, ""data"": {""train_path"": ""data/MONK/MONK1/monks-1.train""}, ""model"": {""activation"": ""tanh"", ""dropout"": 0.0, ""hidden_units"": [8]}, ""optim"": {""lr"": 0.1, ""momentum"": 0.1, ""name"": ""sgd""}, ""regularizer"": {""l2"": 0.0}, ""seed"": 42, ""split"": {""stratified"": true, ""val_size"": 0.2}, ""training"": {""batch_size"": 16, ""epochs"": 800, ""include_reg_in_val"": false, ""shuffle"": true}}"
4ab44a83751f,1,0.03057607018431387,0.0,0.03057607018431387,0.0,1.0,0.0,95.0,0.0,"{""callbacks"": {""early_stopping"": true, ""min_delta"": 0.0, ""mode"": ""auto"", ""monitor"": ""val_loss"", ""patience"": 40, ""restore_best_weights"": true, ""verbose"": 0}, ""cv"": {""k"": 3, ""seed"": 42, ""shuffle"": true}, ""data"": {""train_path"": ""data/MONK/MONK1/monks-1.train""}, ""model"": {""activation"": ""relu"", ""dropout"": 0.2, ""hidden_units"": [8]}, ""optim"": {""lr"": 0.1, ""momentum"": 0.9, ""name"": ""sgd""}, ""regularizer"": {""l2"": 0.0}, ""seed"": 42, ""split"": {""stratified"": true, ""val_size"": 0.2}, ""training"": {""batch_size"": 16, ""epochs"": 800, ""include_reg_in_val"": false, ""shuffle"": true}}"
e07df731852b,1,0.030795057913550365,0.0,0.030795057913550365,0.0,1.0,0.0,140.0,0.0,"{""callbacks"": {""early_stopping"": true, ""min_delta"": 0.0, ""mode"": ""auto"", ""monitor"": ""val_loss"", ""patience"": 40, ""restore_best_weights"": true, ""verbose"": 0}, ""cv"": {""k"": 3, ""seed"": 42, ""shuffle"": true}, ""data"": {""train_path"": ""data/MONK/MONK1/monks-1.train""}, ""model"": {""activation"": ""tanh"", ""dropout"": 0.2, ""hidden_units"": [4]}, ""optim"": {""lr"": 0.2, ""momentum"": 0.9, ""name"": ""sgd""}, ""regularizer"": {""l2"": ""1e-3""}, ""seed"": 42, ""split"": {""stratified"": true, ""val_size"": 0.2}, ""training"": {""batch_size"": 32, ""epochs"": 800, ""include_reg_in_val"": false, ""shuffle"": true}}"
8d2574086f07,1,0.030963407486742457,0.0,0.030963407486742457,0.0,1.0,0.0,516.0,0.0,"{""callbacks"": {""early_stopping"": true, ""min_delta"": 0.0, ""mode"": ""auto"", ""monitor"": ""val_loss"", ""patience"": 40, ""restore_best_weights"": true, ""verbose"": 0}, ""cv"": {""k"": 3, ""seed"": 42, ""shuffle"": true}, ""data"": {""train_path"": ""data/MONK/MONK1/monks-1.train""}, ""model"": {""activation"": ""relu"", ""dropout"": 0.2, ""hidden_units"": [8, 4]}, ""optim"": {""lr"": 0.01, ""momentum"": 0.9, ""name"": ""sgd""}, ""regularizer"": {""l2"": 0.0}, ""seed"": 42, ""split"": {""stratified"": true, ""val_size"": 0.2}, ""training"": {""batch_size"": 32, ""epochs"": 800, ""include_reg_in_val"": false, ""shuffle"": true}}"
543155bad756,1,0.03128521759540576,0.0,0.03128521759540576,0.0,1.0,0.0,222.0,0.0,"{""callbacks"": {""early_stopping"": true, ""min_delta"": 0.0, ""mode"": ""auto"", ""monitor"": ""val_loss"", ""patience"": 40, ""restore_best_weights"": true, ""verbose"": 0}, ""cv"": {""k"": 3, ""seed"": 42, ""shuffle"": true}, ""data"": {""train_path"": ""data/MONK/MONK1/monks-1.train""}, ""model"": {""activation"": ""tanh"", ""dropout"": 0.0, ""hidden_units"": [4]}, ""optim"": {""lr"": 0.2, ""momentum"": 0.9, ""name"": ""sgd""}, ""regularizer"": {""l2"": ""1e-3""}, ""seed"": 42, ""split"": {""stratified"": true, ""val_size"": 0.2}, ""training"": {""batch_size"": 32, ""epochs"": 800, ""include_reg_in_val"": false, ""shuffle"": true}}"
42883ce80ff5,1,0.0324815118687738,0.0,0.0324815118687738,0.0,1.0,0.0,206.0,0.0,"{""callbacks"": {""early_stopping"": true, ""min_delta"": 0.0, ""mode"": ""auto"", ""monitor"": ""val_loss"", ""patience"": 40, ""restore_best_weights"": true, ""verbose"": 0}, ""cv"": {""k"": 3, ""seed"": 42, ""shuffle"": true}, ""data"": {""train_path"": ""data/MONK/MONK1/monks-1.train""}, ""model"": {""activation"": ""relu"", ""dropout"": 0.2, ""hidden_units"": [8, 4]}, ""optim"": {""lr"": 0.2, ""momentum"": 0.9, ""name"": ""sgd""}, ""regularizer"": {""l2"": 0.0}, ""seed"": 42, ""split"": {""stratified"": true, ""val_size"": 0.2}, ""training"": {""batch_size"": 32, ""epochs"": 800, ""include_reg_in_val"": false, ""shuffle"": true}}"
1a78b952e08f,1,0.033477831077150313,0.0,0.033477831077150313,0.0,1.0,0.0,170.0,0.0,"{""callbacks"": {""early_stopping"": true, ""min_delta"": 0.0, ""mode"": ""auto"", ""monitor"": ""val_loss"", ""patience"": 40, ""restore_best_weights"": true, ""verbose"": 0}, ""cv"": {""k"": 3, ""seed"": 42, ""shuffle"": true}, ""data"": {""train_path"": ""data/MONK/MONK1/monks-1.train""}, ""model"": {""activation"": ""relu"", ""dropout"": 0.2, ""hidden_units"": [8]}, ""optim"": {""lr"": 0.1, ""momentum"": 0.9, ""name"": ""sgd""}, ""regularizer"": {""l2"": 0.0}, ""seed"": 42, ""split"": {""stratified"": true, ""val_size"": 0.2}, ""training"": {""batch_size"": 32, ""epochs"": 800, ""include_reg_in_val"": false, ""shuffle"": true}}"
e6b42e1ce286,1,0.03395934359800838,0.0,0.03395934359800838,0.0,1.0,0.0,211.0,0.0,"{""callbacks"": {""early_stopping"": true, ""min_delta"": 0.0, ""mode"": ""auto"", ""monitor"": ""val_loss"", ""patience"": 40, ""restore_best_weights"": true, ""verbose"": 0}, ""cv"": {""k"": 3, ""seed"": 42, ""shuffle"": true}, ""data"": {""train_path"": ""data/MONK/MONK1/monks-1.train""}, ""model"": {""activation"": ""tanh"", ""dropout"": 0.2, ""hidden_units"": [8]}, ""optim"": {""lr"": 0.2, ""momentum"": 0.1, ""name"": ""sgd""}, ""regularizer"": {""l2"": 0.0}, ""seed"": 42, ""split"": {""stratified"": true, ""val_size"": 0.2}, ""training"": {""batch_size"": 16, ""epochs"": 800, ""include_reg_in_val"": false, ""shuffle"": true}}"
db9297546769,1,0.03404763558726905,0.0,0.03404763558726905,0.0,1.0,0.0,141.0,0.0,"{""callbacks"": {""early_stopping"": true, ""min_delta"": 0.0, ""mode"": ""auto"", ""monitor"": ""val_loss"", ""patience"": 40, ""restore_best_weights"": true, ""verbose"": 0}, ""cv"": {""k"": 3, ""seed"": 42, ""shuffle"": true}, ""data"": {""train_path"": ""data/MONK/MONK1/monks-1.train""}, ""model"": {""activation"": ""relu"", ""dropout"": 0.2, ""hidden_units"": [8]}, ""optim"": {""lr"": 0.2, ""momentum"": 0.9, ""name"": ""sgd""}, ""regularizer"": {""l2"": ""1e-3""}, ""seed"": 42, ""split"": {""stratified"": true, ""val_size"": 0.2}, ""training"": {""batch_size"": 32, ""epochs"": 800, ""include_reg_in_val"": false, ""shuffle"": true}}"
cab476986005,1,0.03415854105897909,0.0,0.03415854105897909,0.0,1.0,0.0,327.0,0.0,"{""callbacks"": {""early_stopping"": true, ""min_delta"": 0.0, ""mode"": ""auto"", ""monitor"": ""val_loss"", ""patience"": 40, ""restore_best_weights"": true, ""verbose"": 0}, ""cv"": {""k"": 3, ""seed"": 42, ""shuffle"": true}, ""data"": {""train_path"": ""data/MONK/MONK1/monks-1.train""}, ""model"": {""activation"": ""tanh"", ""dropout"": 0.0, ""hidden_units"": [4]}, ""optim"": {""lr"": 0.2, ""momentum"": 0.0, ""name"": ""sgd""}, ""regularizer"": {""l2"": ""1e-3""}, ""seed"": 42, ""split"": {""stratified"": true, ""val_size"": 0.2}, ""training"": {""batch_size"": 16, ""epochs"": 800, ""include_reg_in_val"": false, ""shuffle"": true}}"
fa0077ef3f8f,1,0.03424719216345298,0.0,0.03424719216345298,0.0,1.0,0.0,353.0,0.0,"{""callbacks"": {""early_stopping"": true, ""min_delta"": 0.0, ""mode"": ""auto"", ""monitor"": ""val_loss"", ""patience"": 40, ""restore_best_weights"": true, ""verbose"": 0}, ""cv"": {""k"": 3, ""seed"": 42, ""shuffle"": true}, ""data"": {""train_path"": ""data/MONK/MONK1/monks-1.train""}, ""model"": {""activation"": ""tanh"", ""dropout"": 0.2, ""hidden_units"": [4]}, ""optim"": {""lr"": 0.2, ""momentum"": 0.1, ""name"": ""sgd""}, ""regularizer"": {""l2"": 0.0}, ""seed"": 42, ""split"": {""stratified"": true, ""val_size"": 0.2}, ""training"": {""batch_size"": 32, ""epochs"": 800, ""include_reg_in_val"": false, ""shuffle"": true}}"
424a3454ba6c,1,0.03463343707620911,0.0,0.03463343707620911,0.0,1.0,0.0,388.0,0.0,"{""callbacks"": {""early_stopping"": true, ""min_delta"": 0.0, ""mode"": ""auto"", ""monitor"": ""val_loss"", ""patience"": 40, ""restore_best_weights"": true, ""verbose"": 0}, ""cv"": {""k"": 3, ""seed"": 42, ""shuffle"": true}, ""data"": {""train_path"": ""data/MONK/MONK1/monks-1.train""}, ""model"": {""activation"": ""relu"", ""dropout"": 0.2, ""hidden_units"": [8, 4]}, ""optim"": {""lr"": 0.1, ""momentum"": 0.0, ""name"": ""sgd""}, ""regularizer"": {""l2"": 0.0}, ""seed"": 42, ""split"": {""stratified"": true, ""val_size"": 0.2}, ""training"": {""batch_size"": 32, ""epochs"": 800, ""include_reg_in_val"": false, ""shuffle"": true}}"
6b41d767df90,1,0.03572021009801168,0.0,0.03572021009801168,0.0,1.0,0.0,744.0,0.0,"{""callbacks"": {""early_stopping"": true, ""min_delta"": 0.0, ""mode"": ""auto"", ""monitor"": ""val_loss"", ""patience"": 40, ""restore_best_weights"": true, ""verbose"": 0}, ""cv"": {""k"": 3, ""seed"": 42, ""shuffle"": true}, ""data"": {""train_path"": ""data/MONK/MONK1/monks-1.train""}, ""model"": {""activation"": ""tanh"", ""dropout"": 0.0, ""hidden_units"": [8]}, ""optim"": {""lr"": 0.1, ""momentum"": 0.0, ""name"": ""sgd""}, ""regularizer"": {""l2"": 0.0}, ""seed"": 42, ""split"": {""stratified"": true, ""val_size"": 0.2}, ""training"": {""batch_size"": 16, ""epochs"": 800, ""include_reg_in_val"": false, ""shuffle"": true}}"
771a4aab0c6b,1,0.035917349237409406,0.0,0.035917349237409406,0.0,1.0,0.0,800.0,0.0,"{""callbacks"": {""early_stopping"": true, ""min_delta"": 0.0, ""mode"": ""auto"", ""monitor"": ""val_loss"", ""patience"": 40, ""restore_best_weights"": true, ""verbose"": 0}, ""cv"": {""k"": 3, ""seed"": 42, ""shuffle"": true}, ""data"": {""train_path"": ""data/MONK/MONK1/monks-1.train""}, ""model"": {""activation"": ""tanh"", ""dropout"": 0.0, ""hidden_units"": [8]}, ""optim"": {""lr"": 0.01, ""momentum"": 0.9, ""name"": ""sgd""}, ""regularizer"": {""l2"": 0.0}, ""seed"": 42, ""split"": {""stratified"": true, ""val_size"": 0.2}, ""training"": {""batch_size"": 16, ""epochs"": 800, ""include_reg_in_val"": false, ""shuffle"": true}}"
a495f621bb7a,1,0.036321264967641397,0.0,0.036321264967641397,0.0,1.0,0.0,194.0,0.0,"{""callbacks"": {""early_stopping"": true, ""min_delta"": 0.0, ""mode"": ""auto"", ""monitor"": ""val_loss"", ""patience"": 40, ""restore_best_weights"": true, ""verbose"": 0}, ""cv"": {""k"": 3, ""seed"": 42, ""shuffle"": true}, ""data"": {""train_path"": ""data/MONK/MONK1/monks-1.train""}, ""model"": {""activation"": ""relu"", ""dropout"": 0.2, ""hidden_units"": [8, 4]}, ""optim"": {""lr"": 0.2, ""momentum"": 0.1, ""name"": ""sgd""}, ""regularizer"": {""l2"": ""1e-3""}, ""seed"": 42, ""split"": {""stratified"": true, ""val_size"": 0.2}, ""training"": {""batch_size"": 16, ""epochs"": 800, ""include_reg_in_val"": false, ""shuffle"": true}}"
943fbfd45cdf,1,0.03633872055879395,0.0,0.03633872055879395,0.0,1.0,0.0,211.0,0.0,"{""callbacks"": {""early_stopping"": true, ""min_delta"": 0.0, ""mode"": ""auto"", ""monitor"": ""val_loss"", ""patience"": 40, ""restore_best_weights"": true, ""verbose"": 0}, ""cv"": {""k"": 3, ""seed"": 42, ""shuffle"": true}, ""data"": {""train_path"": ""data/MONK/MONK1/monks-1.train""}, ""model"": {""activation"": ""tanh"", ""dropout"": 0.2, ""hidden_units"": [8]}, ""optim"": {""lr"": 0.2, ""momentum"": 0.0, ""name"": ""sgd""}, ""regularizer"": {""l2"": 0.0}, ""seed"": 42, ""split"": {""stratified"": true, ""val_size"": 0.2}, ""training"": {""batch_size"": 16, ""epochs"": 800, ""include_reg_in_val"": false, ""shuffle"": true}}"
16bf37bb26ea,1,0.03646346817431878,0.0,0.03646346817431878,0.0,1.0,0.0,336.0,0.0,"{""callbacks"": {""early_stopping"": true, ""min_delta"": 0.0, ""mode"": ""auto"", ""monitor"": ""val_loss"", ""patience"": 40, ""restore_best_weights"": true, ""verbose"": 0}, ""cv"": {""k"": 3, ""seed"": 42, ""shuffle"": true}, ""data"": {""train_path"": ""data/MONK/MONK1/monks-1.train""}, ""model"": {""activation"": ""relu"", ""dropout"": 0.2, ""hidden_units"": [8]}, ""optim"": {""lr"": 0.01, ""momentum"": 0.9, ""name"": ""sgd""}, ""regularizer"": {""l2"": ""1e-3""}, ""seed"": 42, ""split"": {""stratified"": true, ""val_size"": 0.2}, ""training"": {""batch_size"": 16, ""epochs"": 800, ""include_reg_in_val"": false, ""shuffle"": true}}"
39135c1a8cd6,1,0.037278618536003255,0.0,0.037278618536003255,0.0,1.0,0.0,178.0,0.0,"{""callbacks"": {""early_stopping"": true, ""min_delta"": 0.0, ""mode"": ""auto"", ""monitor"": ""val_loss"", ""patience"": 40, ""restore_best_weights"": true, ""verbose"": 0}, ""cv"": {""k"": 3, ""seed"": 42, ""shuffle"": true}, ""data"": {""train_path"": ""data/MONK/MONK1/monks-1.train""}, ""model"": {""activation"": ""relu"", ""dropout"": 0.2, ""hidden_units"": [8, 4]}, ""optim"": {""lr"": 0.2, ""momentum"": 0.0, ""name"": ""sgd""}, ""regularizer"": {""l2"": 0.0}, ""seed"": 42, ""split"": {""stratified"": true, ""val_size"": 0.2}, ""training"": {""batch_size"": 16, ""epochs"": 800, ""include_reg_in_val"": false, ""shuffle"": true}}"
cf10bad94d47,1,0.03731604891519335,0.0,0.03731604891519335,0.0,1.0,0.0,194.0,0.0,"{""callbacks"": {""early_stopping"": true, ""min_delta"": 0.0, ""mode"": ""auto"", ""monitor"": ""val_loss"", ""patience"": 40, ""restore_best_weights"": true, ""verbose"": 0}, ""cv"": {""k"": 3, ""seed"": 42, ""shuffle"": true}, ""data"": {""train_path"": ""data/MONK/MONK1/monks-1.train""}, ""model"": {""activation"": ""relu"", ""dropout"": 0.2, ""hidden_units"": [8, 4]}, ""optim"": {""lr"": 0.2, ""momentum"": 0.0, ""name"": ""sgd""}, ""regularizer"": {""l2"": ""1e-3""}, ""seed"": 42, ""split"": {""stratified"": true, ""val_size"": 0.2}, ""training"": {""batch_size"": 16, ""epochs"": 800, ""include_reg_in_val"": false, ""shuffle"": true}}"
d441015c2316,1,0.03755477253328138,0.0,0.03755477253328138,0.0,1.0,0.0,244.0,0.0,"{""callbacks"": {""early_stopping"": true, ""min_delta"": 0.0, ""mode"": ""auto"", ""monitor"": ""val_loss"", ""patience"": 40, ""restore_best_weights"": true, ""verbose"": 0}, ""cv"": {""k"": 3, ""seed"": 42, ""shuffle"": true}, ""data"": {""train_path"": ""data/MONK/MONK1/monks-1.train""}, ""model"": {""activation"": ""tanh"", ""dropout"": 0.0, ""hidden_units"": [4]}, ""optim"": {""lr"": 0.1, ""momentum"": 0.9, ""name"": ""sgd""}, ""regularizer"": {""l2"": ""1e-3""}, ""seed"": 42, ""split"": {""stratified"": true, ""val_size"": 0.2}, ""training"": {""batch_size"": 32, ""epochs"": 800, ""include_reg_in_val"": false, ""shuffle"": true}}"
3b50e42ae686,1,0.037671526965796495,0.0,0.037671526965796495,0.0,1.0,0.0,194.0,0.0,"{""callbacks"": {""early_stopping"": true, ""min_delta"": 0.0, ""mode"": ""auto"", ""monitor"": ""val_loss"", ""patience"": 40, ""restore_best_weights"": true, ""verbose"": 0}, ""cv"": {""k"": 3, ""seed"": 42, ""shuffle"": true}, ""data"": {""train_path"": ""data/MONK/MONK1/monks-1.train""}, ""model"": {""activation"": ""relu"", ""dropout"": 0.2, ""hidden_units"": [8, 4]}, ""optim"": {""lr"": 0.2, ""momentum"": 0.1, ""name"": ""sgd""}, ""regularizer"": {""l2"": 0.0}, ""seed"": 42, ""split"": {""stratified"": true, ""val_size"": 0.2}, ""training"": {""batch_size"": 16, ""epochs"": 800, ""include_reg_in_val"": false, ""shuffle"": true}}"
8639f64a7cae,1,0.037786143423690105,0.0,0.037786143423690105,0.0,1.0,0.0,91.0,0.0,"{""callbacks"": {""early_stopping"": true, ""min_delta"": 0.0, ""mode"": ""auto"", ""monitor"": ""val_loss"", ""patience"": 40, ""restore_best_weights"": true, ""verbose"": 0}, ""cv"": {""k"": 3, ""seed"": 42, ""shuffle"": true}, ""data"": {""train_path"": ""data/MONK/MONK1/monks-1.train""}, ""model"": {""activation"": ""relu"", ""dropout"": 0.0, ""hidden_units"": [8, 4]}, ""optim"": {""lr"": 0.1, ""momentum"": 0.9, ""name"": ""sgd""}, ""regularizer"": {""l2"": ""1e-3""}, ""seed"": 42, ""split"": {""stratified"": true, ""val_size"": 0.2}, ""training"": {""batch_size"": 16, ""epochs"": 800, ""include_reg_in_val"": false, ""shuffle"": true}}"
b45bc6a0bddf,1,0.039298927913756915,0.0,0.039298927913756915,0.0,1.0,0.0,542.0,0.0,"{""callbacks"": {""early_stopping"": true, ""min_delta"": 0.0, ""mode"": ""auto"", ""monitor"": ""val_loss"", ""patience"": 40, ""restore_best_weights"": true, ""verbose"": 0}, ""cv"": {""k"": 3, ""seed"": 42, ""shuffle"": true}, ""data"": {""train_path"": ""data/MONK/MONK1/monks-1.train""}, ""model"": {""activation"": ""tanh"", ""dropout"": 0.0, ""hidden_units"": [4]}, ""optim"": {""lr"": 0.1, ""momentum"": 0.1, ""name"": ""sgd""}, ""regularizer"": {""l2"": ""1e-3""}, ""seed"": 42, ""split"": {""stratified"": true, ""val_size"": 0.2}, ""training"": {""batch_size"": 16, ""epochs"": 800, ""include_reg_in_val"": false, ""shuffle"": true}}"
c90eec20ec03,1,0.03959135815282053,0.0,0.03959135815282053,0.0,1.0,0.0,223.0,0.0,"{""callbacks"": {""early_stopping"": true, ""min_delta"": 0.0, ""mode"": ""auto"", ""monitor"": ""val_loss"", ""patience"": 40, ""restore_best_weights"": true, ""verbose"": 0}, ""cv"": {""k"": 3, ""seed"": 42, ""shuffle"": true}, ""data"": {""train_path"": ""data/MONK/MONK1/monks-1.train""}, ""model"": {""activation"": ""relu"", ""dropout"": 0.0, ""hidden_units"": [4]}, ""optim"": {""lr"": 0.1, ""momentum"": 0.9, ""name"": ""sgd""}, ""regularizer"": {""l2"": 0.0}, ""seed"": 42, ""split"": {""stratified"": true, ""val_size"": 0.2}, ""training"": {""batch_size"": 32, ""epochs"": 800, ""include_reg_in_val"": false, ""shuffle"": true}}"
fcebe26414b4,1,0.039970119650718984,0.0,0.039970119650718984,0.0,1.0,0.0,565.0,0.0,"{""callbacks"": {""early_stopping"": true, ""min_delta"": 0.0, ""mode"": ""auto"", ""monitor"": ""val_loss"", ""patience"": 40, ""restore_best_weights"": true, ""verbose"": 0}, ""cv"": {""k"": 3, ""seed"": 42, ""shuffle"": true}, ""data"": {""train_path"": ""data/MONK/MONK1/monks-1.train""}, ""model"": {""activation"": ""tanh"", ""dropout"": 0.2, ""hidden_units"": [4]}, ""optim"": {""lr"": 0.1, ""momentum"": 0.0, ""name"": ""sgd""}, ""regularizer"": {""l2"": ""1e-3""}, ""seed"": 42, ""split"": {""stratified"": true, ""val_size"": 0.2}, ""training"": {""batch_size"": 16, ""epochs"": 800, ""include_reg_in_val"": false, ""shuffle"": true}}"
a296efb34777,1,0.04049316154648485,0.0,0.04049316154648485,0.0,1.0,0.0,244.0,0.0,"{""callbacks"": {""early_stopping"": true, ""min_delta"": 0.0, ""mode"": ""auto"", ""monitor"": ""val_loss"", ""patience"": 40, ""restore_best_weights"": true, ""verbose"": 0}, ""cv"": {""k"": 3, ""seed"": 42, ""shuffle"": true}, ""data"": {""train_path"": ""data/MONK/MONK1/monks-1.train""}, ""model"": {""activation"": ""relu"", ""dropout"": 0.0, ""hidden_units"": [8]}, ""optim"": {""lr"": 0.1, ""momentum"": 0.9, ""name"": ""sgd""}, ""regularizer"": {""l2"": ""1e-3""}, ""seed"": 42, ""split"": {""stratified"": true, ""val_size"": 0.2}, ""training"": {""batch_size"": 32, ""epochs"": 800, ""include_reg_in_val"": false, ""shuffle"": true}}"
ce623f651a13,1,0.04108968247231433,0.0,0.04108968247231433,0.0,1.0,0.0,408.0,0.0,"{""callbacks"": {""early_stopping"": true, ""min_delta"": 0.0, ""mode"": ""auto"", ""monitor"": ""val_loss"", ""patience"": 40, ""restore_best_weights"": true, ""verbose"": 0}, ""cv"": {""k"": 3, ""seed"": 42, ""shuffle"": true}, ""data"": {""train_path"": ""data/MONK/MONK1/monks-1.train""}, ""model"": {""activation"": ""relu"", ""dropout"": 0.0, ""hidden_units"": [8, 4]}, ""optim"": {""lr"": 0.2, ""momentum"": 0.0, ""name"": ""sgd""}, ""regularizer"": {""l2"": ""1e-2""}, ""seed"": 42, ""split"": {""stratified"": true, ""val_size"": 0.2}, ""training"": {""batch_size"": 32, ""epochs"": 800, ""include_reg_in_val"": false, ""shuffle"": true}}"
5a7d6f987ce5,1,0.041285199930830345,0.0,0.041285199930830345,0.0,1.0,0.0,445.0,0.0,"{""callbacks"": {""early_stopping"": true, ""min_delta"": 0.0, ""mode"": ""auto"", ""monitor"": ""val_loss"", ""patience"": 40, ""restore_best_weights"": true, ""verbose"": 0}, ""cv"": {""k"": 3, ""seed"": 42, ""shuffle"": true}, ""data"": {""train_path"": ""data/MONK/MONK1/monks-1.train""}, ""model"": {""activation"": ""tanh"", ""dropout"": 0.2, ""hidden_units"": [4]}, ""optim"": {""lr"": 0.1, ""momentum"": 0.1, ""name"": ""sgd""}, ""regularizer"": {""l2"": ""1e-3""}, ""seed"": 42, ""split"": {""stratified"": true, ""val_size"": 0.2}, ""training"": {""batch_size"": 16, ""epochs"": 800, ""include_reg_in_val"": false, ""shuffle"": true}}"
27865c83e2ed,1,0.04229701306084923,0.0,0.04229701306084923,0.0,1.0,0.0,266.0,0.0,"{""callbacks"": {""early_stopping"": true, ""min_delta"": 0.0, ""mode"": ""auto"", ""monitor"": ""val_loss"", ""patience"": 40, ""restore_best_weights"": true, ""verbose"": 0}, ""cv"": {""k"": 3, ""seed"": 42, ""shuffle"": true}, ""data"": {""train_path"": ""data/MONK/MONK1/monks-1.train""}, ""model"": {""activation"": ""relu"", ""dropout"": 0.2, ""hidden_units"": [8, 4]}, ""optim"": {""lr"": 0.2, ""momentum"": 0.1, ""name"": ""sgd""}, ""regularizer"": {""l2"": ""1e-3""}, ""seed"": 42, ""split"": {""stratified"": true, ""val_size"": 0.2}, ""training"": {""batch_size"": 32, ""epochs"": 800, ""include_reg_in_val"": false, ""shuffle"": true}}"
56ff3a10a88c,1,0.04243470667735544,0.0,0.04243470667735544,0.0,1.0,0.0,737.0,0.0,"{""callbacks"": {""early_stopping"": true, ""min_delta"": 0.0, ""mode"": ""auto"", ""monitor"": ""val_loss"", ""patience"": 40, ""restore_best_weights"": true, ""verbose"": 0}, ""cv"": {""k"": 3, ""seed"": 42, ""shuffle"": true}, ""data"": {""train_path"": ""data/MONK/MONK1/monks-1.train""}, ""model"": {""activation"": ""tanh"", ""dropout"": 0.2, ""hidden_units"": [4]}, ""optim"": {""lr"": 0.1, ""momentum"": 0.0, ""name"": ""sgd""}, ""regularizer"": {""l2"": 0.0}, ""seed"": 42, ""split"": {""stratified"": true, ""val_size"": 0.2}, ""training"": {""batch_size"": 32, ""epochs"": 800, ""include_reg_in_val"": false, ""shuffle"": true}}"
ee1cede61b9d,1,0.04314105099633927,0.0,0.04314105099633927,0.0,1.0,0.0,542.0,0.0,"{""callbacks"": {""early_stopping"": true, ""min_delta"": 0.0, ""mode"": ""auto"", ""monitor"": ""val_loss"", ""patience"": 40, ""restore_best_weights"": true, ""verbose"": 0}, ""cv"": {""k"": 3, ""seed"": 42, ""shuffle"": true}, ""data"": {""train_path"": ""data/MONK/MONK1/monks-1.train""}, ""model"": {""activation"": ""tanh"", ""dropout"": 0.0, ""hidden_units"": [4]}, ""optim"": {""lr"": 0.1, ""momentum"": 0.0, ""name"": ""sgd""}, ""regularizer"": {""l2"": ""1e-3""}, ""seed"": 42, ""split"": {""stratified"": true, ""val_size"": 0.2}, ""training"": {""batch_size"": 16, ""epochs"": 800, ""include_reg_in_val"": false, ""shuffle"": true}}"
b82cf102400f,1,0.043276988426162025,0.0,0.043276988426162025,0.0,1.0,0.0,728.0,0.0,"{""callbacks"": {""early_stopping"": true, ""min_delta"": 0.0, ""mode"": ""auto"", ""monitor"": ""val_loss"", ""patience"": 40, ""restore_best_weights"": true, ""verbose"": 0}, ""cv"": {""k"": 3, ""seed"": 42, ""shuffle"": true}, ""data"": {""train_path"": ""data/MONK/MONK1/monks-1.train""}, ""model"": {""activation"": ""tanh"", ""dropout"": 0.2, ""hidden_units"": [4]}, ""optim"": {""lr"": 0.1, ""momentum"": 0.1, ""name"": ""sgd""}, ""regularizer"": {""l2"": ""1e-3""}, ""seed"": 42, ""split"": {""stratified"": true, ""val_size"": 0.2}, ""training"": {""batch_size"": 32, ""epochs"": 800, ""include_reg_in_val"": false, ""shuffle"": true}}"
b467076716f7,1,0.043416894483041896,0.0,0.043416894483041896,0.0,1.0,0.0,353.0,0.0,"{""callbacks"": {""early_stopping"": true, ""min_delta"": 0.0, ""mode"": ""auto"", ""monitor"": ""val_loss"", ""patience"": 40, ""restore_best_weights"": true, ""verbose"": 0}, ""cv"": {""k"": 3, ""seed"": 42, ""shuffle"": true}, ""data"": {""train_path"": ""data/MONK/MONK1/monks-1.train""}, ""model"": {""activation"": ""tanh"", ""dropout"": 0.2, ""hidden_units"": [4]}, ""optim"": {""lr"": 0.2, ""momentum"": 0.0, ""name"": ""sgd""}, ""regularizer"": {""l2"": 0.0}, ""seed"": 42, ""split"": {""stratified"": true, ""val_size"": 0.2}, ""training"": {""batch_size"": 32, ""epochs"": 800, ""include_reg_in_val"": false, ""shuffle"": true}}"
300b89f47032,1,0.04343508460088767,0.0,0.04343508460088767,0.0,1.0,0.0,326.0,0.0,"{""callbacks"": {""early_stopping"": true, ""min_delta"": 0.0, ""mode"": ""auto"", ""monitor"": ""val_loss"", ""patience"": 40, ""restore_best_weights"": true, ""verbose"": 0}, ""cv"": {""k"": 3, ""seed"": 42, ""shuffle"": true}, ""data"": {""train_path"": ""data/MONK/MONK1/monks-1.train""}, ""model"": {""activation"": ""sigmoid"", ""dropout"": 0.2, ""hidden_units"": [8]}, ""optim"": {""lr"": 0.1, ""momentum"": 0.9, ""name"": ""sgd""}, ""regularizer"": {""l2"": 0.0}, ""seed"": 42, ""split"": {""stratified"": true, ""val_size"": 0.2}, ""training"": {""batch_size"": 16, ""epochs"": 800, ""include_reg_in_val"": false, ""shuffle"": true}}"
f7be34cfd79f,1,0.04352265605517561,0.0,0.04352265605517561,0.0,1.0,0.0,223.0,0.0,"{""callbacks"": {""early_stopping"": true, ""min_delta"": 0.0, ""mode"": ""auto"", ""monitor"": ""val_loss"", ""patience"": 40, ""restore_best_weights"": true, ""verbose"": 0}, ""cv"": {""k"": 3, ""seed"": 42, ""shuffle"": true}, ""data"": {""train_path"": ""data/MONK/MONK1/monks-1.train""}, ""model"": {""activation"": ""tanh"", ""dropout"": 0.2, ""hidden_units"": [4]}, ""optim"": {""lr"": 0.1, ""momentum"": 0.9, ""name"": ""sgd""}, ""regularizer"": {""l2"": ""1e-3""}, ""seed"": 42, ""split"": {""stratified"": true, ""val_size"": 0.2}, ""training"": {""batch_size"": 16, ""epochs"": 800, ""include_reg_in_val"": false, ""shuffle"": true}}"
4fd07c0627f4,1,0.04398303427156784,0.0,0.04398303427156784,0.0,1.0,0.0,34.0,0.0,"{""callbacks"": {""early_stopping"": true, ""min_delta"": 0.0, ""mode"": ""auto"", ""monitor"": ""val_loss"", ""patience"": 40, ""restore_best_weights"": true, ""verbose"": 0}, ""cv"": {""k"": 3, ""seed"": 42, ""shuffle"": true}, ""data"": {""train_path"": ""data/MONK/MONK1/monks-1.train""}, ""model"": {""activation"": ""tanh"", ""dropout"": 0.0, ""hidden_units"": [8, 4]}, ""optim"": {""lr"": 0.1, ""momentum"": 0.9, ""name"": ""sgd""}, ""regularizer"": {""l2"": 0.0}, ""seed"": 42, ""split"": {""stratified"": true, ""val_size"": 0.2}, ""training"": {""batch_size"": 32, ""epochs"": 800, ""include_reg_in_val"": false, ""shuffle"": true}}"
4d28261df835,1,0.04420483454933628,0.0,0.04420483454933628,0.0,1.0,0.0,63.0,0.0,"{""callbacks"": {""early_stopping"": true, ""min_delta"": 0.0, ""mode"": ""auto"", ""monitor"": ""val_loss"", ""patience"": 40, ""restore_best_weights"": true, ""verbose"": 0}, ""cv"": {""k"": 3, ""seed"": 42, ""shuffle"": true}, ""data"": {""train_path"": ""data/MONK/MONK1/monks-1.train""}, ""model"": {""activation"": ""tanh"", ""dropout"": 0.0, ""hidden_units"": [8, 4]}, ""optim"": {""lr"": 0.1, ""momentum"": 0.9, ""name"": ""sgd""}, ""regularizer"": {""l2"": ""1e-2""}, ""seed"": 42, ""split"": {""stratified"": true, ""val_size"": 0.2}, ""training"": {""batch_size"": 32, ""epochs"": 800, ""include_reg_in_val"": false, ""shuffle"": true}}"
fd3d23d9465f,1,0.04529360513909544,0.0,0.04529360513909544,0.0,1.0,0.0,242.0,0.0,"{""callbacks"": {""early_stopping"": true, ""min_delta"": 0.0, ""mode"": ""auto"", ""monitor"": ""val_loss"", ""patience"": 40, ""restore_best_weights"": true, ""verbose"": 0}, ""cv"": {""k"": 3, ""seed"": 42, ""shuffle"": true}, ""data"": {""train_path"": ""data/MONK/MONK1/monks-1.train""}, ""model"": {""activation"": ""relu"", ""dropout"": 0.0, ""hidden_units"": [8, 4]}, ""optim"": {""lr"": 0.1, ""momentum"": 0.0, ""name"": ""sgd""}, ""regularizer"": {""l2"": 0.0}, ""seed"": 42, ""split"": {""stratified"": true, ""val_size"": 0.2}, ""training"": {""batch_size"": 32, ""epochs"": 800, ""include_reg_in_val"": false, ""shuffle"": true}}"
f5c69e9af866,1,0.04692068611215678,0.0,0.04692068611215678,0.0,1.0,0.0,417.0,0.0,"{""callbacks"": {""early_stopping"": true, ""min_delta"": 0.0, ""mode"": ""auto"", ""monitor"": ""val_loss"", ""patience"": 40, ""restore_best_weights"": true, ""verbose"": 0}, ""cv"": {""k"": 3, ""seed"": 42, ""shuffle"": true}, ""data"": {""train_path"": ""data/MONK/MONK1/monks-1.train""}, ""model"": {""activation"": ""relu"", ""dropout"": 0.0, ""hidden_units"": [8]}, ""optim"": {""lr"": 0.2, ""momentum"": 0.1, ""name"": ""sgd""}, ""regularizer"": {""l2"": ""1e-3""}, ""seed"": 42, ""split"": {""stratified"": true, ""val_size"": 0.2}, ""training"": {""batch_size"": 32, ""epochs"": 800, ""include_reg_in_val"": false, ""shuffle"": true}}"
7cb6109e39d2,1,0.0470557286325558,0.0,0.0470557286325558,0.0,1.0,0.0,800.0,0.0,"{""callbacks"": {""early_stopping"": true, ""min_delta"": 0.0, ""mode"": ""auto"", ""monitor"": ""val_loss"", ""patience"": 40, ""restore_best_weights"": true, ""verbose"": 0}, ""cv"": {""k"": 3, ""seed"": 42, ""shuffle"": true}, ""data"": {""train_path"": ""data/MONK/MONK1/monks-1.train""}, ""model"": {""activation"": ""relu"", ""dropout"": 0.0, ""hidden_units"": [8]}, ""optim"": {""lr"": 0.2, ""momentum"": 0.1, ""name"": ""sgd""}, ""regularizer"": {""l2"": 0.0}, ""seed"": 42, ""split"": {""stratified"": true, ""val_size"": 0.2}, ""training"": {""batch_size"": 32, ""epochs"": 800, ""include_reg_in_val"": false, ""shuffle"": true}}"
8db55899a00b,1,0.04731062810333854,0.0,0.04731062810333854,0.0,1.0,0.0,211.0,0.0,"{""callbacks"": {""early_stopping"": true, ""min_delta"": 0.0, ""mode"": ""auto"", ""monitor"": ""val_loss"", ""patience"": 40, ""restore_best_weights"": true, ""verbose"": 0}, ""cv"": {""k"": 3, ""seed"": 42, ""shuffle"": true}, ""data"": {""train_path"": ""data/MONK/MONK1/monks-1.train""}, ""model"": {""activation"": ""tanh"", ""dropout"": 0.2, ""hidden_units"": [8]}, ""optim"": {""lr"": 0.2, ""momentum"": 0.1, ""name"": ""sgd""}, ""regularizer"": {""l2"": ""1e-3""}, ""seed"": 42, ""split"": {""stratified"": true, ""val_size"": 0.2}, ""training"": {""batch_size"": 16, ""epochs"": 800, ""include_reg_in_val"": false, ""shuffle"": true}}"
04e0e952f07b,1,0.04820048681072239,0.0,0.04820048681072239,0.0,1.0,0.0,144.0,0.0,"{""callbacks"": {""early_stopping"": true, ""min_delta"": 0.0, ""mode"": ""auto"", ""monitor"": ""val_loss"", ""patience"": 40, ""restore_best_weights"": true, ""verbose"": 0}, ""cv"": {""k"": 3, ""seed"": 42, ""shuffle"": true}, ""data"": {""train_path"": ""data/MONK/MONK1/monks-1.train""}, ""model"": {""activation"": ""relu"", ""dropout"": 0.0, ""hidden_units"": [8, 4]}, ""optim"": {""lr"": 0.2, ""momentum"": 0.1, ""name"": ""sgd""}, ""regularizer"": {""l2"": ""1e-2""}, ""seed"": 42, ""split"": {""stratified"": true, ""val_size"": 0.2}, ""training"": {""batch_size"": 16, ""epochs"": 800, ""include_reg_in_val"": false, ""shuffle"": true}}"
8e82dc5e240f,1,0.048770088890033335,0.0,0.048770088890033335,0.0,1.0,0.0,329.0,0.0,"{""callbacks"": {""early_stopping"": true, ""min_delta"": 0.0, ""mode"": ""auto"", ""monitor"": ""val_loss"", ""patience"": 40, ""restore_best_weights"": true, ""verbose"": 0}, ""cv"": {""k"": 3, ""seed"": 42, ""shuffle"": true}, ""data"": {""train_path"": ""data/MONK/MONK1/monks-1.train""}, ""model"": {""activation"": ""tanh"", ""dropout"": 0.0, ""hidden_units"": [4]}, ""optim"": {""lr"": 0.2, ""momentum"": 0.1, ""name"": ""sgd""}, ""regularizer"": {""l2"": ""1e-3""}, ""seed"": 42, ""split"": {""stratified"": true, ""val_size"": 0.2}, ""training"": {""batch_size"": 32, ""epochs"": 800, ""include_reg_in_val"": false, ""shuffle"": true}}"
1dff49e64fc5,1,0.049140202686514645,0.0,0.049140202686514645,0.0,1.0,0.0,353.0,0.0,"{""callbacks"": {""early_stopping"": true, ""min_delta"": 0.0, ""mode"": ""auto"", ""monitor"": ""val_loss"", ""patience"": 40, ""restore_best_weights"": true, ""verbose"": 0}, ""cv"": {""k"": 3, ""seed"": 42, ""shuffle"": true}, ""data"": {""train_path"": ""data/MONK/MONK1/monks-1.train""}, ""model"": {""activation"": ""tanh"", ""dropout"": 0.2, ""hidden_units"": [4]}, ""optim"": {""lr"": 0.2, ""momentum"": 0.1, ""name"": ""sgd""}, ""regularizer"": {""l2"": ""1e-3""}, ""seed"": 42, ""split"": {""stratified"": true, ""val_size"": 0.2}, ""training"": {""batch_size"": 32, ""epochs"": 800, ""include_reg_in_val"": false, ""shuffle"": true}}"
a4571ae8ca20,1,0.04928818022139758,0.0,0.04928818022139758,0.0,1.0,0.0,95.0,0.0,"{""callbacks"": {""early_stopping"": true, ""min_delta"": 0.0, ""mode"": ""auto"", ""monitor"": ""val_loss"", ""patience"": 40, ""restore_best_weights"": true, ""verbose"": 0}, ""cv"": {""k"": 3, ""seed"": 42, ""shuffle"": true}, ""data"": {""train_path"": ""data/MONK/MONK1/monks-1.train""}, ""model"": {""activation"": ""relu"", ""dropout"": 0.2, ""hidden_units"": [8]}, ""optim"": {""lr"": 0.2, ""momentum"": 0.9, ""name"": ""sgd""}, ""regularizer"": {""l2"": 0.0}, ""seed"": 42, ""split"": {""stratified"": true, ""val_size"": 0.2}, ""training"": {""batch_size"": 32, ""epochs"": 800, ""include_reg_in_val"": false, ""shuffle"": true}}"
7758dc3fc681,1,0.05028075941808293,0.0,0.05028075941808293,0.0,0.96,0.0,467.0,0.0,"{""callbacks"": {""early_stopping"": true, ""min_delta"": 0.0, ""mode"": ""auto"", ""monitor"": ""val_loss"", ""patience"": 40, ""restore_best_weights"": true, ""verbose"": 0}, ""cv"": {""k"": 3, ""seed"": 42, ""shuffle"": true}, ""data"": {""train_path"": ""data/MONK/MONK1/monks-1.train""}, ""model"": {""activation"": ""relu"", ""dropout"": 0.2, ""hidden_units"": [8, 4]}, ""optim"": {""lr"": 0.1, ""momentum"": 0.1, ""name"": ""sgd""}, ""regularizer"": {""l2"": 0.0}, ""seed"": 42, ""split"": {""stratified"": true, ""val_size"": 0.2}, ""training"": {""batch_size"": 32, ""epochs"": 800, ""include_reg_in_val"": false, ""shuffle"": true}}"
4194ae4f81f3,1,0.050605351671951876,0.0,0.050605351671951876,0.0,1.0,0.0,211.0,0.0,"{""callbacks"": {""early_stopping"": true, ""min_delta"": 0.0, ""mode"": ""auto"", ""monitor"": ""val_loss"", ""patience"": 40, ""restore_best_weights"": true, ""verbose"": 0}, ""cv"": {""k"": 3, ""seed"": 42, ""shuffle"": true}, ""data"": {""train_path"": ""data/MONK/MONK1/monks-1.train""}, ""model"": {""activation"": ""tanh"", ""dropout"": 0.2, ""hidden_units"": [8]}, ""optim"": {""lr"": 0.2, ""momentum"": 0.0, ""name"": ""sgd""}, ""regularizer"": {""l2"": ""1e-3""}, ""seed"": 42, ""split"": {""stratified"": true, ""val_size"": 0.2}, ""training"": {""batch_size"": 16, ""epochs"": 800, ""include_reg_in_val"": false, ""shuffle"": true}}"
d105ed2b2e5d,1,0.05117729705486438,0.0,0.05117729705486438,0.0,1.0,0.0,234.0,0.0,"{""callbacks"": {""early_stopping"": true, ""min_delta"": 0.0, ""mode"": ""auto"", ""monitor"": ""val_loss"", ""patience"": 40, ""restore_best_weights"": true, ""verbose"": 0}, ""cv"": {""k"": 3, ""seed"": 42, ""shuffle"": true}, ""data"": {""train_path"": ""data/MONK/MONK1/monks-1.train""}, ""model"": {""activation"": ""relu"", ""dropout"": 0.2, ""hidden_units"": [8, 4]}, ""optim"": {""lr"": 0.01, ""momentum"": 0.9, ""name"": ""sgd""}, ""regularizer"": {""l2"": 0.0}, ""seed"": 42, ""split"": {""stratified"": true, ""val_size"": 0.2}, ""training"": {""batch_size"": 16, ""epochs"": 800, ""include_reg_in_val"": false, ""shuffle"": true}}"
1e326dddf319,1,0.051748992928241935,0.0,0.051748992928241935,0.0,0.96,0.0,35.0,0.0,"{""callbacks"": {""early_stopping"": true, ""min_delta"": 0.0, ""mode"": ""auto"", ""monitor"": ""val_loss"", ""patience"": 40, ""restore_best_weights"": true, ""verbose"": 0}, ""cv"": {""k"": 3, ""seed"": 42, ""shuffle"": true}, ""data"": {""train_path"": ""data/MONK/MONK1/monks-1.train""}, ""model"": {""activation"": ""tanh"", ""dropout"": 0.0, ""hidden_units"": [8, 4]}, ""optim"": {""lr"": 0.1, ""momentum"": 0.9, ""name"": ""sgd""}, ""regularizer"": {""l2"": ""1e-3""}, ""seed"": 42, ""split"": {""stratified"": true, ""val_size"": 0.2}, ""training"": {""batch_size"": 32, ""epochs"": 800, ""include_reg_in_val"": false, ""shuffle"": true}}"
16c245d8ffbc,1,0.05189169426282594,0.0,0.05189169426282594,0.0,0.96,0.0,154.0,0.0,"{""callbacks"": {""early_stopping"": true, ""min_delta"": 0.0, ""mode"": ""auto"", ""monitor"": ""val_loss"", ""patience"": 40, ""restore_best_weights"": true, ""verbose"": 0}, ""cv"": {""k"": 3, ""seed"": 42, ""shuffle"": true}, ""data"": {""train_path"": ""data/MONK/MONK1/monks-1.train""}, ""model"": {""activation"": ""tanh"", ""dropout"": 0.2, ""hidden_units"": [8]}, ""optim"": {""lr"": 0.1, ""momentum"": 0.9, ""name"": ""sgd""}, ""regularizer"": {""l2"": 0.0}, ""seed"": 42, ""split"": {""stratified"": true, ""val_size"": 0.2}, ""training"": {""batch_size"": 32, ""epochs"": 800, ""include_reg_in_val"": false, ""shuffle"": true}}"
14a2bbf7b7b4,1,0.05189573209117031,0.0,0.05189573209117031,0.0,1.0,0.0,45.0,0.0,"{""callbacks"": {""early_stopping"": true, ""min_delta"": 0.0, ""mode"": ""auto"", ""monitor"": ""val_loss"", ""patience"": 40, ""restore_best_weights"": true, ""verbose"": 0}, ""cv"": {""k"": 3, ""seed"": 42, ""shuffle"": true}, ""data"": {""train_path"": ""data/MONK/MONK1/monks-1.train""}, ""model"": {""activation"": ""relu"", ""dropout"": 0.2, ""hidden_units"": [4]}, ""optim"": {""lr"": 0.2, ""momentum"": 0.9, ""name"": ""sgd""}, ""regularizer"": {""l2"": 0.0}, ""seed"": 42, ""split"": {""stratified"": true, ""val_size"": 0.2}, ""training"": {""batch_size"": 16, ""epochs"": 800, ""include_reg_in_val"": false, ""shuffle"": true}}"
272fd2a43bc6,1,0.05193872823321421,0.0,0.05193872823321421,0.0,1.0,0.0,30.0,0.0,"{""callbacks"": {""early_stopping"": true, ""min_delta"": 0.0, ""mode"": ""auto"", ""monitor"": ""val_loss"", ""patience"": 40, ""restore_best_weights"": true, ""verbose"": 0}, ""cv"": {""k"": 3, ""seed"": 42, ""shuffle"": true}, ""data"": {""train_path"": ""data/MONK/MONK1/monks-1.train""}, ""model"": {""activation"": ""tanh"", ""dropout"": 0.0, ""hidden_units"": [8]}, ""optim"": {""lr"": 0.2, ""momentum"": 0.9, ""name"": ""sgd""}, ""regularizer"": {""l2"": ""1e-3""}, ""seed"": 42, ""split"": {""stratified"": true, ""val_size"": 0.2}, ""training"": {""batch_size"": 16, ""epochs"": 800, ""include_reg_in_val"": false, ""shuffle"": true}}"
e1e57cfc5632,1,0.05240051717707586,0.0,0.05240051717707586,0.0,1.0,0.0,77.0,0.0,"{""callbacks"": {""early_stopping"": true, ""min_delta"": 0.0, ""mode"": ""auto"", ""monitor"": ""val_loss"", ""patience"": 40, ""restore_best_weights"": true, ""verbose"": 0}, ""cv"": {""k"": 3, ""seed"": 42, ""shuffle"": true}, ""data"": {""train_path"": ""data/MONK/MONK1/monks-1.train""}, ""model"": {""activation"": ""relu"", ""dropout"": 0.0, ""hidden_units"": [8, 4]}, ""optim"": {""lr"": 0.1, ""momentum"": 0.9, ""name"": ""sgd""}, ""regularizer"": {""l2"": ""1e-3""}, ""seed"": 42, ""split"": {""stratified"": true, ""val_size"": 0.2}, ""training"": {""batch_size"": 32, ""epochs"": 800, ""include_reg_in_val"": false, ""shuffle"": true}}"
ba6a14f05153,1,0.05260488854780185,0.0,0.05260488854780185,0.0,0.96,0.0,31.0,0.0,"{""callbacks"": {""early_stopping"": true, ""min_delta"": 0.0, ""mode"": ""auto"", ""monitor"": ""val_loss"", ""patience"": 40, ""restore_best_weights"": true, ""verbose"": 0}, ""cv"": {""k"": 3, ""seed"": 42, ""shuffle"": true}, ""data"": {""train_path"": ""data/MONK/MONK1/monks-1.train""}, ""model"": {""activation"": ""relu"", ""dropout"": 0.0, ""hidden_units"": [8, 4]}, ""optim"": {""lr"": 0.1, ""momentum"": 0.9, ""name"": ""sgd""}, ""regularizer"": {""l2"": 0.0}, ""seed"": 42, ""split"": {""stratified"": true, ""val_size"": 0.2}, ""training"": {""batch_size"": 16, ""epochs"": 800, ""include_reg_in_val"": false, ""shuffle"": true}}"
40b48673edbb,1,0.05322735893385256,0.0,0.05322735893385256,0.0,0.96,0.0,53.0,0.0,"{""callbacks"": {""early_stopping"": true, ""min_delta"": 0.0, ""mode"": ""auto"", ""monitor"": ""val_loss"", ""patience"": 40, ""restore_best_weights"": true, ""verbose"": 0}, ""cv"": {""k"": 3, ""seed"": 42, ""shuffle"": true}, ""data"": {""train_path"": ""data/MONK/MONK1/monks-1.train""}, ""model"": {""activation"": ""relu"", ""dropout"": 0.2, ""hidden_units"": [8]}, ""optim"": {""lr"": 0.1, ""momentum"": 0.9, ""name"": ""sgd""}, ""regularizer"": {""l2"": ""1e-3""}, ""seed"": 42, ""split"": {""stratified"": true, ""val_size"": 0.2}, ""training"": {""batch_size"": 16, ""epochs"": 800, ""include_reg_in_val"": false, ""shuffle"": true}}"
dc09fe7843c1,1,0.05352456373004683,0.0,0.05352456373004683,0.0,1.0,0.0,220.0,0.0,"{""callbacks"": {""early_stopping"": true, ""min_delta"": 0.0, ""mode"": ""auto"", ""monitor"": ""val_loss"", ""patience"": 40, ""restore_best_weights"": true, ""verbose"": 0}, ""cv"": {""k"": 3, ""seed"": 42, ""shuffle"": true}, ""data"": {""train_path"": ""data/MONK/MONK1/monks-1.train""}, ""model"": {""activation"": ""relu"", ""dropout"": 0.2, ""hidden_units"": [8, 4]}, ""optim"": {""lr"": 0.01, ""momentum"": 0.9, ""name"": ""sgd""}, ""regularizer"": {""l2"": ""1e-3""}, ""seed"": 42, ""split"": {""stratified"": true, ""val_size"": 0.2}, ""training"": {""batch_size"": 16, ""epochs"": 800, ""include_reg_in_val"": false, ""shuffle"": true}}"
e6809dd2df16,1,0.05381946719038929,0.0,0.05381946719038929,0.0,1.0,0.0,242.0,0.0,"{""callbacks"": {""early_stopping"": true, ""min_delta"": 0.0, ""mode"": ""auto"", ""monitor"": ""val_loss"", ""patience"": 40, ""restore_best_weights"": true, ""verbose"": 0}, ""cv"": {""k"": 3, ""seed"": 42, ""shuffle"": true}, ""data"": {""train_path"": ""data/MONK/MONK1/monks-1.train""}, ""model"": {""activation"": ""relu"", ""dropout"": 0.0, ""hidden_units"": [8, 4]}, ""optim"": {""lr"": 0.1, ""momentum"": 0.0, ""name"": ""sgd""}, ""regularizer"": {""l2"": ""1e-3""}, ""seed"": 42, ""split"": {""stratified"": true, ""val_size"": 0.2}, ""training"": {""batch_size"": 32, ""epochs"": 800, ""include_reg_in_val"": false, ""shuffle"": true}}"
db3f9370b2a7,1,0.05401908297354667,0.0,0.05401908297354667,0.0,0.96,0.0,95.0,0.0,"{""callbacks"": {""early_stopping"": true, ""min_delta"": 0.0, ""mode"": ""auto"", ""monitor"": ""val_loss"", ""patience"": 40, ""restore_best_weights"": true, ""verbose"": 0}, ""cv"": {""k"": 3, ""seed"": 42, ""shuffle"": true}, ""data"": {""train_path"": ""data/MONK/MONK1/monks-1.train""}, ""model"": {""activation"": ""relu"", ""dropout"": 0.2, ""hidden_units"": [8]}, ""optim"": {""lr"": 0.1, ""momentum"": 0.9, ""name"": ""sgd""}, ""regularizer"": {""l2"": ""1e-3""}, ""seed"": 42, ""split"": {""stratified"": true, ""val_size"": 0.2}, ""training"": {""batch_size"": 32, ""epochs"": 800, ""include_reg_in_val"": false, ""shuffle"": true}}"
41e7ab71f6be,1,0.05408752659072119,0.0,0.05408752659072119,0.0,1.0,0.0,159.0,0.0,"{""callbacks"": {""early_stopping"": true, ""min_delta"": 0.0, ""mode"": ""auto"", ""monitor"": ""val_loss"", ""patience"": 40, ""restore_best_weights"": true, ""verbose"": 0}, ""cv"": {""k"": 3, ""seed"": 42, ""shuffle"": true}, ""data"": {""train_path"": ""data/MONK/MONK1/monks-1.train""}, ""model"": {""activation"": ""relu"", ""dropout"": 0.0, ""hidden_units"": [8, 4]}, ""optim"": {""lr"": 0.2, ""momentum"": 0.1, ""name"": ""sgd""}, ""regularizer"": {""l2"": ""1e-2""}, ""seed"": 42, ""split"": {""stratified"": true, ""val_size"": 0.2}, ""training"": {""batch_size"": 32, ""epochs"": 800, ""include_reg_in_val"": false, ""shuffle"": true}}"
92eb82d25065,1,0.054162932031676464,0.0,0.054162932031676464,0.0,1.0,0.0,422.0,0.0,"{""callbacks"": {""early_stopping"": true, ""min_delta"": 0.0, ""mode"": ""auto"", ""monitor"": ""val_loss"", ""patience"": 40, ""restore_best_weights"": true, ""verbose"": 0}, ""cv"": {""k"": 3, ""seed"": 42, ""shuffle"": true}, ""data"": {""train_path"": ""data/MONK/MONK1/monks-1.train""}, ""model"": {""activation"": ""relu"", ""dropout"": 0.2, ""hidden_units"": [8]}, ""optim"": {""lr"": 0.1, ""momentum"": 0.1, ""name"": ""sgd""}, ""regularizer"": {""l2"": ""1e-3""}, ""seed"": 42, ""split"": {""stratified"": true, ""val_size"": 0.2}, ""training"": {""batch_size"": 32, ""epochs"": 800, ""include_reg_in_val"": false, ""shuffle"": true}}"
d14fbf77668f,1,0.055575834065140016,0.0,0.055575834065140016,0.0,1.0,0.0,694.0,0.0,"{""callbacks"": {""early_stopping"": true, ""min_delta"": 0.0, ""mode"": ""auto"", ""monitor"": ""val_loss"", ""patience"": 40, ""restore_best_weights"": true, ""verbose"": 0}, ""cv"": {""k"": 3, ""seed"": 42, ""shuffle"": true}, ""data"": {""train_path"": ""data/MONK/MONK1/monks-1.train""}, ""model"": {""activation"": ""relu"", ""dropout"": 0.2, ""hidden_units"": [8]}, ""optim"": {""lr"": 0.01, ""momentum"": 0.9, ""name"": ""sgd""}, ""regularizer"": {""l2"": 0.0}, ""seed"": 42, ""split"": {""stratified"": true, ""val_size"": 0.2}, ""training"": {""batch_size"": 32, ""epochs"": 800, ""include_reg_in_val"": false, ""shuffle"": true}}"
1e2afa9822fa,1,0.05567459963902078,0.0,0.05567459963902078,0.0,1.0,0.0,65.0,0.0,"{""callbacks"": {""early_stopping"": true, ""min_delta"": 0.0, ""mode"": ""auto"", ""monitor"": ""val_loss"", ""patience"": 40, ""restore_best_weights"": true, ""verbose"": 0}, ""cv"": {""k"": 3, ""seed"": 42, ""shuffle"": true}, ""data"": {""train_path"": ""data/MONK/MONK1/monks-1.train""}, ""model"": {""activation"": ""tanh"", ""dropout"": 0.0, ""hidden_units"": [8, 4]}, ""optim"": {""lr"": 0.1, ""momentum"": 0.9, ""name"": ""sgd""}, ""regularizer"": {""l2"": ""1e-2""}, ""seed"": 42, ""split"": {""stratified"": true, ""val_size"": 0.2}, ""training"": {""batch_size"": 16, ""epochs"": 800, ""include_reg_in_val"": false, ""shuffle"": true}}"
b947a42293cd,1,0.056562838046441494,0.0,0.056562838046441494,0.0,1.0,0.0,422.0,0.0,"{""callbacks"": {""early_stopping"": true, ""min_delta"": 0.0, ""mode"": ""auto"", ""monitor"": ""val_loss"", ""patience"": 40, ""restore_best_weights"": true, ""verbose"": 0}, ""cv"": {""k"": 3, ""seed"": 42, ""shuffle"": true}, ""data"": {""train_path"": ""data/MONK/MONK1/monks-1.train""}, ""model"": {""activation"": ""relu"", ""dropout"": 0.0, ""hidden_units"": [8]}, ""optim"": {""lr"": 0.2, ""momentum"": 0.0, ""name"": ""sgd""}, ""regularizer"": {""l2"": 0.0}, ""seed"": 42, ""split"": {""stratified"": true, ""val_size"": 0.2}, ""training"": {""batch_size"": 32, ""epochs"": 800, ""include_reg_in_val"": false, ""shuffle"": true}}"
63d9005f5852,1,0.05702860630464492,0.0,0.05702860630464492,0.0,1.0,0.0,104.0,0.0,"{""callbacks"": {""early_stopping"": true, ""min_delta"": 0.0, ""mode"": ""auto"", ""monitor"": ""val_loss"", ""patience"": 40, ""restore_best_weights"": true, ""verbose"": 0}, ""cv"": {""k"": 3, ""seed"": 42, ""shuffle"": true}, ""data"": {""train_path"": ""data/MONK/MONK1/monks-1.train""}, ""model"": {""activation"": ""tanh"", ""dropout"": 0.2, ""hidden_units"": [8, 4]}, ""optim"": {""lr"": 0.1, ""momentum"": 0.9, ""name"": ""sgd""}, ""regularizer"": {""l2"": ""1e-3""}, ""seed"": 42, ""split"": {""stratified"": true, ""val_size"": 0.2}, ""training"": {""batch_size"": 32, ""epochs"": 800, ""include_reg_in_val"": false, ""shuffle"": true}}"
580a9b8eef2a,1,0.05724743667550177,0.0,0.05724743667550177,0.0,1.0,0.0,90.0,0.0,"{""callbacks"": {""early_stopping"": true, ""min_delta"": 0.0, ""mode"": ""auto"", ""monitor"": ""val_loss"", ""patience"": 40, ""restore_best_weights"": true, ""verbose"": 0}, ""cv"": {""k"": 3, ""seed"": 42, ""shuffle"": true}, ""data"": {""train_path"": ""data/MONK/MONK1/monks-1.train""}, ""model"": {""activation"": ""relu"", ""dropout"": 0.0, ""hidden_units"": [8, 4]}, ""optim"": {""lr"": 0.2, ""momentum"": 0.0, ""name"": ""sgd""}, ""regularizer"": {""l2"": ""1e-2""}, ""seed"": 42, ""split"": {""stratified"": true, ""val_size"": 0.2}, ""training"": {""batch_size"": 16, ""epochs"": 800, ""include_reg_in_val"": false, ""shuffle"": true}}"
3e8e3895ba54,1,0.057301836425225225,0.0,0.057301836425225225,0.0,1.0,0.0,336.0,0.0,"{""callbacks"": {""early_stopping"": true, ""min_delta"": 0.0, ""mode"": ""auto"", ""monitor"": ""val_loss"", ""patience"": 40, ""restore_best_weights"": true, ""verbose"": 0}, ""cv"": {""k"": 3, ""seed"": 42, ""shuffle"": true}, ""data"": {""train_path"": ""data/MONK/MONK1/monks-1.train""}, ""model"": {""activation"": ""tanh"", ""dropout"": 0.0, ""hidden_units"": [8]}, ""optim"": {""lr"": 0.2, ""momentum"": 0.1, ""name"": ""sgd""}, ""regularizer"": {""l2"": 0.0}, ""seed"": 42, ""split"": {""stratified"": true, ""val_size"": 0.2}, ""training"": {""batch_size"": 32, ""epochs"": 800, ""include_reg_in_val"": false, ""shuffle"": true}}"
8ee94787a099,1,0.05733560296003608,0.0,0.05733560296003608,0.0,1.0,0.0,242.0,0.0,"{""callbacks"": {""early_stopping"": true, ""min_delta"": 0.0, ""mode"": ""auto"", ""monitor"": ""val_loss"", ""patience"": 40, ""restore_best_weights"": true, ""verbose"": 0}, ""cv"": {""k"": 3, ""seed"": 42, ""shuffle"": true}, ""data"": {""train_path"": ""data/MONK/MONK1/monks-1.train""}, ""model"": {""activation"": ""tanh"", ""dropout"": 0.0, ""hidden_units"": [8]}, ""optim"": {""lr"": 0.2, ""momentum"": 0.1, ""name"": ""sgd""}, ""regularizer"": {""l2"": ""1e-3""}, ""seed"": 42, ""split"": {""stratified"": true, ""val_size"": 0.2}, ""training"": {""batch_size"": 16, ""epochs"": 800, ""include_reg_in_val"": false, ""shuffle"": true}}"
cc85d0c0cc69,1,0.05756913434702634,0.0,0.05756913434702634,0.0,1.0,0.0,65.0,0.0,"{""callbacks"": {""early_stopping"": true, ""min_delta"": 0.0, ""mode"": ""auto"", ""monitor"": ""val_loss"", ""patience"": 40, ""restore_best_weights"": true, ""verbose"": 0}, ""cv"": {""k"": 3, ""seed"": 42, ""shuffle"": true}, ""data"": {""train_path"": ""data/MONK/MONK1/monks-1.train""}, ""model"": {""activation"": ""tanh"", ""dropout"": 0.2, ""hidden_units"": [4]}, ""optim"": {""lr"": 0.2, ""momentum"": 0.9, ""name"": ""sgd""}, ""regularizer"": {""l2"": ""1e-3""}, ""seed"": 42, ""split"": {""stratified"": true, ""val_size"": 0.2}, ""training"": {""batch_size"": 16, ""epochs"": 800, ""include_reg_in_val"": false, ""shuffle"": true}}"
dfc699d724a2,1,0.057915117531945164,0.0,0.057915117531945164,0.0,1.0,0.0,104.0,0.0,"{""callbacks"": {""early_stopping"": true, ""min_delta"": 0.0, ""mode"": ""auto"", ""monitor"": ""val_loss"", ""patience"": 40, ""restore_best_weights"": true, ""verbose"": 0}, ""cv"": {""k"": 3, ""seed"": 42, ""shuffle"": true}, ""data"": {""train_path"": ""data/MONK/MONK1/monks-1.train""}, ""model"": {""activation"": ""tanh"", ""dropout"": 0.0, ""hidden_units"": [8]}, ""optim"": {""lr"": 0.1, ""momentum"": 0.9, ""name"": ""sgd""}, ""regularizer"": {""l2"": ""1e-3""}, ""seed"": 42, ""split"": {""stratified"": true, ""val_size"": 0.2}, ""training"": {""batch_size"": 16, ""epochs"": 800, ""include_reg_in_val"": false, ""shuffle"": true}}"
2ad0712f43a5,1,0.0579548752712701,0.0,0.0579548752712701,0.0,1.0,0.0,254.0,0.0,"{""callbacks"": {""early_stopping"": true, ""min_delta"": 0.0, ""mode"": ""auto"", ""monitor"": ""val_loss"", ""patience"": 40, ""restore_best_weights"": true, ""verbose"": 0}, ""cv"": {""k"": 3, ""seed"": 42, ""shuffle"": true}, ""data"": {""train_path"": ""data/MONK/MONK1/monks-1.train""}, ""model"": {""activation"": ""relu"", ""dropout"": 0.2, ""hidden_units"": [8, 4]}, ""optim"": {""lr"": 0.2, ""momentum"": 0.0, ""name"": ""sgd""}, ""regularizer"": {""l2"": ""1e-3""}, ""seed"": 42, ""split"": {""stratified"": true, ""val_size"": 0.2}, ""training"": {""batch_size"": 32, ""epochs"": 800, ""include_reg_in_val"": false, ""shuffle"": true}}"
4b4302919863,1,0.05820919334845447,0.0,0.05820919334845447,0.0,1.0,0.0,145.0,0.0,"{""callbacks"": {""early_stopping"": true, ""min_delta"": 0.0, ""mode"": ""auto"", ""monitor"": ""val_loss"", ""patience"": 40, ""restore_best_weights"": true, ""verbose"": 0}, ""cv"": {""k"": 3, ""seed"": 42, ""shuffle"": true}, ""data"": {""train_path"": ""data/MONK/MONK1/monks-1.train""}, ""model"": {""activation"": ""tanh"", ""dropout"": 0.0, ""hidden_units"": [8, 4]}, ""optim"": {""lr"": 0.1, ""momentum"": 0.9, ""name"": ""sgd""}, ""regularizer"": {""l2"": ""1e-3""}, ""seed"": 42, ""split"": {""stratified"": true, ""val_size"": 0.2}, ""training"": {""batch_size"": 16, ""epochs"": 800, ""include_reg_in_val"": false, ""shuffle"": true}}"
80fb8081795e,1,0.05876372285704958,0.0,0.05876372285704958,0.0,0.96,0.0,79.0,0.0,"{""callbacks"": {""early_stopping"": true, ""min_delta"": 0.0, ""mode"": ""auto"", ""monitor"": ""val_loss"", ""patience"": 40, ""restore_best_weights"": true, ""verbose"": 0}, ""cv"": {""k"": 3, ""seed"": 42, ""shuffle"": true}, ""data"": {""train_path"": ""data/MONK/MONK1/monks-1.train""}, ""model"": {""activation"": ""relu"", ""dropout"": 0.0, ""hidden_units"": [8, 4]}, ""optim"": {""lr"": 0.2, ""momentum"": 0.0, ""name"": ""sgd""}, ""regularizer"": {""l2"": 0.0}, ""seed"": 42, ""split"": {""stratified"": true, ""val_size"": 0.2}, ""training"": {""batch_size"": 16, ""epochs"": 800, ""include_reg_in_val"": false, ""shuffle"": true}}"
f6766705ea48,1,0.05896880597229129,0.0,0.05896880597229129,0.0,1.0,0.0,353.0,0.0,"{""callbacks"": {""early_stopping"": true, ""min_delta"": 0.0, ""mode"": ""auto"", ""monitor"": ""val_loss"", ""patience"": 40, ""restore_best_weights"": true, ""verbose"": 0}, ""cv"": {""k"": 3, ""seed"": 42, ""shuffle"": true}, ""data"": {""train_path"": ""data/MONK/MONK1/monks-1.train""}, ""model"": {""activation"": ""tanh"", ""dropout"": 0.2, ""hidden_units"": [4]}, ""optim"": {""lr"": 0.2, ""momentum"": 0.0, ""name"": ""sgd""}, ""regularizer"": {""l2"": ""1e-3""}, ""seed"": 42, ""split"": {""stratified"": true, ""val_size"": 0.2}, ""training"": {""batch_size"": 32, ""epochs"": 800, ""include_reg_in_val"": false, ""shuffle"": true}}"
0e4c476cce65,1,0.05948274371754627,0.0,0.05948274371754627,0.0,1.0,0.0,329.0,0.0,"{""callbacks"": {""early_stopping"": true, ""min_delta"": 0.0, ""mode"": ""auto"", ""monitor"": ""val_loss"", ""patience"": 40, ""restore_best_weights"": true, ""verbose"": 0}, ""cv"": {""k"": 3, ""seed"": 42, ""shuffle"": true}, ""data"": {""train_path"": ""data/MONK/MONK1/monks-1.train""}, ""model"": {""activation"": ""tanh"", ""dropout"": 0.0, ""hidden_units"": [4]}, ""optim"": {""lr"": 0.2, ""momentum"": 0.0, ""name"": ""sgd""}, ""regularizer"": {""l2"": ""1e-3""}, ""seed"": 42, ""split"": {""stratified"": true, ""val_size"": 0.2}, ""training"": {""batch_size"": 32, ""epochs"": 800, ""include_reg_in_val"": false, ""shuffle"": true}}"
e54387d9b35b,1,0.059742882027654695,0.0,0.059742882027654695,0.0,1.0,0.0,242.0,0.0,"{""callbacks"": {""early_stopping"": true, ""min_delta"": 0.0, ""mode"": ""auto"", ""monitor"": ""val_loss"", ""patience"": 40, ""restore_best_weights"": true, ""verbose"": 0}, ""cv"": {""k"": 3, ""seed"": 42, ""shuffle"": true}, ""data"": {""train_path"": ""data/MONK/MONK1/monks-1.train""}, ""model"": {""activation"": ""tanh"", ""dropout"": 0.0, ""hidden_units"": [8]}, ""optim"": {""lr"": 0.2, ""momentum"": 0.0, ""name"": ""sgd""}, ""regularizer"": {""l2"": ""1e-3""}, ""seed"": 42, ""split"": {""stratified"": true, ""val_size"": 0.2}, ""training"": {""batch_size"": 16, ""epochs"": 800, ""include_reg_in_val"": false, ""shuffle"": true}}"
b8ee72123945,1,0.060275570978789716,0.0,0.060275570978789716,0.0,1.0,0.0,715.0,0.0,"{""callbacks"": {""early_stopping"": true, ""min_delta"": 0.0, ""mode"": ""auto"", ""monitor"": ""val_loss"", ""patience"": 40, ""restore_best_weights"": true, ""verbose"": 0}, ""cv"": {""k"": 3, ""seed"": 42, ""shuffle"": true}, ""data"": {""train_path"": ""data/MONK/MONK1/monks-1.train""}, ""model"": {""activation"": ""relu"", ""dropout"": 0.0, ""hidden_units"": [8]}, ""optim"": {""lr"": 0.1, ""momentum"": 0.1, ""name"": ""sgd""}, ""regularizer"": {""l2"": ""1e-3""}, ""seed"": 42, ""split"": {""stratified"": true, ""val_size"": 0.2}, ""training"": {""batch_size"": 16, ""epochs"": 800, ""include_reg_in_val"": false, ""shuffle"": true}}"
6c2255ee612a,1,0.06072696925802081,0.0,0.06072696925802081,0.0,0.96,0.0,104.0,0.0,"{""callbacks"": {""early_stopping"": true, ""min_delta"": 0.0, ""mode"": ""auto"", ""monitor"": ""val_loss"", ""patience"": 40, ""restore_best_weights"": true, ""verbose"": 0}, ""cv"": {""k"": 3, ""seed"": 42, ""shuffle"": true}, ""data"": {""train_path"": ""data/MONK/MONK1/monks-1.train""}, ""model"": {""activation"": ""tanh"", ""dropout"": 0.0, ""hidden_units"": [8, 4]}, ""optim"": {""lr"": 0.2, ""momentum"": 0.1, ""name"": ""sgd""}, ""regularizer"": {""l2"": ""1e-3""}, ""seed"": 42, ""split"": {""stratified"": true, ""val_size"": 0.2}, ""training"": {""batch_size"": 16, ""epochs"": 800, ""include_reg_in_val"": false, ""shuffle"": true}}"
e1440f375456,1,0.06079365349278007,0.0,0.06079365349278007,0.0,1.0,0.0,65.0,0.0,"{""callbacks"": {""early_stopping"": true, ""min_delta"": 0.0, ""mode"": ""auto"", ""monitor"": ""val_loss"", ""patience"": 40, ""restore_best_weights"": true, ""verbose"": 0}, ""cv"": {""k"": 3, ""seed"": 42, ""shuffle"": true}, ""data"": {""train_path"": ""data/MONK/MONK1/monks-1.train""}, ""model"": {""activation"": ""relu"", ""dropout"": 0.2, ""hidden_units"": [8, 4]}, ""optim"": {""lr"": 0.1, ""momentum"": 0.9, ""name"": ""sgd""}, ""regularizer"": {""l2"": 0.0}, ""seed"": 42, ""split"": {""stratified"": true, ""val_size"": 0.2}, ""training"": {""batch_size"": 32, ""epochs"": 800, ""include_reg_in_val"": false, ""shuffle"": true}}"
195520cb6d48,1,0.06079583461922891,0.0,0.06079583461922891,0.0,1.0,0.0,727.0,0.0,"{""callbacks"": {""early_stopping"": true, ""min_delta"": 0.0, ""mode"": ""auto"", ""monitor"": ""val_loss"", ""patience"": 40, ""restore_best_weights"": true, ""verbose"": 0}, ""cv"": {""k"": 3, ""seed"": 42, ""shuffle"": true}, ""data"": {""train_path"": ""data/MONK/MONK1/monks-1.train""}, ""model"": {""activation"": ""tanh"", ""dropout"": 0.2, ""hidden_units"": [4]}, ""optim"": {""lr"": 0.1, ""momentum"": 0.0, ""name"": ""sgd""}, ""regularizer"": {""l2"": ""1e-3""}, ""seed"": 42, ""split"": {""stratified"": true, ""val_size"": 0.2}, ""training"": {""batch_size"": 32, ""epochs"": 800, ""include_reg_in_val"": false, ""shuffle"": true}}"
f2858134e545,1,0.061066141256350466,0.0,0.061066141256350466,0.0,1.0,0.0,377.0,0.0,"{""callbacks"": {""early_stopping"": true, ""min_delta"": 0.0, ""mode"": ""auto"", ""monitor"": ""val_loss"", ""patience"": 40, ""restore_best_weights"": true, ""verbose"": 0}, ""cv"": {""k"": 3, ""seed"": 42, ""shuffle"": true}, ""data"": {""train_path"": ""data/MONK/MONK1/monks-1.train""}, ""model"": {""activation"": ""relu"", ""dropout"": 0.2, ""hidden_units"": [8, 4]}, ""optim"": {""lr"": 0.2, ""momentum"": 0.0, ""name"": ""sgd""}, ""regularizer"": {""l2"": ""1e-2""}, ""seed"": 42, ""split"": {""stratified"": true, ""val_size"": 0.2}, ""training"": {""batch_size"": 32, ""epochs"": 800, ""include_reg_in_val"": false, ""shuffle"": true}}"
0d763561124b,1,0.061143038223508216,0.0,0.061143038223508216,0.0,1.0,0.0,339.0,0.0,"{""callbacks"": {""early_stopping"": true, ""min_delta"": 0.0, ""mode"": ""auto"", ""monitor"": ""val_loss"", ""patience"": 40, ""restore_best_weights"": true, ""verbose"": 0}, ""cv"": {""k"": 3, ""seed"": 42, ""shuffle"": true}, ""data"": {""train_path"": ""data/MONK/MONK1/monks-1.train""}, ""model"": {""activation"": ""relu"", ""dropout"": 0.2, ""hidden_units"": [8, 4]}, ""optim"": {""lr"": 0.01, ""momentum"": 0.9, ""name"": ""sgd""}, ""regularizer"": {""l2"": ""1e-2""}, ""seed"": 42, ""split"": {""stratified"": true, ""val_size"": 0.2}, ""training"": {""batch_size"": 16, ""epochs"": 800, ""include_reg_in_val"": false, ""shuffle"": true}}"
1ad8627eb5e6,1,0.06251254483250436,0.0,0.06251254483250436,0.0,0.96,0.0,335.0,0.0,"{""callbacks"": {""early_stopping"": true, ""min_delta"": 0.0, ""mode"": ""auto"", ""monitor"": ""val_loss"", ""patience"": 40, ""restore_best_weights"": true, ""verbose"": 0}, ""cv"": {""k"": 3, ""seed"": 42, ""shuffle"": true}, ""data"": {""train_path"": ""data/MONK/MONK1/monks-1.train""}, ""model"": {""activation"": ""tanh"", ""dropout"": 0.0, ""hidden_units"": [8]}, ""optim"": {""lr"": 0.2, ""momentum"": 0.0, ""name"": ""sgd""}, ""regularizer"": {""l2"": 0.0}, ""seed"": 42, ""split"": {""stratified"": true, ""val_size"": 0.2}, ""training"": {""batch_size"": 32, ""epochs"": 800, ""include_reg_in_val"": false, ""shuffle"": true}}"
9dc291112774,1,0.06276724310205696,0.0,0.06276724310205696,0.0,1.0,0.0,242.0,0.0,"{""callbacks"": {""early_stopping"": true, ""min_delta"": 0.0, ""mode"": ""auto"", ""monitor"": ""val_loss"", ""patience"": 40, ""restore_best_weights"": true, ""verbose"": 0}, ""cv"": {""k"": 3, ""seed"": 42, ""shuffle"": true}, ""data"": {""train_path"": ""data/MONK/MONK1/monks-1.train""}, ""model"": {""activation"": ""relu"", ""dropout"": 0.0, ""hidden_units"": [8, 4]}, ""optim"": {""lr"": 0.1, ""momentum"": 0.1, ""name"": ""sgd""}, ""regularizer"": {""l2"": ""1e-3""}, ""seed"": 42, ""split"": {""stratified"": true, ""val_size"": 0.2}, ""training"": {""batch_size"": 32, ""epochs"": 800, ""include_reg_in_val"": false, ""shuffle"": true}}"
b6736b78fefc,1,0.06284174320078179,0.0,0.06284174320078179,0.0,1.0,0.0,153.0,0.0,"{""callbacks"": {""early_stopping"": true, ""min_delta"": 0.0, ""mode"": ""auto"", ""monitor"": ""val_loss"", ""patience"": 40, ""restore_best_weights"": true, ""verbose"": 0}, ""cv"": {""k"": 3, ""seed"": 42, ""shuffle"": true}, ""data"": {""train_path"": ""data/MONK/MONK1/monks-1.train""}, ""model"": {""activation"": ""tanh"", ""dropout"": 0.2, ""hidden_units"": [8]}, ""optim"": {""lr"": 0.1, ""momentum"": 0.9, ""name"": ""sgd""}, ""regularizer"": {""l2"": ""1e-3""}, ""seed"": 42, ""split"": {""stratified"": true, ""val_size"": 0.2}, ""training"": {""batch_size"": 32, ""epochs"": 800, ""include_reg_in_val"": false, ""shuffle"": true}}"
cefa2d26aaeb,1,0.0630774680647954,0.0,0.0630774680647954,0.0,0.96,0.0,104.0,0.0,"{""callbacks"": {""early_stopping"": true, ""min_delta"": 0.0, ""mode"": ""auto"", ""monitor"": ""val_loss"", ""patience"": 40, ""restore_best_weights"": true, ""verbose"": 0}, ""cv"": {""k"": 3, ""seed"": 42, ""shuffle"": true}, ""data"": {""train_path"": ""data/MONK/MONK1/monks-1.train""}, ""model"": {""activation"": ""tanh"", ""dropout"": 0.0, ""hidden_units"": [8, 4]}, ""optim"": {""lr"": 0.2, ""momentum"": 0.1, ""name"": ""sgd""}, ""regularizer"": {""l2"": 0.0}, ""seed"": 42, ""split"": {""stratified"": true, ""val_size"": 0.2}, ""training"": {""batch_size"": 16, ""epochs"": 800, ""include_reg_in_val"": false, ""shuffle"": true}}"
59c811c3cedd,1,0.0639236779846415,0.0,0.0639236779846415,0.0,1.0,0.0,53.0,0.0,"{""callbacks"": {""early_stopping"": true, ""min_delta"": 0.0, ""mode"": ""auto"", ""monitor"": ""val_loss"", ""patience"": 40, ""restore_best_weights"": true, ""verbose"": 0}, ""cv"": {""k"": 3, ""seed"": 42, ""shuffle"": true}, ""data"": {""train_path"": ""data/MONK/MONK1/monks-1.train""}, ""model"": {""activation"": ""tanh"", ""dropout"": 0.0, ""hidden_units"": [8]}, ""optim"": {""lr"": 0.2, ""momentum"": 0.9, ""name"": ""sgd""}, ""regularizer"": {""l2"": 0.0}, ""seed"": 42, ""split"": {""stratified"": true, ""val_size"": 0.2}, ""training"": {""batch_size"": 32, ""epochs"": 800, ""include_reg_in_val"": false, ""shuffle"": true}}"
3a77bb7afa16,1,0.06395638219935235,0.0,0.06395638219935235,0.0,0.96,0.0,104.0,0.0,"{""callbacks"": {""early_stopping"": true, ""min_delta"": 0.0, ""mode"": ""auto"", ""monitor"": ""val_loss"", ""patience"": 40, ""restore_best_weights"": true, ""verbose"": 0}, ""cv"": {""k"": 3, ""seed"": 42, ""shuffle"": true}, ""data"": {""train_path"": ""data/MONK/MONK1/monks-1.train""}, ""model"": {""activation"": ""tanh"", ""dropout"": 0.0, ""hidden_units"": [8, 4]}, ""optim"": {""lr"": 0.2, ""momentum"": 0.0, ""name"": ""sgd""}, ""regularizer"": {""l2"": ""1e-3""}, ""seed"": 42, ""split"": {""stratified"": true, ""val_size"": 0.2}, ""training"": {""batch_size"": 16, ""epochs"": 800, ""include_reg_in_val"": false, ""shuffle"": true}}"
44b5ad012ce2,1,0.06419894883911823,0.0,0.06419894883911823,0.0,1.0,0.0,173.0,0.0,"{""callbacks"": {""early_stopping"": true, ""min_delta"": 0.0, ""mode"": ""auto"", ""monitor"": ""val_loss"", ""patience"": 40, ""restore_best_weights"": true, ""verbose"": 0}, ""cv"": {""k"": 3, ""seed"": 42, ""shuffle"": true}, ""data"": {""train_path"": ""data/MONK/MONK1/monks-1.train""}, ""model"": {""activation"": ""relu"", ""dropout"": 0.2, ""hidden_units"": [8, 4]}, ""optim"": {""lr"": 0.2, ""momentum"": 0.1, ""name"": ""sgd""}, ""regularizer"": {""l2"": 0.0}, ""seed"": 42, ""split"": {""stratified"": true, ""val_size"": 0.2}, ""training"": {""batch_size"": 32, ""epochs"": 800, ""include_reg_in_val"": false, ""shuffle"": true}}"
9a273ef5777c,1,0.06486509176330553,0.0,0.06486509176330553,0.0,1.0,0.0,242.0,0.0,"{""callbacks"": {""early_stopping"": true, ""min_delta"": 0.0, ""mode"": ""auto"", ""monitor"": ""val_loss"", ""patience"": 40, ""restore_best_weights"": true, ""verbose"": 0}, ""cv"": {""k"": 3, ""seed"": 42, ""shuffle"": true}, ""data"": {""train_path"": ""data/MONK/MONK1/monks-1.train""}, ""model"": {""activation"": ""relu"", ""dropout"": 0.0, ""hidden_units"": [8, 4]}, ""optim"": {""lr"": 0.1, ""momentum"": 0.1, ""name"": ""sgd""}, ""regularizer"": {""l2"": 0.0}, ""seed"": 42, ""split"": {""stratified"": true, ""val_size"": 0.2}, ""training"": {""batch_size"": 32, ""epochs"": 800, ""include_reg_in_val"": false, ""shuffle"": true}}"
2a78fc4857a9,1,0.065235277412677,0.0,0.065235277412677,0.0,1.0,0.0,103.0,0.0,"{""callbacks"": {""early_stopping"": true, ""min_delta"": 0.0, ""mode"": ""auto"", ""monitor"": ""val_loss"", ""patience"": 40, ""restore_best_weights"": true, ""verbose"": 0}, ""cv"": {""k"": 3, ""seed"": 42, ""shuffle"": true}, ""data"": {""train_path"": ""data/MONK/MONK1/monks-1.train""}, ""model"": {""activation"": ""relu"", ""dropout"": 0.0, ""hidden_units"": [8, 4]}, ""optim"": {""lr"": 0.1, ""momentum"": 0.0, ""name"": ""sgd""}, ""regularizer"": {""l2"": 0.0}, ""seed"": 42, ""split"": {""stratified"": true, ""val_size"": 0.2}, ""training"": {""batch_size"": 16, ""epochs"": 800, ""include_reg_in_val"": false, ""shuffle"": true}}"
f43e0f191879,1,0.06526248273914591,0.0,0.06526248273914591,0.0,1.0,0.0,800.0,0.0,"{""callbacks"": {""early_stopping"": true, ""min_delta"": 0.0, ""mode"": ""auto"", ""monitor"": ""val_loss"", ""patience"": 40, ""restore_best_weights"": true, ""verbose"": 0}, ""cv"": {""k"": 3, ""seed"": 42, ""shuffle"": true}, ""data"": {""train_path"": ""data/MONK/MONK1/monks-1.train""}, ""model"": {""activation"": ""relu"", ""dropout"": 0.0, ""hidden_units"": [8]}, ""optim"": {""lr"": 0.01, ""momentum"": 0.9, ""name"": ""sgd""}, ""regularizer"": {""l2"": ""1e-3""}, ""seed"": 42, ""split"": {""stratified"": true, ""val_size"": 0.2}, ""training"": {""batch_size"": 16, ""epochs"": 800, ""include_reg_in_val"": false, ""shuffle"": true}}"
de58571e9adc,1,0.06531475379120154,0.0,0.06531475379120154,0.0,1.0,0.0,425.0,0.0,"{""callbacks"": {""early_stopping"": true, ""min_delta"": 0.0, ""mode"": ""auto"", ""monitor"": ""val_loss"", ""patience"": 40, ""restore_best_weights"": true, ""verbose"": 0}, ""cv"": {""k"": 3, ""seed"": 42, ""shuffle"": true}, ""data"": {""train_path"": ""data/MONK/MONK1/monks-1.train""}, ""model"": {""activation"": ""relu"", ""dropout"": 0.2, ""hidden_units"": [8, 4]}, ""optim"": {""lr"": 0.1, ""momentum"": 0.1, ""name"": ""sgd""}, ""regularizer"": {""l2"": ""1e-2""}, ""seed"": 42, ""split"": {""stratified"": true, ""val_size"": 0.2}, ""training"": {""batch_size"": 32, ""epochs"": 800, ""include_reg_in_val"": false, ""shuffle"": true}}"
1b8a42ea2991,1,0.0659323992606529,0.0,0.0659323992606529,0.0,1.0,0.0,715.0,0.0,"{""callbacks"": {""early_stopping"": true, ""min_delta"": 0.0, ""mode"": ""auto"", ""monitor"": ""val_loss"", ""patience"": 40, ""restore_best_weights"": true, ""verbose"": 0}, ""cv"": {""k"": 3, ""seed"": 42, ""shuffle"": true}, ""data"": {""train_path"": ""data/MONK/MONK1/monks-1.train""}, ""model"": {""activation"": ""relu"", ""dropout"": 0.0, ""hidden_units"": [8]}, ""optim"": {""lr"": 0.1, ""momentum"": 0.0, ""name"": ""sgd""}, ""regularizer"": {""l2"": ""1e-3""}, ""seed"": 42, ""split"": {""stratified"": true, ""val_size"": 0.2}, ""training"": {""batch_size"": 16, ""epochs"": 800, ""include_reg_in_val"": false, ""shuffle"": true}}"
56893fa0d99d,1,0.06610255798051054,0.0,0.06610255798051054,0.0,0.96,0.0,104.0,0.0,"{""callbacks"": {""early_stopping"": true, ""min_delta"": 0.0, ""mode"": ""auto"", ""monitor"": ""val_loss"", ""patience"": 40, ""restore_best_weights"": true, ""verbose"": 0}, ""cv"": {""k"": 3, ""seed"": 42, ""shuffle"": true}, ""data"": {""train_path"": ""data/MONK/MONK1/monks-1.train""}, ""model"": {""activation"": ""tanh"", ""dropout"": 0.0, ""hidden_units"": [8, 4]}, ""optim"": {""lr"": 0.2, ""momentum"": 0.0, ""name"": ""sgd""}, ""regularizer"": {""l2"": 0.0}, ""seed"": 42, ""split"": {""stratified"": true, ""val_size"": 0.2}, ""training"": {""batch_size"": 16, ""epochs"": 800, ""include_reg_in_val"": false, ""shuffle"": true}}"
022fb6bfc400,1,0.06622986499967477,0.0,0.06622986499967477,0.0,0.96,0.0,103.0,0.0,"{""callbacks"": {""early_stopping"": true, ""min_delta"": 0.0, ""mode"": ""auto"", ""monitor"": ""val_loss"", ""patience"": 40, ""restore_best_weights"": true, ""verbose"": 0}, ""cv"": {""k"": 3, ""seed"": 42, ""shuffle"": true}, ""data"": {""train_path"": ""data/MONK/MONK1/monks-1.train""}, ""model"": {""activation"": ""relu"", ""dropout"": 0.0, ""hidden_units"": [8, 4]}, ""optim"": {""lr"": 0.2, ""momentum"": 0.0, ""name"": ""sgd""}, ""regularizer"": {""l2"": 0.0}, ""seed"": 42, ""split"": {""stratified"": true, ""val_size"": 0.2}, ""training"": {""batch_size"": 32, ""epochs"": 800, ""include_reg_in_val"": false, ""shuffle"": true}}"
b16e218a5d21,1,0.0667959647503503,0.0,0.0667959647503503,0.0,1.0,0.0,103.0,0.0,"{""callbacks"": {""early_stopping"": true, ""min_delta"": 0.0, ""mode"": ""auto"", ""monitor"": ""val_loss"", ""patience"": 40, ""restore_best_weights"": true, ""verbose"": 0}, ""cv"": {""k"": 3, ""seed"": 42, ""shuffle"": true}, ""data"": {""train_path"": ""data/MONK/MONK1/monks-1.train""}, ""model"": {""activation"": ""relu"", ""dropout"": 0.0, ""hidden_units"": [8, 4]}, ""optim"": {""lr"": 0.2, ""momentum"": 0.1, ""name"": ""sgd""}, ""regularizer"": {""l2"": ""1e-3""}, ""seed"": 42, ""split"": {""stratified"": true, ""val_size"": 0.2}, ""training"": {""batch_size"": 32, ""epochs"": 800, ""include_reg_in_val"": false, ""shuffle"": true}}"
16d4ecb8e00c,1,0.0671195981086475,0.0,0.0671195981086475,0.0,1.0,0.0,105.0,0.0,"{""callbacks"": {""early_stopping"": true, ""min_delta"": 0.0, ""mode"": ""auto"", ""monitor"": ""val_loss"", ""patience"": 40, ""restore_best_weights"": true, ""verbose"": 0}, ""cv"": {""k"": 3, ""seed"": 42, ""shuffle"": true}, ""data"": {""train_path"": ""data/MONK/MONK1/monks-1.train""}, ""model"": {""activation"": ""tanh"", ""dropout"": 0.0, ""hidden_units"": [8]}, ""optim"": {""lr"": 0.1, ""momentum"": 0.9, ""name"": ""sgd""}, ""regularizer"": {""l2"": ""1e-3""}, ""seed"": 42, ""split"": {""stratified"": true, ""val_size"": 0.2}, ""training"": {""batch_size"": 32, ""epochs"": 800, ""include_reg_in_val"": false, ""shuffle"": true}}"
2aa02dc27160,1,0.06782208230532452,0.0,0.06782208230532452,0.0,1.0,0.0,53.0,0.0,"{""callbacks"": {""early_stopping"": true, ""min_delta"": 0.0, ""mode"": ""auto"", ""monitor"": ""val_loss"", ""patience"": 40, ""restore_best_weights"": true, ""verbose"": 0}, ""cv"": {""k"": 3, ""seed"": 42, ""shuffle"": true}, ""data"": {""train_path"": ""data/MONK/MONK1/monks-1.train""}, ""model"": {""activation"": ""tanh"", ""dropout"": 0.0, ""hidden_units"": [8]}, ""optim"": {""lr"": 0.2, ""momentum"": 0.9, ""name"": ""sgd""}, ""regularizer"": {""l2"": ""1e-3""}, ""seed"": 42, ""split"": {""stratified"": true, ""val_size"": 0.2}, ""training"": {""batch_size"": 32, ""epochs"": 800, ""include_reg_in_val"": false, ""shuffle"": true}}"
73dafd8986c0,1,0.06845633115952719,0.0,0.06845633115952719,0.0,0.96,0.0,104.0,0.0,"{""callbacks"": {""early_stopping"": true, ""min_delta"": 0.0, ""mode"": ""auto"", ""monitor"": ""val_loss"", ""patience"": 40, ""restore_best_weights"": true, ""verbose"": 0}, ""cv"": {""k"": 3, ""seed"": 42, ""shuffle"": true}, ""data"": {""train_path"": ""data/MONK/MONK1/monks-1.train""}, ""model"": {""activation"": ""tanh"", ""dropout"": 0.0, ""hidden_units"": [8, 4]}, ""optim"": {""lr"": 0.2, ""momentum"": 0.1, ""name"": ""sgd""}, ""regularizer"": {""l2"": ""1e-3""}, ""seed"": 42, ""split"": {""stratified"": true, ""val_size"": 0.2}, ""training"": {""batch_size"": 32, ""epochs"": 800, ""include_reg_in_val"": false, ""shuffle"": true}}"
afd87a913dcd,1,0.06863351332239166,0.0,0.06863351332239166,0.0,1.0,0.0,79.0,0.0,"{""callbacks"": {""early_stopping"": true, ""min_delta"": 0.0, ""mode"": ""auto"", ""monitor"": ""val_loss"", ""patience"": 40, ""restore_best_weights"": true, ""verbose"": 0}, ""cv"": {""k"": 3, ""seed"": 42, ""shuffle"": true}, ""data"": {""train_path"": ""data/MONK/MONK1/monks-1.train""}, ""model"": {""activation"": ""relu"", ""dropout"": 0.0, ""hidden_units"": [8, 4]}, ""optim"": {""lr"": 0.1, ""momentum"": 0.1, ""name"": ""sgd""}, ""regularizer"": {""l2"": 0.0}, ""seed"": 42, ""split"": {""stratified"": true, ""val_size"": 0.2}, ""training"": {""batch_size"": 16, ""epochs"": 800, ""include_reg_in_val"": false, ""shuffle"": true}}"
5fdff81f1857,1,0.06892757346461785,0.0,0.06892757346461785,0.0,0.96,0.0,104.0,0.0,"{""callbacks"": {""early_stopping"": true, ""min_delta"": 0.0, ""mode"": ""auto"", ""monitor"": ""val_loss"", ""patience"": 40, ""restore_best_weights"": true, ""verbose"": 0}, ""cv"": {""k"": 3, ""seed"": 42, ""shuffle"": true}, ""data"": {""train_path"": ""data/MONK/MONK1/monks-1.train""}, ""model"": {""activation"": ""tanh"", ""dropout"": 0.0, ""hidden_units"": [8, 4]}, ""optim"": {""lr"": 0.2, ""momentum"": 0.1, ""name"": ""sgd""}, ""regularizer"": {""l2"": 0.0}, ""seed"": 42, ""split"": {""stratified"": true, ""val_size"": 0.2}, ""training"": {""batch_size"": 32, ""epochs"": 800, ""include_reg_in_val"": false, ""shuffle"": true}}"
82eea9590cd3,1,0.06926607203767675,0.0,0.06926607203767675,0.0,0.96,0.0,56.0,0.0,"{""callbacks"": {""early_stopping"": true, ""min_delta"": 0.0, ""mode"": ""auto"", ""monitor"": ""val_loss"", ""patience"": 40, ""restore_best_weights"": true, ""verbose"": 0}, ""cv"": {""k"": 3, ""seed"": 42, ""shuffle"": true}, ""data"": {""train_path"": ""data/MONK/MONK1/monks-1.train""}, ""model"": {""activation"": ""relu"", ""dropout"": 0.0, ""hidden_units"": [8, 4]}, ""optim"": {""lr"": 0.2, ""momentum"": 0.0, ""name"": ""sgd""}, ""regularizer"": {""l2"": ""1e-3""}, ""seed"": 42, ""split"": {""stratified"": true, ""val_size"": 0.2}, ""training"": {""batch_size"": 16, ""epochs"": 800, ""include_reg_in_val"": false, ""shuffle"": true}}"
ad9c796dbea9,1,0.06928678495432923,0.0,0.06928678495432923,0.0,1.0,0.0,103.0,0.0,"{""callbacks"": {""early_stopping"": true, ""min_delta"": 0.0, ""mode"": ""auto"", ""monitor"": ""val_loss"", ""patience"": 40, ""restore_best_weights"": true, ""verbose"": 0}, ""cv"": {""k"": 3, ""seed"": 42, ""shuffle"": true}, ""data"": {""train_path"": ""data/MONK/MONK1/monks-1.train""}, ""model"": {""activation"": ""relu"", ""dropout"": 0.0, ""hidden_units"": [8, 4]}, ""optim"": {""lr"": 0.1, ""momentum"": 0.0, ""name"": ""sgd""}, ""regularizer"": {""l2"": ""1e-3""}, ""seed"": 42, ""split"": {""stratified"": true, ""val_size"": 0.2}, ""training"": {""batch_size"": 16, ""epochs"": 800, ""include_reg_in_val"": false, ""shuffle"": true}}"
592c1a9892f8,1,0.07002656307347299,0.0,0.07002656307347299,0.0,0.96,0.0,800.0,0.0,"{""callbacks"": {""early_stopping"": true, ""min_delta"": 0.0, ""mode"": ""auto"", ""monitor"": ""val_loss"", ""patience"": 40, ""restore_best_weights"": true, ""verbose"": 0}, ""cv"": {""k"": 3, ""seed"": 42, ""shuffle"": true}, ""data"": {""train_path"": ""data/MONK/MONK1/monks-1.train""}, ""model"": {""activation"": ""relu"", ""dropout"": 0.0, ""hidden_units"": [8]}, ""optim"": {""lr"": 0.1, ""momentum"": 0.9, ""name"": ""sgd""}, ""regularizer"": {""l2"": 0.0}, ""seed"": 42, ""split"": {""stratified"": true, ""val_size"": 0.2}, ""training"": {""batch_size"": 16, ""epochs"": 800, ""include_reg_in_val"": false, ""shuffle"": true}}"
991c62444f19,1,0.07015242577012741,0.0,0.07015242577012741,0.0,1.0,0.0,414.0,0.0,"{""callbacks"": {""early_stopping"": true, ""min_delta"": 0.0, ""mode"": ""auto"", ""monitor"": ""val_loss"", ""patience"": 40, ""restore_best_weights"": true, ""verbose"": 0}, ""cv"": {""k"": 3, ""seed"": 42, ""shuffle"": true}, ""data"": {""train_path"": ""data/MONK/MONK1/monks-1.train""}, ""model"": {""activation"": ""relu"", ""dropout"": 0.0, ""hidden_units"": [8, 4]}, ""optim"": {""lr"": 0.1, ""momentum"": 0.1, ""name"": ""sgd""}, ""regularizer"": {""l2"": ""1e-2""}, ""seed"": 42, ""split"": {""stratified"": true, ""val_size"": 0.2}, ""training"": {""batch_size"": 16, ""epochs"": 800, ""include_reg_in_val"": false, ""shuffle"": true}}"
ce3a5a403888,1,0.07015471936687179,0.0,0.07015471936687179,0.0,0.96,0.0,214.0,0.0,"{""callbacks"": {""early_stopping"": true, ""min_delta"": 0.0, ""mode"": ""auto"", ""monitor"": ""val_loss"", ""patience"": 40, ""restore_best_weights"": true, ""verbose"": 0}, ""cv"": {""k"": 3, ""seed"": 42, ""shuffle"": true}, ""data"": {""train_path"": ""data/MONK/MONK1/monks-1.train""}, ""model"": {""activation"": ""relu"", ""dropout"": 0.0, ""hidden_units"": [8, 4]}, ""optim"": {""lr"": 0.01, ""momentum"": 0.9, ""name"": ""sgd""}, ""regularizer"": {""l2"": 0.0}, ""seed"": 42, ""split"": {""stratified"": true, ""val_size"": 0.2}, ""training"": {""batch_size"": 32, ""epochs"": 800, ""include_reg_in_val"": false, ""shuffle"": true}}"
39a7521f9e2c,1,0.07038916535309298,0.0,0.07038916535309298,0.0,1.0,0.0,145.0,0.0,"{""callbacks"": {""early_stopping"": true, ""min_delta"": 0.0, ""mode"": ""auto"", ""monitor"": ""val_loss"", ""patience"": 40, ""restore_best_weights"": true, ""verbose"": 0}, ""cv"": {""k"": 3, ""seed"": 42, ""shuffle"": true}, ""data"": {""train_path"": ""data/MONK/MONK1/monks-1.train""}, ""model"": {""activation"": ""sigmoid"", ""dropout"": 0.0, ""hidden_units"": [8, 4]}, ""optim"": {""lr"": 0.2, ""momentum"": 0.9, ""name"": ""sgd""}, ""regularizer"": {""l2"": ""1e-3""}, ""seed"": 42, ""split"": {""stratified"": true, ""val_size"": 0.2}, ""training"": {""batch_size"": 16, ""epochs"": 800, ""include_reg_in_val"": false, ""shuffle"": true}}"
2e78bc1b25bd,1,0.0707275906566266,0.0,0.0707275906566266,0.0,1.0,0.0,22.0,0.0,"{""callbacks"": {""early_stopping"": true, ""min_delta"": 0.0, ""mode"": ""auto"", ""monitor"": ""val_loss"", ""patience"": 40, ""restore_best_weights"": true, ""verbose"": 0}, ""cv"": {""k"": 3, ""seed"": 42, ""shuffle"": true}, ""data"": {""train_path"": ""data/MONK/MONK1/monks-1.train""}, ""model"": {""activation"": ""tanh"", ""dropout"": 0.0, ""hidden_units"": [8, 4]}, ""optim"": {""lr"": 0.2, ""momentum"": 0.9, ""name"": ""sgd""}, ""regularizer"": {""l2"": ""1e-3""}, ""seed"": 42, ""split"": {""stratified"": true, ""val_size"": 0.2}, ""training"": {""batch_size"": 32, ""epochs"": 800, ""include_reg_in_val"": false, ""shuffle"": true}}"
d5f1e7b1dd56,1,0.07148285335536168,0.0,0.07148285335536168,0.0,0.96,0.0,104.0,0.0,"{""callbacks"": {""early_stopping"": true, ""min_delta"": 0.0, ""mode"": ""auto"", ""monitor"": ""val_loss"", ""patience"": 40, ""restore_best_weights"": true, ""verbose"": 0}, ""cv"": {""k"": 3, ""seed"": 42, ""shuffle"": true}, ""data"": {""train_path"": ""data/MONK/MONK1/monks-1.train""}, ""model"": {""activation"": ""tanh"", ""dropout"": 0.0, ""hidden_units"": [8, 4]}, ""optim"": {""lr"": 0.2, ""momentum"": 0.0, ""name"": ""sgd""}, ""regularizer"": {""l2"": ""1e-3""}, ""seed"": 42, ""split"": {""stratified"": true, ""val_size"": 0.2}, ""training"": {""batch_size"": 32, ""epochs"": 800, ""include_reg_in_val"": false, ""shuffle"": true}}"
e4d77a85303a,1,0.07159124819043244,0.0,0.07159124819043244,0.0,0.96,0.0,242.0,0.0,"{""callbacks"": {""early_stopping"": true, ""min_delta"": 0.0, ""mode"": ""auto"", ""monitor"": ""val_loss"", ""patience"": 40, ""restore_best_weights"": true, ""verbose"": 0}, ""cv"": {""k"": 3, ""seed"": 42, ""shuffle"": true}, ""data"": {""train_path"": ""data/MONK/MONK1/monks-1.train""}, ""model"": {""activation"": ""tanh"", ""dropout"": 0.0, ""hidden_units"": [8, 4]}, ""optim"": {""lr"": 0.1, ""momentum"": 0.1, ""name"": ""sgd""}, ""regularizer"": {""l2"": ""1e-3""}, ""seed"": 42, ""split"": {""stratified"": true, ""val_size"": 0.2}, ""training"": {""batch_size"": 32, ""epochs"": 800, ""include_reg_in_val"": false, ""shuffle"": true}}"
8d5329d70341,1,0.07178624927568529,0.0,0.07178624927568529,0.0,0.96,0.0,104.0,0.0,"{""callbacks"": {""early_stopping"": true, ""min_delta"": 0.0, ""mode"": ""auto"", ""monitor"": ""val_loss"", ""patience"": 40, ""restore_best_weights"": true, ""verbose"": 0}, ""cv"": {""k"": 3, ""seed"": 42, ""shuffle"": true}, ""data"": {""train_path"": ""data/MONK/MONK1/monks-1.train""}, ""model"": {""activation"": ""tanh"", ""dropout"": 0.0, ""hidden_units"": [8, 4]}, ""optim"": {""lr"": 0.2, ""momentum"": 0.0, ""name"": ""sgd""}, ""regularizer"": {""l2"": 0.0}, ""seed"": 42, ""split"": {""stratified"": true, ""val_size"": 0.2}, ""training"": {""batch_size"": 32, ""epochs"": 800, ""include_reg_in_val"": false, ""shuffle"": true}}"
3561f5b0afd7,1,0.07198285316179413,0.0,0.07198285316179413,0.0,0.96,0.0,545.0,0.0,"{""callbacks"": {""early_stopping"": true, ""min_delta"": 0.0, ""mode"": ""auto"", ""monitor"": ""val_loss"", ""patience"": 40, ""restore_best_weights"": true, ""verbose"": 0}, ""cv"": {""k"": 3, ""seed"": 42, ""shuffle"": true}, ""data"": {""train_path"": ""data/MONK/MONK1/monks-1.train""}, ""model"": {""activation"": ""tanh"", ""dropout"": 0.0, ""hidden_units"": [8]}, ""optim"": {""lr"": 0.1, ""momentum"": 0.1, ""name"": ""sgd""}, ""regularizer"": {""l2"": 0.0}, ""seed"": 42, ""split"": {""stratified"": true, ""val_size"": 0.2}, ""training"": {""batch_size"": 32, ""epochs"": 800, ""include_reg_in_val"": false, ""shuffle"": true}}"
2f902de00c24,1,0.07306656071156435,0.0,0.07306656071156435,0.0,1.0,0.0,173.0,0.0,"{""callbacks"": {""early_stopping"": true, ""min_delta"": 0.0, ""mode"": ""auto"", ""monitor"": ""val_loss"", ""patience"": 40, ""restore_best_weights"": true, ""verbose"": 0}, ""cv"": {""k"": 3, ""seed"": 42, ""shuffle"": true}, ""data"": {""train_path"": ""data/MONK/MONK1/monks-1.train""}, ""model"": {""activation"": ""relu"", ""dropout"": 0.2, ""hidden_units"": [8, 4]}, ""optim"": {""lr"": 0.2, ""momentum"": 0.1, ""name"": ""sgd""}, ""regularizer"": {""l2"": ""1e-2""}, ""seed"": 42, ""split"": {""stratified"": true, ""val_size"": 0.2}, ""training"": {""batch_size"": 16, ""epochs"": 800, ""include_reg_in_val"": false, ""shuffle"": true}}"
3bc25874d239,1,0.07342613570615412,0.0,0.07342613570615412,0.0,1.0,0.0,173.0,0.0,"{""callbacks"": {""early_stopping"": true, ""min_delta"": 0.0, ""mode"": ""auto"", ""monitor"": ""val_loss"", ""patience"": 40, ""restore_best_weights"": true, ""verbose"": 0}, ""cv"": {""k"": 3, ""seed"": 42, ""shuffle"": true}, ""data"": {""train_path"": ""data/MONK/MONK1/monks-1.train""}, ""model"": {""activation"": ""relu"", ""dropout"": 0.2, ""hidden_units"": [8, 4]}, ""optim"": {""lr"": 0.2, ""momentum"": 0.0, ""name"": ""sgd""}, ""regularizer"": {""l2"": ""1e-2""}, ""seed"": 42, ""split"": {""stratified"": true, ""val_size"": 0.2}, ""training"": {""batch_size"": 16, ""epochs"": 800, ""include_reg_in_val"": false, ""shuffle"": true}}"
74e967125c37,1,0.07399024634599245,0.0,0.07399024634599245,0.0,0.96,0.0,242.0,0.0,"{""callbacks"": {""early_stopping"": true, ""min_delta"": 0.0, ""mode"": ""auto"", ""monitor"": ""val_loss"", ""patience"": 40, ""restore_best_weights"": true, ""verbose"": 0}, ""cv"": {""k"": 3, ""seed"": 42, ""shuffle"": true}, ""data"": {""train_path"": ""data/MONK/MONK1/monks-1.train""}, ""model"": {""activation"": ""tanh"", ""dropout"": 0.0, ""hidden_units"": [8, 4]}, ""optim"": {""lr"": 0.1, ""momentum"": 0.0, ""name"": ""sgd""}, ""regularizer"": {""l2"": ""1e-3""}, ""seed"": 42, ""split"": {""stratified"": true, ""val_size"": 0.2}, ""training"": {""batch_size"": 32, ""epochs"": 800, ""include_reg_in_val"": false, ""shuffle"": true}}"
69f1a9277359,1,0.07472116570437733,0.0,0.07472116570437733,0.0,1.0,0.0,114.0,0.0,"{""callbacks"": {""early_stopping"": true, ""min_delta"": 0.0, ""mode"": ""auto"", ""monitor"": ""val_loss"", ""patience"": 40, ""restore_best_weights"": true, ""verbose"": 0}, ""cv"": {""k"": 3, ""seed"": 42, ""shuffle"": true}, ""data"": {""train_path"": ""data/MONK/MONK1/monks-1.train""}, ""model"": {""activation"": ""relu"", ""dropout"": 0.0, ""hidden_units"": [8, 4]}, ""optim"": {""lr"": 0.2, ""momentum"": 0.9, ""name"": ""sgd""}, ""regularizer"": {""l2"": ""1e-2""}, ""seed"": 42, ""split"": {""stratified"": true, ""val_size"": 0.2}, ""training"": {""batch_size"": 16, ""epochs"": 800, ""include_reg_in_val"": false, ""shuffle"": true}}"
09b3645206e0,1,0.07481438615667678,0.0,0.07481438615667678,0.0,1.0,0.0,252.0,0.0,"{""callbacks"": {""early_stopping"": true, ""min_delta"": 0.0, ""mode"": ""auto"", ""monitor"": ""val_loss"", ""patience"": 40, ""restore_best_weights"": true, ""verbose"": 0}, ""cv"": {""k"": 3, ""seed"": 42, ""shuffle"": true}, ""data"": {""train_path"": ""data/MONK/MONK1/monks-1.train""}, ""model"": {""activation"": ""relu"", ""dropout"": 0.2, ""hidden_units"": [8, 4]}, ""optim"": {""lr"": 0.1, ""momentum"": 0.1, ""name"": ""sgd""}, ""regularizer"": {""l2"": ""1e-2""}, ""seed"": 42, ""split"": {""stratified"": true, ""val_size"": 0.2}, ""training"": {""batch_size"": 16, ""epochs"": 800, ""include_reg_in_val"": false, ""shuffle"": true}}"
b0cd7da591a8,1,0.07483724010359048,0.0,0.07483724010359048,0.0,1.0,0.0,242.0,0.0,"{""callbacks"": {""early_stopping"": true, ""min_delta"": 0.0, ""mode"": ""auto"", ""monitor"": ""val_loss"", ""patience"": 40, ""restore_best_weights"": true, ""verbose"": 0}, ""cv"": {""k"": 3, ""seed"": 42, ""shuffle"": true}, ""data"": {""train_path"": ""data/MONK/MONK1/monks-1.train""}, ""model"": {""activation"": ""tanh"", ""dropout"": 0.0, ""hidden_units"": [8]}, ""optim"": {""lr"": 0.2, ""momentum"": 0.1, ""name"": ""sgd""}, ""regularizer"": {""l2"": ""1e-3""}, ""seed"": 42, ""split"": {""stratified"": true, ""val_size"": 0.2}, ""training"": {""batch_size"": 32, ""epochs"": 800, ""include_reg_in_val"": false, ""shuffle"": true}}"
c909c1f7aa23,1,0.07495268301550671,0.0,0.07495268301550671,0.0,0.96,0.0,242.0,0.0,"{""callbacks"": {""early_stopping"": true, ""min_delta"": 0.0, ""mode"": ""auto"", ""monitor"": ""val_loss"", ""patience"": 40, ""restore_best_weights"": true, ""verbose"": 0}, ""cv"": {""k"": 3, ""seed"": 42, ""shuffle"": true}, ""data"": {""train_path"": ""data/MONK/MONK1/monks-1.train""}, ""model"": {""activation"": ""tanh"", ""dropout"": 0.0, ""hidden_units"": [8, 4]}, ""optim"": {""lr"": 0.1, ""momentum"": 0.1, ""name"": ""sgd""}, ""regularizer"": {""l2"": 0.0}, ""seed"": 42, ""split"": {""stratified"": true, ""val_size"": 0.2}, ""training"": {""batch_size"": 32, ""epochs"": 800, ""include_reg_in_val"": false, ""shuffle"": true}}"
718d39e34cec,1,0.07499501842005912,0.0,0.07499501842005912,0.0,1.0,0.0,244.0,0.0,"{""callbacks"": {""early_stopping"": true, ""min_delta"": 0.0, ""mode"": ""auto"", ""monitor"": ""val_loss"", ""patience"": 40, ""restore_best_weights"": true, ""verbose"": 0}, ""cv"": {""k"": 3, ""seed"": 42, ""shuffle"": true}, ""data"": {""train_path"": ""data/MONK/MONK1/monks-1.train""}, ""model"": {""activation"": ""relu"", ""dropout"": 0.2, ""hidden_units"": [8]}, ""optim"": {""lr"": 0.01, ""momentum"": 0.9, ""name"": ""sgd""}, ""regularizer"": {""l2"": 0.0}, ""seed"": 42, ""split"": {""stratified"": true, ""val_size"": 0.2}, ""training"": {""batch_size"": 16, ""epochs"": 800, ""include_reg_in_val"": false, ""shuffle"": true}}"
33a9b13b1661,1,0.07514481693308127,0.0,0.07514481693308127,0.0,1.0,0.0,396.0,0.0,"{""callbacks"": {""early_stopping"": true, ""min_delta"": 0.0, ""mode"": ""auto"", ""monitor"": ""val_loss"", ""patience"": 40, ""restore_best_weights"": true, ""verbose"": 0}, ""cv"": {""k"": 3, ""seed"": 42, ""shuffle"": true}, ""data"": {""train_path"": ""data/MONK/MONK1/monks-1.train""}, ""model"": {""activation"": ""sigmoid"", ""dropout"": 0.2, ""hidden_units"": [8]}, ""optim"": {""lr"": 0.1, ""momentum"": 0.9, ""name"": ""sgd""}, ""regularizer"": {""l2"": 0.0}, ""seed"": 42, ""split"": {""stratified"": true, ""val_size"": 0.2}, ""training"": {""batch_size"": 32, ""epochs"": 800, ""include_reg_in_val"": false, ""shuffle"": true}}"
59c21348545c,1,0.07538459995729563,0.0,0.07538459995729563,0.0,1.0,0.0,223.0,0.0,"{""callbacks"": {""early_stopping"": true, ""min_delta"": 0.0, ""mode"": ""auto"", ""monitor"": ""val_loss"", ""patience"": 40, ""restore_best_weights"": true, ""verbose"": 0}, ""cv"": {""k"": 3, ""seed"": 42, ""shuffle"": true}, ""data"": {""train_path"": ""data/MONK/MONK1/monks-1.train""}, ""model"": {""activation"": ""relu"", ""dropout"": 0.2, ""hidden_units"": [4]}, ""optim"": {""lr"": 0.1, ""momentum"": 0.9, ""name"": ""sgd""}, ""regularizer"": {""l2"": ""1e-3""}, ""seed"": 42, ""split"": {""stratified"": true, ""val_size"": 0.2}, ""training"": {""batch_size"": 16, ""epochs"": 800, ""include_reg_in_val"": false, ""shuffle"": true}}"
2c5f17467c32,1,0.07554216456199411,0.0,0.07554216456199411,0.0,1.0,0.0,105.0,0.0,"{""callbacks"": {""early_stopping"": true, ""min_delta"": 0.0, ""mode"": ""auto"", ""monitor"": ""val_loss"", ""patience"": 40, ""restore_best_weights"": true, ""verbose"": 0}, ""cv"": {""k"": 3, ""seed"": 42, ""shuffle"": true}, ""data"": {""train_path"": ""data/MONK/MONK1/monks-1.train""}, ""model"": {""activation"": ""relu"", ""dropout"": 0.0, ""hidden_units"": [4]}, ""optim"": {""lr"": 0.1, ""momentum"": 0.9, ""name"": ""sgd""}, ""regularizer"": {""l2"": ""1e-3""}, ""seed"": 42, ""split"": {""stratified"": true, ""val_size"": 0.2}, ""training"": {""batch_size"": 32, ""epochs"": 800, ""include_reg_in_val"": false, ""shuffle"": true}}"
355de82f8aa9,1,0.07563654251930109,0.0,0.07563654251930109,0.0,0.96,0.0,56.0,0.0,"{""callbacks"": {""early_stopping"": true, ""min_delta"": 0.0, ""mode"": ""auto"", ""monitor"": ""val_loss"", ""patience"": 40, ""restore_best_weights"": true, ""verbose"": 0}, ""cv"": {""k"": 3, ""seed"": 42, ""shuffle"": true}, ""data"": {""train_path"": ""data/MONK/MONK1/monks-1.train""}, ""model"": {""activation"": ""relu"", ""dropout"": 0.0, ""hidden_units"": [8, 4]}, ""optim"": {""lr"": 0.2, ""momentum"": 0.1, ""name"": ""sgd""}, ""regularizer"": {""l2"": ""1e-3""}, ""seed"": 42, ""split"": {""stratified"": true, ""val_size"": 0.2}, ""training"": {""batch_size"": 16, ""epochs"": 800, ""include_reg_in_val"": false, ""shuffle"": true}}"
9998c3f78d25,1,0.07604085377327445,0.0,0.07604085377327445,0.0,0.96,0.0,88.0,0.0,"{""callbacks"": {""early_stopping"": true, ""min_delta"": 0.0, ""mode"": ""auto"", ""monitor"": ""val_loss"", ""patience"": 40, ""restore_best_weights"": true, ""verbose"": 0}, ""cv"": {""k"": 3, ""seed"": 42, ""shuffle"": true}, ""data"": {""train_path"": ""data/MONK/MONK1/monks-1.train""}, ""model"": {""activation"": ""relu"", ""dropout"": 0.0, ""hidden_units"": [8, 4]}, ""optim"": {""lr"": 0.2, ""momentum"": 0.1, ""name"": ""sgd""}, ""regularizer"": {""l2"": 0.0}, ""seed"": 42, ""split"": {""stratified"": true, ""val_size"": 0.2}, ""training"": {""batch_size"": 32, ""epochs"": 800, ""include_reg_in_val"": false, ""shuffle"": true}}"
5ce230c2eae7,1,0.07616126004247895,0.0,0.07616126004247895,0.0,1.0,0.0,187.0,0.0,"{""callbacks"": {""early_stopping"": true, ""min_delta"": 0.0, ""mode"": ""auto"", ""monitor"": ""val_loss"", ""patience"": 40, ""restore_best_weights"": true, ""verbose"": 0}, ""cv"": {""k"": 3, ""seed"": 42, ""shuffle"": true}, ""data"": {""train_path"": ""data/MONK/MONK1/monks-1.train""}, ""model"": {""activation"": ""relu"", ""dropout"": 0.2, ""hidden_units"": [8, 4]}, ""optim"": {""lr"": 0.2, ""momentum"": 0.0, ""name"": ""sgd""}, ""regularizer"": {""l2"": 0.0}, ""seed"": 42, ""split"": {""stratified"": true, ""val_size"": 0.2}, ""training"": {""batch_size"": 32, ""epochs"": 800, ""include_reg_in_val"": false, ""shuffle"": true}}"
adadb6c02b05,1,0.07630312397916338,0.0,0.07630312397916338,0.0,0.96,0.0,300.0,0.0,"{""callbacks"": {""early_stopping"": true, ""min_delta"": 0.0, ""mode"": ""auto"", ""monitor"": ""val_loss"", ""patience"": 40, ""restore_best_weights"": true, ""verbose"": 0}, ""cv"": {""k"": 3, ""seed"": 42, ""shuffle"": true}, ""data"": {""train_path"": ""data/MONK/MONK1/monks-1.train""}, ""model"": {""activation"": ""tanh"", ""dropout"": 0.0, ""hidden_units"": [8, 4]}, ""optim"": {""lr"": 0.01, ""momentum"": 0.9, ""name"": ""sgd""}, ""regularizer"": {""l2"": 0.0}, ""seed"": 42, ""split"": {""stratified"": true, ""val_size"": 0.2}, ""training"": {""batch_size"": 16, ""epochs"": 800, ""include_reg_in_val"": false, ""shuffle"": true}}"
e261d9e7ffd4,1,0.07688906904489706,0.0,0.07688906904489706,0.0,1.0,0.0,79.0,0.0,"{""callbacks"": {""early_stopping"": true, ""min_delta"": 0.0, ""mode"": ""auto"", ""monitor"": ""val_loss"", ""patience"": 40, ""restore_best_weights"": true, ""verbose"": 0}, ""cv"": {""k"": 3, ""seed"": 42, ""shuffle"": true}, ""data"": {""train_path"": ""data/MONK/MONK1/monks-1.train""}, ""model"": {""activation"": ""relu"", ""dropout"": 0.0, ""hidden_units"": [8, 4]}, ""optim"": {""lr"": 0.1, ""momentum"": 0.1, ""name"": ""sgd""}, ""regularizer"": {""l2"": ""1e-3""}, ""seed"": 42, ""split"": {""stratified"": true, ""val_size"": 0.2}, ""training"": {""batch_size"": 16, ""epochs"": 800, ""include_reg_in_val"": false, ""shuffle"": true}}"
fa986f83a79f,1,0.07701736759690615,0.0,0.07701736759690615,0.0,1.0,0.0,227.0,0.0,"{""callbacks"": {""early_stopping"": true, ""min_delta"": 0.0, ""mode"": ""auto"", ""monitor"": ""val_loss"", ""patience"": 40, ""restore_best_weights"": true, ""verbose"": 0}, ""cv"": {""k"": 3, ""seed"": 42, ""shuffle"": true}, ""data"": {""train_path"": ""data/MONK/MONK1/monks-1.train""}, ""model"": {""activation"": ""tanh"", ""dropout"": 0.2, ""hidden_units"": [8]}, ""optim"": {""lr"": 0.2, ""momentum"": 0.1, ""name"": ""sgd""}, ""regularizer"": {""l2"": 0.0}, ""seed"": 42, ""split"": {""stratified"": true, ""val_size"": 0.2}, ""training"": {""batch_size"": 32, ""epochs"": 800, ""include_reg_in_val"": false, ""shuffle"": true}}"
106497503b9c,1,0.077125553723304,0.0,0.077125553723304,0.0,0.96,0.0,242.0,0.0,"{""callbacks"": {""early_stopping"": true, ""min_delta"": 0.0, ""mode"": ""auto"", ""monitor"": ""val_loss"", ""patience"": 40, ""restore_best_weights"": true, ""verbose"": 0}, ""cv"": {""k"": 3, ""seed"": 42, ""shuffle"": true}, ""data"": {""train_path"": ""data/MONK/MONK1/monks-1.train""}, ""model"": {""activation"": ""tanh"", ""dropout"": 0.0, ""hidden_units"": [8, 4]}, ""optim"": {""lr"": 0.1, ""momentum"": 0.0, ""name"": ""sgd""}, ""regularizer"": {""l2"": 0.0}, ""seed"": 42, ""split"": {""stratified"": true, ""val_size"": 0.2}, ""training"": {""batch_size"": 32, ""epochs"": 800, ""include_reg_in_val"": false, ""shuffle"": true}}"
485407736bcb,1,0.07728622627957202,0.0,0.07728622627957202,0.0,0.96,0.0,158.0,0.0,"{""callbacks"": {""early_stopping"": true, ""min_delta"": 0.0, ""mode"": ""auto"", ""monitor"": ""val_loss"", ""patience"": 40, ""restore_best_weights"": true, ""verbose"": 0}, ""cv"": {""k"": 3, ""seed"": 42, ""shuffle"": true}, ""data"": {""train_path"": ""data/MONK/MONK1/monks-1.train""}, ""model"": {""activation"": ""tanh"", ""dropout"": 0.2, ""hidden_units"": [8, 4]}, ""optim"": {""lr"": 0.2, ""momentum"": 0.1, ""name"": ""sgd""}, ""regularizer"": {""l2"": 0.0}, ""seed"": 42, ""split"": {""stratified"": true, ""val_size"": 0.2}, ""training"": {""batch_size"": 16, ""epochs"": 800, ""include_reg_in_val"": false, ""shuffle"": true}}"
fa693b8de3b2,1,0.07825690974281418,0.0,0.07825690974281418,0.0,0.96,0.0,542.0,0.0,"{""callbacks"": {""early_stopping"": true, ""min_delta"": 0.0, ""mode"": ""auto"", ""monitor"": ""val_loss"", ""patience"": 40, ""restore_best_weights"": true, ""verbose"": 0}, ""cv"": {""k"": 3, ""seed"": 42, ""shuffle"": true}, ""data"": {""train_path"": ""data/MONK/MONK1/monks-1.train""}, ""model"": {""activation"": ""tanh"", ""dropout"": 0.0, ""hidden_units"": [8]}, ""optim"": {""lr"": 0.1, ""momentum"": 0.0, ""name"": ""sgd""}, ""regularizer"": {""l2"": 0.0}, ""seed"": 42, ""split"": {""stratified"": true, ""val_size"": 0.2}, ""training"": {""batch_size"": 32, ""epochs"": 800, ""include_reg_in_val"": false, ""shuffle"": true}}"
9ab9ff4ef45d,1,0.07836769163645185,0.0,0.07836769163645185,0.0,0.96,0.0,21.0,0.0,"{""callbacks"": {""early_stopping"": true, ""min_delta"": 0.0, ""mode"": ""auto"", ""monitor"": ""val_loss"", ""patience"": 40, ""restore_best_weights"": true, ""verbose"": 0}, ""cv"": {""k"": 3, ""seed"": 42, ""shuffle"": true}, ""data"": {""train_path"": ""data/MONK/MONK1/monks-1.train""}, ""model"": {""activation"": ""tanh"", ""dropout"": 0.0, ""hidden_units"": [8, 4]}, ""optim"": {""lr"": 0.1, ""momentum"": 0.9, ""name"": ""sgd""}, ""regularizer"": {""l2"": 0.0}, ""seed"": 42, ""split"": {""stratified"": true, ""val_size"": 0.2}, ""training"": {""batch_size"": 16, ""epochs"": 800, ""include_reg_in_val"": false, ""shuffle"": true}}"
de30ba645135,1,0.07868690790721525,0.0,0.07868690790721525,0.0,0.96,0.0,103.0,0.0,"{""callbacks"": {""early_stopping"": true, ""min_delta"": 0.0, ""mode"": ""auto"", ""monitor"": ""val_loss"", ""patience"": 40, ""restore_best_weights"": true, ""verbose"": 0}, ""cv"": {""k"": 3, ""seed"": 42, ""shuffle"": true}, ""data"": {""train_path"": ""data/MONK/MONK1/monks-1.train""}, ""model"": {""activation"": ""relu"", ""dropout"": 0.0, ""hidden_units"": [8, 4]}, ""optim"": {""lr"": 0.2, ""momentum"": 0.0, ""name"": ""sgd""}, ""regularizer"": {""l2"": ""1e-3""}, ""seed"": 42, ""split"": {""stratified"": true, ""val_size"": 0.2}, ""training"": {""batch_size"": 32, ""epochs"": 800, ""include_reg_in_val"": false, ""shuffle"": true}}"
bf16686454a5,1,0.07953356175589224,0.0,0.07953356175589224,0.0,1.0,0.0,269.0,0.0,"{""callbacks"": {""early_stopping"": true, ""min_delta"": 0.0, ""mode"": ""auto"", ""monitor"": ""val_loss"", ""patience"": 40, ""restore_best_weights"": true, ""verbose"": 0}, ""cv"": {""k"": 3, ""seed"": 42, ""shuffle"": true}, ""data"": {""train_path"": ""data/MONK/MONK1/monks-1.train""}, ""model"": {""activation"": ""relu"", ""dropout"": 0.2, ""hidden_units"": [8, 4]}, ""optim"": {""lr"": 0.1, ""momentum"": 0.0, ""name"": ""sgd""}, ""regularizer"": {""l2"": ""1e-2""}, ""seed"": 42, ""split"": {""stratified"": true, ""val_size"": 0.2}, ""training"": {""batch_size"": 16, ""epochs"": 800, ""include_reg_in_val"": false, ""shuffle"": true}}"
1cd03b64b00d,1,0.0796941758724438,0.0,0.0796941758724438,0.0,1.0,0.0,242.0,0.0,"{""callbacks"": {""early_stopping"": true, ""min_delta"": 0.0, ""mode"": ""auto"", ""monitor"": ""val_loss"", ""patience"": 40, ""restore_best_weights"": true, ""verbose"": 0}, ""cv"": {""k"": 3, ""seed"": 42, ""shuffle"": true}, ""data"": {""train_path"": ""data/MONK/MONK1/monks-1.train""}, ""model"": {""activation"": ""tanh"", ""dropout"": 0.0, ""hidden_units"": [8]}, ""optim"": {""lr"": 0.2, ""momentum"": 0.0, ""name"": ""sgd""}, ""regularizer"": {""l2"": ""1e-3""}, ""seed"": 42, ""split"": {""stratified"": true, ""val_size"": 0.2}, ""training"": {""batch_size"": 32, ""epochs"": 800, ""include_reg_in_val"": false, ""shuffle"": true}}"
6ccb1a1ec090,1,0.079989950567654,0.0,0.079989950567654,0.0,0.96,0.0,329.0,0.0,"{""callbacks"": {""early_stopping"": true, ""min_delta"": 0.0, ""mode"": ""auto"", ""monitor"": ""val_loss"", ""patience"": 40, ""restore_best_weights"": true, ""verbose"": 0}, ""cv"": {""k"": 3, ""seed"": 42, ""shuffle"": true}, ""data"": {""train_path"": ""data/MONK/MONK1/monks-1.train""}, ""model"": {""activation"": ""tanh"", ""dropout"": 0.0, ""hidden_units"": [8]}, ""optim"": {""lr"": 0.1, ""momentum"": 0.1, ""name"": ""sgd""}, ""regularizer"": {""l2"": ""1e-3""}, ""seed"": 42, ""split"": {""stratified"": true, ""val_size"": 0.2}, ""training"": {""batch_size"": 16, ""epochs"": 800, ""include_reg_in_val"": false, ""shuffle"": true}}"
3c833930aeed,1,0.0801350190861768,0.0,0.0801350190861768,0.0,1.0,0.0,416.0,0.0,"{""callbacks"": {""early_stopping"": true, ""min_delta"": 0.0, ""mode"": ""auto"", ""monitor"": ""val_loss"", ""patience"": 40, ""restore_best_weights"": true, ""verbose"": 0}, ""cv"": {""k"": 3, ""seed"": 42, ""shuffle"": true}, ""data"": {""train_path"": ""data/MONK/MONK1/monks-1.train""}, ""model"": {""activation"": ""relu"", ""dropout"": 0.2, ""hidden_units"": [8, 4]}, ""optim"": {""lr"": 0.1, ""momentum"": 0.0, ""name"": ""sgd""}, ""regularizer"": {""l2"": ""1e-2""}, ""seed"": 42, ""split"": {""stratified"": true, ""val_size"": 0.2}, ""training"": {""batch_size"": 32, ""epochs"": 800, ""include_reg_in_val"": false, ""shuffle"": true}}"
c34907f7e7dc,1,0.0805188181378245,0.0,0.0805188181378245,0.0,0.96,0.0,105.0,0.0,"{""callbacks"": {""early_stopping"": true, ""min_delta"": 0.0, ""mode"": ""auto"", ""monitor"": ""val_loss"", ""patience"": 40, ""restore_best_weights"": true, ""verbose"": 0}, ""cv"": {""k"": 3, ""seed"": 42, ""shuffle"": true}, ""data"": {""train_path"": ""data/MONK/MONK1/monks-1.train""}, ""model"": {""activation"": ""tanh"", ""dropout"": 0.0, ""hidden_units"": [8]}, ""optim"": {""lr"": 0.1, ""momentum"": 0.9, ""name"": ""sgd""}, ""regularizer"": {""l2"": 0.0}, ""seed"": 42, ""split"": {""stratified"": true, ""val_size"": 0.2}, ""training"": {""batch_size"": 32, ""epochs"": 800, ""include_reg_in_val"": false, ""shuffle"": true}}"
819787c7feba,1,0.08109881794267554,0.0,0.08109881794267554,0.0,0.96,0.0,244.0,0.0,"{""callbacks"": {""early_stopping"": true, ""min_delta"": 0.0, ""mode"": ""auto"", ""monitor"": ""val_loss"", ""patience"": 40, ""restore_best_weights"": true, ""verbose"": 0}, ""cv"": {""k"": 3, ""seed"": 42, ""shuffle"": true}, ""data"": {""train_path"": ""data/MONK/MONK1/monks-1.train""}, ""model"": {""activation"": ""tanh"", ""dropout"": 0.0, ""hidden_units"": [8, 4]}, ""optim"": {""lr"": 0.01, ""momentum"": 0.9, ""name"": ""sgd""}, ""regularizer"": {""l2"": ""1e-3""}, ""seed"": 42, ""split"": {""stratified"": true, ""val_size"": 0.2}, ""training"": {""batch_size"": 16, ""epochs"": 800, ""include_reg_in_val"": false, ""shuffle"": true}}"
8ff3d3de8607,1,0.08194531907780858,0.0,0.08194531907780858,0.0,0.96,0.0,546.0,0.0,"{""callbacks"": {""early_stopping"": true, ""min_delta"": 0.0, ""mode"": ""auto"", ""monitor"": ""val_loss"", ""patience"": 40, ""restore_best_weights"": true, ""verbose"": 0}, ""cv"": {""k"": 3, ""seed"": 42, ""shuffle"": true}, ""data"": {""train_path"": ""data/MONK/MONK1/monks-1.train""}, ""model"": {""activation"": ""tanh"", ""dropout"": 0.0, ""hidden_units"": [8]}, ""optim"": {""lr"": 0.01, ""momentum"": 0.9, ""name"": ""sgd""}, ""regularizer"": {""l2"": 0.0}, ""seed"": 42, ""split"": {""stratified"": true, ""val_size"": 0.2}, ""training"": {""batch_size"": 32, ""epochs"": 800, ""include_reg_in_val"": false, ""shuffle"": true}}"
b3f24ffa7053,1,0.08229265531901583,0.0,0.08229265531901583,0.0,1.0,0.0,223.0,0.0,"{""callbacks"": {""early_stopping"": true, ""min_delta"": 0.0, ""mode"": ""auto"", ""monitor"": ""val_loss"", ""patience"": 40, ""restore_best_weights"": true, ""verbose"": 0}, ""cv"": {""k"": 3, ""seed"": 42, ""shuffle"": true}, ""data"": {""train_path"": ""data/MONK/MONK1/monks-1.train""}, ""model"": {""activation"": ""sigmoid"", ""dropout"": 0.2, ""hidden_units"": [4]}, ""optim"": {""lr"": 0.2, ""momentum"": 0.9, ""name"": ""sgd""}, ""regularizer"": {""l2"": 0.0}, ""seed"": 42, ""split"": {""stratified"": true, ""val_size"": 0.2}, ""training"": {""batch_size"": 16, ""epochs"": 800, ""include_reg_in_val"": false, ""shuffle"": true}}"
2e0178437ca1,1,0.08290245211212513,0.0,0.08290245211212513,0.0,1.0,0.0,475.0,0.0,"{""callbacks"": {""early_stopping"": true, ""min_delta"": 0.0, ""mode"": ""auto"", ""monitor"": ""val_loss"", ""patience"": 40, ""restore_best_weights"": true, ""verbose"": 0}, ""cv"": {""k"": 3, ""seed"": 42, ""shuffle"": true}, ""data"": {""train_path"": ""data/MONK/MONK1/monks-1.train""}, ""model"": {""activation"": ""relu"", ""dropout"": 0.2, ""hidden_units"": [8]}, ""optim"": {""lr"": 0.1, ""momentum"": 0.0, ""name"": ""sgd""}, ""regularizer"": {""l2"": ""1e-3""}, ""seed"": 42, ""split"": {""stratified"": true, ""val_size"": 0.2}, ""training"": {""batch_size"": 32, ""epochs"": 800, ""include_reg_in_val"": false, ""shuffle"": true}}"
c72e4e06bc2c,1,0.08326753875294703,0.0,0.08326753875294703,0.0,0.96,0.0,242.0,0.0,"{""callbacks"": {""early_stopping"": true, ""min_delta"": 0.0, ""mode"": ""auto"", ""monitor"": ""val_loss"", ""patience"": 40, ""restore_best_weights"": true, ""verbose"": 0}, ""cv"": {""k"": 3, ""seed"": 42, ""shuffle"": true}, ""data"": {""train_path"": ""data/MONK/MONK1/monks-1.train""}, ""model"": {""activation"": ""relu"", ""dropout"": 0.0, ""hidden_units"": [8]}, ""optim"": {""lr"": 0.2, ""momentum"": 0.0, ""name"": ""sgd""}, ""regularizer"": {""l2"": ""1e-3""}, ""seed"": 42, ""split"": {""stratified"": true, ""val_size"": 0.2}, ""training"": {""batch_size"": 16, ""epochs"": 800, ""include_reg_in_val"": false, ""shuffle"": true}}"
3e6cc64b545c,1,0.08374691942117224,0.0,0.08374691942117224,0.0,0.96,0.0,242.0,0.0,"{""callbacks"": {""early_stopping"": true, ""min_delta"": 0.0, ""mode"": ""auto"", ""monitor"": ""val_loss"", ""patience"": 40, ""restore_best_weights"": true, ""verbose"": 0}, ""cv"": {""k"": 3, ""seed"": 42, ""shuffle"": true}, ""data"": {""train_path"": ""data/MONK/MONK1/monks-1.train""}, ""model"": {""activation"": ""relu"", ""dropout"": 0.0, ""hidden_units"": [8]}, ""optim"": {""lr"": 0.2, ""momentum"": 0.1, ""name"": ""sgd""}, ""regularizer"": {""l2"": ""1e-3""}, ""seed"": 42, ""split"": {""stratified"": true, ""val_size"": 0.2}, ""training"": {""batch_size"": 16, ""epochs"": 800, ""include_reg_in_val"": false, ""shuffle"": true}}"
bf1985983c2b,1,0.08405488386604745,0.0,0.08405488386604745,0.0,1.0,0.0,43.0,0.0,"{""callbacks"": {""early_stopping"": true, ""min_delta"": 0.0, ""mode"": ""auto"", ""monitor"": ""val_loss"", ""patience"": 40, ""restore_best_weights"": true, ""verbose"": 0}, ""cv"": {""k"": 3, ""seed"": 42, ""shuffle"": true}, ""data"": {""train_path"": ""data/MONK/MONK1/monks-1.train""}, ""model"": {""activation"": ""tanh"", ""dropout"": 0.2, ""hidden_units"": [8, 4]}, ""optim"": {""lr"": 0.1, ""momentum"": 0.9, ""name"": ""sgd""}, ""regularizer"": {""l2"": ""1e-3""}, ""seed"": 42, ""split"": {""stratified"": true, ""val_size"": 0.2}, ""training"": {""batch_size"": 16, ""epochs"": 800, ""include_reg_in_val"": false, ""shuffle"": true}}"
15a7888c5c18,1,0.08456458913667472,0.0,0.08456458913667472,0.0,0.96,0.0,800.0,0.0,"{""callbacks"": {""early_stopping"": true, ""min_delta"": 0.0, ""mode"": ""auto"", ""monitor"": ""val_loss"", ""patience"": 40, ""restore_best_weights"": true, ""verbose"": 0}, ""cv"": {""k"": 3, ""seed"": 42, ""shuffle"": true}, ""data"": {""train_path"": ""data/MONK/MONK1/monks-1.train""}, ""model"": {""activation"": ""relu"", ""dropout"": 0.0, ""hidden_units"": [8]}, ""optim"": {""lr"": 0.2, ""momentum"": 0.0, ""name"": ""sgd""}, ""regularizer"": {""l2"": 0.0}, ""seed"": 42, ""split"": {""stratified"": true, ""val_size"": 0.2}, ""training"": {""batch_size"": 16, ""epochs"": 800, ""include_reg_in_val"": false, ""shuffle"": true}}"
eb3ed8829aae,1,0.08511986358643343,0.0,0.08511986358643343,0.0,0.96,0.0,327.0,0.0,"{""callbacks"": {""early_stopping"": true, ""min_delta"": 0.0, ""mode"": ""auto"", ""monitor"": ""val_loss"", ""patience"": 40, ""restore_best_weights"": true, ""verbose"": 0}, ""cv"": {""k"": 3, ""seed"": 42, ""shuffle"": true}, ""data"": {""train_path"": ""data/MONK/MONK1/monks-1.train""}, ""model"": {""activation"": ""tanh"", ""dropout"": 0.0, ""hidden_units"": [8]}, ""optim"": {""lr"": 0.1, ""momentum"": 0.0, ""name"": ""sgd""}, ""regularizer"": {""l2"": ""1e-3""}, ""seed"": 42, ""split"": {""stratified"": true, ""val_size"": 0.2}, ""training"": {""batch_size"": 16, ""epochs"": 800, ""include_reg_in_val"": false, ""shuffle"": true}}"
5ae620b8eb56,1,0.08568422143865473,0.0,0.08568422143865473,0.0,0.96,0.0,242.0,0.0,"{""callbacks"": {""early_stopping"": true, ""min_delta"": 0.0, ""mode"": ""auto"", ""monitor"": ""val_loss"", ""patience"": 40, ""restore_best_weights"": true, ""verbose"": 0}, ""cv"": {""k"": 3, ""seed"": 42, ""shuffle"": true}, ""data"": {""train_path"": ""data/MONK/MONK1/monks-1.train""}, ""model"": {""activation"": ""tanh"", ""dropout"": 0.2, ""hidden_units"": [8]}, ""optim"": {""lr"": 0.2, ""momentum"": 0.0, ""name"": ""sgd""}, ""regularizer"": {""l2"": 0.0}, ""seed"": 42, ""split"": {""stratified"": true, ""val_size"": 0.2}, ""training"": {""batch_size"": 32, ""epochs"": 800, ""include_reg_in_val"": false, ""shuffle"": true}}"
4bc586f2dcc2,1,0.08605643794610376,0.0,0.08605643794610376,0.0,1.0,0.0,227.0,0.0,"{""callbacks"": {""early_stopping"": true, ""min_delta"": 0.0, ""mode"": ""auto"", ""monitor"": ""val_loss"", ""patience"": 40, ""restore_best_weights"": true, ""verbose"": 0}, ""cv"": {""k"": 3, ""seed"": 42, ""shuffle"": true}, ""data"": {""train_path"": ""data/MONK/MONK1/monks-1.train""}, ""model"": {""activation"": ""tanh"", ""dropout"": 0.2, ""hidden_units"": [8]}, ""optim"": {""lr"": 0.2, ""momentum"": 0.1, ""name"": ""sgd""}, ""regularizer"": {""l2"": ""1e-3""}, ""seed"": 42, ""split"": {""stratified"": true, ""val_size"": 0.2}, ""training"": {""batch_size"": 32, ""epochs"": 800, ""include_reg_in_val"": false, ""shuffle"": true}}"
c90f2a658acb,1,0.08710462908936899,0.0,0.08710462908936899,0.0,0.96,0.0,540.0,0.0,"{""callbacks"": {""early_stopping"": true, ""min_delta"": 0.0, ""mode"": ""auto"", ""monitor"": ""val_loss"", ""patience"": 40, ""restore_best_weights"": true, ""verbose"": 0}, ""cv"": {""k"": 3, ""seed"": 42, ""shuffle"": true}, ""data"": {""train_path"": ""data/MONK/MONK1/monks-1.train""}, ""model"": {""activation"": ""relu"", ""dropout"": 0.2, ""hidden_units"": [8]}, ""optim"": {""lr"": 0.01, ""momentum"": 0.9, ""name"": ""sgd""}, ""regularizer"": {""l2"": ""1e-3""}, ""seed"": 42, ""split"": {""stratified"": true, ""val_size"": 0.2}, ""training"": {""batch_size"": 32, ""epochs"": 800, ""include_reg_in_val"": false, ""shuffle"": true}}"
527fc5c41fca,1,0.08725742854653781,0.0,0.08725742854653781,0.0,1.0,0.0,228.0,0.0,"{""callbacks"": {""early_stopping"": true, ""min_delta"": 0.0, ""mode"": ""auto"", ""monitor"": ""val_loss"", ""patience"": 40, ""restore_best_weights"": true, ""verbose"": 0}, ""cv"": {""k"": 3, ""seed"": 42, ""shuffle"": true}, ""data"": {""train_path"": ""data/MONK/MONK1/monks-1.train""}, ""model"": {""activation"": ""relu"", ""dropout"": 0.0, ""hidden_units"": [4]}, ""optim"": {""lr"": 0.1, ""momentum"": 0.9, ""name"": ""sgd""}, ""regularizer"": {""l2"": ""1e-2""}, ""seed"": 42, ""split"": {""stratified"": true, ""val_size"": 0.2}, ""training"": {""batch_size"": 32, ""epochs"": 800, ""include_reg_in_val"": false, ""shuffle"": true}}"
48965fb00ca4,1,0.08774160085489921,0.0,0.08774160085489921,0.0,0.96,0.0,104.0,0.0,"{""callbacks"": {""early_stopping"": true, ""min_delta"": 0.0, ""mode"": ""auto"", ""monitor"": ""val_loss"", ""patience"": 40, ""restore_best_weights"": true, ""verbose"": 0}, ""cv"": {""k"": 3, ""seed"": 42, ""shuffle"": true}, ""data"": {""train_path"": ""data/MONK/MONK1/monks-1.train""}, ""model"": {""activation"": ""tanh"", ""dropout"": 0.0, ""hidden_units"": [8, 4]}, ""optim"": {""lr"": 0.1, ""momentum"": 0.1, ""name"": ""sgd""}, ""regularizer"": {""l2"": 0.0}, ""seed"": 42, ""split"": {""stratified"": true, ""val_size"": 0.2}, ""training"": {""batch_size"": 16, ""epochs"": 800, ""include_reg_in_val"": false, ""shuffle"": true}}"
9ca8a9e4a020,1,0.08849256060152415,0.0,0.08849256060152415,0.0,1.0,0.0,51.0,0.0,"{""callbacks"": {""early_stopping"": true, ""min_delta"": 0.0, ""mode"": ""auto"", ""monitor"": ""val_loss"", ""patience"": 40, ""restore_best_weights"": true, ""verbose"": 0}, ""cv"": {""k"": 3, ""seed"": 42, ""shuffle"": true}, ""data"": {""train_path"": ""data/MONK/MONK1/monks-1.train""}, ""model"": {""activation"": ""relu"", ""dropout"": 0.0, ""hidden_units"": [4]}, ""optim"": {""lr"": 0.2, ""momentum"": 0.9, ""name"": ""sgd""}, ""regularizer"": {""l2"": ""1e-3""}, ""seed"": 42, ""split"": {""stratified"": true, ""val_size"": 0.2}, ""training"": {""batch_size"": 16, ""epochs"": 800, ""include_reg_in_val"": false, ""shuffle"": true}}"
47f5724a1914,1,0.08866065871942942,0.0,0.08866065871942942,0.0,1.0,0.0,173.0,0.0,"{""callbacks"": {""early_stopping"": true, ""min_delta"": 0.0, ""mode"": ""auto"", ""monitor"": ""val_loss"", ""patience"": 40, ""restore_best_weights"": true, ""verbose"": 0}, ""cv"": {""k"": 3, ""seed"": 42, ""shuffle"": true}, ""data"": {""train_path"": ""data/MONK/MONK1/monks-1.train""}, ""model"": {""activation"": ""relu"", ""dropout"": 0.2, ""hidden_units"": [8, 4]}, ""optim"": {""lr"": 0.2, ""momentum"": 0.1, ""name"": ""sgd""}, ""regularizer"": {""l2"": ""1e-2""}, ""seed"": 42, ""split"": {""stratified"": true, ""val_size"": 0.2}, ""training"": {""batch_size"": 32, ""epochs"": 800, ""include_reg_in_val"": false, ""shuffle"": true}}"
85c41dd21677,1,0.08868551802095302,0.0,0.08868551802095302,0.0,0.96,0.0,104.0,0.0,"{""callbacks"": {""early_stopping"": true, ""min_delta"": 0.0, ""mode"": ""auto"", ""monitor"": ""val_loss"", ""patience"": 40, ""restore_best_weights"": true, ""verbose"": 0}, ""cv"": {""k"": 3, ""seed"": 42, ""shuffle"": true}, ""data"": {""train_path"": ""data/MONK/MONK1/monks-1.train""}, ""model"": {""activation"": ""tanh"", ""dropout"": 0.0, ""hidden_units"": [8, 4]}, ""optim"": {""lr"": 0.1, ""momentum"": 0.1, ""name"": ""sgd""}, ""regularizer"": {""l2"": ""1e-3""}, ""seed"": 42, ""split"": {""stratified"": true, ""val_size"": 0.2}, ""training"": {""batch_size"": 16, ""epochs"": 800, ""include_reg_in_val"": false, ""shuffle"": true}}"
85c959b8171f,1,0.08907981320521347,0.0,0.08907981320521347,0.0,0.96,0.0,330.0,0.0,"{""callbacks"": {""early_stopping"": true, ""min_delta"": 0.0, ""mode"": ""auto"", ""monitor"": ""val_loss"", ""patience"": 40, ""restore_best_weights"": true, ""verbose"": 0}, ""cv"": {""k"": 3, ""seed"": 42, ""shuffle"": true}, ""data"": {""train_path"": ""data/MONK/MONK1/monks-1.train""}, ""model"": {""activation"": ""tanh"", ""dropout"": 0.0, ""hidden_units"": [8]}, ""optim"": {""lr"": 0.01, ""momentum"": 0.9, ""name"": ""sgd""}, ""regularizer"": {""l2"": ""1e-3""}, ""seed"": 42, ""split"": {""stratified"": true, ""val_size"": 0.2}, ""training"": {""batch_size"": 16, ""epochs"": 800, ""include_reg_in_val"": false, ""shuffle"": true}}"
4baed748d204,1,0.09006630730427806,0.0,0.09006630730427806,0.0,1.0,0.0,242.0,0.0,"{""callbacks"": {""early_stopping"": true, ""min_delta"": 0.0, ""mode"": ""auto"", ""monitor"": ""val_loss"", ""patience"": 40, ""restore_best_weights"": true, ""verbose"": 0}, ""cv"": {""k"": 3, ""seed"": 42, ""shuffle"": true}, ""data"": {""train_path"": ""data/MONK/MONK1/monks-1.train""}, ""model"": {""activation"": ""tanh"", ""dropout"": 0.2, ""hidden_units"": [8]}, ""optim"": {""lr"": 0.2, ""momentum"": 0.0, ""name"": ""sgd""}, ""regularizer"": {""l2"": ""1e-3""}, ""seed"": 42, ""split"": {""stratified"": true, ""val_size"": 0.2}, ""training"": {""batch_size"": 32, ""epochs"": 800, ""include_reg_in_val"": false, ""shuffle"": true}}"
bf91bfb145fc,1,0.09046818359864588,0.0,0.09046818359864588,0.0,1.0,0.0,90.0,0.0,"{""callbacks"": {""early_stopping"": true, ""min_delta"": 0.0, ""mode"": ""auto"", ""monitor"": ""val_loss"", ""patience"": 40, ""restore_best_weights"": true, ""verbose"": 0}, ""cv"": {""k"": 3, ""seed"": 42, ""shuffle"": true}, ""data"": {""train_path"": ""data/MONK/MONK1/monks-1.train""}, ""model"": {""activation"": ""tanh"", ""dropout"": 0.0, ""hidden_units"": [8, 4]}, ""optim"": {""lr"": 0.2, ""momentum"": 0.1, ""name"": ""sgd""}, ""regularizer"": {""l2"": ""1e-2""}, ""seed"": 42, ""split"": {""stratified"": true, ""val_size"": 0.2}, ""training"": {""batch_size"": 16, ""epochs"": 800, ""include_reg_in_val"": false, ""shuffle"": true}}"
d97c3a8e6058,1,0.09089059106377301,0.0,0.09089059106377301,0.0,1.0,0.0,447.0,0.0,"{""callbacks"": {""early_stopping"": true, ""min_delta"": 0.0, ""mode"": ""auto"", ""monitor"": ""val_loss"", ""patience"": 40, ""restore_best_weights"": true, ""verbose"": 0}, ""cv"": {""k"": 3, ""seed"": 42, ""shuffle"": true}, ""data"": {""train_path"": ""data/MONK/MONK1/monks-1.train""}, ""model"": {""activation"": ""relu"", ""dropout"": 0.2, ""hidden_units"": [8, 4]}, ""optim"": {""lr"": 0.01, ""momentum"": 0.9, ""name"": ""sgd""}, ""regularizer"": {""l2"": ""1e-2""}, ""seed"": 42, ""split"": {""stratified"": true, ""val_size"": 0.2}, ""training"": {""batch_size"": 32, ""epochs"": 800, ""include_reg_in_val"": false, ""shuffle"": true}}"
bf166729d70b,1,0.09104739840236534,0.0,0.09104739840236534,0.0,1.0,0.0,49.0,0.0,"{""callbacks"": {""early_stopping"": true, ""min_delta"": 0.0, ""mode"": ""auto"", ""monitor"": ""val_loss"", ""patience"": 40, ""restore_best_weights"": true, ""verbose"": 0}, ""cv"": {""k"": 3, ""seed"": 42, ""shuffle"": true}, ""data"": {""train_path"": ""data/MONK/MONK1/monks-1.train""}, ""model"": {""activation"": ""relu"", ""dropout"": 0.2, ""hidden_units"": [4]}, ""optim"": {""lr"": 0.2, ""momentum"": 0.9, ""name"": ""sgd""}, ""regularizer"": {""l2"": ""1e-3""}, ""seed"": 42, ""split"": {""stratified"": true, ""val_size"": 0.2}, ""training"": {""batch_size"": 16, ""epochs"": 800, ""include_reg_in_val"": false, ""shuffle"": true}}"
92e215587039,1,0.09153787528656959,0.0,0.09153787528656959,0.0,0.96,0.0,23.0,0.0,"{""callbacks"": {""early_stopping"": true, ""min_delta"": 0.0, ""mode"": ""auto"", ""monitor"": ""val_loss"", ""patience"": 40, ""restore_best_weights"": true, ""verbose"": 0}, ""cv"": {""k"": 3, ""seed"": 42, ""shuffle"": true}, ""data"": {""train_path"": ""data/MONK/MONK1/monks-1.train""}, ""model"": {""activation"": ""tanh"", ""dropout"": 0.0, ""hidden_units"": [8, 4]}, ""optim"": {""lr"": 0.2, ""momentum"": 0.9, ""name"": ""sgd""}, ""regularizer"": {""l2"": 0.0}, ""seed"": 42, ""split"": {""stratified"": true, ""val_size"": 0.2}, ""training"": {""batch_size"": 32, ""epochs"": 800, ""include_reg_in_val"": false, ""shuffle"": true}}"
0a79574fbb70,1,0.09174642534481166,0.0,0.09174642534481166,0.0,1.0,0.0,294.0,0.0,"{""callbacks"": {""early_stopping"": true, ""min_delta"": 0.0, ""mode"": ""auto"", ""monitor"": ""val_loss"", ""patience"": 40, ""restore_best_weights"": true, ""verbose"": 0}, ""cv"": {""k"": 3, ""seed"": 42, ""shuffle"": true}, ""data"": {""train_path"": ""data/MONK/MONK1/monks-1.train""}, ""model"": {""activation"": ""sigmoid"", ""dropout"": 0.2, ""hidden_units"": [4]}, ""optim"": {""lr"": 0.2, ""momentum"": 0.9, ""name"": ""sgd""}, ""regularizer"": {""l2"": 0.0}, ""seed"": 42, ""split"": {""stratified"": true, ""val_size"": 0.2}, ""training"": {""batch_size"": 32, ""epochs"": 800, ""include_reg_in_val"": false, ""shuffle"": true}}"
54b4aedcdcb8,1,0.09181211092450031,0.0,0.09181211092450031,0.0,0.96,0.0,246.0,0.0,"{""callbacks"": {""early_stopping"": true, ""min_delta"": 0.0, ""mode"": ""auto"", ""monitor"": ""val_loss"", ""patience"": 40, ""restore_best_weights"": true, ""verbose"": 0}, ""cv"": {""k"": 3, ""seed"": 42, ""shuffle"": true}, ""data"": {""train_path"": ""data/MONK/MONK1/monks-1.train""}, ""model"": {""activation"": ""tanh"", ""dropout"": 0.0, ""hidden_units"": [8, 4]}, ""optim"": {""lr"": 0.01, ""momentum"": 0.9, ""name"": ""sgd""}, ""regularizer"": {""l2"": ""1e-3""}, ""seed"": 42, ""split"": {""stratified"": true, ""val_size"": 0.2}, ""training"": {""batch_size"": 32, ""epochs"": 800, ""include_reg_in_val"": false, ""shuffle"": true}}"
8742bc983880,1,0.0919233527421739,0.0,0.0919233527421739,0.0,0.96,0.0,104.0,0.0,"{""callbacks"": {""early_stopping"": true, ""min_delta"": 0.0, ""mode"": ""auto"", ""monitor"": ""val_loss"", ""patience"": 40, ""restore_best_weights"": true, ""verbose"": 0}, ""cv"": {""k"": 3, ""seed"": 42, ""shuffle"": true}, ""data"": {""train_path"": ""data/MONK/MONK1/monks-1.train""}, ""model"": {""activation"": ""tanh"", ""dropout"": 0.0, ""hidden_units"": [8, 4]}, ""optim"": {""lr"": 0.1, ""momentum"": 0.0, ""name"": ""sgd""}, ""regularizer"": {""l2"": 0.0}, ""seed"": 42, ""split"": {""stratified"": true, ""val_size"": 0.2}, ""training"": {""batch_size"": 16, ""epochs"": 800, ""include_reg_in_val"": false, ""shuffle"": true}}"
29ca4b13d248,1,0.09198368121905239,0.0,0.09198368121905239,0.0,1.0,0.0,90.0,0.0,"{""callbacks"": {""early_stopping"": true, ""min_delta"": 0.0, ""mode"": ""auto"", ""monitor"": ""val_loss"", ""patience"": 40, ""restore_best_weights"": true, ""verbose"": 0}, ""cv"": {""k"": 3, ""seed"": 42, ""shuffle"": true}, ""data"": {""train_path"": ""data/MONK/MONK1/monks-1.train""}, ""model"": {""activation"": ""tanh"", ""dropout"": 0.0, ""hidden_units"": [8, 4]}, ""optim"": {""lr"": 0.2, ""momentum"": 0.0, ""name"": ""sgd""}, ""regularizer"": {""l2"": ""1e-2""}, ""seed"": 42, ""split"": {""stratified"": true, ""val_size"": 0.2}, ""training"": {""batch_size"": 16, ""epochs"": 800, ""include_reg_in_val"": false, ""shuffle"": true}}"
4ea9d83db7dc,1,0.09244062791843696,0.0,0.09244062791843696,0.0,1.0,0.0,408.0,0.0,"{""callbacks"": {""early_stopping"": true, ""min_delta"": 0.0, ""mode"": ""auto"", ""monitor"": ""val_loss"", ""patience"": 40, ""restore_best_weights"": true, ""verbose"": 0}, ""cv"": {""k"": 3, ""seed"": 42, ""shuffle"": true}, ""data"": {""train_path"": ""data/MONK/MONK1/monks-1.train""}, ""model"": {""activation"": ""relu"", ""dropout"": 0.0, ""hidden_units"": [8]}, ""optim"": {""lr"": 0.2, ""momentum"": 0.1, ""name"": ""sgd""}, ""regularizer"": {""l2"": ""1e-2""}, ""seed"": 42, ""split"": {""stratified"": true, ""val_size"": 0.2}, ""training"": {""batch_size"": 16, ""epochs"": 800, ""include_reg_in_val"": false, ""shuffle"": true}}"
a680c6535d5c,1,0.09254442254582815,0.0,0.09254442254582815,0.0,0.96,0.0,246.0,0.0,"{""callbacks"": {""early_stopping"": true, ""min_delta"": 0.0, ""mode"": ""auto"", ""monitor"": ""val_loss"", ""patience"": 40, ""restore_best_weights"": true, ""verbose"": 0}, ""cv"": {""k"": 3, ""seed"": 42, ""shuffle"": true}, ""data"": {""train_path"": ""data/MONK/MONK1/monks-1.train""}, ""model"": {""activation"": ""tanh"", ""dropout"": 0.0, ""hidden_units"": [8, 4]}, ""optim"": {""lr"": 0.01, ""momentum"": 0.9, ""name"": ""sgd""}, ""regularizer"": {""l2"": 0.0}, ""seed"": 42, ""split"": {""stratified"": true, ""val_size"": 0.2}, ""training"": {""batch_size"": 32, ""epochs"": 800, ""include_reg_in_val"": false, ""shuffle"": true}}"
296c69068d9b,1,0.09264165438941281,0.0,0.09264165438941281,0.0,1.0,0.0,408.0,0.0,"{""callbacks"": {""early_stopping"": true, ""min_delta"": 0.0, ""mode"": ""auto"", ""monitor"": ""val_loss"", ""patience"": 40, ""restore_best_weights"": true, ""verbose"": 0}, ""cv"": {""k"": 3, ""seed"": 42, ""shuffle"": true}, ""data"": {""train_path"": ""data/MONK/MONK1/monks-1.train""}, ""model"": {""activation"": ""relu"", ""dropout"": 0.0, ""hidden_units"": [8]}, ""optim"": {""lr"": 0.2, ""momentum"": 0.0, ""name"": ""sgd""}, ""regularizer"": {""l2"": ""1e-2""}, ""seed"": 42, ""split"": {""stratified"": true, ""val_size"": 0.2}, ""training"": {""batch_size"": 16, ""epochs"": 800, ""include_reg_in_val"": false, ""shuffle"": true}}"
c429b23ef9b9,1,0.09294896327126125,0.0,0.09294896327126125,0.0,0.96,0.0,104.0,0.0,"{""callbacks"": {""early_stopping"": true, ""min_delta"": 0.0, ""mode"": ""auto"", ""monitor"": ""val_loss"", ""patience"": 40, ""restore_best_weights"": true, ""verbose"": 0}, ""cv"": {""k"": 3, ""seed"": 42, ""shuffle"": true}, ""data"": {""train_path"": ""data/MONK/MONK1/monks-1.train""}, ""model"": {""activation"": ""tanh"", ""dropout"": 0.0, ""hidden_units"": [8, 4]}, ""optim"": {""lr"": 0.1, ""momentum"": 0.0, ""name"": ""sgd""}, ""regularizer"": {""l2"": ""1e-3""}, ""seed"": 42, ""split"": {""stratified"": true, ""val_size"": 0.2}, ""training"": {""batch_size"": 16, ""epochs"": 800, ""include_reg_in_val"": false, ""shuffle"": true}}"
e09cc389de77,1,0.09439326645136305,0.0,0.09439326645136305,0.0,1.0,0.0,288.0,0.0,"{""callbacks"": {""early_stopping"": true, ""min_delta"": 0.0, ""mode"": ""auto"", ""monitor"": ""val_loss"", ""patience"": 40, ""restore_best_weights"": true, ""verbose"": 0}, ""cv"": {""k"": 3, ""seed"": 42, ""shuffle"": true}, ""data"": {""train_path"": ""data/MONK/MONK1/monks-1.train""}, ""model"": {""activation"": ""sigmoid"", ""dropout"": 0.2, ""hidden_units"": [8]}, ""optim"": {""lr"": 0.2, ""momentum"": 0.9, ""name"": ""sgd""}, ""regularizer"": {""l2"": ""1e-3""}, ""seed"": 42, ""split"": {""stratified"": true, ""val_size"": 0.2}, ""training"": {""batch_size"": 32, ""epochs"": 800, ""include_reg_in_val"": false, ""shuffle"": true}}"
1e99bc35bc75,1,0.09442331393226613,0.0,0.09442331393226613,0.0,0.92,0.0,800.0,0.0,"{""callbacks"": {""early_stopping"": true, ""min_delta"": 0.0, ""mode"": ""auto"", ""monitor"": ""val_loss"", ""patience"": 40, ""restore_best_weights"": true, ""verbose"": 0}, ""cv"": {""k"": 3, ""seed"": 42, ""shuffle"": true}, ""data"": {""train_path"": ""data/MONK/MONK1/monks-1.train""}, ""model"": {""activation"": ""relu"", ""dropout"": 0.0, ""hidden_units"": [8]}, ""optim"": {""lr"": 0.2, ""momentum"": 0.1, ""name"": ""sgd""}, ""regularizer"": {""l2"": 0.0}, ""seed"": 42, ""split"": {""stratified"": true, ""val_size"": 0.2}, ""training"": {""batch_size"": 16, ""epochs"": 800, ""include_reg_in_val"": false, ""shuffle"": true}}"
16e452566a0b,1,0.095594244212485,0.0,0.095594244212485,0.0,0.96,0.0,243.0,0.0,"{""callbacks"": {""early_stopping"": true, ""min_delta"": 0.0, ""mode"": ""auto"", ""monitor"": ""val_loss"", ""patience"": 40, ""restore_best_weights"": true, ""verbose"": 0}, ""cv"": {""k"": 3, ""seed"": 42, ""shuffle"": true}, ""data"": {""train_path"": ""data/MONK/MONK1/monks-1.train""}, ""model"": {""activation"": ""relu"", ""dropout"": 0.0, ""hidden_units"": [4]}, ""optim"": {""lr"": 0.2, ""momentum"": 0.0, ""name"": ""sgd""}, ""regularizer"": {""l2"": ""1e-3""}, ""seed"": 42, ""split"": {""stratified"": true, ""val_size"": 0.2}, ""training"": {""batch_size"": 32, ""epochs"": 800, ""include_reg_in_val"": false, ""shuffle"": true}}"
44c4112f603a,1,0.0964041839784317,0.0,0.0964041839784317,0.0,1.0,0.0,56.0,0.0,"{""callbacks"": {""early_stopping"": true, ""min_delta"": 0.0, ""mode"": ""auto"", ""monitor"": ""val_loss"", ""patience"": 40, ""restore_best_weights"": true, ""verbose"": 0}, ""cv"": {""k"": 3, ""seed"": 42, ""shuffle"": true}, ""data"": {""train_path"": ""data/MONK/MONK1/monks-1.train""}, ""model"": {""activation"": ""relu"", ""dropout"": 0.0, ""hidden_units"": [8]}, ""optim"": {""lr"": 0.2, ""momentum"": 0.9, ""name"": ""sgd""}, ""regularizer"": {""l2"": ""1e-2""}, ""seed"": 42, ""split"": {""stratified"": true, ""val_size"": 0.2}, ""training"": {""batch_size"": 16, ""epochs"": 800, ""include_reg_in_val"": false, ""shuffle"": true}}"
4604383f8a9a,1,0.09646201681688826,0.0,0.09646201681688826,0.0,1.0,0.0,146.0,0.0,"{""callbacks"": {""early_stopping"": true, ""min_delta"": 0.0, ""mode"": ""auto"", ""monitor"": ""val_loss"", ""patience"": 40, ""restore_best_weights"": true, ""verbose"": 0}, ""cv"": {""k"": 3, ""seed"": 42, ""shuffle"": true}, ""data"": {""train_path"": ""data/MONK/MONK1/monks-1.train""}, ""model"": {""activation"": ""relu"", ""dropout"": 0.0, ""hidden_units"": [8]}, ""optim"": {""lr"": 0.1, ""momentum"": 0.9, ""name"": ""sgd""}, ""regularizer"": {""l2"": ""1e-2""}, ""seed"": 42, ""split"": {""stratified"": true, ""val_size"": 0.2}, ""training"": {""batch_size"": 32, ""epochs"": 800, ""include_reg_in_val"": false, ""shuffle"": true}}"
fb83ac296b50,1,0.09662215149807687,0.0,0.09662215149807687,0.0,0.96,0.0,30.0,0.0,"{""callbacks"": {""early_stopping"": true, ""min_delta"": 0.0, ""mode"": ""auto"", ""monitor"": ""val_loss"", ""patience"": 40, ""restore_best_weights"": true, ""verbose"": 0}, ""cv"": {""k"": 3, ""seed"": 42, ""shuffle"": true}, ""data"": {""train_path"": ""data/MONK/MONK1/monks-1.train""}, ""model"": {""activation"": ""relu"", ""dropout"": 0.0, ""hidden_units"": [4]}, ""optim"": {""lr"": 0.2, ""momentum"": 0.9, ""name"": ""sgd""}, ""regularizer"": {""l2"": 0.0}, ""seed"": 42, ""split"": {""stratified"": true, ""val_size"": 0.2}, ""training"": {""batch_size"": 16, ""epochs"": 800, ""include_reg_in_val"": false, ""shuffle"": true}}"
987044e7b98d,1,0.09685566075013824,0.0,0.09685566075013824,0.0,0.96,0.0,286.0,0.0,"{""callbacks"": {""early_stopping"": true, ""min_delta"": 0.0, ""mode"": ""auto"", ""monitor"": ""val_loss"", ""patience"": 40, ""restore_best_weights"": true, ""verbose"": 0}, ""cv"": {""k"": 3, ""seed"": 42, ""shuffle"": true}, ""data"": {""train_path"": ""data/MONK/MONK1/monks-1.train""}, ""model"": {""activation"": ""tanh"", ""dropout"": 0.2, ""hidden_units"": [8, 4]}, ""optim"": {""lr"": 0.1, ""momentum"": 0.1, ""name"": ""sgd""}, ""regularizer"": {""l2"": 0.0}, ""seed"": 42, ""split"": {""stratified"": true, ""val_size"": 0.2}, ""training"": {""batch_size"": 16, ""epochs"": 800, ""include_reg_in_val"": false, ""shuffle"": true}}"
f73fe1d12551,1,0.09782488022947723,0.0,0.09782488022947723,0.0,0.96,0.0,56.0,0.0,"{""callbacks"": {""early_stopping"": true, ""min_delta"": 0.0, ""mode"": ""auto"", ""monitor"": ""val_loss"", ""patience"": 40, ""restore_best_weights"": true, ""verbose"": 0}, ""cv"": {""k"": 3, ""seed"": 42, ""shuffle"": true}, ""data"": {""train_path"": ""data/MONK/MONK1/monks-1.train""}, ""model"": {""activation"": ""relu"", ""dropout"": 0.0, ""hidden_units"": [8, 4]}, ""optim"": {""lr"": 0.2, ""momentum"": 0.1, ""name"": ""sgd""}, ""regularizer"": {""l2"": 0.0}, ""seed"": 42, ""split"": {""stratified"": true, ""val_size"": 0.2}, ""training"": {""batch_size"": 16, ""epochs"": 800, ""include_reg_in_val"": false, ""shuffle"": true}}"
d17cfcbd21c8,1,0.09809648727889049,0.0,0.09809648727889049,0.0,0.96,0.0,105.0,0.0,"{""callbacks"": {""early_stopping"": true, ""min_delta"": 0.0, ""mode"": ""auto"", ""monitor"": ""val_loss"", ""patience"": 40, ""restore_best_weights"": true, ""verbose"": 0}, ""cv"": {""k"": 3, ""seed"": 42, ""shuffle"": true}, ""data"": {""train_path"": ""data/MONK/MONK1/monks-1.train""}, ""model"": {""activation"": ""tanh"", ""dropout"": 0.0, ""hidden_units"": [4]}, ""optim"": {""lr"": 0.1, ""momentum"": 0.9, ""name"": ""sgd""}, ""regularizer"": {""l2"": 0.0}, ""seed"": 42, ""split"": {""stratified"": true, ""val_size"": 0.2}, ""training"": {""batch_size"": 32, ""epochs"": 800, ""include_reg_in_val"": false, ""shuffle"": true}}"
10271d4d0152,1,0.09846678411860509,0.0,0.09846678411860509,0.0,1.0,0.0,243.0,0.0,"{""callbacks"": {""early_stopping"": true, ""min_delta"": 0.0, ""mode"": ""auto"", ""monitor"": ""val_loss"", ""patience"": 40, ""restore_best_weights"": true, ""verbose"": 0}, ""cv"": {""k"": 3, ""seed"": 42, ""shuffle"": true}, ""data"": {""train_path"": ""data/MONK/MONK1/monks-1.train""}, ""model"": {""activation"": ""sigmoid"", ""dropout"": 0.0, ""hidden_units"": [4]}, ""optim"": {""lr"": 0.1, ""momentum"": 0.9, ""name"": ""sgd""}, ""regularizer"": {""l2"": ""1e-3""}, ""seed"": 42, ""split"": {""stratified"": true, ""val_size"": 0.2}, ""training"": {""batch_size"": 16, ""epochs"": 800, ""include_reg_in_val"": false, ""shuffle"": true}}"
50cbbeb6253d,1,0.09924037250111453,0.0,0.09924037250111453,0.0,0.96,0.0,66.0,0.0,"{""callbacks"": {""early_stopping"": true, ""min_delta"": 0.0, ""mode"": ""auto"", ""monitor"": ""val_loss"", ""patience"": 40, ""restore_best_weights"": true, ""verbose"": 0}, ""cv"": {""k"": 3, ""seed"": 42, ""shuffle"": true}, ""data"": {""train_path"": ""data/MONK/MONK1/monks-1.train""}, ""model"": {""activation"": ""relu"", ""dropout"": 0.2, ""hidden_units"": [8, 4]}, ""optim"": {""lr"": 0.1, ""momentum"": 0.9, ""name"": ""sgd""}, ""regularizer"": {""l2"": 0.0}, ""seed"": 42, ""split"": {""stratified"": true, ""val_size"": 0.2}, ""training"": {""batch_size"": 16, ""epochs"": 800, ""include_reg_in_val"": false, ""shuffle"": true}}"
cb63b3887fe9,1,0.10029492122339573,0.0,0.10029492122339573,0.0,1.0,0.0,211.0,0.0,"{""callbacks"": {""early_stopping"": true, ""min_delta"": 0.0, ""mode"": ""auto"", ""monitor"": ""val_loss"", ""patience"": 40, ""restore_best_weights"": true, ""verbose"": 0}, ""cv"": {""k"": 3, ""seed"": 42, ""shuffle"": true}, ""data"": {""train_path"": ""data/MONK/MONK1/monks-1.train""}, ""model"": {""activation"": ""relu"", ""dropout"": 0.0, ""hidden_units"": [8, 4]}, ""optim"": {""lr"": 0.1, ""momentum"": 0.0, ""name"": ""sgd""}, ""regularizer"": {""l2"": ""1e-2""}, ""seed"": 42, ""split"": {""stratified"": true, ""val_size"": 0.2}, ""training"": {""batch_size"": 16, ""epochs"": 800, ""include_reg_in_val"": false, ""shuffle"": true}}"
04f80a662c7d,1,0.10075332107125964,0.0,0.10075332107125964,0.0,0.96,0.0,80.0,0.0,"{""callbacks"": {""early_stopping"": true, ""min_delta"": 0.0, ""mode"": ""auto"", ""monitor"": ""val_loss"", ""patience"": 40, ""restore_best_weights"": true, ""verbose"": 0}, ""cv"": {""k"": 3, ""seed"": 42, ""shuffle"": true}, ""data"": {""train_path"": ""data/MONK/MONK1/monks-1.train""}, ""model"": {""activation"": ""relu"", ""dropout"": 0.0, ""hidden_units"": [8, 4]}, ""optim"": {""lr"": 0.01, ""momentum"": 0.9, ""name"": ""sgd""}, ""regularizer"": {""l2"": 0.0}, ""seed"": 42, ""split"": {""stratified"": true, ""val_size"": 0.2}, ""training"": {""batch_size"": 16, ""epochs"": 800, ""include_reg_in_val"": false, ""shuffle"": true}}"
2c7cb418adad,1,0.1011042130346339,0.0,0.1011042130346339,0.0,0.92,0.0,715.0,0.0,"{""callbacks"": {""early_stopping"": true, ""min_delta"": 0.0, ""mode"": ""auto"", ""monitor"": ""val_loss"", ""patience"": 40, ""restore_best_weights"": true, ""verbose"": 0}, ""cv"": {""k"": 3, ""seed"": 42, ""shuffle"": true}, ""data"": {""train_path"": ""data/MONK/MONK1/monks-1.train""}, ""model"": {""activation"": ""relu"", ""dropout"": 0.0, ""hidden_units"": [8]}, ""optim"": {""lr"": 0.1, ""momentum"": 0.0, ""name"": ""sgd""}, ""regularizer"": {""l2"": ""1e-3""}, ""seed"": 42, ""split"": {""stratified"": true, ""val_size"": 0.2}, ""training"": {""batch_size"": 32, ""epochs"": 800, ""include_reg_in_val"": false, ""shuffle"": true}}"
e0e9685f9324,1,0.10124273869347925,0.0,0.10124273869347925,0.0,1.0,0.0,90.0,0.0,"{""callbacks"": {""early_stopping"": true, ""min_delta"": 0.0, ""mode"": ""auto"", ""monitor"": ""val_loss"", ""patience"": 40, ""restore_best_weights"": true, ""verbose"": 0}, ""cv"": {""k"": 3, ""seed"": 42, ""shuffle"": true}, ""data"": {""train_path"": ""data/MONK/MONK1/monks-1.train""}, ""model"": {""activation"": ""relu"", ""dropout"": 0.0, ""hidden_units"": [8]}, ""optim"": {""lr"": 0.2, ""momentum"": 0.9, ""name"": ""sgd""}, ""regularizer"": {""l2"": ""1e-2""}, ""seed"": 42, ""split"": {""stratified"": true, ""val_size"": 0.2}, ""training"": {""batch_size"": 32, ""epochs"": 800, ""include_reg_in_val"": false, ""shuffle"": true}}"
11f2cec3bf10,1,0.10251815762971464,0.0,0.10251815762971464,0.0,1.0,0.0,226.0,0.0,"{""callbacks"": {""early_stopping"": true, ""min_delta"": 0.0, ""mode"": ""auto"", ""monitor"": ""val_loss"", ""patience"": 40, ""restore_best_weights"": true, ""verbose"": 0}, ""cv"": {""k"": 3, ""seed"": 42, ""shuffle"": true}, ""data"": {""train_path"": ""data/MONK/MONK1/monks-1.train""}, ""model"": {""activation"": ""relu"", ""dropout"": 0.0, ""hidden_units"": [8, 4]}, ""optim"": {""lr"": 0.1, ""momentum"": 0.0, ""name"": ""sgd""}, ""regularizer"": {""l2"": ""1e-2""}, ""seed"": 42, ""split"": {""stratified"": true, ""val_size"": 0.2}, ""training"": {""batch_size"": 32, ""epochs"": 800, ""include_reg_in_val"": false, ""shuffle"": true}}"
d87c0325664d,1,0.10287311418040662,0.0,0.10287311418040662,0.0,1.0,0.0,242.0,0.0,"{""callbacks"": {""early_stopping"": true, ""min_delta"": 0.0, ""mode"": ""auto"", ""monitor"": ""val_loss"", ""patience"": 40, ""restore_best_weights"": true, ""verbose"": 0}, ""cv"": {""k"": 3, ""seed"": 42, ""shuffle"": true}, ""data"": {""train_path"": ""data/MONK/MONK1/monks-1.train""}, ""model"": {""activation"": ""tanh"", ""dropout"": 0.0, ""hidden_units"": [8, 4]}, ""optim"": {""lr"": 0.1, ""momentum"": 0.1, ""name"": ""sgd""}, ""regularizer"": {""l2"": ""1e-2""}, ""seed"": 42, ""split"": {""stratified"": true, ""val_size"": 0.2}, ""training"": {""batch_size"": 32, ""epochs"": 800, ""include_reg_in_val"": false, ""shuffle"": true}}"
1b4d74fd0bc1,1,0.10352112221856262,0.0,0.10352112221856262,0.0,1.0,0.0,244.0,0.0,"{""callbacks"": {""early_stopping"": true, ""min_delta"": 0.0, ""mode"": ""auto"", ""monitor"": ""val_loss"", ""patience"": 40, ""restore_best_weights"": true, ""verbose"": 0}, ""cv"": {""k"": 3, ""seed"": 42, ""shuffle"": true}, ""data"": {""train_path"": ""data/MONK/MONK1/monks-1.train""}, ""model"": {""activation"": ""sigmoid"", ""dropout"": 0.0, ""hidden_units"": [4]}, ""optim"": {""lr"": 0.2, ""momentum"": 0.9, ""name"": ""sgd""}, ""regularizer"": {""l2"": ""1e-3""}, ""seed"": 42, ""split"": {""stratified"": true, ""val_size"": 0.2}, ""training"": {""batch_size"": 32, ""epochs"": 800, ""include_reg_in_val"": false, ""shuffle"": true}}"
ae1bae0df334,1,0.10403493673550777,0.0,0.10403493673550777,0.0,0.96,0.0,242.0,0.0,"{""callbacks"": {""early_stopping"": true, ""min_delta"": 0.0, ""mode"": ""auto"", ""monitor"": ""val_loss"", ""patience"": 40, ""restore_best_weights"": true, ""verbose"": 0}, ""cv"": {""k"": 3, ""seed"": 42, ""shuffle"": true}, ""data"": {""train_path"": ""data/MONK/MONK1/monks-1.train""}, ""model"": {""activation"": ""relu"", ""dropout"": 0.0, ""hidden_units"": [8]}, ""optim"": {""lr"": 0.2, ""momentum"": 0.0, ""name"": ""sgd""}, ""regularizer"": {""l2"": ""1e-3""}, ""seed"": 42, ""split"": {""stratified"": true, ""val_size"": 0.2}, ""training"": {""batch_size"": 32, ""epochs"": 800, ""include_reg_in_val"": false, ""shuffle"": true}}"
b499b717d6ac,1,0.10432322223499108,0.0,0.10432322223499108,0.0,1.0,0.0,211.0,0.0,"{""callbacks"": {""early_stopping"": true, ""min_delta"": 0.0, ""mode"": ""auto"", ""monitor"": ""val_loss"", ""patience"": 40, ""restore_best_weights"": true, ""verbose"": 0}, ""cv"": {""k"": 3, ""seed"": 42, ""shuffle"": true}, ""data"": {""train_path"": ""data/MONK/MONK1/monks-1.train""}, ""model"": {""activation"": ""relu"", ""dropout"": 0.0, ""hidden_units"": [8, 4]}, ""optim"": {""lr"": 0.1, ""momentum"": 0.1, ""name"": ""sgd""}, ""regularizer"": {""l2"": ""1e-2""}, ""seed"": 42, ""split"": {""stratified"": true, ""val_size"": 0.2}, ""training"": {""batch_size"": 32, ""epochs"": 800, ""include_reg_in_val"": false, ""shuffle"": true}}"
2d9af6f5056a,1,0.10434237236699578,0.0,0.10434237236699578,0.0,1.0,0.0,243.0,0.0,"{""callbacks"": {""early_stopping"": true, ""min_delta"": 0.0, ""mode"": ""auto"", ""monitor"": ""val_loss"", ""patience"": 40, ""restore_best_weights"": true, ""verbose"": 0}, ""cv"": {""k"": 3, ""seed"": 42, ""shuffle"": true}, ""data"": {""train_path"": ""data/MONK/MONK1/monks-1.train""}, ""model"": {""activation"": ""sigmoid"", ""dropout"": 0.0, ""hidden_units"": [8, 4]}, ""optim"": {""lr"": 0.2, ""momentum"": 0.9, ""name"": ""sgd""}, ""regularizer"": {""l2"": ""1e-3""}, ""seed"": 42, ""split"": {""stratified"": true, ""val_size"": 0.2}, ""training"": {""batch_size"": 32, ""epochs"": 800, ""include_reg_in_val"": false, ""shuffle"": true}}"
7044ee690eb7,1,0.10456829009738847,0.0,0.10456829009738847,0.0,0.92,0.0,715.0,0.0,"{""callbacks"": {""early_stopping"": true, ""min_delta"": 0.0, ""mode"": ""auto"", ""monitor"": ""val_loss"", ""patience"": 40, ""restore_best_weights"": true, ""verbose"": 0}, ""cv"": {""k"": 3, ""seed"": 42, ""shuffle"": true}, ""data"": {""train_path"": ""data/MONK/MONK1/monks-1.train""}, ""model"": {""activation"": ""relu"", ""dropout"": 0.0, ""hidden_units"": [8]}, ""optim"": {""lr"": 0.1, ""momentum"": 0.1, ""name"": ""sgd""}, ""regularizer"": {""l2"": 0.0}, ""seed"": 42, ""split"": {""stratified"": true, ""val_size"": 0.2}, ""training"": {""batch_size"": 16, ""epochs"": 800, ""include_reg_in_val"": false, ""shuffle"": true}}"
701af47e1c67,1,0.10463938738466276,0.0,0.10463938738466276,0.0,1.0,0.0,242.0,0.0,"{""callbacks"": {""early_stopping"": true, ""min_delta"": 0.0, ""mode"": ""auto"", ""monitor"": ""val_loss"", ""patience"": 40, ""restore_best_weights"": true, ""verbose"": 0}, ""cv"": {""k"": 3, ""seed"": 42, ""shuffle"": true}, ""data"": {""train_path"": ""data/MONK/MONK1/monks-1.train""}, ""model"": {""activation"": ""tanh"", ""dropout"": 0.0, ""hidden_units"": [8, 4]}, ""optim"": {""lr"": 0.1, ""momentum"": 0.0, ""name"": ""sgd""}, ""regularizer"": {""l2"": ""1e-2""}, ""seed"": 42, ""split"": {""stratified"": true, ""val_size"": 0.2}, ""training"": {""batch_size"": 32, ""epochs"": 800, ""include_reg_in_val"": false, ""shuffle"": true}}"
76f31ae5e716,1,0.10504706773991025,0.0,0.10504706773991025,0.0,1.0,0.0,90.0,0.0,"{""callbacks"": {""early_stopping"": true, ""min_delta"": 0.0, ""mode"": ""auto"", ""monitor"": ""val_loss"", ""patience"": 40, ""restore_best_weights"": true, ""verbose"": 0}, ""cv"": {""k"": 3, ""seed"": 42, ""shuffle"": true}, ""data"": {""train_path"": ""data/MONK/MONK1/monks-1.train""}, ""model"": {""activation"": ""tanh"", ""dropout"": 0.0, ""hidden_units"": [8, 4]}, ""optim"": {""lr"": 0.2, ""momentum"": 0.1, ""name"": ""sgd""}, ""regularizer"": {""l2"": ""1e-2""}, ""seed"": 42, ""split"": {""stratified"": true, ""val_size"": 0.2}, ""training"": {""batch_size"": 32, ""epochs"": 800, ""include_reg_in_val"": false, ""shuffle"": true}}"
175ad4eabcc4,1,0.1060440672011394,0.0,0.1060440672011394,0.0,1.0,0.0,80.0,0.0,"{""callbacks"": {""early_stopping"": true, ""min_delta"": 0.0, ""mode"": ""auto"", ""monitor"": ""val_loss"", ""patience"": 40, ""restore_best_weights"": true, ""verbose"": 0}, ""cv"": {""k"": 3, ""seed"": 42, ""shuffle"": true}, ""data"": {""train_path"": ""data/MONK/MONK1/monks-1.train""}, ""model"": {""activation"": ""relu"", ""dropout"": 0.0, ""hidden_units"": [8, 4]}, ""optim"": {""lr"": 0.01, ""momentum"": 0.9, ""name"": ""sgd""}, ""regularizer"": {""l2"": ""1e-3""}, ""seed"": 42, ""split"": {""stratified"": true, ""val_size"": 0.2}, ""training"": {""batch_size"": 16, ""epochs"": 800, ""include_reg_in_val"": false, ""shuffle"": true}}"
c5e18cb58c0c,1,0.10609402822457462,0.0,0.10609402822457462,0.0,0.96,0.0,54.0,0.0,"{""callbacks"": {""early_stopping"": true, ""min_delta"": 0.0, ""mode"": ""auto"", ""monitor"": ""val_loss"", ""patience"": 40, ""restore_best_weights"": true, ""verbose"": 0}, ""cv"": {""k"": 3, ""seed"": 42, ""shuffle"": true}, ""data"": {""train_path"": ""data/MONK/MONK1/monks-1.train""}, ""model"": {""activation"": ""tanh"", ""dropout"": 0.0, ""hidden_units"": [4]}, ""optim"": {""lr"": 0.2, ""momentum"": 0.9, ""name"": ""sgd""}, ""regularizer"": {""l2"": 0.0}, ""seed"": 42, ""split"": {""stratified"": true, ""val_size"": 0.2}, ""training"": {""batch_size"": 32, ""epochs"": 800, ""include_reg_in_val"": false, ""shuffle"": true}}"
5dd13fbbd86a,1,0.10672273233774839,0.0,0.10672273233774839,0.0,0.92,0.0,800.0,0.0,"{""callbacks"": {""early_stopping"": true, ""min_delta"": 0.0, ""mode"": ""auto"", ""monitor"": ""val_loss"", ""patience"": 40, ""restore_best_weights"": true, ""verbose"": 0}, ""cv"": {""k"": 3, ""seed"": 42, ""shuffle"": true}, ""data"": {""train_path"": ""data/MONK/MONK1/monks-1.train""}, ""model"": {""activation"": ""relu"", ""dropout"": 0.0, ""hidden_units"": [8]}, ""optim"": {""lr"": 0.1, ""momentum"": 0.0, ""name"": ""sgd""}, ""regularizer"": {""l2"": 0.0}, ""seed"": 42, ""split"": {""stratified"": true, ""val_size"": 0.2}, ""training"": {""batch_size"": 16, ""epochs"": 800, ""include_reg_in_val"": false, ""shuffle"": true}}"
699aa2183fce,1,0.10674466111028065,0.0,0.10674466111028065,0.0,0.92,0.0,243.0,0.0,"{""callbacks"": {""early_stopping"": true, ""min_delta"": 0.0, ""mode"": ""auto"", ""monitor"": ""val_loss"", ""patience"": 40, ""restore_best_weights"": true, ""verbose"": 0}, ""cv"": {""k"": 3, ""seed"": 42, ""shuffle"": true}, ""data"": {""train_path"": ""data/MONK/MONK1/monks-1.train""}, ""model"": {""activation"": ""sigmoid"", ""dropout"": 0.0, ""hidden_units"": [8, 4]}, ""optim"": {""lr"": 0.1, ""momentum"": 0.9, ""name"": ""sgd""}, ""regularizer"": {""l2"": ""1e-3""}, ""seed"": 42, ""split"": {""stratified"": true, ""val_size"": 0.2}, ""training"": {""batch_size"": 16, ""epochs"": 800, ""include_reg_in_val"": false, ""shuffle"": true}}"
51964088f3a0,1,0.1068627685643606,0.0,0.1068627685643606,0.0,0.96,0.0,103.0,0.0,"{""callbacks"": {""early_stopping"": true, ""min_delta"": 0.0, ""mode"": ""auto"", ""monitor"": ""val_loss"", ""patience"": 40, ""restore_best_weights"": true, ""verbose"": 0}, ""cv"": {""k"": 3, ""seed"": 42, ""shuffle"": true}, ""data"": {""train_path"": ""data/MONK/MONK1/monks-1.train""}, ""model"": {""activation"": ""relu"", ""dropout"": 0.0, ""hidden_units"": [4]}, ""optim"": {""lr"": 0.2, ""momentum"": 0.1, ""name"": ""sgd""}, ""regularizer"": {""l2"": 0.0}, ""seed"": 42, ""split"": {""stratified"": true, ""val_size"": 0.2}, ""training"": {""batch_size"": 16, ""epochs"": 800, ""include_reg_in_val"": false, ""shuffle"": true}}"
a39c76ea23f7,1,0.10723347967824441,0.0,0.10723347967824441,0.0,1.0,0.0,240.0,0.0,"{""callbacks"": {""early_stopping"": true, ""min_delta"": 0.0, ""mode"": ""auto"", ""monitor"": ""val_loss"", ""patience"": 40, ""restore_best_weights"": true, ""verbose"": 0}, ""cv"": {""k"": 3, ""seed"": 42, ""shuffle"": true}, ""data"": {""train_path"": ""data/MONK/MONK1/monks-1.train""}, ""model"": {""activation"": ""relu"", ""dropout"": 0.0, ""hidden_units"": [8]}, ""optim"": {""lr"": 0.2, ""momentum"": 0.1, ""name"": ""sgd""}, ""regularizer"": {""l2"": ""1e-2""}, ""seed"": 42, ""split"": {""stratified"": true, ""val_size"": 0.2}, ""training"": {""batch_size"": 32, ""epochs"": 800, ""include_reg_in_val"": false, ""shuffle"": true}}"
20503ce6b274,1,0.10770368334500346,0.0,0.10770368334500346,0.0,1.0,0.0,229.0,0.0,"{""callbacks"": {""early_stopping"": true, ""min_delta"": 0.0, ""mode"": ""auto"", ""monitor"": ""val_loss"", ""patience"": 40, ""restore_best_weights"": true, ""verbose"": 0}, ""cv"": {""k"": 3, ""seed"": 42, ""shuffle"": true}, ""data"": {""train_path"": ""data/MONK/MONK1/monks-1.train""}, ""model"": {""activation"": ""relu"", ""dropout"": 0.2, ""hidden_units"": [8]}, ""optim"": {""lr"": 0.2, ""momentum"": 0.1, ""name"": ""sgd""}, ""regularizer"": {""l2"": ""1e-2""}, ""seed"": 42, ""split"": {""stratified"": true, ""val_size"": 0.2}, ""training"": {""batch_size"": 16, ""epochs"": 800, ""include_reg_in_val"": false, ""shuffle"": true}}"
ff76c7047f18,1,0.10776791548450049,0.0,0.10776791548450049,0.0,0.96,0.0,211.0,0.0,"{""callbacks"": {""early_stopping"": true, ""min_delta"": 0.0, ""mode"": ""auto"", ""monitor"": ""val_loss"", ""patience"": 40, ""restore_best_weights"": true, ""verbose"": 0}, ""cv"": {""k"": 3, ""seed"": 42, ""shuffle"": true}, ""data"": {""train_path"": ""data/MONK/MONK1/monks-1.train""}, ""model"": {""activation"": ""tanh"", ""dropout"": 0.2, ""hidden_units"": [8]}, ""optim"": {""lr"": 0.1, ""momentum"": 0.1, ""name"": ""sgd""}, ""regularizer"": {""l2"": 0.0}, ""seed"": 42, ""split"": {""stratified"": true, ""val_size"": 0.2}, ""training"": {""batch_size"": 16, ""epochs"": 800, ""include_reg_in_val"": false, ""shuffle"": true}}"
3830958ddf0f,1,0.10809720432038321,0.0,0.10809720432038321,0.0,0.92,0.0,800.0,0.0,"{""callbacks"": {""early_stopping"": true, ""min_delta"": 0.0, ""mode"": ""auto"", ""monitor"": ""val_loss"", ""patience"": 40, ""restore_best_weights"": true, ""verbose"": 0}, ""cv"": {""k"": 3, ""seed"": 42, ""shuffle"": true}, ""data"": {""train_path"": ""data/MONK/MONK1/monks-1.train""}, ""model"": {""activation"": ""sigmoid"", ""dropout"": 0.0, ""hidden_units"": [4]}, ""optim"": {""lr"": 0.2, ""momentum"": 0.9, ""name"": ""sgd""}, ""regularizer"": {""l2"": 0.0}, ""seed"": 42, ""split"": {""stratified"": true, ""val_size"": 0.2}, ""training"": {""batch_size"": 16, ""epochs"": 800, ""include_reg_in_val"": false, ""shuffle"": true}}"
fd32f73feccb,1,0.10823211875801408,0.0,0.10823211875801408,0.0,1.0,0.0,227.0,0.0,"{""callbacks"": {""early_stopping"": true, ""min_delta"": 0.0, ""mode"": ""auto"", ""monitor"": ""val_loss"", ""patience"": 40, ""restore_best_weights"": true, ""verbose"": 0}, ""cv"": {""k"": 3, ""seed"": 42, ""shuffle"": true}, ""data"": {""train_path"": ""data/MONK/MONK1/monks-1.train""}, ""model"": {""activation"": ""relu"", ""dropout"": 0.2, ""hidden_units"": [8]}, ""optim"": {""lr"": 0.2, ""momentum"": 0.0, ""name"": ""sgd""}, ""regularizer"": {""l2"": ""1e-2""}, ""seed"": 42, ""split"": {""stratified"": true, ""val_size"": 0.2}, ""training"": {""batch_size"": 16, ""epochs"": 800, ""include_reg_in_val"": false, ""shuffle"": true}}"
24aa4a474bc7,1,0.10837189696548613,0.0,0.10837189696548613,0.0,0.92,0.0,417.0,0.0,"{""callbacks"": {""early_stopping"": true, ""min_delta"": 0.0, ""mode"": ""auto"", ""monitor"": ""val_loss"", ""patience"": 40, ""restore_best_weights"": true, ""verbose"": 0}, ""cv"": {""k"": 3, ""seed"": 42, ""shuffle"": true}, ""data"": {""train_path"": ""data/MONK/MONK1/monks-1.train""}, ""model"": {""activation"": ""tanh"", ""dropout"": 0.0, ""hidden_units"": [8]}, ""optim"": {""lr"": 0.1, ""momentum"": 0.0, ""name"": ""sgd""}, ""regularizer"": {""l2"": ""1e-3""}, ""seed"": 42, ""split"": {""stratified"": true, ""val_size"": 0.2}, ""training"": {""batch_size"": 32, ""epochs"": 800, ""include_reg_in_val"": false, ""shuffle"": true}}"
f23e4266edc7,1,0.10889818762322351,0.0,0.10889818762322351,0.0,1.0,0.0,134.0,0.0,"{""callbacks"": {""early_stopping"": true, ""min_delta"": 0.0, ""mode"": ""auto"", ""monitor"": ""val_loss"", ""patience"": 40, ""restore_best_weights"": true, ""verbose"": 0}, ""cv"": {""k"": 3, ""seed"": 42, ""shuffle"": true}, ""data"": {""train_path"": ""data/MONK/MONK1/monks-1.train""}, ""model"": {""activation"": ""tanh"", ""dropout"": 0.0, ""hidden_units"": [4]}, ""optim"": {""lr"": 0.2, ""momentum"": 0.9, ""name"": ""sgd""}, ""regularizer"": {""l2"": ""1e-2""}, ""seed"": 42, ""split"": {""stratified"": true, ""val_size"": 0.2}, ""training"": {""batch_size"": 32, ""epochs"": 800, ""include_reg_in_val"": false, ""shuffle"": true}}"
b818cfd10fd6,1,0.10902048911059133,0.0,0.10902048911059133,0.0,1.0,0.0,51.0,0.0,"{""callbacks"": {""early_stopping"": true, ""min_delta"": 0.0, ""mode"": ""auto"", ""monitor"": ""val_loss"", ""patience"": 40, ""restore_best_weights"": true, ""verbose"": 0}, ""cv"": {""k"": 3, ""seed"": 42, ""shuffle"": true}, ""data"": {""train_path"": ""data/MONK/MONK1/monks-1.train""}, ""model"": {""activation"": ""relu"", ""dropout"": 0.0, ""hidden_units"": [8]}, ""optim"": {""lr"": 0.1, ""momentum"": 0.9, ""name"": ""sgd""}, ""regularizer"": {""l2"": ""1e-2""}, ""seed"": 42, ""split"": {""stratified"": true, ""val_size"": 0.2}, ""training"": {""batch_size"": 16, ""epochs"": 800, ""include_reg_in_val"": false, ""shuffle"": true}}"
823926d52e0f,1,0.1098265860611156,0.0,0.1098265860611156,0.0,1.0,0.0,31.0,0.0,"{""callbacks"": {""early_stopping"": true, ""min_delta"": 0.0, ""mode"": ""auto"", ""monitor"": ""val_loss"", ""patience"": 40, ""restore_best_weights"": true, ""verbose"": 0}, ""cv"": {""k"": 3, ""seed"": 42, ""shuffle"": true}, ""data"": {""train_path"": ""data/MONK/MONK1/monks-1.train""}, ""model"": {""activation"": ""tanh"", ""dropout"": 0.0, ""hidden_units"": [8, 4]}, ""optim"": {""lr"": 0.2, ""momentum"": 0.9, ""name"": ""sgd""}, ""regularizer"": {""l2"": ""1e-2""}, ""seed"": 42, ""split"": {""stratified"": true, ""val_size"": 0.2}, ""training"": {""batch_size"": 32, ""epochs"": 800, ""include_reg_in_val"": false, ""shuffle"": true}}"
d2a070172900,1,0.11100608763398188,0.0,0.11100608763398188,0.0,0.96,0.0,103.0,0.0,"{""callbacks"": {""early_stopping"": true, ""min_delta"": 0.0, ""mode"": ""auto"", ""monitor"": ""val_loss"", ""patience"": 40, ""restore_best_weights"": true, ""verbose"": 0}, ""cv"": {""k"": 3, ""seed"": 42, ""shuffle"": true}, ""data"": {""train_path"": ""data/MONK/MONK1/monks-1.train""}, ""model"": {""activation"": ""relu"", ""dropout"": 0.0, ""hidden_units"": [4]}, ""optim"": {""lr"": 0.2, ""momentum"": 0.1, ""name"": ""sgd""}, ""regularizer"": {""l2"": ""1e-3""}, ""seed"": 42, ""split"": {""stratified"": true, ""val_size"": 0.2}, ""training"": {""batch_size"": 16, ""epochs"": 800, ""include_reg_in_val"": false, ""shuffle"": true}}"
bda3bbd8e60e,1,0.11185635591300853,0.0,0.11185635591300853,0.0,0.96,0.0,52.0,0.0,"{""callbacks"": {""early_stopping"": true, ""min_delta"": 0.0, ""mode"": ""auto"", ""monitor"": ""val_loss"", ""patience"": 40, ""restore_best_weights"": true, ""verbose"": 0}, ""cv"": {""k"": 3, ""seed"": 42, ""shuffle"": true}, ""data"": {""train_path"": ""data/MONK/MONK1/monks-1.train""}, ""model"": {""activation"": ""relu"", ""dropout"": 0.0, ""hidden_units"": [4]}, ""optim"": {""lr"": 0.2, ""momentum"": 0.9, ""name"": ""sgd""}, ""regularizer"": {""l2"": 0.0}, ""seed"": 42, ""split"": {""stratified"": true, ""val_size"": 0.2}, ""training"": {""batch_size"": 32, ""epochs"": 800, ""include_reg_in_val"": false, ""shuffle"": true}}"
dc19ec0d84c9,1,0.11186698488199305,0.0,0.11186698488199305,0.0,1.0,0.0,240.0,0.0,"{""callbacks"": {""early_stopping"": true, ""min_delta"": 0.0, ""mode"": ""auto"", ""monitor"": ""val_loss"", ""patience"": 40, ""restore_best_weights"": true, ""verbose"": 0}, ""cv"": {""k"": 3, ""seed"": 42, ""shuffle"": true}, ""data"": {""train_path"": ""data/MONK/MONK1/monks-1.train""}, ""model"": {""activation"": ""relu"", ""dropout"": 0.0, ""hidden_units"": [8]}, ""optim"": {""lr"": 0.2, ""momentum"": 0.0, ""name"": ""sgd""}, ""regularizer"": {""l2"": ""1e-2""}, ""seed"": 42, ""split"": {""stratified"": true, ""val_size"": 0.2}, ""training"": {""batch_size"": 32, ""epochs"": 800, ""include_reg_in_val"": false, ""shuffle"": true}}"
91fb2f3a7339,1,0.11211975159782972,0.0,0.11211975159782972,0.0,0.96,0.0,103.0,0.0,"{""callbacks"": {""early_stopping"": true, ""min_delta"": 0.0, ""mode"": ""auto"", ""monitor"": ""val_loss"", ""patience"": 40, ""restore_best_weights"": true, ""verbose"": 0}, ""cv"": {""k"": 3, ""seed"": 42, ""shuffle"": true}, ""data"": {""train_path"": ""data/MONK/MONK1/monks-1.train""}, ""model"": {""activation"": ""relu"", ""dropout"": 0.0, ""hidden_units"": [4]}, ""optim"": {""lr"": 0.2, ""momentum"": 0.0, ""name"": ""sgd""}, ""regularizer"": {""l2"": 0.0}, ""seed"": 42, ""split"": {""stratified"": true, ""val_size"": 0.2}, ""training"": {""batch_size"": 16, ""epochs"": 800, ""include_reg_in_val"": false, ""shuffle"": true}}"
636c643aba59,1,0.11238349003636244,0.0,0.11238349003636244,0.0,1.0,0.0,90.0,0.0,"{""callbacks"": {""early_stopping"": true, ""min_delta"": 0.0, ""mode"": ""auto"", ""monitor"": ""val_loss"", ""patience"": 40, ""restore_best_weights"": true, ""verbose"": 0}, ""cv"": {""k"": 3, ""seed"": 42, ""shuffle"": true}, ""data"": {""train_path"": ""data/MONK/MONK1/monks-1.train""}, ""model"": {""activation"": ""tanh"", ""dropout"": 0.0, ""hidden_units"": [8, 4]}, ""optim"": {""lr"": 0.2, ""momentum"": 0.0, ""name"": ""sgd""}, ""regularizer"": {""l2"": ""1e-2""}, ""seed"": 42, ""split"": {""stratified"": true, ""val_size"": 0.2}, ""training"": {""batch_size"": 32, ""epochs"": 800, ""include_reg_in_val"": false, ""shuffle"": true}}"
530f50c7c412,1,0.11252947947066627,0.0,0.11252947947066627,0.0,0.92,0.0,337.0,0.0,"{""callbacks"": {""early_stopping"": true, ""min_delta"": 0.0, ""mode"": ""auto"", ""monitor"": ""val_loss"", ""patience"": 40, ""restore_best_weights"": true, ""verbose"": 0}, ""cv"": {""k"": 3, ""seed"": 42, ""shuffle"": true}, ""data"": {""train_path"": ""data/MONK/MONK1/monks-1.train""}, ""model"": {""activation"": ""tanh"", ""dropout"": 0.2, ""hidden_units"": [8]}, ""optim"": {""lr"": 0.01, ""momentum"": 0.9, ""name"": ""sgd""}, ""regularizer"": {""l2"": ""1e-3""}, ""seed"": 42, ""split"": {""stratified"": true, ""val_size"": 0.2}, ""training"": {""batch_size"": 16, ""epochs"": 800, ""include_reg_in_val"": false, ""shuffle"": true}}"
423d79843a6d,1,0.11275079428140396,0.0,0.11275079428140396,0.0,1.0,0.0,144.0,0.0,"{""callbacks"": {""early_stopping"": true, ""min_delta"": 0.0, ""mode"": ""auto"", ""monitor"": ""val_loss"", ""patience"": 40, ""restore_best_weights"": true, ""verbose"": 0}, ""cv"": {""k"": 3, ""seed"": 42, ""shuffle"": true}, ""data"": {""train_path"": ""data/MONK/MONK1/monks-1.train""}, ""model"": {""activation"": ""tanh"", ""dropout"": 0.0, ""hidden_units"": [8, 4]}, ""optim"": {""lr"": 0.1, ""momentum"": 0.1, ""name"": ""sgd""}, ""regularizer"": {""l2"": ""1e-2""}, ""seed"": 42, ""split"": {""stratified"": true, ""val_size"": 0.2}, ""training"": {""batch_size"": 16, ""epochs"": 800, ""include_reg_in_val"": false, ""shuffle"": true}}"
671190210acf,1,0.11280943386661496,0.0,0.11280943386661496,0.0,1.0,0.0,62.0,0.0,"{""callbacks"": {""early_stopping"": true, ""min_delta"": 0.0, ""mode"": ""auto"", ""monitor"": ""val_loss"", ""patience"": 40, ""restore_best_weights"": true, ""verbose"": 0}, ""cv"": {""k"": 3, ""seed"": 42, ""shuffle"": true}, ""data"": {""train_path"": ""data/MONK/MONK1/monks-1.train""}, ""model"": {""activation"": ""tanh"", ""dropout"": 0.0, ""hidden_units"": [4]}, ""optim"": {""lr"": 0.2, ""momentum"": 0.9, ""name"": ""sgd""}, ""regularizer"": {""l2"": ""1e-2""}, ""seed"": 42, ""split"": {""stratified"": true, ""val_size"": 0.2}, ""training"": {""batch_size"": 16, ""epochs"": 800, ""include_reg_in_val"": false, ""shuffle"": true}}"
61cf0a9c874e,1,0.11322234811699676,0.0,0.11322234811699676,0.0,0.96,0.0,146.0,0.0,"{""callbacks"": {""early_stopping"": true, ""min_delta"": 0.0, ""mode"": ""auto"", ""monitor"": ""val_loss"", ""patience"": 40, ""restore_best_weights"": true, ""verbose"": 0}, ""cv"": {""k"": 3, ""seed"": 42, ""shuffle"": true}, ""data"": {""train_path"": ""data/MONK/MONK1/monks-1.train""}, ""model"": {""activation"": ""sigmoid"", ""dropout"": 0.0, ""hidden_units"": [4]}, ""optim"": {""lr"": 0.2, ""momentum"": 0.9, ""name"": ""sgd""}, ""regularizer"": {""l2"": ""1e-3""}, ""seed"": 42, ""split"": {""stratified"": true, ""val_size"": 0.2}, ""training"": {""batch_size"": 16, ""epochs"": 800, ""include_reg_in_val"": false, ""shuffle"": true}}"
e5664ee9e111,1,0.11340141484284436,0.0,0.11340141484284436,0.0,0.92,0.0,717.0,0.0,"{""callbacks"": {""early_stopping"": true, ""min_delta"": 0.0, ""mode"": ""auto"", ""monitor"": ""val_loss"", ""patience"": 40, ""restore_best_weights"": true, ""verbose"": 0}, ""cv"": {""k"": 3, ""seed"": 42, ""shuffle"": true}, ""data"": {""train_path"": ""data/MONK/MONK1/monks-1.train""}, ""model"": {""activation"": ""relu"", ""dropout"": 0.0, ""hidden_units"": [8]}, ""optim"": {""lr"": 0.01, ""momentum"": 0.9, ""name"": ""sgd""}, ""regularizer"": {""l2"": ""1e-3""}, ""seed"": 42, ""split"": {""stratified"": true, ""val_size"": 0.2}, ""training"": {""batch_size"": 32, ""epochs"": 800, ""include_reg_in_val"": false, ""shuffle"": true}}"
ef368b37cdcd,1,0.11356265228283186,0.0,0.11356265228283186,0.0,0.96,0.0,418.0,0.0,"{""callbacks"": {""early_stopping"": true, ""min_delta"": 0.0, ""mode"": ""auto"", ""monitor"": ""val_loss"", ""patience"": 40, ""restore_best_weights"": true, ""verbose"": 0}, ""cv"": {""k"": 3, ""seed"": 42, ""shuffle"": true}, ""data"": {""train_path"": ""data/MONK/MONK1/monks-1.train""}, ""model"": {""activation"": ""tanh"", ""dropout"": 0.2, ""hidden_units"": [8]}, ""optim"": {""lr"": 0.01, ""momentum"": 0.9, ""name"": ""sgd""}, ""regularizer"": {""l2"": 0.0}, ""seed"": 42, ""split"": {""stratified"": true, ""val_size"": 0.2}, ""training"": {""batch_size"": 32, ""epochs"": 800, ""include_reg_in_val"": false, ""shuffle"": true}}"
792f4f499b7f,1,0.11389737834905656,0.0,0.11389737834905656,0.0,1.0,0.0,524.0,0.0,"{""callbacks"": {""early_stopping"": true, ""min_delta"": 0.0, ""mode"": ""auto"", ""monitor"": ""val_loss"", ""patience"": 40, ""restore_best_weights"": true, ""verbose"": 0}, ""cv"": {""k"": 3, ""seed"": 42, ""shuffle"": true}, ""data"": {""train_path"": ""data/MONK/MONK1/monks-1.train""}, ""model"": {""activation"": ""relu"", ""dropout"": 0.2, ""hidden_units"": [8]}, ""optim"": {""lr"": 0.1, ""momentum"": 0.1, ""name"": ""sgd""}, ""regularizer"": {""l2"": ""1e-2""}, ""seed"": 42, ""split"": {""stratified"": true, ""val_size"": 0.2}, ""training"": {""batch_size"": 32, ""epochs"": 800, ""include_reg_in_val"": false, ""shuffle"": true}}"
4d423828c2a3,1,0.11404920375783092,0.0,0.11404920375783092,0.0,1.0,0.0,288.0,0.0,"{""callbacks"": {""early_stopping"": true, ""min_delta"": 0.0, ""mode"": ""auto"", ""monitor"": ""val_loss"", ""patience"": 40, ""restore_best_weights"": true, ""verbose"": 0}, ""cv"": {""k"": 3, ""seed"": 42, ""shuffle"": true}, ""data"": {""train_path"": ""data/MONK/MONK1/monks-1.train""}, ""model"": {""activation"": ""relu"", ""dropout"": 0.2, ""hidden_units"": [8]}, ""optim"": {""lr"": 0.1, ""momentum"": 0.1, ""name"": ""sgd""}, ""regularizer"": {""l2"": ""1e-2""}, ""seed"": 42, ""split"": {""stratified"": true, ""val_size"": 0.2}, ""training"": {""batch_size"": 16, ""epochs"": 800, ""include_reg_in_val"": false, ""shuffle"": true}}"
d3998cec9f13,1,0.11429178347474472,0.0,0.11429178347474472,0.0,1.0,0.0,289.0,0.0,"{""callbacks"": {""early_stopping"": true, ""min_delta"": 0.0, ""mode"": ""auto"", ""monitor"": ""val_loss"", ""patience"": 40, ""restore_best_weights"": true, ""verbose"": 0}, ""cv"": {""k"": 3, ""seed"": 42, ""shuffle"": true}, ""data"": {""train_path"": ""data/MONK/MONK1/monks-1.train""}, ""model"": {""activation"": ""sigmoid"", ""dropout"": 0.2, ""hidden_units"": [8]}, ""optim"": {""lr"": 0.1, ""momentum"": 0.9, ""name"": ""sgd""}, ""regularizer"": {""l2"": ""1e-3""}, ""seed"": 42, ""split"": {""stratified"": true, ""val_size"": 0.2}, ""training"": {""batch_size"": 16, ""epochs"": 800, ""include_reg_in_val"": false, ""shuffle"": true}}"
7c3b2e4e5934,1,0.11438934078211688,0.0,0.11438934078211688,0.0,0.96,0.0,103.0,0.0,"{""callbacks"": {""early_stopping"": true, ""min_delta"": 0.0, ""mode"": ""auto"", ""monitor"": ""val_loss"", ""patience"": 40, ""restore_best_weights"": true, ""verbose"": 0}, ""cv"": {""k"": 3, ""seed"": 42, ""shuffle"": true}, ""data"": {""train_path"": ""data/MONK/MONK1/monks-1.train""}, ""model"": {""activation"": ""relu"", ""dropout"": 0.0, ""hidden_units"": [4]}, ""optim"": {""lr"": 0.2, ""momentum"": 0.0, ""name"": ""sgd""}, ""regularizer"": {""l2"": ""1e-3""}, ""seed"": 42, ""split"": {""stratified"": true, ""val_size"": 0.2}, ""training"": {""batch_size"": 16, ""epochs"": 800, ""include_reg_in_val"": false, ""shuffle"": true}}"
7efca67eaf41,1,0.11455695815357543,0.0,0.11455695815357543,0.0,1.0,0.0,335.0,0.0,"{""callbacks"": {""early_stopping"": true, ""min_delta"": 0.0, ""mode"": ""auto"", ""monitor"": ""val_loss"", ""patience"": 40, ""restore_best_weights"": true, ""verbose"": 0}, ""cv"": {""k"": 3, ""seed"": 42, ""shuffle"": true}, ""data"": {""train_path"": ""data/MONK/MONK1/monks-1.train""}, ""model"": {""activation"": ""relu"", ""dropout"": 0.2, ""hidden_units"": [8]}, ""optim"": {""lr"": 0.01, ""momentum"": 0.9, ""name"": ""sgd""}, ""regularizer"": {""l2"": ""1e-2""}, ""seed"": 42, ""split"": {""stratified"": true, ""val_size"": 0.2}, ""training"": {""batch_size"": 16, ""epochs"": 800, ""include_reg_in_val"": false, ""shuffle"": true}}"
3ceebb0d49b3,1,0.11568870593690939,0.0,0.11568870593690939,0.0,0.96,0.0,144.0,0.0,"{""callbacks"": {""early_stopping"": true, ""min_delta"": 0.0, ""mode"": ""auto"", ""monitor"": ""val_loss"", ""patience"": 40, ""restore_best_weights"": true, ""verbose"": 0}, ""cv"": {""k"": 3, ""seed"": 42, ""shuffle"": true}, ""data"": {""train_path"": ""data/MONK/MONK1/monks-1.train""}, ""model"": {""activation"": ""tanh"", ""dropout"": 0.0, ""hidden_units"": [8, 4]}, ""optim"": {""lr"": 0.1, ""momentum"": 0.0, ""name"": ""sgd""}, ""regularizer"": {""l2"": ""1e-2""}, ""seed"": 42, ""split"": {""stratified"": true, ""val_size"": 0.2}, ""training"": {""batch_size"": 16, ""epochs"": 800, ""include_reg_in_val"": false, ""shuffle"": true}}"
11b4cad04496,1,0.11667112232528093,0.0,0.11667112232528093,0.0,0.96,0.0,422.0,0.0,"{""callbacks"": {""early_stopping"": true, ""min_delta"": 0.0, ""mode"": ""auto"", ""monitor"": ""val_loss"", ""patience"": 40, ""restore_best_weights"": true, ""verbose"": 0}, ""cv"": {""k"": 3, ""seed"": 42, ""shuffle"": true}, ""data"": {""train_path"": ""data/MONK/MONK1/monks-1.train""}, ""model"": {""activation"": ""relu"", ""dropout"": 0.0, ""hidden_units"": [4]}, ""optim"": {""lr"": 0.1, ""momentum"": 0.1, ""name"": ""sgd""}, ""regularizer"": {""l2"": ""1e-3""}, ""seed"": 42, ""split"": {""stratified"": true, ""val_size"": 0.2}, ""training"": {""batch_size"": 32, ""epochs"": 800, ""include_reg_in_val"": false, ""shuffle"": true}}"
930d85021695,1,0.11738409038061609,0.0,0.11738409038061609,0.0,0.96,0.0,242.0,0.0,"{""callbacks"": {""early_stopping"": true, ""min_delta"": 0.0, ""mode"": ""auto"", ""monitor"": ""val_loss"", ""patience"": 40, ""restore_best_weights"": true, ""verbose"": 0}, ""cv"": {""k"": 3, ""seed"": 42, ""shuffle"": true}, ""data"": {""train_path"": ""data/MONK/MONK1/monks-1.train""}, ""model"": {""activation"": ""tanh"", ""dropout"": 0.2, ""hidden_units"": [8, 4]}, ""optim"": {""lr"": 0.1, ""momentum"": 0.0, ""name"": ""sgd""}, ""regularizer"": {""l2"": 0.0}, ""seed"": 42, ""split"": {""stratified"": true, ""val_size"": 0.2}, ""training"": {""batch_size"": 16, ""epochs"": 800, ""include_reg_in_val"": false, ""shuffle"": true}}"
16879c2e5d32,1,0.11762433452718087,0.0,0.11762433452718087,0.0,1.0,0.0,523.0,0.0,"{""callbacks"": {""early_stopping"": true, ""min_delta"": 0.0, ""mode"": ""auto"", ""monitor"": ""val_loss"", ""patience"": 40, ""restore_best_weights"": true, ""verbose"": 0}, ""cv"": {""k"": 3, ""seed"": 42, ""shuffle"": true}, ""data"": {""train_path"": ""data/MONK/MONK1/monks-1.train""}, ""model"": {""activation"": ""relu"", ""dropout"": 0.2, ""hidden_units"": [8]}, ""optim"": {""lr"": 0.1, ""momentum"": 0.0, ""name"": ""sgd""}, ""regularizer"": {""l2"": ""1e-2""}, ""seed"": 42, ""split"": {""stratified"": true, ""val_size"": 0.2}, ""training"": {""batch_size"": 32, ""epochs"": 800, ""include_reg_in_val"": false, ""shuffle"": true}}"
ea01bfaa7096,1,0.11784618289246802,0.0,0.11784618289246802,0.0,1.0,0.0,244.0,0.0,"{""callbacks"": {""early_stopping"": true, ""min_delta"": 0.0, ""mode"": ""auto"", ""monitor"": ""val_loss"", ""patience"": 40, ""restore_best_weights"": true, ""verbose"": 0}, ""cv"": {""k"": 3, ""seed"": 42, ""shuffle"": true}, ""data"": {""train_path"": ""data/MONK/MONK1/monks-1.train""}, ""model"": {""activation"": ""relu"", ""dropout"": 0.0, ""hidden_units"": [8, 4]}, ""optim"": {""lr"": 0.01, ""momentum"": 0.9, ""name"": ""sgd""}, ""regularizer"": {""l2"": ""1e-2""}, ""seed"": 42, ""split"": {""stratified"": true, ""val_size"": 0.2}, ""training"": {""batch_size"": 32, ""epochs"": 800, ""include_reg_in_val"": false, ""shuffle"": true}}"
e609a825b87d,1,0.11838755158186115,0.0,0.11838755158186115,0.0,1.0,0.0,240.0,0.0,"{""callbacks"": {""early_stopping"": true, ""min_delta"": 0.0, ""mode"": ""auto"", ""monitor"": ""val_loss"", ""patience"": 40, ""restore_best_weights"": true, ""verbose"": 0}, ""cv"": {""k"": 3, ""seed"": 42, ""shuffle"": true}, ""data"": {""train_path"": ""data/MONK/MONK1/monks-1.train""}, ""model"": {""activation"": ""relu"", ""dropout"": 0.2, ""hidden_units"": [8]}, ""optim"": {""lr"": 0.2, ""momentum"": 0.1, ""name"": ""sgd""}, ""regularizer"": {""l2"": ""1e-2""}, ""seed"": 42, ""split"": {""stratified"": true, ""val_size"": 0.2}, ""training"": {""batch_size"": 32, ""epochs"": 800, ""include_reg_in_val"": false, ""shuffle"": true}}"
edc4ded5e048,1,0.11873495065926143,0.0,0.11873495065926143,0.0,0.96,0.0,224.0,0.0,"{""callbacks"": {""early_stopping"": true, ""min_delta"": 0.0, ""mode"": ""auto"", ""monitor"": ""val_loss"", ""patience"": 40, ""restore_best_weights"": true, ""verbose"": 0}, ""cv"": {""k"": 3, ""seed"": 42, ""shuffle"": true}, ""data"": {""train_path"": ""data/MONK/MONK1/monks-1.train""}, ""model"": {""activation"": ""sigmoid"", ""dropout"": 0.2, ""hidden_units"": [4]}, ""optim"": {""lr"": 0.1, ""momentum"": 0.9, ""name"": ""sgd""}, ""regularizer"": {""l2"": 0.0}, ""seed"": 42, ""split"": {""stratified"": true, ""val_size"": 0.2}, ""training"": {""batch_size"": 16, ""epochs"": 800, ""include_reg_in_val"": false, ""shuffle"": true}}"
0db61dfec84c,1,0.11902697969073246,0.0,0.11902697969073246,0.0,0.96,0.0,374.0,0.0,"{""callbacks"": {""early_stopping"": true, ""min_delta"": 0.0, ""mode"": ""auto"", ""monitor"": ""val_loss"", ""patience"": 40, ""restore_best_weights"": true, ""verbose"": 0}, ""cv"": {""k"": 3, ""seed"": 42, ""shuffle"": true}, ""data"": {""train_path"": ""data/MONK/MONK1/monks-1.train""}, ""model"": {""activation"": ""tanh"", ""dropout"": 0.2, ""hidden_units"": [8, 4]}, ""optim"": {""lr"": 0.1, ""momentum"": 0.0, ""name"": ""sgd""}, ""regularizer"": {""l2"": ""1e-3""}, ""seed"": 42, ""split"": {""stratified"": true, ""val_size"": 0.2}, ""training"": {""batch_size"": 16, ""epochs"": 800, ""include_reg_in_val"": false, ""shuffle"": true}}"
8be69585b2d7,1,0.11919520583655735,0.0,0.11919520583655735,0.0,1.0,0.0,240.0,0.0,"{""callbacks"": {""early_stopping"": true, ""min_delta"": 0.0, ""mode"": ""auto"", ""monitor"": ""val_loss"", ""patience"": 40, ""restore_best_weights"": true, ""verbose"": 0}, ""cv"": {""k"": 3, ""seed"": 42, ""shuffle"": true}, ""data"": {""train_path"": ""data/MONK/MONK1/monks-1.train""}, ""model"": {""activation"": ""relu"", ""dropout"": 0.2, ""hidden_units"": [8]}, ""optim"": {""lr"": 0.2, ""momentum"": 0.0, ""name"": ""sgd""}, ""regularizer"": {""l2"": ""1e-2""}, ""seed"": 42, ""split"": {""stratified"": true, ""val_size"": 0.2}, ""training"": {""batch_size"": 32, ""epochs"": 800, ""include_reg_in_val"": false, ""shuffle"": true}}"
29f87be2bfa3,1,0.11965079852881022,0.0,0.11965079852881022,0.0,0.96,0.0,15.0,0.0,"{""callbacks"": {""early_stopping"": true, ""min_delta"": 0.0, ""mode"": ""auto"", ""monitor"": ""val_loss"", ""patience"": 40, ""restore_best_weights"": true, ""verbose"": 0}, ""cv"": {""k"": 3, ""seed"": 42, ""shuffle"": true}, ""data"": {""train_path"": ""data/MONK/MONK1/monks-1.train""}, ""model"": {""activation"": ""relu"", ""dropout"": 0.0, ""hidden_units"": [8]}, ""optim"": {""lr"": 0.2, ""momentum"": 0.9, ""name"": ""sgd""}, ""regularizer"": {""l2"": 0.0}, ""seed"": 42, ""split"": {""stratified"": true, ""val_size"": 0.2}, ""training"": {""batch_size"": 16, ""epochs"": 800, ""include_reg_in_val"": false, ""shuffle"": true}}"
edc23345aa97,1,0.12038667845954265,0.0,0.12038667845954265,0.0,1.0,0.0,524.0,0.0,"{""callbacks"": {""early_stopping"": true, ""min_delta"": 0.0, ""mode"": ""auto"", ""monitor"": ""val_loss"", ""patience"": 40, ""restore_best_weights"": true, ""verbose"": 0}, ""cv"": {""k"": 3, ""seed"": 42, ""shuffle"": true}, ""data"": {""train_path"": ""data/MONK/MONK1/monks-1.train""}, ""model"": {""activation"": ""relu"", ""dropout"": 0.2, ""hidden_units"": [8]}, ""optim"": {""lr"": 0.01, ""momentum"": 0.9, ""name"": ""sgd""}, ""regularizer"": {""l2"": ""1e-2""}, ""seed"": 42, ""split"": {""stratified"": true, ""val_size"": 0.2}, ""training"": {""batch_size"": 32, ""epochs"": 800, ""include_reg_in_val"": false, ""shuffle"": true}}"
6ffe06785415,1,0.12205750648466378,0.0,0.12205750648466378,0.0,0.96,0.0,418.0,0.0,"{""callbacks"": {""early_stopping"": true, ""min_delta"": 0.0, ""mode"": ""auto"", ""monitor"": ""val_loss"", ""patience"": 40, ""restore_best_weights"": true, ""verbose"": 0}, ""cv"": {""k"": 3, ""seed"": 42, ""shuffle"": true}, ""data"": {""train_path"": ""data/MONK/MONK1/monks-1.train""}, ""model"": {""activation"": ""tanh"", ""dropout"": 0.2, ""hidden_units"": [8]}, ""optim"": {""lr"": 0.01, ""momentum"": 0.9, ""name"": ""sgd""}, ""regularizer"": {""l2"": ""1e-3""}, ""seed"": 42, ""split"": {""stratified"": true, ""val_size"": 0.2}, ""training"": {""batch_size"": 32, ""epochs"": 800, ""include_reg_in_val"": false, ""shuffle"": true}}"
1481bc690d4a,1,0.12207660729478043,0.0,0.12207660729478043,0.0,0.92,0.0,211.0,0.0,"{""callbacks"": {""early_stopping"": true, ""min_delta"": 0.0, ""mode"": ""auto"", ""monitor"": ""val_loss"", ""patience"": 40, ""restore_best_weights"": true, ""verbose"": 0}, ""cv"": {""k"": 3, ""seed"": 42, ""shuffle"": true}, ""data"": {""train_path"": ""data/MONK/MONK1/monks-1.train""}, ""model"": {""activation"": ""tanh"", ""dropout"": 0.2, ""hidden_units"": [8]}, ""optim"": {""lr"": 0.1, ""momentum"": 0.1, ""name"": ""sgd""}, ""regularizer"": {""l2"": ""1e-3""}, ""seed"": 42, ""split"": {""stratified"": true, ""val_size"": 0.2}, ""training"": {""batch_size"": 16, ""epochs"": 800, ""include_reg_in_val"": false, ""shuffle"": true}}"
6827f43b1b23,1,0.1222357800829046,0.0,0.1222357800829046,0.0,0.92,0.0,211.0,0.0,"{""callbacks"": {""early_stopping"": true, ""min_delta"": 0.0, ""mode"": ""auto"", ""monitor"": ""val_loss"", ""patience"": 40, ""restore_best_weights"": true, ""verbose"": 0}, ""cv"": {""k"": 3, ""seed"": 42, ""shuffle"": true}, ""data"": {""train_path"": ""data/MONK/MONK1/monks-1.train""}, ""model"": {""activation"": ""tanh"", ""dropout"": 0.2, ""hidden_units"": [8]}, ""optim"": {""lr"": 0.1, ""momentum"": 0.0, ""name"": ""sgd""}, ""regularizer"": {""l2"": 0.0}, ""seed"": 42, ""split"": {""stratified"": true, ""val_size"": 0.2}, ""training"": {""batch_size"": 16, ""epochs"": 800, ""include_reg_in_val"": false, ""shuffle"": true}}"
74396cbd5a81,1,0.1227583421353025,0.0,0.1227583421353025,0.0,0.96,0.0,327.0,0.0,"{""callbacks"": {""early_stopping"": true, ""min_delta"": 0.0, ""mode"": ""auto"", ""monitor"": ""val_loss"", ""patience"": 40, ""restore_best_weights"": true, ""verbose"": 0}, ""cv"": {""k"": 3, ""seed"": 42, ""shuffle"": true}, ""data"": {""train_path"": ""data/MONK/MONK1/monks-1.train""}, ""model"": {""activation"": ""relu"", ""dropout"": 0.0, ""hidden_units"": [4]}, ""optim"": {""lr"": 0.1, ""momentum"": 0.1, ""name"": ""sgd""}, ""regularizer"": {""l2"": 0.0}, ""seed"": 42, ""split"": {""stratified"": true, ""val_size"": 0.2}, ""training"": {""batch_size"": 32, ""epochs"": 800, ""include_reg_in_val"": false, ""shuffle"": true}}"
7be7451dcce7,1,0.12299924717740404,0.0,0.12299924717740404,0.0,1.0,0.0,239.0,0.0,"{""callbacks"": {""early_stopping"": true, ""min_delta"": 0.0, ""mode"": ""auto"", ""monitor"": ""val_loss"", ""patience"": 40, ""restore_best_weights"": true, ""verbose"": 0}, ""cv"": {""k"": 3, ""seed"": 42, ""shuffle"": true}, ""data"": {""train_path"": ""data/MONK/MONK1/monks-1.train""}, ""model"": {""activation"": ""relu"", ""dropout"": 0.2, ""hidden_units"": [8]}, ""optim"": {""lr"": 0.1, ""momentum"": 0.0, ""name"": ""sgd""}, ""regularizer"": {""l2"": ""1e-2""}, ""seed"": 42, ""split"": {""stratified"": true, ""val_size"": 0.2}, ""training"": {""batch_size"": 16, ""epochs"": 800, ""include_reg_in_val"": false, ""shuffle"": true}}"
930355a26f7d,1,0.12395482961992141,0.0,0.12395482961992141,0.0,0.96,0.0,389.0,0.0,"{""callbacks"": {""early_stopping"": true, ""min_delta"": 0.0, ""mode"": ""auto"", ""monitor"": ""val_loss"", ""patience"": 40, ""restore_best_weights"": true, ""verbose"": 0}, ""cv"": {""k"": 3, ""seed"": 42, ""shuffle"": true}, ""data"": {""train_path"": ""data/MONK/MONK1/monks-1.train""}, ""model"": {""activation"": ""relu"", ""dropout"": 0.2, ""hidden_units"": [8, 4]}, ""optim"": {""lr"": 0.1, ""momentum"": 0.0, ""name"": ""sgd""}, ""regularizer"": {""l2"": ""1e-3""}, ""seed"": 42, ""split"": {""stratified"": true, ""val_size"": 0.2}, ""training"": {""batch_size"": 32, ""epochs"": 800, ""include_reg_in_val"": false, ""shuffle"": true}}"
2b3e5c1e54f6,1,0.1249247303850741,0.0,0.1249247303850741,0.0,0.92,0.0,800.0,0.0,"{""callbacks"": {""early_stopping"": true, ""min_delta"": 0.0, ""mode"": ""auto"", ""monitor"": ""val_loss"", ""patience"": 40, ""restore_best_weights"": true, ""verbose"": 0}, ""cv"": {""k"": 3, ""seed"": 42, ""shuffle"": true}, ""data"": {""train_path"": ""data/MONK/MONK1/monks-1.train""}, ""model"": {""activation"": ""relu"", ""dropout"": 0.0, ""hidden_units"": [8]}, ""optim"": {""lr"": 0.01, ""momentum"": 0.9, ""name"": ""sgd""}, ""regularizer"": {""l2"": 0.0}, ""seed"": 42, ""split"": {""stratified"": true, ""val_size"": 0.2}, ""training"": {""batch_size"": 16, ""epochs"": 800, ""include_reg_in_val"": false, ""shuffle"": true}}"
548878f4ee7b,1,0.12530432827468607,0.0,0.12530432827468607,0.0,0.96,0.0,430.0,0.0,"{""callbacks"": {""early_stopping"": true, ""min_delta"": 0.0, ""mode"": ""auto"", ""monitor"": ""val_loss"", ""patience"": 40, ""restore_best_weights"": true, ""verbose"": 0}, ""cv"": {""k"": 3, ""seed"": 42, ""shuffle"": true}, ""data"": {""train_path"": ""data/MONK/MONK1/monks-1.train""}, ""model"": {""activation"": ""relu"", ""dropout"": 0.0, ""hidden_units"": [4]}, ""optim"": {""lr"": 0.01, ""momentum"": 0.9, ""name"": ""sgd""}, ""regularizer"": {""l2"": 0.0}, ""seed"": 42, ""split"": {""stratified"": true, ""val_size"": 0.2}, ""training"": {""batch_size"": 32, ""epochs"": 800, ""include_reg_in_val"": false, ""shuffle"": true}}"
ac603336b8df,1,0.12557591336887364,0.0,0.12557591336887364,0.0,1.0,0.0,120.0,0.0,"{""callbacks"": {""early_stopping"": true, ""min_delta"": 0.0, ""mode"": ""auto"", ""monitor"": ""val_loss"", ""patience"": 40, ""restore_best_weights"": true, ""verbose"": 0}, ""cv"": {""k"": 3, ""seed"": 42, ""shuffle"": true}, ""data"": {""train_path"": ""data/MONK/MONK1/monks-1.train""}, ""model"": {""activation"": ""relu"", ""dropout"": 0.0, ""hidden_units"": [4]}, ""optim"": {""lr"": 0.1, ""momentum"": 0.9, ""name"": ""sgd""}, ""regularizer"": {""l2"": ""1e-2""}, ""seed"": 42, ""split"": {""stratified"": true, ""val_size"": 0.2}, ""training"": {""batch_size"": 16, ""epochs"": 800, ""include_reg_in_val"": false, ""shuffle"": true}}"
460966ba2167,1,0.12561521086346747,0.0,0.12561521086346747,0.0,0.96,0.0,423.0,0.0,"{""callbacks"": {""early_stopping"": true, ""min_delta"": 0.0, ""mode"": ""auto"", ""monitor"": ""val_loss"", ""patience"": 40, ""restore_best_weights"": true, ""verbose"": 0}, ""cv"": {""k"": 3, ""seed"": 42, ""shuffle"": true}, ""data"": {""train_path"": ""data/MONK/MONK1/monks-1.train""}, ""model"": {""activation"": ""relu"", ""dropout"": 0.0, ""hidden_units"": [4]}, ""optim"": {""lr"": 0.01, ""momentum"": 0.9, ""name"": ""sgd""}, ""regularizer"": {""l2"": ""1e-3""}, ""seed"": 42, ""split"": {""stratified"": true, ""val_size"": 0.2}, ""training"": {""batch_size"": 32, ""epochs"": 800, ""include_reg_in_val"": false, ""shuffle"": true}}"
1adfcbb6fa8e,1,0.12593797422737854,0.0,0.12593797422737854,0.0,0.96,0.0,270.0,0.0,"{""callbacks"": {""early_stopping"": true, ""min_delta"": 0.0, ""mode"": ""auto"", ""monitor"": ""val_loss"", ""patience"": 40, ""restore_best_weights"": true, ""verbose"": 0}, ""cv"": {""k"": 3, ""seed"": 42, ""shuffle"": true}, ""data"": {""train_path"": ""data/MONK/MONK1/monks-1.train""}, ""model"": {""activation"": ""relu"", ""dropout"": 0.2, ""hidden_units"": [8]}, ""optim"": {""lr"": 0.1, ""momentum"": 0.0, ""name"": ""sgd""}, ""regularizer"": {""l2"": 0.0}, ""seed"": 42, ""split"": {""stratified"": true, ""val_size"": 0.2}, ""training"": {""batch_size"": 32, ""epochs"": 800, ""include_reg_in_val"": false, ""shuffle"": true}}"
9f421dfe4764,1,0.12667071335080388,0.0,0.12667071335080388,0.0,1.0,0.0,41.0,0.0,"{""callbacks"": {""early_stopping"": true, ""min_delta"": 0.0, ""mode"": ""auto"", ""monitor"": ""val_loss"", ""patience"": 40, ""restore_best_weights"": true, ""verbose"": 0}, ""cv"": {""k"": 3, ""seed"": 42, ""shuffle"": true}, ""data"": {""train_path"": ""data/MONK/MONK1/monks-1.train""}, ""model"": {""activation"": ""relu"", ""dropout"": 0.2, ""hidden_units"": [8]}, ""optim"": {""lr"": 0.1, ""momentum"": 0.9, ""name"": ""sgd""}, ""regularizer"": {""l2"": ""1e-2""}, ""seed"": 42, ""split"": {""stratified"": true, ""val_size"": 0.2}, ""training"": {""batch_size"": 16, ""epochs"": 800, ""include_reg_in_val"": false, ""shuffle"": true}}"
c9f9753ee9f0,1,0.12712777466728828,0.0,0.12712777466728828,0.0,0.96,0.0,93.0,0.0,"{""callbacks"": {""early_stopping"": true, ""min_delta"": 0.0, ""mode"": ""auto"", ""monitor"": ""val_loss"", ""patience"": 40, ""restore_best_weights"": true, ""verbose"": 0}, ""cv"": {""k"": 3, ""seed"": 42, ""shuffle"": true}, ""data"": {""train_path"": ""data/MONK/MONK1/monks-1.train""}, ""model"": {""activation"": ""relu"", ""dropout"": 0.2, ""hidden_units"": [8, 4]}, ""optim"": {""lr"": 0.2, ""momentum"": 0.9, ""name"": ""sgd""}, ""regularizer"": {""l2"": 0.0}, ""seed"": 42, ""split"": {""stratified"": true, ""val_size"": 0.2}, ""training"": {""batch_size"": 16, ""epochs"": 800, ""include_reg_in_val"": false, ""shuffle"": true}}"
c03a7ac1139f,1,0.1275804129409399,0.0,0.1275804129409399,0.0,0.96,0.0,242.0,0.0,"{""callbacks"": {""early_stopping"": true, ""min_delta"": 0.0, ""mode"": ""auto"", ""monitor"": ""val_loss"", ""patience"": 40, ""restore_best_weights"": true, ""verbose"": 0}, ""cv"": {""k"": 3, ""seed"": 42, ""shuffle"": true}, ""data"": {""train_path"": ""data/MONK/MONK1/monks-1.train""}, ""model"": {""activation"": ""tanh"", ""dropout"": 0.2, ""hidden_units"": [8, 4]}, ""optim"": {""lr"": 0.1, ""momentum"": 0.1, ""name"": ""sgd""}, ""regularizer"": {""l2"": ""1e-3""}, ""seed"": 42, ""split"": {""stratified"": true, ""val_size"": 0.2}, ""training"": {""batch_size"": 16, ""epochs"": 800, ""include_reg_in_val"": false, ""shuffle"": true}}"
4d7de4bff24e,1,0.12832306311170352,0.0,0.12832306311170352,0.0,0.96,0.0,241.0,0.0,"{""callbacks"": {""early_stopping"": true, ""min_delta"": 0.0, ""mode"": ""auto"", ""monitor"": ""val_loss"", ""patience"": 40, ""restore_best_weights"": true, ""verbose"": 0}, ""cv"": {""k"": 3, ""seed"": 42, ""shuffle"": true}, ""data"": {""train_path"": ""data/MONK/MONK1/monks-1.train""}, ""model"": {""activation"": ""tanh"", ""dropout"": 0.2, ""hidden_units"": [8, 4]}, ""optim"": {""lr"": 0.01, ""momentum"": 0.9, ""name"": ""sgd""}, ""regularizer"": {""l2"": 0.0}, ""seed"": 42, ""split"": {""stratified"": true, ""val_size"": 0.2}, ""training"": {""batch_size"": 16, ""epochs"": 800, ""include_reg_in_val"": false, ""shuffle"": true}}"
08518f41a6bf,1,0.128719500693769,0.0,0.128719500693769,0.0,1.0,0.0,220.0,0.0,"{""callbacks"": {""early_stopping"": true, ""min_delta"": 0.0, ""mode"": ""auto"", ""monitor"": ""val_loss"", ""patience"": 40, ""restore_best_weights"": true, ""verbose"": 0}, ""cv"": {""k"": 3, ""seed"": 42, ""shuffle"": true}, ""data"": {""train_path"": ""data/MONK/MONK1/monks-1.train""}, ""model"": {""activation"": ""relu"", ""dropout"": 0.0, ""hidden_units"": [4]}, ""optim"": {""lr"": 0.2, ""momentum"": 0.1, ""name"": ""sgd""}, ""regularizer"": {""l2"": ""1e-2""}, ""seed"": 42, ""split"": {""stratified"": true, ""val_size"": 0.2}, ""training"": {""batch_size"": 16, ""epochs"": 800, ""include_reg_in_val"": false, ""shuffle"": true}}"
e1be832f29c6,1,0.12874816607802245,0.0,0.12874816607802245,0.0,0.96,0.0,242.0,0.0,"{""callbacks"": {""early_stopping"": true, ""min_delta"": 0.0, ""mode"": ""auto"", ""monitor"": ""val_loss"", ""patience"": 40, ""restore_best_weights"": true, ""verbose"": 0}, ""cv"": {""k"": 3, ""seed"": 42, ""shuffle"": true}, ""data"": {""train_path"": ""data/MONK/MONK1/monks-1.train""}, ""model"": {""activation"": ""tanh"", ""dropout"": 0.2, ""hidden_units"": [8]}, ""optim"": {""lr"": 0.1, ""momentum"": 0.0, ""name"": ""sgd""}, ""regularizer"": {""l2"": ""1e-3""}, ""seed"": 42, ""split"": {""stratified"": true, ""val_size"": 0.2}, ""training"": {""batch_size"": 16, ""epochs"": 800, ""include_reg_in_val"": false, ""shuffle"": true}}"
31b5bbf247a9,1,0.13023804811131456,0.0,0.13023804811131456,0.0,1.0,0.0,76.0,0.0,"{""callbacks"": {""early_stopping"": true, ""min_delta"": 0.0, ""mode"": ""auto"", ""monitor"": ""val_loss"", ""patience"": 40, ""restore_best_weights"": true, ""verbose"": 0}, ""cv"": {""k"": 3, ""seed"": 42, ""shuffle"": true}, ""data"": {""train_path"": ""data/MONK/MONK1/monks-1.train""}, ""model"": {""activation"": ""relu"", ""dropout"": 0.0, ""hidden_units"": [4]}, ""optim"": {""lr"": 0.2, ""momentum"": 0.9, ""name"": ""sgd""}, ""regularizer"": {""l2"": ""1e-2""}, ""seed"": 42, ""split"": {""stratified"": true, ""val_size"": 0.2}, ""training"": {""batch_size"": 16, ""epochs"": 800, ""include_reg_in_val"": false, ""shuffle"": true}}"
0027171f78db,1,0.13142200311358743,0.0,0.13142200311358743,0.0,0.96,0.0,327.0,0.0,"{""callbacks"": {""early_stopping"": true, ""min_delta"": 0.0, ""mode"": ""auto"", ""monitor"": ""val_loss"", ""patience"": 40, ""restore_best_weights"": true, ""verbose"": 0}, ""cv"": {""k"": 3, ""seed"": 42, ""shuffle"": true}, ""data"": {""train_path"": ""data/MONK/MONK1/monks-1.train""}, ""model"": {""activation"": ""relu"", ""dropout"": 0.0, ""hidden_units"": [4]}, ""optim"": {""lr"": 0.1, ""momentum"": 0.0, ""name"": ""sgd""}, ""regularizer"": {""l2"": 0.0}, ""seed"": 42, ""split"": {""stratified"": true, ""val_size"": 0.2}, ""training"": {""batch_size"": 32, ""epochs"": 800, ""include_reg_in_val"": false, ""shuffle"": true}}"
ee2262acbba5,1,0.1315339703842529,0.0,0.1315339703842529,0.0,1.0,0.0,220.0,0.0,"{""callbacks"": {""early_stopping"": true, ""min_delta"": 0.0, ""mode"": ""auto"", ""monitor"": ""val_loss"", ""patience"": 40, ""restore_best_weights"": true, ""verbose"": 0}, ""cv"": {""k"": 3, ""seed"": 42, ""shuffle"": true}, ""data"": {""train_path"": ""data/MONK/MONK1/monks-1.train""}, ""model"": {""activation"": ""relu"", ""dropout"": 0.0, ""hidden_units"": [4]}, ""optim"": {""lr"": 0.2, ""momentum"": 0.0, ""name"": ""sgd""}, ""regularizer"": {""l2"": ""1e-2""}, ""seed"": 42, ""split"": {""stratified"": true, ""val_size"": 0.2}, ""training"": {""batch_size"": 16, ""epochs"": 800, ""include_reg_in_val"": false, ""shuffle"": true}}"
455287404f9d,1,0.1329515466939529,0.0,0.1329515466939529,0.0,1.0,0.0,242.0,0.0,"{""callbacks"": {""early_stopping"": true, ""min_delta"": 0.0, ""mode"": ""auto"", ""monitor"": ""val_loss"", ""patience"": 40, ""restore_best_weights"": true, ""verbose"": 0}, ""cv"": {""k"": 3, ""seed"": 42, ""shuffle"": true}, ""data"": {""train_path"": ""data/MONK/MONK1/monks-1.train""}, ""model"": {""activation"": ""relu"", ""dropout"": 0.0, ""hidden_units"": [8]}, ""optim"": {""lr"": 0.1, ""momentum"": 0.1, ""name"": ""sgd""}, ""regularizer"": {""l2"": ""1e-2""}, ""seed"": 42, ""split"": {""stratified"": true, ""val_size"": 0.2}, ""training"": {""batch_size"": 16, ""epochs"": 800, ""include_reg_in_val"": false, ""shuffle"": true}}"
d59ce0b761b8,1,0.1329585825684732,0.0,0.1329585825684732,0.0,0.88,0.0,145.0,0.0,"{""callbacks"": {""early_stopping"": true, ""min_delta"": 0.0, ""mode"": ""auto"", ""monitor"": ""val_loss"", ""patience"": 40, ""restore_best_weights"": true, ""verbose"": 0}, ""cv"": {""k"": 3, ""seed"": 42, ""shuffle"": true}, ""data"": {""train_path"": ""data/MONK/MONK1/monks-1.train""}, ""model"": {""activation"": ""sigmoid"", ""dropout"": 0.0, ""hidden_units"": [8]}, ""optim"": {""lr"": 0.2, ""momentum"": 0.9, ""name"": ""sgd""}, ""regularizer"": {""l2"": ""1e-3""}, ""seed"": 42, ""split"": {""stratified"": true, ""val_size"": 0.2}, ""training"": {""batch_size"": 16, ""epochs"": 800, ""include_reg_in_val"": false, ""shuffle"": true}}"
070c074e6e11,1,0.13315920104883752,0.0,0.13315920104883752,0.0,0.88,0.0,331.0,0.0,"{""callbacks"": {""early_stopping"": true, ""min_delta"": 0.0, ""mode"": ""auto"", ""monitor"": ""val_loss"", ""patience"": 40, ""restore_best_weights"": true, ""verbose"": 0}, ""cv"": {""k"": 3, ""seed"": 42, ""shuffle"": true}, ""data"": {""train_path"": ""data/MONK/MONK1/monks-1.train""}, ""model"": {""activation"": ""tanh"", ""dropout"": 0.0, ""hidden_units"": [8]}, ""optim"": {""lr"": 0.01, ""momentum"": 0.9, ""name"": ""sgd""}, ""regularizer"": {""l2"": ""1e-3""}, ""seed"": 42, ""split"": {""stratified"": true, ""val_size"": 0.2}, ""training"": {""batch_size"": 32, ""epochs"": 800, ""include_reg_in_val"": false, ""shuffle"": true}}"
bd678534dbca,1,0.1331968682678816,0.0,0.1331968682678816,0.0,0.92,0.0,744.0,0.0,"{""callbacks"": {""early_stopping"": true, ""min_delta"": 0.0, ""mode"": ""auto"", ""monitor"": ""val_loss"", ""patience"": 40, ""restore_best_weights"": true, ""verbose"": 0}, ""cv"": {""k"": 3, ""seed"": 42, ""shuffle"": true}, ""data"": {""train_path"": ""data/MONK/MONK1/monks-1.train""}, ""model"": {""activation"": ""tanh"", ""dropout"": 0.0, ""hidden_units"": [8, 4]}, ""optim"": {""lr"": 0.01, ""momentum"": 0.1, ""name"": ""sgd""}, ""regularizer"": {""l2"": 0.0}, ""seed"": 42, ""split"": {""stratified"": true, ""val_size"": 0.2}, ""training"": {""batch_size"": 16, ""epochs"": 800, ""include_reg_in_val"": false, ""shuffle"": true}}"
ba2135092677,1,0.133212135839948,0.0,0.133212135839948,0.0,0.96,0.0,327.0,0.0,"{""callbacks"": {""early_stopping"": true, ""min_delta"": 0.0, ""mode"": ""auto"", ""monitor"": ""val_loss"", ""patience"": 40, ""restore_best_weights"": true, ""verbose"": 0}, ""cv"": {""k"": 3, ""seed"": 42, ""shuffle"": true}, ""data"": {""train_path"": ""data/MONK/MONK1/monks-1.train""}, ""model"": {""activation"": ""relu"", ""dropout"": 0.0, ""hidden_units"": [4]}, ""optim"": {""lr"": 0.1, ""momentum"": 0.0, ""name"": ""sgd""}, ""regularizer"": {""l2"": ""1e-3""}, ""seed"": 42, ""split"": {""stratified"": true, ""val_size"": 0.2}, ""training"": {""batch_size"": 32, ""epochs"": 800, ""include_reg_in_val"": false, ""shuffle"": true}}"
280c3b3fe48e,1,0.13438796298869835,0.0,0.13438796298869835,0.0,1.0,0.0,35.0,0.0,"{""callbacks"": {""early_stopping"": true, ""min_delta"": 0.0, ""mode"": ""auto"", ""monitor"": ""val_loss"", ""patience"": 40, ""restore_best_weights"": true, ""verbose"": 0}, ""cv"": {""k"": 3, ""seed"": 42, ""shuffle"": true}, ""data"": {""train_path"": ""data/MONK/MONK1/monks-1.train""}, ""model"": {""activation"": ""relu"", ""dropout"": 0.0, ""hidden_units"": [8, 4]}, ""optim"": {""lr"": 0.1, ""momentum"": 0.9, ""name"": ""sgd""}, ""regularizer"": {""l2"": 0.0}, ""seed"": 42, ""split"": {""stratified"": true, ""val_size"": 0.2}, ""training"": {""batch_size"": 32, ""epochs"": 800, ""include_reg_in_val"": false, ""shuffle"": true}}"
945a12bb37a3,1,0.13484053861764955,0.0,0.13484053861764955,0.0,1.0,0.0,170.0,0.0,"{""callbacks"": {""early_stopping"": true, ""min_delta"": 0.0, ""mode"": ""auto"", ""monitor"": ""val_loss"", ""patience"": 40, ""restore_best_weights"": true, ""verbose"": 0}, ""cv"": {""k"": 3, ""seed"": 42, ""shuffle"": true}, ""data"": {""train_path"": ""data/MONK/MONK1/monks-1.train""}, ""model"": {""activation"": ""sigmoid"", ""dropout"": 0.2, ""hidden_units"": [8]}, ""optim"": {""lr"": 0.2, ""momentum"": 0.9, ""name"": ""sgd""}, ""regularizer"": {""l2"": ""1e-3""}, ""seed"": 42, ""split"": {""stratified"": true, ""val_size"": 0.2}, ""training"": {""batch_size"": 16, ""epochs"": 800, ""include_reg_in_val"": false, ""shuffle"": true}}"
8dbed693e6cf,1,0.13509565312755864,0.0,0.13509565312755864,0.0,1.0,0.0,145.0,0.0,"{""callbacks"": {""early_stopping"": true, ""min_delta"": 0.0, ""mode"": ""auto"", ""monitor"": ""val_loss"", ""patience"": 40, ""restore_best_weights"": true, ""verbose"": 0}, ""cv"": {""k"": 3, ""seed"": 42, ""shuffle"": true}, ""data"": {""train_path"": ""data/MONK/MONK1/monks-1.train""}, ""model"": {""activation"": ""tanh"", ""dropout"": 0.0, ""hidden_units"": [4]}, ""optim"": {""lr"": 0.1, ""momentum"": 0.9, ""name"": ""sgd""}, ""regularizer"": {""l2"": ""1e-2""}, ""seed"": 42, ""split"": {""stratified"": true, ""val_size"": 0.2}, ""training"": {""batch_size"": 16, ""epochs"": 800, ""include_reg_in_val"": false, ""shuffle"": true}}"
8bee1a7dc5a3,1,0.13686015224870585,0.0,0.13686015224870585,0.0,0.92,0.0,116.0,0.0,"{""callbacks"": {""early_stopping"": true, ""min_delta"": 0.0, ""mode"": ""auto"", ""monitor"": ""val_loss"", ""patience"": 40, ""restore_best_weights"": true, ""verbose"": 0}, ""cv"": {""k"": 3, ""seed"": 42, ""shuffle"": true}, ""data"": {""train_path"": ""data/MONK/MONK1/monks-1.train""}, ""model"": {""activation"": ""relu"", ""dropout"": 0.0, ""hidden_units"": [8, 4]}, ""optim"": {""lr"": 0.01, ""momentum"": 0.9, ""name"": ""sgd""}, ""regularizer"": {""l2"": ""1e-2""}, ""seed"": 42, ""split"": {""stratified"": true, ""val_size"": 0.2}, ""training"": {""batch_size"": 16, ""epochs"": 800, ""include_reg_in_val"": false, ""shuffle"": true}}"
cfca9e9cc5f7,1,0.1369975484096894,0.0,0.1369975484096894,0.0,0.92,0.0,243.0,0.0,"{""callbacks"": {""early_stopping"": true, ""min_delta"": 0.0, ""mode"": ""auto"", ""monitor"": ""val_loss"", ""patience"": 40, ""restore_best_weights"": true, ""verbose"": 0}, ""cv"": {""k"": 3, ""seed"": 42, ""shuffle"": true}, ""data"": {""train_path"": ""data/MONK/MONK1/monks-1.train""}, ""model"": {""activation"": ""sigmoid"", ""dropout"": 0.0, ""hidden_units"": [8]}, ""optim"": {""lr"": 0.1, ""momentum"": 0.9, ""name"": ""sgd""}, ""regularizer"": {""l2"": ""1e-3""}, ""seed"": 42, ""split"": {""stratified"": true, ""val_size"": 0.2}, ""training"": {""batch_size"": 16, ""epochs"": 800, ""include_reg_in_val"": false, ""shuffle"": true}}"
39dfcba381ed,1,0.13705902663783284,0.0,0.13705902663783284,0.0,0.92,0.0,744.0,0.0,"{""callbacks"": {""early_stopping"": true, ""min_delta"": 0.0, ""mode"": ""auto"", ""monitor"": ""val_loss"", ""patience"": 40, ""restore_best_weights"": true, ""verbose"": 0}, ""cv"": {""k"": 3, ""seed"": 42, ""shuffle"": true}, ""data"": {""train_path"": ""data/MONK/MONK1/monks-1.train""}, ""model"": {""activation"": ""tanh"", ""dropout"": 0.0, ""hidden_units"": [8, 4]}, ""optim"": {""lr"": 0.01, ""momentum"": 0.1, ""name"": ""sgd""}, ""regularizer"": {""l2"": ""1e-3""}, ""seed"": 42, ""split"": {""stratified"": true, ""val_size"": 0.2}, ""training"": {""batch_size"": 16, ""epochs"": 800, ""include_reg_in_val"": false, ""shuffle"": true}}"
4b27d7061c95,1,0.13729572889333805,0.0,0.13729572889333805,0.0,0.96,0.0,19.0,0.0,"{""callbacks"": {""early_stopping"": true, ""min_delta"": 0.0, ""mode"": ""auto"", ""monitor"": ""val_loss"", ""patience"": 40, ""restore_best_weights"": true, ""verbose"": 0}, ""cv"": {""k"": 3, ""seed"": 42, ""shuffle"": true}, ""data"": {""train_path"": ""data/MONK/MONK1/monks-1.train""}, ""model"": {""activation"": ""relu"", ""dropout"": 0.0, ""hidden_units"": [8]}, ""optim"": {""lr"": 0.2, ""momentum"": 0.9, ""name"": ""sgd""}, ""regularizer"": {""l2"": 0.0}, ""seed"": 42, ""split"": {""stratified"": true, ""val_size"": 0.2}, ""training"": {""batch_size"": 32, ""epochs"": 800, ""include_reg_in_val"": false, ""shuffle"": true}}"
9b01145724f2,1,0.1377402350185641,0.0,0.1377402350185641,0.0,1.0,0.0,220.0,0.0,"{""callbacks"": {""early_stopping"": true, ""min_delta"": 0.0, ""mode"": ""auto"", ""monitor"": ""val_loss"", ""patience"": 40, ""restore_best_weights"": true, ""verbose"": 0}, ""cv"": {""k"": 3, ""seed"": 42, ""shuffle"": true}, ""data"": {""train_path"": ""data/MONK/MONK1/monks-1.train""}, ""model"": {""activation"": ""relu"", ""dropout"": 0.0, ""hidden_units"": [4]}, ""optim"": {""lr"": 0.2, ""momentum"": 0.1, ""name"": ""sgd""}, ""regularizer"": {""l2"": ""1e-2""}, ""seed"": 42, ""split"": {""stratified"": true, ""val_size"": 0.2}, ""training"": {""batch_size"": 32, ""epochs"": 800, ""include_reg_in_val"": false, ""shuffle"": true}}"
86b1b0ea9659,1,0.13849157950662133,0.0,0.13849157950662133,0.0,0.88,0.0,242.0,0.0,"{""callbacks"": {""early_stopping"": true, ""min_delta"": 0.0, ""mode"": ""auto"", ""monitor"": ""val_loss"", ""patience"": 40, ""restore_best_weights"": true, ""verbose"": 0}, ""cv"": {""k"": 3, ""seed"": 42, ""shuffle"": true}, ""data"": {""train_path"": ""data/MONK/MONK1/monks-1.train""}, ""model"": {""activation"": ""tanh"", ""dropout"": 0.0, ""hidden_units"": [8]}, ""optim"": {""lr"": 0.1, ""momentum"": 0.1, ""name"": ""sgd""}, ""regularizer"": {""l2"": ""1e-3""}, ""seed"": 42, ""split"": {""stratified"": true, ""val_size"": 0.2}, ""training"": {""batch_size"": 32, ""epochs"": 800, ""include_reg_in_val"": false, ""shuffle"": true}}"
0d3dbd6d6d15,1,0.13896247392512057,0.0,0.13896247392512057,0.0,0.92,0.0,718.0,0.0,"{""callbacks"": {""early_stopping"": true, ""min_delta"": 0.0, ""mode"": ""auto"", ""monitor"": ""val_loss"", ""patience"": 40, ""restore_best_weights"": true, ""verbose"": 0}, ""cv"": {""k"": 3, ""seed"": 42, ""shuffle"": true}, ""data"": {""train_path"": ""data/MONK/MONK1/monks-1.train""}, ""model"": {""activation"": ""sigmoid"", ""dropout"": 0.0, ""hidden_units"": [4]}, ""optim"": {""lr"": 0.1, ""momentum"": 0.9, ""name"": ""sgd""}, ""regularizer"": {""l2"": 0.0}, ""seed"": 42, ""split"": {""stratified"": true, ""val_size"": 0.2}, ""training"": {""batch_size"": 16, ""epochs"": 800, ""include_reg_in_val"": false, ""shuffle"": true}}"
a1e150741d07,1,0.13945566753933544,0.0,0.13945566753933544,0.0,1.0,0.0,242.0,0.0,"{""callbacks"": {""early_stopping"": true, ""min_delta"": 0.0, ""mode"": ""auto"", ""monitor"": ""val_loss"", ""patience"": 40, ""restore_best_weights"": true, ""verbose"": 0}, ""cv"": {""k"": 3, ""seed"": 42, ""shuffle"": true}, ""data"": {""train_path"": ""data/MONK/MONK1/monks-1.train""}, ""model"": {""activation"": ""relu"", ""dropout"": 0.0, ""hidden_units"": [8]}, ""optim"": {""lr"": 0.1, ""momentum"": 0.0, ""name"": ""sgd""}, ""regularizer"": {""l2"": ""1e-2""}, ""seed"": 42, ""split"": {""stratified"": true, ""val_size"": 0.2}, ""training"": {""batch_size"": 16, ""epochs"": 800, ""include_reg_in_val"": false, ""shuffle"": true}}"
fe3814e30c9b,1,0.13981561603015985,0.0,0.13981561603015985,0.0,1.0,0.0,220.0,0.0,"{""callbacks"": {""early_stopping"": true, ""min_delta"": 0.0, ""mode"": ""auto"", ""monitor"": ""val_loss"", ""patience"": 40, ""restore_best_weights"": true, ""verbose"": 0}, ""cv"": {""k"": 3, ""seed"": 42, ""shuffle"": true}, ""data"": {""train_path"": ""data/MONK/MONK1/monks-1.train""}, ""model"": {""activation"": ""relu"", ""dropout"": 0.0, ""hidden_units"": [4]}, ""optim"": {""lr"": 0.2, ""momentum"": 0.0, ""name"": ""sgd""}, ""regularizer"": {""l2"": ""1e-2""}, ""seed"": 42, ""split"": {""stratified"": true, ""val_size"": 0.2}, ""training"": {""batch_size"": 32, ""epochs"": 800, ""include_reg_in_val"": false, ""shuffle"": true}}"
210718b7f15e,1,0.13983587031005043,0.0,0.13983587031005043,0.0,0.88,0.0,343.0,0.0,"{""callbacks"": {""early_stopping"": true, ""min_delta"": 0.0, ""mode"": ""auto"", ""monitor"": ""val_loss"", ""patience"": 40, ""restore_best_weights"": true, ""verbose"": 0}, ""cv"": {""k"": 3, ""seed"": 42, ""shuffle"": true}, ""data"": {""train_path"": ""data/MONK/MONK1/monks-1.train""}, ""model"": {""activation"": ""sigmoid"", ""dropout"": 0.2, ""hidden_units"": [4]}, ""optim"": {""lr"": 0.1, ""momentum"": 0.9, ""name"": ""sgd""}, ""regularizer"": {""l2"": 0.0}, ""seed"": 42, ""split"": {""stratified"": true, ""val_size"": 0.2}, ""training"": {""batch_size"": 32, ""epochs"": 800, ""include_reg_in_val"": false, ""shuffle"": true}}"
6421fac92fef,1,0.13992139552625596,0.0,0.13992139552625596,0.0,0.92,0.0,135.0,0.0,"{""callbacks"": {""early_stopping"": true, ""min_delta"": 0.0, ""mode"": ""auto"", ""monitor"": ""val_loss"", ""patience"": 40, ""restore_best_weights"": true, ""verbose"": 0}, ""cv"": {""k"": 3, ""seed"": 42, ""shuffle"": true}, ""data"": {""train_path"": ""data/MONK/MONK1/monks-1.train""}, ""model"": {""activation"": ""relu"", ""dropout"": 0.2, ""hidden_units"": [4]}, ""optim"": {""lr"": 0.1, ""momentum"": 0.9, ""name"": ""sgd""}, ""regularizer"": {""l2"": 0.0}, ""seed"": 42, ""split"": {""stratified"": true, ""val_size"": 0.2}, ""training"": {""batch_size"": 16, ""epochs"": 800, ""include_reg_in_val"": false, ""shuffle"": true}}"
45533b627c86,1,0.14150388600649294,0.0,0.14150388600649294,0.0,0.96,0.0,240.0,0.0,"{""callbacks"": {""early_stopping"": true, ""min_delta"": 0.0, ""mode"": ""auto"", ""monitor"": ""val_loss"", ""patience"": 40, ""restore_best_weights"": true, ""verbose"": 0}, ""cv"": {""k"": 3, ""seed"": 42, ""shuffle"": true}, ""data"": {""train_path"": ""data/MONK/MONK1/monks-1.train""}, ""model"": {""activation"": ""tanh"", ""dropout"": 0.2, ""hidden_units"": [8, 4]}, ""optim"": {""lr"": 0.01, ""momentum"": 0.9, ""name"": ""sgd""}, ""regularizer"": {""l2"": ""1e-3""}, ""seed"": 42, ""split"": {""stratified"": true, ""val_size"": 0.2}, ""training"": {""batch_size"": 16, ""epochs"": 800, ""include_reg_in_val"": false, ""shuffle"": true}}"
6da228a343a7,1,0.14213898635969632,0.0,0.14213898635969632,0.0,0.92,0.0,146.0,0.0,"{""callbacks"": {""early_stopping"": true, ""min_delta"": 0.0, ""mode"": ""auto"", ""monitor"": ""val_loss"", ""patience"": 40, ""restore_best_weights"": true, ""verbose"": 0}, ""cv"": {""k"": 3, ""seed"": 42, ""shuffle"": true}, ""data"": {""train_path"": ""data/MONK/MONK1/monks-1.train""}, ""model"": {""activation"": ""sigmoid"", ""dropout"": 0.0, ""hidden_units"": [8]}, ""optim"": {""lr"": 0.2, ""momentum"": 0.9, ""name"": ""sgd""}, ""regularizer"": {""l2"": ""1e-3""}, ""seed"": 42, ""split"": {""stratified"": true, ""val_size"": 0.2}, ""training"": {""batch_size"": 32, ""epochs"": 800, ""include_reg_in_val"": false, ""shuffle"": true}}"
38b22cc0bb28,1,0.14232908491593466,0.0,0.14232908491593466,0.0,0.92,0.0,744.0,0.0,"{""callbacks"": {""early_stopping"": true, ""min_delta"": 0.0, ""mode"": ""auto"", ""monitor"": ""val_loss"", ""patience"": 40, ""restore_best_weights"": true, ""verbose"": 0}, ""cv"": {""k"": 3, ""seed"": 42, ""shuffle"": true}, ""data"": {""train_path"": ""data/MONK/MONK1/monks-1.train""}, ""model"": {""activation"": ""tanh"", ""dropout"": 0.0, ""hidden_units"": [8, 4]}, ""optim"": {""lr"": 0.01, ""momentum"": 0.0, ""name"": ""sgd""}, ""regularizer"": {""l2"": 0.0}, ""seed"": 42, ""split"": {""stratified"": true, ""val_size"": 0.2}, ""training"": {""batch_size"": 16, ""epochs"": 800, ""include_reg_in_val"": false, ""shuffle"": true}}"
6e6fe401e588,1,0.14311022986752664,0.0,0.14311022986752664,0.0,0.88,0.0,213.0,0.0,"{""callbacks"": {""early_stopping"": true, ""min_delta"": 0.0, ""mode"": ""auto"", ""monitor"": ""val_loss"", ""patience"": 40, ""restore_best_weights"": true, ""verbose"": 0}, ""cv"": {""k"": 3, ""seed"": 42, ""shuffle"": true}, ""data"": {""train_path"": ""data/MONK/MONK1/monks-1.train""}, ""model"": {""activation"": ""tanh"", ""dropout"": 0.2, ""hidden_units"": [8]}, ""optim"": {""lr"": 0.01, ""momentum"": 0.9, ""name"": ""sgd""}, ""regularizer"": {""l2"": 0.0}, ""seed"": 42, ""split"": {""stratified"": true, ""val_size"": 0.2}, ""training"": {""batch_size"": 16, ""epochs"": 800, ""include_reg_in_val"": false, ""shuffle"": true}}"
c4da090aca1c,1,0.14386501567859467,0.0,0.14386501567859467,0.0,0.88,0.0,145.0,0.0,"{""callbacks"": {""early_stopping"": true, ""min_delta"": 0.0, ""mode"": ""auto"", ""monitor"": ""val_loss"", ""patience"": 40, ""restore_best_weights"": true, ""verbose"": 0}, ""cv"": {""k"": 3, ""seed"": 42, ""shuffle"": true}, ""data"": {""train_path"": ""data/MONK/MONK1/monks-1.train""}, ""model"": {""activation"": ""tanh"", ""dropout"": 0.0, ""hidden_units"": [8, 4]}, ""optim"": {""lr"": 0.01, ""momentum"": 0.9, ""name"": ""sgd""}, ""regularizer"": {""l2"": ""1e-2""}, ""seed"": 42, ""split"": {""stratified"": true, ""val_size"": 0.2}, ""training"": {""batch_size"": 16, ""epochs"": 800, ""include_reg_in_val"": false, ""shuffle"": true}}"
9331782f444c,1,0.14452019758320622,0.0,0.14452019758320622,0.0,0.96,0.0,414.0,0.0,"{""callbacks"": {""early_stopping"": true, ""min_delta"": 0.0, ""mode"": ""auto"", ""monitor"": ""val_loss"", ""patience"": 40, ""restore_best_weights"": true, ""verbose"": 0}, ""cv"": {""k"": 3, ""seed"": 42, ""shuffle"": true}, ""data"": {""train_path"": ""data/MONK/MONK1/monks-1.train""}, ""model"": {""activation"": ""relu"", ""dropout"": 0.0, ""hidden_units"": [8]}, ""optim"": {""lr"": 0.1, ""momentum"": 0.0, ""name"": ""sgd""}, ""regularizer"": {""l2"": ""1e-2""}, ""seed"": 42, ""split"": {""stratified"": true, ""val_size"": 0.2}, ""training"": {""batch_size"": 32, ""epochs"": 800, ""include_reg_in_val"": false, ""shuffle"": true}}"
cb7c5884b7bd,1,0.1449559263315107,0.0,0.1449559263315107,0.0,0.96,0.0,103.0,0.0,"{""callbacks"": {""early_stopping"": true, ""min_delta"": 0.0, ""mode"": ""auto"", ""monitor"": ""val_loss"", ""patience"": 40, ""restore_best_weights"": true, ""verbose"": 0}, ""cv"": {""k"": 3, ""seed"": 42, ""shuffle"": true}, ""data"": {""train_path"": ""data/MONK/MONK1/monks-1.train""}, ""model"": {""activation"": ""tanh"", ""dropout"": 0.2, ""hidden_units"": [8, 4]}, ""optim"": {""lr"": 0.2, ""momentum"": 0.1, ""name"": ""sgd""}, ""regularizer"": {""l2"": ""1e-3""}, ""seed"": 42, ""split"": {""stratified"": true, ""val_size"": 0.2}, ""training"": {""batch_size"": 16, ""epochs"": 800, ""include_reg_in_val"": false, ""shuffle"": true}}"
e2696c90e4c5,1,0.14506024205916593,0.0,0.14506024205916593,0.0,0.96,0.0,726.0,0.0,"{""callbacks"": {""early_stopping"": true, ""min_delta"": 0.0, ""mode"": ""auto"", ""monitor"": ""val_loss"", ""patience"": 40, ""restore_best_weights"": true, ""verbose"": 0}, ""cv"": {""k"": 3, ""seed"": 42, ""shuffle"": true}, ""data"": {""train_path"": ""data/MONK/MONK1/monks-1.train""}, ""model"": {""activation"": ""relu"", ""dropout"": 0.0, ""hidden_units"": [8, 4]}, ""optim"": {""lr"": 0.01, ""momentum"": 0.1, ""name"": ""sgd""}, ""regularizer"": {""l2"": 0.0}, ""seed"": 42, ""split"": {""stratified"": true, ""val_size"": 0.2}, ""training"": {""batch_size"": 16, ""epochs"": 800, ""include_reg_in_val"": false, ""shuffle"": true}}"
4c7fdc9f0bd6,1,0.14512258507498546,0.0,0.14512258507498546,0.0,0.96,0.0,726.0,0.0,"{""callbacks"": {""early_stopping"": true, ""min_delta"": 0.0, ""mode"": ""auto"", ""monitor"": ""val_loss"", ""patience"": 40, ""restore_best_weights"": true, ""verbose"": 0}, ""cv"": {""k"": 3, ""seed"": 42, ""shuffle"": true}, ""data"": {""train_path"": ""data/MONK/MONK1/monks-1.train""}, ""model"": {""activation"": ""relu"", ""dropout"": 0.0, ""hidden_units"": [8, 4]}, ""optim"": {""lr"": 0.01, ""momentum"": 0.1, ""name"": ""sgd""}, ""regularizer"": {""l2"": ""1e-3""}, ""seed"": 42, ""split"": {""stratified"": true, ""val_size"": 0.2}, ""training"": {""batch_size"": 16, ""epochs"": 800, ""include_reg_in_val"": false, ""shuffle"": true}}"
f7ad4272bc60,1,0.14611215489133123,0.0,0.14611215489133123,0.0,0.96,0.0,414.0,0.0,"{""callbacks"": {""early_stopping"": true, ""min_delta"": 0.0, ""mode"": ""auto"", ""monitor"": ""val_loss"", ""patience"": 40, ""restore_best_weights"": true, ""verbose"": 0}, ""cv"": {""k"": 3, ""seed"": 42, ""shuffle"": true}, ""data"": {""train_path"": ""data/MONK/MONK1/monks-1.train""}, ""model"": {""activation"": ""relu"", ""dropout"": 0.0, ""hidden_units"": [8]}, ""optim"": {""lr"": 0.1, ""momentum"": 0.1, ""name"": ""sgd""}, ""regularizer"": {""l2"": ""1e-2""}, ""seed"": 42, ""split"": {""stratified"": true, ""val_size"": 0.2}, ""training"": {""batch_size"": 32, ""epochs"": 800, ""include_reg_in_val"": false, ""shuffle"": true}}"
1612909bbb1f,1,0.14638848982104477,0.0,0.14638848982104477,0.0,0.92,0.0,744.0,0.0,"{""callbacks"": {""early_stopping"": true, ""min_delta"": 0.0, ""mode"": ""auto"", ""monitor"": ""val_loss"", ""patience"": 40, ""restore_best_weights"": true, ""verbose"": 0}, ""cv"": {""k"": 3, ""seed"": 42, ""shuffle"": true}, ""data"": {""train_path"": ""data/MONK/MONK1/monks-1.train""}, ""model"": {""activation"": ""tanh"", ""dropout"": 0.0, ""hidden_units"": [8, 4]}, ""optim"": {""lr"": 0.01, ""momentum"": 0.0, ""name"": ""sgd""}, ""regularizer"": {""l2"": ""1e-3""}, ""seed"": 42, ""split"": {""stratified"": true, ""val_size"": 0.2}, ""training"": {""batch_size"": 16, ""epochs"": 800, ""include_reg_in_val"": false, ""shuffle"": true}}"
e18bc9b75c93,1,0.1474520758945269,0.0,0.1474520758945269,0.0,0.92,0.0,136.0,0.0,"{""callbacks"": {""early_stopping"": true, ""min_delta"": 0.0, ""mode"": ""auto"", ""monitor"": ""val_loss"", ""patience"": 40, ""restore_best_weights"": true, ""verbose"": 0}, ""cv"": {""k"": 3, ""seed"": 42, ""shuffle"": true}, ""data"": {""train_path"": ""data/MONK/MONK1/monks-1.train""}, ""model"": {""activation"": ""relu"", ""dropout"": 0.2, ""hidden_units"": [4]}, ""optim"": {""lr"": 0.1, ""momentum"": 0.9, ""name"": ""sgd""}, ""regularizer"": {""l2"": ""1e-3""}, ""seed"": 42, ""split"": {""stratified"": true, ""val_size"": 0.2}, ""training"": {""batch_size"": 32, ""epochs"": 800, ""include_reg_in_val"": false, ""shuffle"": true}}"
fa6fbb8f37c6,1,0.14834882880438985,0.0,0.14834882880438985,0.0,0.92,0.0,188.0,0.0,"{""callbacks"": {""early_stopping"": true, ""min_delta"": 0.0, ""mode"": ""auto"", ""monitor"": ""val_loss"", ""patience"": 40, ""restore_best_weights"": true, ""verbose"": 0}, ""cv"": {""k"": 3, ""seed"": 42, ""shuffle"": true}, ""data"": {""train_path"": ""data/MONK/MONK1/monks-1.train""}, ""model"": {""activation"": ""tanh"", ""dropout"": 0.2, ""hidden_units"": [4]}, ""optim"": {""lr"": 0.1, ""momentum"": 0.9, ""name"": ""sgd""}, ""regularizer"": {""l2"": 0.0}, ""seed"": 42, ""split"": {""stratified"": true, ""val_size"": 0.2}, ""training"": {""batch_size"": 32, ""epochs"": 800, ""include_reg_in_val"": false, ""shuffle"": true}}"
4fe29361f325,1,0.14963409194047406,0.0,0.14963409194047406,0.0,1.0,0.0,170.0,0.0,"{""callbacks"": {""early_stopping"": true, ""min_delta"": 0.0, ""mode"": ""auto"", ""monitor"": ""val_loss"", ""patience"": 40, ""restore_best_weights"": true, ""verbose"": 0}, ""cv"": {""k"": 3, ""seed"": 42, ""shuffle"": true}, ""data"": {""train_path"": ""data/MONK/MONK1/monks-1.train""}, ""model"": {""activation"": ""tanh"", ""dropout"": 0.0, ""hidden_units"": [8]}, ""optim"": {""lr"": 0.2, ""momentum"": 0.9, ""name"": ""sgd""}, ""regularizer"": {""l2"": ""1e-2""}, ""seed"": 42, ""split"": {""stratified"": true, ""val_size"": 0.2}, ""training"": {""batch_size"": 32, ""epochs"": 800, ""include_reg_in_val"": false, ""shuffle"": true}}"
17cc8db7ee54,1,0.14997664010761536,0.0,0.14997664010761536,0.0,0.96,0.0,418.0,0.0,"{""callbacks"": {""early_stopping"": true, ""min_delta"": 0.0, ""mode"": ""auto"", ""monitor"": ""val_loss"", ""patience"": 40, ""restore_best_weights"": true, ""verbose"": 0}, ""cv"": {""k"": 3, ""seed"": 42, ""shuffle"": true}, ""data"": {""train_path"": ""data/MONK/MONK1/monks-1.train""}, ""model"": {""activation"": ""relu"", ""dropout"": 0.0, ""hidden_units"": [8]}, ""optim"": {""lr"": 0.01, ""momentum"": 0.9, ""name"": ""sgd""}, ""regularizer"": {""l2"": ""1e-2""}, ""seed"": 42, ""split"": {""stratified"": true, ""val_size"": 0.2}, ""training"": {""batch_size"": 32, ""epochs"": 800, ""include_reg_in_val"": false, ""shuffle"": true}}"
8bf267e05443,1,0.15161259947477376,0.0,0.15161259947477376,0.0,0.96,0.0,226.0,0.0,"{""callbacks"": {""early_stopping"": true, ""min_delta"": 0.0, ""mode"": ""auto"", ""monitor"": ""val_loss"", ""patience"": 40, ""restore_best_weights"": true, ""verbose"": 0}, ""cv"": {""k"": 3, ""seed"": 42, ""shuffle"": true}, ""data"": {""train_path"": ""data/MONK/MONK1/monks-1.train""}, ""model"": {""activation"": ""relu"", ""dropout"": 0.0, ""hidden_units"": [4]}, ""optim"": {""lr"": 0.1, ""momentum"": 0.1, ""name"": ""sgd""}, ""regularizer"": {""l2"": ""1e-2""}, ""seed"": 42, ""split"": {""stratified"": true, ""val_size"": 0.2}, ""training"": {""batch_size"": 16, ""epochs"": 800, ""include_reg_in_val"": false, ""shuffle"": true}}"
f567a9f3e135,1,0.15176834265388892,0.0,0.15176834265388892,0.0,1.0,0.0,80.0,0.0,"{""callbacks"": {""early_stopping"": true, ""min_delta"": 0.0, ""mode"": ""auto"", ""monitor"": ""val_loss"", ""patience"": 40, ""restore_best_weights"": true, ""verbose"": 0}, ""cv"": {""k"": 3, ""seed"": 42, ""shuffle"": true}, ""data"": {""train_path"": ""data/MONK/MONK1/monks-1.train""}, ""model"": {""activation"": ""tanh"", ""dropout"": 0.0, ""hidden_units"": [4]}, ""optim"": {""lr"": 0.1, ""momentum"": 0.9, ""name"": ""sgd""}, ""regularizer"": {""l2"": ""1e-2""}, ""seed"": 42, ""split"": {""stratified"": true, ""val_size"": 0.2}, ""training"": {""batch_size"": 32, ""epochs"": 800, ""include_reg_in_val"": false, ""shuffle"": true}}"
bf702bee9ea3,1,0.15192821951474447,0.0,0.15192821951474447,0.0,1.0,0.0,341.0,0.0,"{""callbacks"": {""early_stopping"": true, ""min_delta"": 0.0, ""mode"": ""auto"", ""monitor"": ""val_loss"", ""patience"": 40, ""restore_best_weights"": true, ""verbose"": 0}, ""cv"": {""k"": 3, ""seed"": 42, ""shuffle"": true}, ""data"": {""train_path"": ""data/MONK/MONK1/monks-1.train""}, ""model"": {""activation"": ""tanh"", ""dropout"": 0.2, ""hidden_units"": [8, 4]}, ""optim"": {""lr"": 0.1, ""momentum"": 0.1, ""name"": ""sgd""}, ""regularizer"": {""l2"": ""1e-2""}, ""seed"": 42, ""split"": {""stratified"": true, ""val_size"": 0.2}, ""training"": {""batch_size"": 16, ""epochs"": 800, ""include_reg_in_val"": false, ""shuffle"": true}}"
bb3d3d1cc8ff,1,0.152489384466669,0.0,0.152489384466669,0.0,1.0,0.0,47.0,0.0,"{""callbacks"": {""early_stopping"": true, ""min_delta"": 0.0, ""mode"": ""auto"", ""monitor"": ""val_loss"", ""patience"": 40, ""restore_best_weights"": true, ""verbose"": 0}, ""cv"": {""k"": 3, ""seed"": 42, ""shuffle"": true}, ""data"": {""train_path"": ""data/MONK/MONK1/monks-1.train""}, ""model"": {""activation"": ""relu"", ""dropout"": 0.2, ""hidden_units"": [8]}, ""optim"": {""lr"": 0.1, ""momentum"": 0.9, ""name"": ""sgd""}, ""regularizer"": {""l2"": ""1e-2""}, ""seed"": 42, ""split"": {""stratified"": true, ""val_size"": 0.2}, ""training"": {""batch_size"": 32, ""epochs"": 800, ""include_reg_in_val"": false, ""shuffle"": true}}"
374887dfa6ce,1,0.15275564330080704,0.0,0.15275564330080704,0.0,0.96,0.0,243.0,0.0,"{""callbacks"": {""early_stopping"": true, ""min_delta"": 0.0, ""mode"": ""auto"", ""monitor"": ""val_loss"", ""patience"": 40, ""restore_best_weights"": true, ""verbose"": 0}, ""cv"": {""k"": 3, ""seed"": 42, ""shuffle"": true}, ""data"": {""train_path"": ""data/MONK/MONK1/monks-1.train""}, ""model"": {""activation"": ""relu"", ""dropout"": 0.0, ""hidden_units"": [8]}, ""optim"": {""lr"": 0.01, ""momentum"": 0.9, ""name"": ""sgd""}, ""regularizer"": {""l2"": ""1e-2""}, ""seed"": 42, ""split"": {""stratified"": true, ""val_size"": 0.2}, ""training"": {""batch_size"": 16, ""epochs"": 800, ""include_reg_in_val"": false, ""shuffle"": true}}"
8cb910306f22,1,0.15298141608854304,0.0,0.15298141608854304,0.0,0.88,0.0,135.0,0.0,"{""callbacks"": {""early_stopping"": true, ""min_delta"": 0.0, ""mode"": ""auto"", ""monitor"": ""val_loss"", ""patience"": 40, ""restore_best_weights"": true, ""verbose"": 0}, ""cv"": {""k"": 3, ""seed"": 42, ""shuffle"": true}, ""data"": {""train_path"": ""data/MONK/MONK1/monks-1.train""}, ""model"": {""activation"": ""relu"", ""dropout"": 0.2, ""hidden_units"": [4]}, ""optim"": {""lr"": 0.1, ""momentum"": 0.9, ""name"": ""sgd""}, ""regularizer"": {""l2"": 0.0}, ""seed"": 42, ""split"": {""stratified"": true, ""val_size"": 0.2}, ""training"": {""batch_size"": 32, ""epochs"": 800, ""include_reg_in_val"": false, ""shuffle"": true}}"
9a9f1cef6e48,1,0.15374103636061448,0.0,0.15374103636061448,0.0,0.96,0.0,244.0,0.0,"{""callbacks"": {""early_stopping"": true, ""min_delta"": 0.0, ""mode"": ""auto"", ""monitor"": ""val_loss"", ""patience"": 40, ""restore_best_weights"": true, ""verbose"": 0}, ""cv"": {""k"": 3, ""seed"": 42, ""shuffle"": true}, ""data"": {""train_path"": ""data/MONK/MONK1/monks-1.train""}, ""model"": {""activation"": ""relu"", ""dropout"": 0.0, ""hidden_units"": [4]}, ""optim"": {""lr"": 0.01, ""momentum"": 0.9, ""name"": ""sgd""}, ""regularizer"": {""l2"": ""1e-2""}, ""seed"": 42, ""split"": {""stratified"": true, ""val_size"": 0.2}, ""training"": {""batch_size"": 16, ""epochs"": 800, ""include_reg_in_val"": false, ""shuffle"": true}}"
d3653e704d5b,1,0.15486420516727833,0.0,0.15486420516727833,0.0,1.0,0.0,220.0,0.0,"{""callbacks"": {""early_stopping"": true, ""min_delta"": 0.0, ""mode"": ""auto"", ""monitor"": ""val_loss"", ""patience"": 40, ""restore_best_weights"": true, ""verbose"": 0}, ""cv"": {""k"": 3, ""seed"": 42, ""shuffle"": true}, ""data"": {""train_path"": ""data/MONK/MONK1/monks-1.train""}, ""model"": {""activation"": ""tanh"", ""dropout"": 0.0, ""hidden_units"": [4]}, ""optim"": {""lr"": 0.2, ""momentum"": 0.0, ""name"": ""sgd""}, ""regularizer"": {""l2"": ""1e-2""}, ""seed"": 42, ""split"": {""stratified"": true, ""val_size"": 0.2}, ""training"": {""batch_size"": 16, ""epochs"": 800, ""include_reg_in_val"": false, ""shuffle"": true}}"
a4ce55b30e0e,1,0.1549517712107068,0.0,0.1549517712107068,0.0,0.96,0.0,69.0,0.0,"{""callbacks"": {""early_stopping"": true, ""min_delta"": 0.0, ""mode"": ""auto"", ""monitor"": ""val_loss"", ""patience"": 40, ""restore_best_weights"": true, ""verbose"": 0}, ""cv"": {""k"": 3, ""seed"": 42, ""shuffle"": true}, ""data"": {""train_path"": ""data/MONK/MONK1/monks-1.train""}, ""model"": {""activation"": ""relu"", ""dropout"": 0.0, ""hidden_units"": [4]}, ""optim"": {""lr"": 0.1, ""momentum"": 0.9, ""name"": ""sgd""}, ""regularizer"": {""l2"": 0.0}, ""seed"": 42, ""split"": {""stratified"": true, ""val_size"": 0.2}, ""training"": {""batch_size"": 16, ""epochs"": 800, ""include_reg_in_val"": false, ""shuffle"": true}}"
0e9f5c1e5265,1,0.1556715183599574,0.0,0.1556715183599574,0.0,0.96,0.0,220.0,0.0,"{""callbacks"": {""early_stopping"": true, ""min_delta"": 0.0, ""mode"": ""auto"", ""monitor"": ""val_loss"", ""patience"": 40, ""restore_best_weights"": true, ""verbose"": 0}, ""cv"": {""k"": 3, ""seed"": 42, ""shuffle"": true}, ""data"": {""train_path"": ""data/MONK/MONK1/monks-1.train""}, ""model"": {""activation"": ""relu"", ""dropout"": 0.0, ""hidden_units"": [4]}, ""optim"": {""lr"": 0.1, ""momentum"": 0.0, ""name"": ""sgd""}, ""regularizer"": {""l2"": ""1e-2""}, ""seed"": 42, ""split"": {""stratified"": true, ""val_size"": 0.2}, ""training"": {""batch_size"": 16, ""epochs"": 800, ""include_reg_in_val"": false, ""shuffle"": true}}"
27ffecf5d349,1,0.15567596495451091,0.0,0.15567596495451091,0.0,0.96,0.0,342.0,0.0,"{""callbacks"": {""early_stopping"": true, ""min_delta"": 0.0, ""mode"": ""auto"", ""monitor"": ""val_loss"", ""patience"": 40, ""restore_best_weights"": true, ""verbose"": 0}, ""cv"": {""k"": 3, ""seed"": 42, ""shuffle"": true}, ""data"": {""train_path"": ""data/MONK/MONK1/monks-1.train""}, ""model"": {""activation"": ""relu"", ""dropout"": 0.0, ""hidden_units"": [4]}, ""optim"": {""lr"": 0.1, ""momentum"": 0.1, ""name"": ""sgd""}, ""regularizer"": {""l2"": ""1e-2""}, ""seed"": 42, ""split"": {""stratified"": true, ""val_size"": 0.2}, ""training"": {""batch_size"": 32, ""epochs"": 800, ""include_reg_in_val"": false, ""shuffle"": true}}"
ded935b68e96,1,0.15731679878310356,0.0,0.15731679878310356,0.0,0.92,0.0,244.0,0.0,"{""callbacks"": {""early_stopping"": true, ""min_delta"": 0.0, ""mode"": ""auto"", ""monitor"": ""val_loss"", ""patience"": 40, ""restore_best_weights"": true, ""verbose"": 0}, ""cv"": {""k"": 3, ""seed"": 42, ""shuffle"": true}, ""data"": {""train_path"": ""data/MONK/MONK1/monks-1.train""}, ""model"": {""activation"": ""sigmoid"", ""dropout"": 0.0, ""hidden_units"": [4]}, ""optim"": {""lr"": 0.1, ""momentum"": 0.9, ""name"": ""sgd""}, ""regularizer"": {""l2"": ""1e-3""}, ""seed"": 42, ""split"": {""stratified"": true, ""val_size"": 0.2}, ""training"": {""batch_size"": 32, ""epochs"": 800, ""include_reg_in_val"": false, ""shuffle"": true}}"
b288eb0b2f75,1,0.15781260959566898,0.0,0.15781260959566898,0.0,0.88,0.0,173.0,0.0,"{""callbacks"": {""early_stopping"": true, ""min_delta"": 0.0, ""mode"": ""auto"", ""monitor"": ""val_loss"", ""patience"": 40, ""restore_best_weights"": true, ""verbose"": 0}, ""cv"": {""k"": 3, ""seed"": 42, ""shuffle"": true}, ""data"": {""train_path"": ""data/MONK/MONK1/monks-1.train""}, ""model"": {""activation"": ""tanh"", ""dropout"": 0.0, ""hidden_units"": [8, 4]}, ""optim"": {""lr"": 0.01, ""momentum"": 0.9, ""name"": ""sgd""}, ""regularizer"": {""l2"": ""1e-2""}, ""seed"": 42, ""split"": {""stratified"": true, ""val_size"": 0.2}, ""training"": {""batch_size"": 32, ""epochs"": 800, ""include_reg_in_val"": false, ""shuffle"": true}}"
da6a8f54bb08,1,0.15799223809839819,0.0,0.15799223809839819,0.0,1.0,0.0,170.0,0.0,"{""callbacks"": {""early_stopping"": true, ""min_delta"": 0.0, ""mode"": ""auto"", ""monitor"": ""val_loss"", ""patience"": 40, ""restore_best_weights"": true, ""verbose"": 0}, ""cv"": {""k"": 3, ""seed"": 42, ""shuffle"": true}, ""data"": {""train_path"": ""data/MONK/MONK1/monks-1.train""}, ""model"": {""activation"": ""tanh"", ""dropout"": 0.0, ""hidden_units"": [4]}, ""optim"": {""lr"": 0.2, ""momentum"": 0.1, ""name"": ""sgd""}, ""regularizer"": {""l2"": ""1e-2""}, ""seed"": 42, ""split"": {""stratified"": true, ""val_size"": 0.2}, ""training"": {""batch_size"": 16, ""epochs"": 800, ""include_reg_in_val"": false, ""shuffle"": true}}"
96e4164ccad7,1,0.16141040647646457,0.0,0.16141040647646457,0.0,1.0,0.0,243.0,0.0,"{""callbacks"": {""early_stopping"": true, ""min_delta"": 0.0, ""mode"": ""auto"", ""monitor"": ""val_loss"", ""patience"": 40, ""restore_best_weights"": true, ""verbose"": 0}, ""cv"": {""k"": 3, ""seed"": 42, ""shuffle"": true}, ""data"": {""train_path"": ""data/MONK/MONK1/monks-1.train""}, ""model"": {""activation"": ""tanh"", ""dropout"": 0.0, ""hidden_units"": [4]}, ""optim"": {""lr"": 0.2, ""momentum"": 0.1, ""name"": ""sgd""}, ""regularizer"": {""l2"": ""1e-2""}, ""seed"": 42, ""split"": {""stratified"": true, ""val_size"": 0.2}, ""training"": {""batch_size"": 32, ""epochs"": 800, ""include_reg_in_val"": false, ""shuffle"": true}}"
99b3d550405b,1,0.1619024272083082,0.0,0.1619024272083082,0.0,0.88,0.0,44.0,0.0,"{""callbacks"": {""early_stopping"": true, ""min_delta"": 0.0, ""mode"": ""auto"", ""monitor"": ""val_loss"", ""patience"": 40, ""restore_best_weights"": true, ""verbose"": 0}, ""cv"": {""k"": 3, ""seed"": 42, ""shuffle"": true}, ""data"": {""train_path"": ""data/MONK/MONK1/monks-1.train""}, ""model"": {""activation"": ""relu"", ""dropout"": 0.2, ""hidden_units"": [8]}, ""optim"": {""lr"": 0.2, ""momentum"": 0.9, ""name"": ""sgd""}, ""regularizer"": {""l2"": ""1e-2""}, ""seed"": 42, ""split"": {""stratified"": true, ""val_size"": 0.2}, ""training"": {""batch_size"": 32, ""epochs"": 800, ""include_reg_in_val"": false, ""shuffle"": true}}"
fd3bf7c79d50,1,0.16216148905326008,0.0,0.16216148905326008,0.0,0.96,0.0,342.0,0.0,"{""callbacks"": {""early_stopping"": true, ""min_delta"": 0.0, ""mode"": ""auto"", ""monitor"": ""val_loss"", ""patience"": 40, ""restore_best_weights"": true, ""verbose"": 0}, ""cv"": {""k"": 3, ""seed"": 42, ""shuffle"": true}, ""data"": {""train_path"": ""data/MONK/MONK1/monks-1.train""}, ""model"": {""activation"": ""relu"", ""dropout"": 0.0, ""hidden_units"": [4]}, ""optim"": {""lr"": 0.1, ""momentum"": 0.0, ""name"": ""sgd""}, ""regularizer"": {""l2"": ""1e-2""}, ""seed"": 42, ""split"": {""stratified"": true, ""val_size"": 0.2}, ""training"": {""batch_size"": 32, ""epochs"": 800, ""include_reg_in_val"": false, ""shuffle"": true}}"
3b2e77c1e53d,1,0.16365774290566448,0.0,0.16365774290566448,0.0,0.88,0.0,105.0,0.0,"{""callbacks"": {""early_stopping"": true, ""min_delta"": 0.0, ""mode"": ""auto"", ""monitor"": ""val_loss"", ""patience"": 40, ""restore_best_weights"": true, ""verbose"": 0}, ""cv"": {""k"": 3, ""seed"": 42, ""shuffle"": true}, ""data"": {""train_path"": ""data/MONK/MONK1/monks-1.train""}, ""model"": {""activation"": ""sigmoid"", ""dropout"": 0.0, ""hidden_units"": [8]}, ""optim"": {""lr"": 0.2, ""momentum"": 0.9, ""name"": ""sgd""}, ""regularizer"": {""l2"": 0.0}, ""seed"": 42, ""split"": {""stratified"": true, ""val_size"": 0.2}, ""training"": {""batch_size"": 16, ""epochs"": 800, ""include_reg_in_val"": false, ""shuffle"": true}}"
177240a95fc3,1,0.16387367748662435,0.0,0.16387367748662435,0.0,0.92,0.0,178.0,0.0,"{""callbacks"": {""early_stopping"": true, ""min_delta"": 0.0, ""mode"": ""auto"", ""monitor"": ""val_loss"", ""patience"": 40, ""restore_best_weights"": true, ""verbose"": 0}, ""cv"": {""k"": 3, ""seed"": 42, ""shuffle"": true}, ""data"": {""train_path"": ""data/MONK/MONK1/monks-1.train""}, ""model"": {""activation"": ""tanh"", ""dropout"": 0.2, ""hidden_units"": [4]}, ""optim"": {""lr"": 0.1, ""momentum"": 0.9, ""name"": ""sgd""}, ""regularizer"": {""l2"": ""1e-3""}, ""seed"": 42, ""split"": {""stratified"": true, ""val_size"": 0.2}, ""training"": {""batch_size"": 32, ""epochs"": 800, ""include_reg_in_val"": false, ""shuffle"": true}}"
81540d92bd21,1,0.1646558443598563,0.0,0.1646558443598563,0.0,0.92,0.0,267.0,0.0,"{""callbacks"": {""early_stopping"": true, ""min_delta"": 0.0, ""mode"": ""auto"", ""monitor"": ""val_loss"", ""patience"": 40, ""restore_best_weights"": true, ""verbose"": 0}, ""cv"": {""k"": 3, ""seed"": 42, ""shuffle"": true}, ""data"": {""train_path"": ""data/MONK/MONK1/monks-1.train""}, ""model"": {""activation"": ""tanh"", ""dropout"": 0.2, ""hidden_units"": [8, 4]}, ""optim"": {""lr"": 0.2, ""momentum"": 0.0, ""name"": ""sgd""}, ""regularizer"": {""l2"": 0.0}, ""seed"": 42, ""split"": {""stratified"": true, ""val_size"": 0.2}, ""training"": {""batch_size"": 32, ""epochs"": 800, ""include_reg_in_val"": false, ""shuffle"": true}}"
e15be9e68d13,1,0.16521412494868287,0.0,0.16521412494868287,0.0,0.96,0.0,145.0,0.0,"{""callbacks"": {""early_stopping"": true, ""min_delta"": 0.0, ""mode"": ""auto"", ""monitor"": ""val_loss"", ""patience"": 40, ""restore_best_weights"": true, ""verbose"": 0}, ""cv"": {""k"": 3, ""seed"": 42, ""shuffle"": true}, ""data"": {""train_path"": ""data/MONK/MONK1/monks-1.train""}, ""model"": {""activation"": ""tanh"", ""dropout"": 0.0, ""hidden_units"": [8]}, ""optim"": {""lr"": 0.1, ""momentum"": 0.9, ""name"": ""sgd""}, ""regularizer"": {""l2"": ""1e-2""}, ""seed"": 42, ""split"": {""stratified"": true, ""val_size"": 0.2}, ""training"": {""batch_size"": 16, ""epochs"": 800, ""include_reg_in_val"": false, ""shuffle"": true}}"
efb61dd5c009,1,0.16560029501101187,0.0,0.16560029501101187,0.0,0.92,0.0,341.0,0.0,"{""callbacks"": {""early_stopping"": true, ""min_delta"": 0.0, ""mode"": ""auto"", ""monitor"": ""val_loss"", ""patience"": 40, ""restore_best_weights"": true, ""verbose"": 0}, ""cv"": {""k"": 3, ""seed"": 42, ""shuffle"": true}, ""data"": {""train_path"": ""data/MONK/MONK1/monks-1.train""}, ""model"": {""activation"": ""tanh"", ""dropout"": 0.2, ""hidden_units"": [8, 4]}, ""optim"": {""lr"": 0.1, ""momentum"": 0.0, ""name"": ""sgd""}, ""regularizer"": {""l2"": ""1e-2""}, ""seed"": 42, ""split"": {""stratified"": true, ""val_size"": 0.2}, ""training"": {""batch_size"": 16, ""epochs"": 800, ""include_reg_in_val"": false, ""shuffle"": true}}"
333e382aca83,1,0.16622018962250207,0.0,0.16622018962250207,0.0,0.88,0.0,105.0,0.0,"{""callbacks"": {""early_stopping"": true, ""min_delta"": 0.0, ""mode"": ""auto"", ""monitor"": ""val_loss"", ""patience"": 40, ""restore_best_weights"": true, ""verbose"": 0}, ""cv"": {""k"": 3, ""seed"": 42, ""shuffle"": true}, ""data"": {""train_path"": ""data/MONK/MONK1/monks-1.train""}, ""model"": {""activation"": ""sigmoid"", ""dropout"": 0.0, ""hidden_units"": [8]}, ""optim"": {""lr"": 0.2, ""momentum"": 0.9, ""name"": ""sgd""}, ""regularizer"": {""l2"": 0.0}, ""seed"": 42, ""split"": {""stratified"": true, ""val_size"": 0.2}, ""training"": {""batch_size"": 32, ""epochs"": 800, ""include_reg_in_val"": false, ""shuffle"": true}}"
a126b6f75ca7,1,0.1662755971336138,0.0,0.1662755971336138,0.0,0.88,0.0,244.0,0.0,"{""callbacks"": {""early_stopping"": true, ""min_delta"": 0.0, ""mode"": ""auto"", ""monitor"": ""val_loss"", ""patience"": 40, ""restore_best_weights"": true, ""verbose"": 0}, ""cv"": {""k"": 3, ""seed"": 42, ""shuffle"": true}, ""data"": {""train_path"": ""data/MONK/MONK1/monks-1.train""}, ""model"": {""activation"": ""sigmoid"", ""dropout"": 0.0, ""hidden_units"": [8]}, ""optim"": {""lr"": 0.1, ""momentum"": 0.9, ""name"": ""sgd""}, ""regularizer"": {""l2"": ""1e-3""}, ""seed"": 42, ""split"": {""stratified"": true, ""val_size"": 0.2}, ""training"": {""batch_size"": 32, ""epochs"": 800, ""include_reg_in_val"": false, ""shuffle"": true}}"
6f4b34904e0d,1,0.16659288210383558,0.0,0.16659288210383558,0.0,0.88,0.0,718.0,0.0,"{""callbacks"": {""early_stopping"": true, ""min_delta"": 0.0, ""mode"": ""auto"", ""monitor"": ""val_loss"", ""patience"": 40, ""restore_best_weights"": true, ""verbose"": 0}, ""cv"": {""k"": 3, ""seed"": 42, ""shuffle"": true}, ""data"": {""train_path"": ""data/MONK/MONK1/monks-1.train""}, ""model"": {""activation"": ""relu"", ""dropout"": 0.0, ""hidden_units"": [8]}, ""optim"": {""lr"": 0.01, ""momentum"": 0.9, ""name"": ""sgd""}, ""regularizer"": {""l2"": 0.0}, ""seed"": 42, ""split"": {""stratified"": true, ""val_size"": 0.2}, ""training"": {""batch_size"": 32, ""epochs"": 800, ""include_reg_in_val"": false, ""shuffle"": true}}"
9df3e731bc4f,1,0.16670429632308878,0.0,0.16670429632308878,0.0,0.88,0.0,225.0,0.0,"{""callbacks"": {""early_stopping"": true, ""min_delta"": 0.0, ""mode"": ""auto"", ""monitor"": ""val_loss"", ""patience"": 40, ""restore_best_weights"": true, ""verbose"": 0}, ""cv"": {""k"": 3, ""seed"": 42, ""shuffle"": true}, ""data"": {""train_path"": ""data/MONK/MONK1/monks-1.train""}, ""model"": {""activation"": ""sigmoid"", ""dropout"": 0.2, ""hidden_units"": [4]}, ""optim"": {""lr"": 0.2, ""momentum"": 0.9, ""name"": ""sgd""}, ""regularizer"": {""l2"": ""1e-3""}, ""seed"": 42, ""split"": {""stratified"": true, ""val_size"": 0.2}, ""training"": {""batch_size"": 32, ""epochs"": 800, ""include_reg_in_val"": false, ""shuffle"": true}}"
339f1b0ce264,1,0.16722538589010372,0.0,0.16722538589010372,0.0,1.0,0.0,800.0,0.0,"{""callbacks"": {""early_stopping"": true, ""min_delta"": 0.0, ""mode"": ""auto"", ""monitor"": ""val_loss"", ""patience"": 40, ""restore_best_weights"": true, ""verbose"": 0}, ""cv"": {""k"": 3, ""seed"": 42, ""shuffle"": true}, ""data"": {""train_path"": ""data/MONK/MONK1/monks-1.train""}, ""model"": {""activation"": ""relu"", ""dropout"": 0.0, ""hidden_units"": [8, 4]}, ""optim"": {""lr"": 0.01, ""momentum"": 0.1, ""name"": ""sgd""}, ""regularizer"": {""l2"": ""1e-2""}, ""seed"": 42, ""split"": {""stratified"": true, ""val_size"": 0.2}, ""training"": {""batch_size"": 16, ""epochs"": 800, ""include_reg_in_val"": false, ""shuffle"": true}}"
f943f2ec57ca,1,0.16833218035027134,0.0,0.16833218035027134,0.0,0.88,0.0,268.0,0.0,"{""callbacks"": {""early_stopping"": true, ""min_delta"": 0.0, ""mode"": ""auto"", ""monitor"": ""val_loss"", ""patience"": 40, ""restore_best_weights"": true, ""verbose"": 0}, ""cv"": {""k"": 3, ""seed"": 42, ""shuffle"": true}, ""data"": {""train_path"": ""data/MONK/MONK1/monks-1.train""}, ""model"": {""activation"": ""tanh"", ""dropout"": 0.2, ""hidden_units"": [8, 4]}, ""optim"": {""lr"": 0.2, ""momentum"": 0.1, ""name"": ""sgd""}, ""regularizer"": {""l2"": ""1e-3""}, ""seed"": 42, ""split"": {""stratified"": true, ""val_size"": 0.2}, ""training"": {""batch_size"": 32, ""epochs"": 800, ""include_reg_in_val"": false, ""shuffle"": true}}"
4e6cf7b66ef5,1,0.1693884675676806,0.0,0.1693884675676806,0.0,0.96,0.0,342.0,0.0,"{""callbacks"": {""early_stopping"": true, ""min_delta"": 0.0, ""mode"": ""auto"", ""monitor"": ""val_loss"", ""patience"": 40, ""restore_best_weights"": true, ""verbose"": 0}, ""cv"": {""k"": 3, ""seed"": 42, ""shuffle"": true}, ""data"": {""train_path"": ""data/MONK/MONK1/monks-1.train""}, ""model"": {""activation"": ""tanh"", ""dropout"": 0.0, ""hidden_units"": [4]}, ""optim"": {""lr"": 0.1, ""momentum"": 0.0, ""name"": ""sgd""}, ""regularizer"": {""l2"": ""1e-2""}, ""seed"": 42, ""split"": {""stratified"": true, ""val_size"": 0.2}, ""training"": {""batch_size"": 16, ""epochs"": 800, ""include_reg_in_val"": false, ""shuffle"": true}}"
ed3b8d7c8f26,1,0.17059729535390347,0.0,0.17059729535390347,0.0,1.0,0.0,243.0,0.0,"{""callbacks"": {""early_stopping"": true, ""min_delta"": 0.0, ""mode"": ""auto"", ""monitor"": ""val_loss"", ""patience"": 40, ""restore_best_weights"": true, ""verbose"": 0}, ""cv"": {""k"": 3, ""seed"": 42, ""shuffle"": true}, ""data"": {""train_path"": ""data/MONK/MONK1/monks-1.train""}, ""model"": {""activation"": ""tanh"", ""dropout"": 0.0, ""hidden_units"": [4]}, ""optim"": {""lr"": 0.2, ""momentum"": 0.0, ""name"": ""sgd""}, ""regularizer"": {""l2"": ""1e-2""}, ""seed"": 42, ""split"": {""stratified"": true, ""val_size"": 0.2}, ""training"": {""batch_size"": 32, ""epochs"": 800, ""include_reg_in_val"": false, ""shuffle"": true}}"
187e9d6e7969,1,0.17090936111132776,0.0,0.17090936111132776,0.0,0.96,0.0,62.0,0.0,"{""callbacks"": {""early_stopping"": true, ""min_delta"": 0.0, ""mode"": ""auto"", ""monitor"": ""val_loss"", ""patience"": 40, ""restore_best_weights"": true, ""verbose"": 0}, ""cv"": {""k"": 3, ""seed"": 42, ""shuffle"": true}, ""data"": {""train_path"": ""data/MONK/MONK1/monks-1.train""}, ""model"": {""activation"": ""tanh"", ""dropout"": 0.0, ""hidden_units"": [8]}, ""optim"": {""lr"": 0.2, ""momentum"": 0.9, ""name"": ""sgd""}, ""regularizer"": {""l2"": ""1e-2""}, ""seed"": 42, ""split"": {""stratified"": true, ""val_size"": 0.2}, ""training"": {""batch_size"": 16, ""epochs"": 800, ""include_reg_in_val"": false, ""shuffle"": true}}"
3c9a3b3bb207,1,0.17105389380577585,0.0,0.17105389380577585,0.0,0.92,0.0,800.0,0.0,"{""callbacks"": {""early_stopping"": true, ""min_delta"": 0.0, ""mode"": ""auto"", ""monitor"": ""val_loss"", ""patience"": 40, ""restore_best_weights"": true, ""verbose"": 0}, ""cv"": {""k"": 3, ""seed"": 42, ""shuffle"": true}, ""data"": {""train_path"": ""data/MONK/MONK1/monks-1.train""}, ""model"": {""activation"": ""relu"", ""dropout"": 0.0, ""hidden_units"": [8, 4]}, ""optim"": {""lr"": 0.01, ""momentum"": 0.0, ""name"": ""sgd""}, ""regularizer"": {""l2"": ""1e-3""}, ""seed"": 42, ""split"": {""stratified"": true, ""val_size"": 0.2}, ""training"": {""batch_size"": 16, ""epochs"": 800, ""include_reg_in_val"": false, ""shuffle"": true}}"
3597cd2921f5,1,0.17139877070697865,0.0,0.17139877070697865,0.0,0.96,0.0,50.0,0.0,"{""callbacks"": {""early_stopping"": true, ""min_delta"": 0.0, ""mode"": ""auto"", ""monitor"": ""val_loss"", ""patience"": 40, ""restore_best_weights"": true, ""verbose"": 0}, ""cv"": {""k"": 3, ""seed"": 42, ""shuffle"": true}, ""data"": {""train_path"": ""data/MONK/MONK1/monks-1.train""}, ""model"": {""activation"": ""relu"", ""dropout"": 0.2, ""hidden_units"": [8, 4]}, ""optim"": {""lr"": 0.1, ""momentum"": 0.9, ""name"": ""sgd""}, ""regularizer"": {""l2"": ""1e-2""}, ""seed"": 42, ""split"": {""stratified"": true, ""val_size"": 0.2}, ""training"": {""batch_size"": 16, ""epochs"": 800, ""include_reg_in_val"": false, ""shuffle"": true}}"
95b428662b86,1,0.17256492702273424,0.0,0.17256492702273424,0.0,0.92,0.0,289.0,0.0,"{""callbacks"": {""early_stopping"": true, ""min_delta"": 0.0, ""mode"": ""auto"", ""monitor"": ""val_loss"", ""patience"": 40, ""restore_best_weights"": true, ""verbose"": 0}, ""cv"": {""k"": 3, ""seed"": 42, ""shuffle"": true}, ""data"": {""train_path"": ""data/MONK/MONK1/monks-1.train""}, ""model"": {""activation"": ""sigmoid"", ""dropout"": 0.2, ""hidden_units"": [8]}, ""optim"": {""lr"": 0.1, ""momentum"": 0.9, ""name"": ""sgd""}, ""regularizer"": {""l2"": ""1e-3""}, ""seed"": 42, ""split"": {""stratified"": true, ""val_size"": 0.2}, ""training"": {""batch_size"": 32, ""epochs"": 800, ""include_reg_in_val"": false, ""shuffle"": true}}"
6580074bf305,1,0.17501451308208413,0.0,0.17501451308208413,0.0,0.88,0.0,267.0,0.0,"{""callbacks"": {""early_stopping"": true, ""min_delta"": 0.0, ""mode"": ""auto"", ""monitor"": ""val_loss"", ""patience"": 40, ""restore_best_weights"": true, ""verbose"": 0}, ""cv"": {""k"": 3, ""seed"": 42, ""shuffle"": true}, ""data"": {""train_path"": ""data/MONK/MONK1/monks-1.train""}, ""model"": {""activation"": ""tanh"", ""dropout"": 0.2, ""hidden_units"": [8, 4]}, ""optim"": {""lr"": 0.2, ""momentum"": 0.0, ""name"": ""sgd""}, ""regularizer"": {""l2"": ""1e-3""}, ""seed"": 42, ""split"": {""stratified"": true, ""val_size"": 0.2}, ""training"": {""batch_size"": 32, ""epochs"": 800, ""include_reg_in_val"": false, ""shuffle"": true}}"
d0ebc5b82913,1,0.1760530135773164,0.0,0.1760530135773164,0.0,0.92,0.0,343.0,0.0,"{""callbacks"": {""early_stopping"": true, ""min_delta"": 0.0, ""mode"": ""auto"", ""monitor"": ""val_loss"", ""patience"": 40, ""restore_best_weights"": true, ""verbose"": 0}, ""cv"": {""k"": 3, ""seed"": 42, ""shuffle"": true}, ""data"": {""train_path"": ""data/MONK/MONK1/monks-1.train""}, ""model"": {""activation"": ""tanh"", ""dropout"": 0.0, ""hidden_units"": [4]}, ""optim"": {""lr"": 0.01, ""momentum"": 0.9, ""name"": ""sgd""}, ""regularizer"": {""l2"": ""1e-2""}, ""seed"": 42, ""split"": {""stratified"": true, ""val_size"": 0.2}, ""training"": {""batch_size"": 16, ""epochs"": 800, ""include_reg_in_val"": false, ""shuffle"": true}}"
372f8f53923b,1,0.1782582866600065,0.0,0.1782582866600065,0.0,0.88,0.0,242.0,0.0,"{""callbacks"": {""early_stopping"": true, ""min_delta"": 0.0, ""mode"": ""auto"", ""monitor"": ""val_loss"", ""patience"": 40, ""restore_best_weights"": true, ""verbose"": 0}, ""cv"": {""k"": 3, ""seed"": 42, ""shuffle"": true}, ""data"": {""train_path"": ""data/MONK/MONK1/monks-1.train""}, ""model"": {""activation"": ""tanh"", ""dropout"": 0.2, ""hidden_units"": [8]}, ""optim"": {""lr"": 0.1, ""momentum"": 0.1, ""name"": ""sgd""}, ""regularizer"": {""l2"": 0.0}, ""seed"": 42, ""split"": {""stratified"": true, ""val_size"": 0.2}, ""training"": {""batch_size"": 32, ""epochs"": 800, ""include_reg_in_val"": false, ""shuffle"": true}}"
6a695b398e27,1,0.17834182184278266,0.0,0.17834182184278266,0.0,0.88,0.0,336.0,0.0,"{""callbacks"": {""early_stopping"": true, ""min_delta"": 0.0, ""mode"": ""auto"", ""monitor"": ""val_loss"", ""patience"": 40, ""restore_best_weights"": true, ""verbose"": 0}, ""cv"": {""k"": 3, ""seed"": 42, ""shuffle"": true}, ""data"": {""train_path"": ""data/MONK/MONK1/monks-1.train""}, ""model"": {""activation"": ""tanh"", ""dropout"": 0.2, ""hidden_units"": [8, 4]}, ""optim"": {""lr"": 0.01, ""momentum"": 0.9, ""name"": ""sgd""}, ""regularizer"": {""l2"": ""1e-2""}, ""seed"": 42, ""split"": {""stratified"": true, ""val_size"": 0.2}, ""training"": {""batch_size"": 16, ""epochs"": 800, ""include_reg_in_val"": false, ""shuffle"": true}}"
353398362fd5,1,0.17878960160223115,0.0,0.17878960160223115,0.0,0.8,0.0,60.0,0.0,"{""callbacks"": {""early_stopping"": true, ""min_delta"": 0.0, ""mode"": ""auto"", ""monitor"": ""val_loss"", ""patience"": 40, ""restore_best_weights"": true, ""verbose"": 0}, ""cv"": {""k"": 3, ""seed"": 42, ""shuffle"": true}, ""data"": {""train_path"": ""data/MONK/MONK1/monks-1.train""}, ""model"": {""activation"": ""tanh"", ""dropout"": 0.2, ""hidden_units"": [8, 4]}, ""optim"": {""lr"": 0.2, ""momentum"": 0.9, ""name"": ""sgd""}, ""regularizer"": {""l2"": ""1e-3""}, ""seed"": 42, ""split"": {""stratified"": true, ""val_size"": 0.2}, ""training"": {""batch_size"": 16, ""epochs"": 800, ""include_reg_in_val"": false, ""shuffle"": true}}"
2fdee5f8ce0b,1,0.17918779629597772,0.0,0.17918779629597772,0.0,1.0,0.0,145.0,0.0,"{""callbacks"": {""early_stopping"": true, ""min_delta"": 0.0, ""mode"": ""auto"", ""monitor"": ""val_loss"", ""patience"": 40, ""restore_best_weights"": true, ""verbose"": 0}, ""cv"": {""k"": 3, ""seed"": 42, ""shuffle"": true}, ""data"": {""train_path"": ""data/MONK/MONK1/monks-1.train""}, ""model"": {""activation"": ""tanh"", ""dropout"": 0.2, ""hidden_units"": [8]}, ""optim"": {""lr"": 0.1, ""momentum"": 0.9, ""name"": ""sgd""}, ""regularizer"": {""l2"": ""1e-2""}, ""seed"": 42, ""split"": {""stratified"": true, ""val_size"": 0.2}, ""training"": {""batch_size"": 16, ""epochs"": 800, ""include_reg_in_val"": false, ""shuffle"": true}}"
8048c07f1268,1,0.1794957733710254,0.0,0.1794957733710254,0.0,0.88,0.0,117.0,0.0,"{""callbacks"": {""early_stopping"": true, ""min_delta"": 0.0, ""mode"": ""auto"", ""monitor"": ""val_loss"", ""patience"": 40, ""restore_best_weights"": true, ""verbose"": 0}, ""cv"": {""k"": 3, ""seed"": 42, ""shuffle"": true}, ""data"": {""train_path"": ""data/MONK/MONK1/monks-1.train""}, ""model"": {""activation"": ""sigmoid"", ""dropout"": 0.2, ""hidden_units"": [4]}, ""optim"": {""lr"": 0.2, ""momentum"": 0.9, ""name"": ""sgd""}, ""regularizer"": {""l2"": ""1e-3""}, ""seed"": 42, ""split"": {""stratified"": true, ""val_size"": 0.2}, ""training"": {""batch_size"": 16, ""epochs"": 800, ""include_reg_in_val"": false, ""shuffle"": true}}"
f1f1c8af4fdf,1,0.1795557605898094,0.0,0.1795557605898094,0.0,0.92,0.0,301.0,0.0,"{""callbacks"": {""early_stopping"": true, ""min_delta"": 0.0, ""mode"": ""auto"", ""monitor"": ""val_loss"", ""patience"": 40, ""restore_best_weights"": true, ""verbose"": 0}, ""cv"": {""k"": 3, ""seed"": 42, ""shuffle"": true}, ""data"": {""train_path"": ""data/MONK/MONK1/monks-1.train""}, ""model"": {""activation"": ""tanh"", ""dropout"": 0.2, ""hidden_units"": [8, 4]}, ""optim"": {""lr"": 0.01, ""momentum"": 0.9, ""name"": ""sgd""}, ""regularizer"": {""l2"": 0.0}, ""seed"": 42, ""split"": {""stratified"": true, ""val_size"": 0.2}, ""training"": {""batch_size"": 32, ""epochs"": 800, ""include_reg_in_val"": false, ""shuffle"": true}}"
89eda6bbdacc,1,0.17972014098139844,0.0,0.17972014098139844,0.0,0.96,0.0,91.0,0.0,"{""callbacks"": {""early_stopping"": true, ""min_delta"": 0.0, ""mode"": ""auto"", ""monitor"": ""val_loss"", ""patience"": 40, ""restore_best_weights"": true, ""verbose"": 0}, ""cv"": {""k"": 3, ""seed"": 42, ""shuffle"": true}, ""data"": {""train_path"": ""data/MONK/MONK1/monks-1.train""}, ""model"": {""activation"": ""tanh"", ""dropout"": 0.0, ""hidden_units"": [8]}, ""optim"": {""lr"": 0.1, ""momentum"": 0.9, ""name"": ""sgd""}, ""regularizer"": {""l2"": ""1e-2""}, ""seed"": 42, ""split"": {""stratified"": true, ""val_size"": 0.2}, ""training"": {""batch_size"": 32, ""epochs"": 800, ""include_reg_in_val"": false, ""shuffle"": true}}"
944d7ea1fa0f,1,0.1814462831620397,0.0,0.1814462831620397,0.0,1.0,0.0,242.0,0.0,"{""callbacks"": {""early_stopping"": true, ""min_delta"": 0.0, ""mode"": ""auto"", ""monitor"": ""val_loss"", ""patience"": 40, ""restore_best_weights"": true, ""verbose"": 0}, ""cv"": {""k"": 3, ""seed"": 42, ""shuffle"": true}, ""data"": {""train_path"": ""data/MONK/MONK1/monks-1.train""}, ""model"": {""activation"": ""tanh"", ""dropout"": 0.0, ""hidden_units"": [4]}, ""optim"": {""lr"": 0.1, ""momentum"": 0.1, ""name"": ""sgd""}, ""regularizer"": {""l2"": ""1e-2""}, ""seed"": 42, ""split"": {""stratified"": true, ""val_size"": 0.2}, ""training"": {""batch_size"": 16, ""epochs"": 800, ""include_reg_in_val"": false, ""shuffle"": true}}"
650353a3e14a,1,0.18219024438767217,0.0,0.18219024438767217,0.0,0.92,0.0,352.0,0.0,"{""callbacks"": {""early_stopping"": true, ""min_delta"": 0.0, ""mode"": ""auto"", ""monitor"": ""val_loss"", ""patience"": 40, ""restore_best_weights"": true, ""verbose"": 0}, ""cv"": {""k"": 3, ""seed"": 42, ""shuffle"": true}, ""data"": {""train_path"": ""data/MONK/MONK1/monks-1.train""}, ""model"": {""activation"": ""tanh"", ""dropout"": 0.2, ""hidden_units"": [8, 4]}, ""optim"": {""lr"": 0.1, ""momentum"": 0.0, ""name"": ""sgd""}, ""regularizer"": {""l2"": 0.0}, ""seed"": 42, ""split"": {""stratified"": true, ""val_size"": 0.2}, ""training"": {""batch_size"": 32, ""epochs"": 800, ""include_reg_in_val"": false, ""shuffle"": true}}"
098a56a3d4dc,1,0.18249033548263743,0.0,0.18249033548263743,0.0,0.92,0.0,800.0,0.0,"{""callbacks"": {""early_stopping"": true, ""min_delta"": 0.0, ""mode"": ""auto"", ""monitor"": ""val_loss"", ""patience"": 40, ""restore_best_weights"": true, ""verbose"": 0}, ""cv"": {""k"": 3, ""seed"": 42, ""shuffle"": true}, ""data"": {""train_path"": ""data/MONK/MONK1/monks-1.train""}, ""model"": {""activation"": ""relu"", ""dropout"": 0.0, ""hidden_units"": [8, 4]}, ""optim"": {""lr"": 0.01, ""momentum"": 0.0, ""name"": ""sgd""}, ""regularizer"": {""l2"": 0.0}, ""seed"": 42, ""split"": {""stratified"": true, ""val_size"": 0.2}, ""training"": {""batch_size"": 16, ""epochs"": 800, ""include_reg_in_val"": false, ""shuffle"": true}}"
a25f0dc3a2fe,1,0.18273618882314296,0.0,0.18273618882314296,0.0,0.88,0.0,224.0,0.0,"{""callbacks"": {""early_stopping"": true, ""min_delta"": 0.0, ""mode"": ""auto"", ""monitor"": ""val_loss"", ""patience"": 40, ""restore_best_weights"": true, ""verbose"": 0}, ""cv"": {""k"": 3, ""seed"": 42, ""shuffle"": true}, ""data"": {""train_path"": ""data/MONK/MONK1/monks-1.train""}, ""model"": {""activation"": ""sigmoid"", ""dropout"": 0.2, ""hidden_units"": [4]}, ""optim"": {""lr"": 0.1, ""momentum"": 0.9, ""name"": ""sgd""}, ""regularizer"": {""l2"": ""1e-3""}, ""seed"": 42, ""split"": {""stratified"": true, ""val_size"": 0.2}, ""training"": {""batch_size"": 16, ""epochs"": 800, ""include_reg_in_val"": false, ""shuffle"": true}}"
2b5b9a578a48,1,0.18359506517052981,0.0,0.18359506517052981,0.0,0.88,0.0,744.0,0.0,"{""callbacks"": {""early_stopping"": true, ""min_delta"": 0.0, ""mode"": ""auto"", ""monitor"": ""val_loss"", ""patience"": 40, ""restore_best_weights"": true, ""verbose"": 0}, ""cv"": {""k"": 3, ""seed"": 42, ""shuffle"": true}, ""data"": {""train_path"": ""data/MONK/MONK1/monks-1.train""}, ""model"": {""activation"": ""tanh"", ""dropout"": 0.0, ""hidden_units"": [8, 4]}, ""optim"": {""lr"": 0.01, ""momentum"": 0.1, ""name"": ""sgd""}, ""regularizer"": {""l2"": ""1e-2""}, ""seed"": 42, ""split"": {""stratified"": true, ""val_size"": 0.2}, ""training"": {""batch_size"": 16, ""epochs"": 800, ""include_reg_in_val"": false, ""shuffle"": true}}"
f21ee0b95ba6,1,0.18474010351278827,0.0,0.18474010351278827,0.0,0.88,0.0,226.0,0.0,"{""callbacks"": {""early_stopping"": true, ""min_delta"": 0.0, ""mode"": ""auto"", ""monitor"": ""val_loss"", ""patience"": 40, ""restore_best_weights"": true, ""verbose"": 0}, ""cv"": {""k"": 3, ""seed"": 42, ""shuffle"": true}, ""data"": {""train_path"": ""data/MONK/MONK1/monks-1.train""}, ""model"": {""activation"": ""tanh"", ""dropout"": 0.2, ""hidden_units"": [8, 4]}, ""optim"": {""lr"": 0.2, ""momentum"": 0.1, ""name"": ""sgd""}, ""regularizer"": {""l2"": ""1e-2""}, ""seed"": 42, ""split"": {""stratified"": true, ""val_size"": 0.2}, ""training"": {""batch_size"": 16, ""epochs"": 800, ""include_reg_in_val"": false, ""shuffle"": true}}"
6a30e56ccf5a,1,0.185555248546554,0.0,0.185555248546554,0.0,0.92,0.0,299.0,0.0,"{""callbacks"": {""early_stopping"": true, ""min_delta"": 0.0, ""mode"": ""auto"", ""monitor"": ""val_loss"", ""patience"": 40, ""restore_best_weights"": true, ""verbose"": 0}, ""cv"": {""k"": 3, ""seed"": 42, ""shuffle"": true}, ""data"": {""train_path"": ""data/MONK/MONK1/monks-1.train""}, ""model"": {""activation"": ""tanh"", ""dropout"": 0.2, ""hidden_units"": [8, 4]}, ""optim"": {""lr"": 0.1, ""momentum"": 0.1, ""name"": ""sgd""}, ""regularizer"": {""l2"": 0.0}, ""seed"": 42, ""split"": {""stratified"": true, ""val_size"": 0.2}, ""training"": {""batch_size"": 32, ""epochs"": 800, ""include_reg_in_val"": false, ""shuffle"": true}}"
9d84aaf7c53b,1,0.1864442730468822,0.0,0.1864442730468822,0.0,0.92,0.0,414.0,0.0,"{""callbacks"": {""early_stopping"": true, ""min_delta"": 0.0, ""mode"": ""auto"", ""monitor"": ""val_loss"", ""patience"": 40, ""restore_best_weights"": true, ""verbose"": 0}, ""cv"": {""k"": 3, ""seed"": 42, ""shuffle"": true}, ""data"": {""train_path"": ""data/MONK/MONK1/monks-1.train""}, ""model"": {""activation"": ""tanh"", ""dropout"": 0.0, ""hidden_units"": [4]}, ""optim"": {""lr"": 0.1, ""momentum"": 0.1, ""name"": ""sgd""}, ""regularizer"": {""l2"": ""1e-2""}, ""seed"": 42, ""split"": {""stratified"": true, ""val_size"": 0.2}, ""training"": {""batch_size"": 32, ""epochs"": 800, ""include_reg_in_val"": false, ""shuffle"": true}}"
5e655ded30b0,1,0.1877674452444373,0.0,0.1877674452444373,0.0,0.96,0.0,246.0,0.0,"{""callbacks"": {""early_stopping"": true, ""min_delta"": 0.0, ""mode"": ""auto"", ""monitor"": ""val_loss"", ""patience"": 40, ""restore_best_weights"": true, ""verbose"": 0}, ""cv"": {""k"": 3, ""seed"": 42, ""shuffle"": true}, ""data"": {""train_path"": ""data/MONK/MONK1/monks-1.train""}, ""model"": {""activation"": ""relu"", ""dropout"": 0.0, ""hidden_units"": [4]}, ""optim"": {""lr"": 0.01, ""momentum"": 0.9, ""name"": ""sgd""}, ""regularizer"": {""l2"": ""1e-2""}, ""seed"": 42, ""split"": {""stratified"": true, ""val_size"": 0.2}, ""training"": {""batch_size"": 32, ""epochs"": 800, ""include_reg_in_val"": false, ""shuffle"": true}}"
d3ee0de8003c,1,0.18776844431359707,0.0,0.18776844431359707,0.0,0.96,0.0,115.0,0.0,"{""callbacks"": {""early_stopping"": true, ""min_delta"": 0.0, ""mode"": ""auto"", ""monitor"": ""val_loss"", ""patience"": 40, ""restore_best_weights"": true, ""verbose"": 0}, ""cv"": {""k"": 3, ""seed"": 42, ""shuffle"": true}, ""data"": {""train_path"": ""data/MONK/MONK1/monks-1.train""}, ""model"": {""activation"": ""tanh"", ""dropout"": 0.2, ""hidden_units"": [8, 4]}, ""optim"": {""lr"": 0.1, ""momentum"": 0.9, ""name"": ""sgd""}, ""regularizer"": {""l2"": ""1e-2""}, ""seed"": 42, ""split"": {""stratified"": true, ""val_size"": 0.2}, ""training"": {""batch_size"": 16, ""epochs"": 800, ""include_reg_in_val"": false, ""shuffle"": true}}"
a6e8d869d29c,1,0.1879623986450102,0.0,0.1879623986450102,0.0,0.88,0.0,800.0,0.0,"{""callbacks"": {""early_stopping"": true, ""min_delta"": 0.0, ""mode"": ""auto"", ""monitor"": ""val_loss"", ""patience"": 40, ""restore_best_weights"": true, ""verbose"": 0}, ""cv"": {""k"": 3, ""seed"": 42, ""shuffle"": true}, ""data"": {""train_path"": ""data/MONK/MONK1/monks-1.train""}, ""model"": {""activation"": ""tanh"", ""dropout"": 0.0, ""hidden_units"": [8, 4]}, ""optim"": {""lr"": 0.01, ""momentum"": 0.0, ""name"": ""sgd""}, ""regularizer"": {""l2"": ""1e-2""}, ""seed"": 42, ""split"": {""stratified"": true, ""val_size"": 0.2}, ""training"": {""batch_size"": 16, ""epochs"": 800, ""include_reg_in_val"": false, ""shuffle"": true}}"
99d3f76d1bd6,1,0.18851225913660494,0.0,0.18851225913660494,0.0,0.96,0.0,800.0,0.0,"{""callbacks"": {""early_stopping"": true, ""min_delta"": 0.0, ""mode"": ""auto"", ""monitor"": ""val_loss"", ""patience"": 40, ""restore_best_weights"": true, ""verbose"": 0}, ""cv"": {""k"": 3, ""seed"": 42, ""shuffle"": true}, ""data"": {""train_path"": ""data/MONK/MONK1/monks-1.train""}, ""model"": {""activation"": ""relu"", ""dropout"": 0.0, ""hidden_units"": [8, 4]}, ""optim"": {""lr"": 0.01, ""momentum"": 0.0, ""name"": ""sgd""}, ""regularizer"": {""l2"": ""1e-2""}, ""seed"": 42, ""split"": {""stratified"": true, ""val_size"": 0.2}, ""training"": {""batch_size"": 16, ""epochs"": 800, ""include_reg_in_val"": false, ""shuffle"": true}}"
e7d7abb5354c,1,0.18874254525620515,0.0,0.18874254525620515,0.0,0.96,0.0,170.0,0.0,"{""callbacks"": {""early_stopping"": true, ""min_delta"": 0.0, ""mode"": ""auto"", ""monitor"": ""val_loss"", ""patience"": 40, ""restore_best_weights"": true, ""verbose"": 0}, ""cv"": {""k"": 3, ""seed"": 42, ""shuffle"": true}, ""data"": {""train_path"": ""data/MONK/MONK1/monks-1.train""}, ""model"": {""activation"": ""tanh"", ""dropout"": 0.0, ""hidden_units"": [8]}, ""optim"": {""lr"": 0.2, ""momentum"": 0.1, ""name"": ""sgd""}, ""regularizer"": {""l2"": ""1e-2""}, ""seed"": 42, ""split"": {""stratified"": true, ""val_size"": 0.2}, ""training"": {""batch_size"": 16, ""epochs"": 800, ""include_reg_in_val"": false, ""shuffle"": true}}"
8e9ebaec3fd8,1,0.1903150371056595,0.0,0.1903150371056595,0.0,0.96,0.0,211.0,0.0,"{""callbacks"": {""early_stopping"": true, ""min_delta"": 0.0, ""mode"": ""auto"", ""monitor"": ""val_loss"", ""patience"": 40, ""restore_best_weights"": true, ""verbose"": 0}, ""cv"": {""k"": 3, ""seed"": 42, ""shuffle"": true}, ""data"": {""train_path"": ""data/MONK/MONK1/monks-1.train""}, ""model"": {""activation"": ""relu"", ""dropout"": 0.0, ""hidden_units"": [4]}, ""optim"": {""lr"": 0.1, ""momentum"": 0.1, ""name"": ""sgd""}, ""regularizer"": {""l2"": ""1e-3""}, ""seed"": 42, ""split"": {""stratified"": true, ""val_size"": 0.2}, ""training"": {""batch_size"": 16, ""epochs"": 800, ""include_reg_in_val"": false, ""shuffle"": true}}"
ad54f6bc0ac7,1,0.19038610256378438,0.0,0.19038610256378438,0.0,0.88,0.0,242.0,0.0,"{""callbacks"": {""early_stopping"": true, ""min_delta"": 0.0, ""mode"": ""auto"", ""monitor"": ""val_loss"", ""patience"": 40, ""restore_best_weights"": true, ""verbose"": 0}, ""cv"": {""k"": 3, ""seed"": 42, ""shuffle"": true}, ""data"": {""train_path"": ""data/MONK/MONK1/monks-1.train""}, ""model"": {""activation"": ""tanh"", ""dropout"": 0.2, ""hidden_units"": [8]}, ""optim"": {""lr"": 0.1, ""momentum"": 0.1, ""name"": ""sgd""}, ""regularizer"": {""l2"": ""1e-3""}, ""seed"": 42, ""split"": {""stratified"": true, ""val_size"": 0.2}, ""training"": {""batch_size"": 32, ""epochs"": 800, ""include_reg_in_val"": false, ""shuffle"": true}}"
b0f17de97f13,1,0.19040799920862891,0.0,0.19040799920862891,0.0,0.96,0.0,170.0,0.0,"{""callbacks"": {""early_stopping"": true, ""min_delta"": 0.0, ""mode"": ""auto"", ""monitor"": ""val_loss"", ""patience"": 40, ""restore_best_weights"": true, ""verbose"": 0}, ""cv"": {""k"": 3, ""seed"": 42, ""shuffle"": true}, ""data"": {""train_path"": ""data/MONK/MONK1/monks-1.train""}, ""model"": {""activation"": ""tanh"", ""dropout"": 0.0, ""hidden_units"": [8]}, ""optim"": {""lr"": 0.2, ""momentum"": 0.0, ""name"": ""sgd""}, ""regularizer"": {""l2"": ""1e-2""}, ""seed"": 42, ""split"": {""stratified"": true, ""val_size"": 0.2}, ""training"": {""batch_size"": 16, ""epochs"": 800, ""include_reg_in_val"": false, ""shuffle"": true}}"
85e2ce21ab6a,1,0.19059331553199527,0.0,0.19059331553199527,0.0,0.88,0.0,226.0,0.0,"{""callbacks"": {""early_stopping"": true, ""min_delta"": 0.0, ""mode"": ""auto"", ""monitor"": ""val_loss"", ""patience"": 40, ""restore_best_weights"": true, ""verbose"": 0}, ""cv"": {""k"": 3, ""seed"": 42, ""shuffle"": true}, ""data"": {""train_path"": ""data/MONK/MONK1/monks-1.train""}, ""model"": {""activation"": ""tanh"", ""dropout"": 0.2, ""hidden_units"": [8, 4]}, ""optim"": {""lr"": 0.2, ""momentum"": 0.0, ""name"": ""sgd""}, ""regularizer"": {""l2"": ""1e-2""}, ""seed"": 42, ""split"": {""stratified"": true, ""val_size"": 0.2}, ""training"": {""batch_size"": 16, ""epochs"": 800, ""include_reg_in_val"": false, ""shuffle"": true}}"
ed0d12760972,1,0.1914912407856001,0.0,0.1914912407856001,0.0,0.96,0.0,41.0,0.0,"{""callbacks"": {""early_stopping"": true, ""min_delta"": 0.0, ""mode"": ""auto"", ""monitor"": ""val_loss"", ""patience"": 40, ""restore_best_weights"": true, ""verbose"": 0}, ""cv"": {""k"": 3, ""seed"": 42, ""shuffle"": true}, ""data"": {""train_path"": ""data/MONK/MONK1/monks-1.train""}, ""model"": {""activation"": ""relu"", ""dropout"": 0.2, ""hidden_units"": [8]}, ""optim"": {""lr"": 0.2, ""momentum"": 0.9, ""name"": ""sgd""}, ""regularizer"": {""l2"": ""1e-2""}, ""seed"": 42, ""split"": {""stratified"": true, ""val_size"": 0.2}, ""training"": {""batch_size"": 16, ""epochs"": 800, ""include_reg_in_val"": false, ""shuffle"": true}}"
1515be0166b6,1,0.19178878918022468,0.0,0.19178878918022468,0.0,0.92,0.0,49.0,0.0,"{""callbacks"": {""early_stopping"": true, ""min_delta"": 0.0, ""mode"": ""auto"", ""monitor"": ""val_loss"", ""patience"": 40, ""restore_best_weights"": true, ""verbose"": 0}, ""cv"": {""k"": 3, ""seed"": 42, ""shuffle"": true}, ""data"": {""train_path"": ""data/MONK/MONK1/monks-1.train""}, ""model"": {""activation"": ""relu"", ""dropout"": 0.2, ""hidden_units"": [4]}, ""optim"": {""lr"": 0.2, ""momentum"": 0.9, ""name"": ""sgd""}, ""regularizer"": {""l2"": ""1e-2""}, ""seed"": 42, ""split"": {""stratified"": true, ""val_size"": 0.2}, ""training"": {""batch_size"": 16, ""epochs"": 800, ""include_reg_in_val"": false, ""shuffle"": true}}"
7dbeb816818c,1,0.19236971549841175,0.0,0.19236971549841175,0.0,0.96,0.0,211.0,0.0,"{""callbacks"": {""early_stopping"": true, ""min_delta"": 0.0, ""mode"": ""auto"", ""monitor"": ""val_loss"", ""patience"": 40, ""restore_best_weights"": true, ""verbose"": 0}, ""cv"": {""k"": 3, ""seed"": 42, ""shuffle"": true}, ""data"": {""train_path"": ""data/MONK/MONK1/monks-1.train""}, ""model"": {""activation"": ""relu"", ""dropout"": 0.0, ""hidden_units"": [4]}, ""optim"": {""lr"": 0.1, ""momentum"": 0.0, ""name"": ""sgd""}, ""regularizer"": {""l2"": ""1e-3""}, ""seed"": 42, ""split"": {""stratified"": true, ""val_size"": 0.2}, ""training"": {""batch_size"": 16, ""epochs"": 800, ""include_reg_in_val"": false, ""shuffle"": true}}"
3cbac504ad04,1,0.19305587234763164,0.0,0.19305587234763164,0.0,0.88,0.0,37.0,0.0,"{""callbacks"": {""early_stopping"": true, ""min_delta"": 0.0, ""mode"": ""auto"", ""monitor"": ""val_loss"", ""patience"": 40, ""restore_best_weights"": true, ""verbose"": 0}, ""cv"": {""k"": 3, ""seed"": 42, ""shuffle"": true}, ""data"": {""train_path"": ""data/MONK/MONK1/monks-1.train""}, ""model"": {""activation"": ""relu"", ""dropout"": 0.0, ""hidden_units"": [8, 4]}, ""optim"": {""lr"": 0.2, ""momentum"": 0.9, ""name"": ""sgd""}, ""regularizer"": {""l2"": ""1e-3""}, ""seed"": 42, ""split"": {""stratified"": true, ""val_size"": 0.2}, ""training"": {""batch_size"": 16, ""epochs"": 800, ""include_reg_in_val"": false, ""shuffle"": true}}"
bfe0e15e6a08,1,0.19405068699469757,0.0,0.19405068699469757,0.0,0.88,0.0,242.0,0.0,"{""callbacks"": {""early_stopping"": true, ""min_delta"": 0.0, ""mode"": ""auto"", ""monitor"": ""val_loss"", ""patience"": 40, ""restore_best_weights"": true, ""verbose"": 0}, ""cv"": {""k"": 3, ""seed"": 42, ""shuffle"": true}, ""data"": {""train_path"": ""data/MONK/MONK1/monks-1.train""}, ""model"": {""activation"": ""relu"", ""dropout"": 0.0, ""hidden_units"": [8]}, ""optim"": {""lr"": 0.1, ""momentum"": 0.1, ""name"": ""sgd""}, ""regularizer"": {""l2"": ""1e-3""}, ""seed"": 42, ""split"": {""stratified"": true, ""val_size"": 0.2}, ""training"": {""batch_size"": 32, ""epochs"": 800, ""include_reg_in_val"": false, ""shuffle"": true}}"
c54cc4847107,1,0.19410215152900545,0.0,0.19410215152900545,0.0,0.92,0.0,243.0,0.0,"{""callbacks"": {""early_stopping"": true, ""min_delta"": 0.0, ""mode"": ""auto"", ""monitor"": ""val_loss"", ""patience"": 40, ""restore_best_weights"": true, ""verbose"": 0}, ""cv"": {""k"": 3, ""seed"": 42, ""shuffle"": true}, ""data"": {""train_path"": ""data/MONK/MONK1/monks-1.train""}, ""model"": {""activation"": ""tanh"", ""dropout"": 0.0, ""hidden_units"": [8]}, ""optim"": {""lr"": 0.2, ""momentum"": 0.0, ""name"": ""sgd""}, ""regularizer"": {""l2"": ""1e-2""}, ""seed"": 42, ""split"": {""stratified"": true, ""val_size"": 0.2}, ""training"": {""batch_size"": 32, ""epochs"": 800, ""include_reg_in_val"": false, ""shuffle"": true}}"
e1a95a47cda3,1,0.2002480244730746,0.0,0.2002480244730746,0.0,0.88,0.0,242.0,0.0,"{""callbacks"": {""early_stopping"": true, ""min_delta"": 0.0, ""mode"": ""auto"", ""monitor"": ""val_loss"", ""patience"": 40, ""restore_best_weights"": true, ""verbose"": 0}, ""cv"": {""k"": 3, ""seed"": 42, ""shuffle"": true}, ""data"": {""train_path"": ""data/MONK/MONK1/monks-1.train""}, ""model"": {""activation"": ""tanh"", ""dropout"": 0.2, ""hidden_units"": [8]}, ""optim"": {""lr"": 0.1, ""momentum"": 0.0, ""name"": ""sgd""}, ""regularizer"": {""l2"": 0.0}, ""seed"": 42, ""split"": {""stratified"": true, ""val_size"": 0.2}, ""training"": {""batch_size"": 32, ""epochs"": 800, ""include_reg_in_val"": false, ""shuffle"": true}}"
37803d5590b8,1,0.20094008769817237,0.0,0.20094008769817237,0.0,0.88,0.0,417.0,0.0,"{""callbacks"": {""early_stopping"": true, ""min_delta"": 0.0, ""mode"": ""auto"", ""monitor"": ""val_loss"", ""patience"": 40, ""restore_best_weights"": true, ""verbose"": 0}, ""cv"": {""k"": 3, ""seed"": 42, ""shuffle"": true}, ""data"": {""train_path"": ""data/MONK/MONK1/monks-1.train""}, ""model"": {""activation"": ""relu"", ""dropout"": 0.0, ""hidden_units"": [8]}, ""optim"": {""lr"": 0.1, ""momentum"": 0.0, ""name"": ""sgd""}, ""regularizer"": {""l2"": 0.0}, ""seed"": 42, ""split"": {""stratified"": true, ""val_size"": 0.2}, ""training"": {""batch_size"": 32, ""epochs"": 800, ""include_reg_in_val"": false, ""shuffle"": true}}"
4fb6a25ab7ed,1,0.2009679143930579,0.0,0.2009679143930579,0.0,0.88,0.0,242.0,0.0,"{""callbacks"": {""early_stopping"": true, ""min_delta"": 0.0, ""mode"": ""auto"", ""monitor"": ""val_loss"", ""patience"": 40, ""restore_best_weights"": true, ""verbose"": 0}, ""cv"": {""k"": 3, ""seed"": 42, ""shuffle"": true}, ""data"": {""train_path"": ""data/MONK/MONK1/monks-1.train""}, ""model"": {""activation"": ""tanh"", ""dropout"": 0.0, ""hidden_units"": [8]}, ""optim"": {""lr"": 0.1, ""momentum"": 0.1, ""name"": ""sgd""}, ""regularizer"": {""l2"": ""1e-2""}, ""seed"": 42, ""split"": {""stratified"": true, ""val_size"": 0.2}, ""training"": {""batch_size"": 16, ""epochs"": 800, ""include_reg_in_val"": false, ""shuffle"": true}}"
2a191c32f721,1,0.2011898545644585,0.0,0.2011898545644585,0.0,0.92,0.0,175.0,0.0,"{""callbacks"": {""early_stopping"": true, ""min_delta"": 0.0, ""mode"": ""auto"", ""monitor"": ""val_loss"", ""patience"": 40, ""restore_best_weights"": true, ""verbose"": 0}, ""cv"": {""k"": 3, ""seed"": 42, ""shuffle"": true}, ""data"": {""train_path"": ""data/MONK/MONK1/monks-1.train""}, ""model"": {""activation"": ""tanh"", ""dropout"": 0.2, ""hidden_units"": [8, 4]}, ""optim"": {""lr"": 0.2, ""momentum"": 0.1, ""name"": ""sgd""}, ""regularizer"": {""l2"": 0.0}, ""seed"": 42, ""split"": {""stratified"": true, ""val_size"": 0.2}, ""training"": {""batch_size"": 32, ""epochs"": 800, ""include_reg_in_val"": false, ""shuffle"": true}}"
694619ef6997,1,0.20187407468946345,0.0,0.20187407468946345,0.0,0.88,0.0,246.0,0.0,"{""callbacks"": {""early_stopping"": true, ""min_delta"": 0.0, ""mode"": ""auto"", ""monitor"": ""val_loss"", ""patience"": 40, ""restore_best_weights"": true, ""verbose"": 0}, ""cv"": {""k"": 3, ""seed"": 42, ""shuffle"": true}, ""data"": {""train_path"": ""data/MONK/MONK1/monks-1.train""}, ""model"": {""activation"": ""sigmoid"", ""dropout"": 0.0, ""hidden_units"": [4]}, ""optim"": {""lr"": 0.1, ""momentum"": 0.9, ""name"": ""sgd""}, ""regularizer"": {""l2"": 0.0}, ""seed"": 42, ""split"": {""stratified"": true, ""val_size"": 0.2}, ""training"": {""batch_size"": 32, ""epochs"": 800, ""include_reg_in_val"": false, ""shuffle"": true}}"
f9fea2665dc9,1,0.20204364039385073,0.0,0.20204364039385073,0.0,0.88,0.0,800.0,0.0,"{""callbacks"": {""early_stopping"": true, ""min_delta"": 0.0, ""mode"": ""auto"", ""monitor"": ""val_loss"", ""patience"": 40, ""restore_best_weights"": true, ""verbose"": 0}, ""cv"": {""k"": 3, ""seed"": 42, ""shuffle"": true}, ""data"": {""train_path"": ""data/MONK/MONK1/monks-1.train""}, ""model"": {""activation"": ""tanh"", ""dropout"": 0.0, ""hidden_units"": [8, 4]}, ""optim"": {""lr"": 0.01, ""momentum"": 0.1, ""name"": ""sgd""}, ""regularizer"": {""l2"": 0.0}, ""seed"": 42, ""split"": {""stratified"": true, ""val_size"": 0.2}, ""training"": {""batch_size"": 32, ""epochs"": 800, ""include_reg_in_val"": false, ""shuffle"": true}}"
2a868495cfaa,1,0.20231753961527063,0.0,0.20231753961527063,0.0,0.88,0.0,182.0,0.0,"{""callbacks"": {""early_stopping"": true, ""min_delta"": 0.0, ""mode"": ""auto"", ""monitor"": ""val_loss"", ""patience"": 40, ""restore_best_weights"": true, ""verbose"": 0}, ""cv"": {""k"": 3, ""seed"": 42, ""shuffle"": true}, ""data"": {""train_path"": ""data/MONK/MONK1/monks-1.train""}, ""model"": {""activation"": ""sigmoid"", ""dropout"": 0.0, ""hidden_units"": [8]}, ""optim"": {""lr"": 0.1, ""momentum"": 0.9, ""name"": ""sgd""}, ""regularizer"": {""l2"": 0.0}, ""seed"": 42, ""split"": {""stratified"": true, ""val_size"": 0.2}, ""training"": {""batch_size"": 32, ""epochs"": 800, ""include_reg_in_val"": false, ""shuffle"": true}}"
9280cf418dfb,1,0.20319397490764105,0.0,0.20319397490764105,0.0,0.88,0.0,343.0,0.0,"{""callbacks"": {""early_stopping"": true, ""min_delta"": 0.0, ""mode"": ""auto"", ""monitor"": ""val_loss"", ""patience"": 40, ""restore_best_weights"": true, ""verbose"": 0}, ""cv"": {""k"": 3, ""seed"": 42, ""shuffle"": true}, ""data"": {""train_path"": ""data/MONK/MONK1/monks-1.train""}, ""model"": {""activation"": ""sigmoid"", ""dropout"": 0.2, ""hidden_units"": [4]}, ""optim"": {""lr"": 0.1, ""momentum"": 0.9, ""name"": ""sgd""}, ""regularizer"": {""l2"": ""1e-3""}, ""seed"": 42, ""split"": {""stratified"": true, ""val_size"": 0.2}, ""training"": {""batch_size"": 32, ""epochs"": 800, ""include_reg_in_val"": false, ""shuffle"": true}}"
5b6a8df9f2ad,1,0.2039820748225777,0.0,0.2039820748225777,0.0,0.92,0.0,414.0,0.0,"{""callbacks"": {""early_stopping"": true, ""min_delta"": 0.0, ""mode"": ""auto"", ""monitor"": ""val_loss"", ""patience"": 40, ""restore_best_weights"": true, ""verbose"": 0}, ""cv"": {""k"": 3, ""seed"": 42, ""shuffle"": true}, ""data"": {""train_path"": ""data/MONK/MONK1/monks-1.train""}, ""model"": {""activation"": ""tanh"", ""dropout"": 0.0, ""hidden_units"": [4]}, ""optim"": {""lr"": 0.1, ""momentum"": 0.0, ""name"": ""sgd""}, ""regularizer"": {""l2"": ""1e-2""}, ""seed"": 42, ""split"": {""stratified"": true, ""val_size"": 0.2}, ""training"": {""batch_size"": 32, ""epochs"": 800, ""include_reg_in_val"": false, ""shuffle"": true}}"
b2280b473ff3,1,0.20499099130604478,0.0,0.20499099130604478,0.0,0.88,0.0,242.0,0.0,"{""callbacks"": {""early_stopping"": true, ""min_delta"": 0.0, ""mode"": ""auto"", ""monitor"": ""val_loss"", ""patience"": 40, ""restore_best_weights"": true, ""verbose"": 0}, ""cv"": {""k"": 3, ""seed"": 42, ""shuffle"": true}, ""data"": {""train_path"": ""data/MONK/MONK1/monks-1.train""}, ""model"": {""activation"": ""tanh"", ""dropout"": 0.0, ""hidden_units"": [8]}, ""optim"": {""lr"": 0.1, ""momentum"": 0.0, ""name"": ""sgd""}, ""regularizer"": {""l2"": ""1e-2""}, ""seed"": 42, ""split"": {""stratified"": true, ""val_size"": 0.2}, ""training"": {""batch_size"": 16, ""epochs"": 800, ""include_reg_in_val"": false, ""shuffle"": true}}"
68ec5a9f085c,1,0.2079950467581274,0.0,0.2079950467581274,0.0,0.88,0.0,68.0,0.0,"{""callbacks"": {""early_stopping"": true, ""min_delta"": 0.0, ""mode"": ""auto"", ""monitor"": ""val_loss"", ""patience"": 40, ""restore_best_weights"": true, ""verbose"": 0}, ""cv"": {""k"": 3, ""seed"": 42, ""shuffle"": true}, ""data"": {""train_path"": ""data/MONK/MONK1/monks-1.train""}, ""model"": {""activation"": ""tanh"", ""dropout"": 0.2, ""hidden_units"": [4]}, ""optim"": {""lr"": 0.1, ""momentum"": 0.9, ""name"": ""sgd""}, ""regularizer"": {""l2"": ""1e-2""}, ""seed"": 42, ""split"": {""stratified"": true, ""val_size"": 0.2}, ""training"": {""batch_size"": 16, ""epochs"": 800, ""include_reg_in_val"": false, ""shuffle"": true}}"
d28a1fbc7a3a,1,0.20875172048584673,0.0,0.20875172048584673,0.0,0.88,0.0,170.0,0.0,"{""callbacks"": {""early_stopping"": true, ""min_delta"": 0.0, ""mode"": ""auto"", ""monitor"": ""val_loss"", ""patience"": 40, ""restore_best_weights"": true, ""verbose"": 0}, ""cv"": {""k"": 3, ""seed"": 42, ""shuffle"": true}, ""data"": {""train_path"": ""data/MONK/MONK1/monks-1.train""}, ""model"": {""activation"": ""tanh"", ""dropout"": 0.0, ""hidden_units"": [8]}, ""optim"": {""lr"": 0.2, ""momentum"": 0.1, ""name"": ""sgd""}, ""regularizer"": {""l2"": ""1e-2""}, ""seed"": 42, ""split"": {""stratified"": true, ""val_size"": 0.2}, ""training"": {""batch_size"": 32, ""epochs"": 800, ""include_reg_in_val"": false, ""shuffle"": true}}"
2b27aaf2310b,1,0.20899126044540842,0.0,0.20899126044540842,0.0,0.92,0.0,212.0,0.0,"{""callbacks"": {""early_stopping"": true, ""min_delta"": 0.0, ""mode"": ""auto"", ""monitor"": ""val_loss"", ""patience"": 40, ""restore_best_weights"": true, ""verbose"": 0}, ""cv"": {""k"": 3, ""seed"": 42, ""shuffle"": true}, ""data"": {""train_path"": ""data/MONK/MONK1/monks-1.train""}, ""model"": {""activation"": ""relu"", ""dropout"": 0.0, ""hidden_units"": [4]}, ""optim"": {""lr"": 0.01, ""momentum"": 0.9, ""name"": ""sgd""}, ""regularizer"": {""l2"": ""1e-3""}, ""seed"": 42, ""split"": {""stratified"": true, ""val_size"": 0.2}, ""training"": {""batch_size"": 16, ""epochs"": 800, ""include_reg_in_val"": false, ""shuffle"": true}}"
ad2be51c1f11,1,0.20907020868896325,0.0,0.20907020868896325,0.0,0.88,0.0,800.0,0.0,"{""callbacks"": {""early_stopping"": true, ""min_delta"": 0.0, ""mode"": ""auto"", ""monitor"": ""val_loss"", ""patience"": 40, ""restore_best_weights"": true, ""verbose"": 0}, ""cv"": {""k"": 3, ""seed"": 42, ""shuffle"": true}, ""data"": {""train_path"": ""data/MONK/MONK1/monks-1.train""}, ""model"": {""activation"": ""tanh"", ""dropout"": 0.0, ""hidden_units"": [8, 4]}, ""optim"": {""lr"": 0.01, ""momentum"": 0.1, ""name"": ""sgd""}, ""regularizer"": {""l2"": ""1e-3""}, ""seed"": 42, ""split"": {""stratified"": true, ""val_size"": 0.2}, ""training"": {""batch_size"": 32, ""epochs"": 800, ""include_reg_in_val"": false, ""shuffle"": true}}"
8c51d891a52d,1,0.2092109099458353,0.0,0.2092109099458353,0.0,0.88,0.0,417.0,0.0,"{""callbacks"": {""early_stopping"": true, ""min_delta"": 0.0, ""mode"": ""auto"", ""monitor"": ""val_loss"", ""patience"": 40, ""restore_best_weights"": true, ""verbose"": 0}, ""cv"": {""k"": 3, ""seed"": 42, ""shuffle"": true}, ""data"": {""train_path"": ""data/MONK/MONK1/monks-1.train""}, ""model"": {""activation"": ""tanh"", ""dropout"": 0.0, ""hidden_units"": [4]}, ""optim"": {""lr"": 0.01, ""momentum"": 0.9, ""name"": ""sgd""}, ""regularizer"": {""l2"": ""1e-2""}, ""seed"": 42, ""split"": {""stratified"": true, ""val_size"": 0.2}, ""training"": {""batch_size"": 32, ""epochs"": 800, ""include_reg_in_val"": false, ""shuffle"": true}}"
8ca007543670,1,0.20992376187711315,0.0,0.20992376187711315,0.0,0.88,0.0,49.0,0.0,"{""callbacks"": {""early_stopping"": true, ""min_delta"": 0.0, ""mode"": ""auto"", ""monitor"": ""val_loss"", ""patience"": 40, ""restore_best_weights"": true, ""verbose"": 0}, ""cv"": {""k"": 3, ""seed"": 42, ""shuffle"": true}, ""data"": {""train_path"": ""data/MONK/MONK1/monks-1.train""}, ""model"": {""activation"": ""tanh"", ""dropout"": 0.2, ""hidden_units"": [8, 4]}, ""optim"": {""lr"": 0.2, ""momentum"": 0.9, ""name"": ""sgd""}, ""regularizer"": {""l2"": ""1e-3""}, ""seed"": 42, ""split"": {""stratified"": true, ""val_size"": 0.2}, ""training"": {""batch_size"": 32, ""epochs"": 800, ""include_reg_in_val"": false, ""shuffle"": true}}"
92cdc3def2e4,1,0.21028253406102632,0.0,0.21028253406102632,0.0,0.88,0.0,242.0,0.0,"{""callbacks"": {""early_stopping"": true, ""min_delta"": 0.0, ""mode"": ""auto"", ""monitor"": ""val_loss"", ""patience"": 40, ""restore_best_weights"": true, ""verbose"": 0}, ""cv"": {""k"": 3, ""seed"": 42, ""shuffle"": true}, ""data"": {""train_path"": ""data/MONK/MONK1/monks-1.train""}, ""model"": {""activation"": ""relu"", ""dropout"": 0.0, ""hidden_units"": [8]}, ""optim"": {""lr"": 0.1, ""momentum"": 0.1, ""name"": ""sgd""}, ""regularizer"": {""l2"": 0.0}, ""seed"": 42, ""split"": {""stratified"": true, ""val_size"": 0.2}, ""training"": {""batch_size"": 32, ""epochs"": 800, ""include_reg_in_val"": false, ""shuffle"": true}}"
259e2fa09927,1,0.21161575973877134,0.0,0.21161575973877134,0.0,0.88,0.0,354.0,0.0,"{""callbacks"": {""early_stopping"": true, ""min_delta"": 0.0, ""mode"": ""auto"", ""monitor"": ""val_loss"", ""patience"": 40, ""restore_best_weights"": true, ""verbose"": 0}, ""cv"": {""k"": 3, ""seed"": 42, ""shuffle"": true}, ""data"": {""train_path"": ""data/MONK/MONK1/monks-1.train""}, ""model"": {""activation"": ""sigmoid"", ""dropout"": 0.2, ""hidden_units"": [8, 4]}, ""optim"": {""lr"": 0.2, ""momentum"": 0.9, ""name"": ""sgd""}, ""regularizer"": {""l2"": ""1e-3""}, ""seed"": 42, ""split"": {""stratified"": true, ""val_size"": 0.2}, ""training"": {""batch_size"": 16, ""epochs"": 800, ""include_reg_in_val"": false, ""shuffle"": true}}"
1291d99b823e,1,0.21253148305452882,0.0,0.21253148305452882,0.0,0.88,0.0,105.0,0.0,"{""callbacks"": {""early_stopping"": true, ""min_delta"": 0.0, ""mode"": ""auto"", ""monitor"": ""val_loss"", ""patience"": 40, ""restore_best_weights"": true, ""verbose"": 0}, ""cv"": {""k"": 3, ""seed"": 42, ""shuffle"": true}, ""data"": {""train_path"": ""data/MONK/MONK1/monks-1.train""}, ""model"": {""activation"": ""sigmoid"", ""dropout"": 0.0, ""hidden_units"": [8]}, ""optim"": {""lr"": 0.1, ""momentum"": 0.9, ""name"": ""sgd""}, ""regularizer"": {""l2"": 0.0}, ""seed"": 42, ""split"": {""stratified"": true, ""val_size"": 0.2}, ""training"": {""batch_size"": 16, ""epochs"": 800, ""include_reg_in_val"": false, ""shuffle"": true}}"
46148c210432,1,0.2131582352528192,0.0,0.2131582352528192,0.0,0.88,0.0,242.0,0.0,"{""callbacks"": {""early_stopping"": true, ""min_delta"": 0.0, ""mode"": ""auto"", ""monitor"": ""val_loss"", ""patience"": 40, ""restore_best_weights"": true, ""verbose"": 0}, ""cv"": {""k"": 3, ""seed"": 42, ""shuffle"": true}, ""data"": {""train_path"": ""data/MONK/MONK1/monks-1.train""}, ""model"": {""activation"": ""tanh"", ""dropout"": 0.2, ""hidden_units"": [8]}, ""optim"": {""lr"": 0.1, ""momentum"": 0.0, ""name"": ""sgd""}, ""regularizer"": {""l2"": ""1e-3""}, ""seed"": 42, ""split"": {""stratified"": true, ""val_size"": 0.2}, ""training"": {""batch_size"": 32, ""epochs"": 800, ""include_reg_in_val"": false, ""shuffle"": true}}"
ae2a6a390133,1,0.21835448711087616,0.0,0.21835448711087616,0.0,0.88,0.0,244.0,0.0,"{""callbacks"": {""early_stopping"": true, ""min_delta"": 0.0, ""mode"": ""auto"", ""monitor"": ""val_loss"", ""patience"": 40, ""restore_best_weights"": true, ""verbose"": 0}, ""cv"": {""k"": 3, ""seed"": 42, ""shuffle"": true}, ""data"": {""train_path"": ""data/MONK/MONK1/monks-1.train""}, ""model"": {""activation"": ""tanh"", ""dropout"": 0.0, ""hidden_units"": [8]}, ""optim"": {""lr"": 0.01, ""momentum"": 0.9, ""name"": ""sgd""}, ""regularizer"": {""l2"": ""1e-2""}, ""seed"": 42, ""split"": {""stratified"": true, ""val_size"": 0.2}, ""training"": {""batch_size"": 16, ""epochs"": 800, ""include_reg_in_val"": false, ""shuffle"": true}}"
c0f71194441d,1,0.21986353352698795,0.0,0.21986353352698795,0.0,0.92,0.0,220.0,0.0,"{""callbacks"": {""early_stopping"": true, ""min_delta"": 0.0, ""mode"": ""auto"", ""monitor"": ""val_loss"", ""patience"": 40, ""restore_best_weights"": true, ""verbose"": 0}, ""cv"": {""k"": 3, ""seed"": 42, ""shuffle"": true}, ""data"": {""train_path"": ""data/MONK/MONK1/monks-1.train""}, ""model"": {""activation"": ""tanh"", ""dropout"": 0.2, ""hidden_units"": [8]}, ""optim"": {""lr"": 0.2, ""momentum"": 0.1, ""name"": ""sgd""}, ""regularizer"": {""l2"": ""1e-2""}, ""seed"": 42, ""split"": {""stratified"": true, ""val_size"": 0.2}, ""training"": {""batch_size"": 16, ""epochs"": 800, ""include_reg_in_val"": false, ""shuffle"": true}}"
78091f19e117,1,0.22175069640221814,0.0,0.22175069640221814,0.0,0.88,0.0,800.0,0.0,"{""callbacks"": {""early_stopping"": true, ""min_delta"": 0.0, ""mode"": ""auto"", ""monitor"": ""val_loss"", ""patience"": 40, ""restore_best_weights"": true, ""verbose"": 0}, ""cv"": {""k"": 3, ""seed"": 42, ""shuffle"": true}, ""data"": {""train_path"": ""data/MONK/MONK1/monks-1.train""}, ""model"": {""activation"": ""relu"", ""dropout"": 0.2, ""hidden_units"": [8]}, ""optim"": {""lr"": 0.01, ""momentum"": 0.1, ""name"": ""sgd""}, ""regularizer"": {""l2"": 0.0}, ""seed"": 42, ""split"": {""stratified"": true, ""val_size"": 0.2}, ""training"": {""batch_size"": 16, ""epochs"": 800, ""include_reg_in_val"": false, ""shuffle"": true}}"
bce45cfff19d,1,0.22184255961264146,0.0,0.22184255961264146,0.0,0.92,0.0,146.0,0.0,"{""callbacks"": {""early_stopping"": true, ""min_delta"": 0.0, ""mode"": ""auto"", ""monitor"": ""val_loss"", ""patience"": 40, ""restore_best_weights"": true, ""verbose"": 0}, ""cv"": {""k"": 3, ""seed"": 42, ""shuffle"": true}, ""data"": {""train_path"": ""data/MONK/MONK1/monks-1.train""}, ""model"": {""activation"": ""tanh"", ""dropout"": 0.2, ""hidden_units"": [8]}, ""optim"": {""lr"": 0.1, ""momentum"": 0.9, ""name"": ""sgd""}, ""regularizer"": {""l2"": ""1e-2""}, ""seed"": 42, ""split"": {""stratified"": true, ""val_size"": 0.2}, ""training"": {""batch_size"": 32, ""epochs"": 800, ""include_reg_in_val"": false, ""shuffle"": true}}"
7d26636877f9,1,0.22215252387228723,0.0,0.22215252387228723,0.0,0.92,0.0,220.0,0.0,"{""callbacks"": {""early_stopping"": true, ""min_delta"": 0.0, ""mode"": ""auto"", ""monitor"": ""val_loss"", ""patience"": 40, ""restore_best_weights"": true, ""verbose"": 0}, ""cv"": {""k"": 3, ""seed"": 42, ""shuffle"": true}, ""data"": {""train_path"": ""data/MONK/MONK1/monks-1.train""}, ""model"": {""activation"": ""tanh"", ""dropout"": 0.2, ""hidden_units"": [8]}, ""optim"": {""lr"": 0.2, ""momentum"": 0.0, ""name"": ""sgd""}, ""regularizer"": {""l2"": ""1e-2""}, ""seed"": 42, ""split"": {""stratified"": true, ""val_size"": 0.2}, ""training"": {""batch_size"": 16, ""epochs"": 800, ""include_reg_in_val"": false, ""shuffle"": true}}"
8441aa2a4d0d,1,0.22352122074577874,0.0,0.22352122074577874,0.0,0.84,0.0,243.0,0.0,"{""callbacks"": {""early_stopping"": true, ""min_delta"": 0.0, ""mode"": ""auto"", ""monitor"": ""val_loss"", ""patience"": 40, ""restore_best_weights"": true, ""verbose"": 0}, ""cv"": {""k"": 3, ""seed"": 42, ""shuffle"": true}, ""data"": {""train_path"": ""data/MONK/MONK1/monks-1.train""}, ""model"": {""activation"": ""tanh"", ""dropout"": 0.2, ""hidden_units"": [8, 4]}, ""optim"": {""lr"": 0.1, ""momentum"": 0.1, ""name"": ""sgd""}, ""regularizer"": {""l2"": ""1e-3""}, ""seed"": 42, ""split"": {""stratified"": true, ""val_size"": 0.2}, ""training"": {""batch_size"": 32, ""epochs"": 800, ""include_reg_in_val"": false, ""shuffle"": true}}"
7ab121dee9a3,1,0.22443732503146435,0.0,0.22443732503146435,0.0,0.96,0.0,800.0,0.0,"{""callbacks"": {""early_stopping"": true, ""min_delta"": 0.0, ""mode"": ""auto"", ""monitor"": ""val_loss"", ""patience"": 40, ""restore_best_weights"": true, ""verbose"": 0}, ""cv"": {""k"": 3, ""seed"": 42, ""shuffle"": true}, ""data"": {""train_path"": ""data/MONK/MONK1/monks-1.train""}, ""model"": {""activation"": ""relu"", ""dropout"": 0.2, ""hidden_units"": [8, 4]}, ""optim"": {""lr"": 0.01, ""momentum"": 0.1, ""name"": ""sgd""}, ""regularizer"": {""l2"": 0.0}, ""seed"": 42, ""split"": {""stratified"": true, ""val_size"": 0.2}, ""training"": {""batch_size"": 16, ""epochs"": 800, ""include_reg_in_val"": false, ""shuffle"": true}}"
f989f62065eb,1,0.2248513686753093,0.0,0.2248513686753093,0.0,0.88,0.0,800.0,0.0,"{""callbacks"": {""early_stopping"": true, ""min_delta"": 0.0, ""mode"": ""auto"", ""monitor"": ""val_loss"", ""patience"": 40, ""restore_best_weights"": true, ""verbose"": 0}, ""cv"": {""k"": 3, ""seed"": 42, ""shuffle"": true}, ""data"": {""train_path"": ""data/MONK/MONK1/monks-1.train""}, ""model"": {""activation"": ""relu"", ""dropout"": 0.2, ""hidden_units"": [8]}, ""optim"": {""lr"": 0.01, ""momentum"": 0.1, ""name"": ""sgd""}, ""regularizer"": {""l2"": ""1e-3""}, ""seed"": 42, ""split"": {""stratified"": true, ""val_size"": 0.2}, ""training"": {""batch_size"": 16, ""epochs"": 800, ""include_reg_in_val"": false, ""shuffle"": true}}"
47bba093b4ca,1,0.22694535711427843,0.0,0.22694535711427843,0.0,0.88,0.0,221.0,0.0,"{""callbacks"": {""early_stopping"": true, ""min_delta"": 0.0, ""mode"": ""auto"", ""monitor"": ""val_loss"", ""patience"": 40, ""restore_best_weights"": true, ""verbose"": 0}, ""cv"": {""k"": 3, ""seed"": 42, ""shuffle"": true}, ""data"": {""train_path"": ""data/MONK/MONK1/monks-1.train""}, ""model"": {""activation"": ""relu"", ""dropout"": 0.0, ""hidden_units"": [4]}, ""optim"": {""lr"": 0.01, ""momentum"": 0.9, ""name"": ""sgd""}, ""regularizer"": {""l2"": 0.0}, ""seed"": 42, ""split"": {""stratified"": true, ""val_size"": 0.2}, ""training"": {""batch_size"": 16, ""epochs"": 800, ""include_reg_in_val"": false, ""shuffle"": true}}"
475ff174a611,1,0.2281308944258608,0.0,0.2281308944258608,0.0,0.88,0.0,475.0,0.0,"{""callbacks"": {""early_stopping"": true, ""min_delta"": 0.0, ""mode"": ""auto"", ""monitor"": ""val_loss"", ""patience"": 40, ""restore_best_weights"": true, ""verbose"": 0}, ""cv"": {""k"": 3, ""seed"": 42, ""shuffle"": true}, ""data"": {""train_path"": ""data/MONK/MONK1/monks-1.train""}, ""model"": {""activation"": ""sigmoid"", ""dropout"": 0.0, ""hidden_units"": [8, 4]}, ""optim"": {""lr"": 0.2, ""momentum"": 0.0, ""name"": ""sgd""}, ""regularizer"": {""l2"": ""1e-3""}, ""seed"": 42, ""split"": {""stratified"": true, ""val_size"": 0.2}, ""training"": {""batch_size"": 16, ""epochs"": 800, ""include_reg_in_val"": false, ""shuffle"": true}}"
0cd4d403ebaf,1,0.22842925436811395,0.0,0.22842925436811395,0.0,0.96,0.0,24.0,0.0,"{""callbacks"": {""early_stopping"": true, ""min_delta"": 0.0, ""mode"": ""auto"", ""monitor"": ""val_loss"", ""patience"": 40, ""restore_best_weights"": true, ""verbose"": 0}, ""cv"": {""k"": 3, ""seed"": 42, ""shuffle"": true}, ""data"": {""train_path"": ""data/MONK/MONK1/monks-1.train""}, ""model"": {""activation"": ""relu"", ""dropout"": 0.0, ""hidden_units"": [8, 4]}, ""optim"": {""lr"": 0.2, ""momentum"": 0.9, ""name"": ""sgd""}, ""regularizer"": {""l2"": ""1e-2""}, ""seed"": 42, ""split"": {""stratified"": true, ""val_size"": 0.2}, ""training"": {""batch_size"": 32, ""epochs"": 800, ""include_reg_in_val"": false, ""shuffle"": true}}"
47a9931a6acf,1,0.22913509503727364,0.0,0.22913509503727364,0.0,0.88,0.0,106.0,0.0,"{""callbacks"": {""early_stopping"": true, ""min_delta"": 0.0, ""mode"": ""auto"", ""monitor"": ""val_loss"", ""patience"": 40, ""restore_best_weights"": true, ""verbose"": 0}, ""cv"": {""k"": 3, ""seed"": 42, ""shuffle"": true}, ""data"": {""train_path"": ""data/MONK/MONK1/monks-1.train""}, ""model"": {""activation"": ""relu"", ""dropout"": 0.0, ""hidden_units"": [8]}, ""optim"": {""lr"": 0.1, ""momentum"": 0.9, ""name"": ""sgd""}, ""regularizer"": {""l2"": 0.0}, ""seed"": 42, ""split"": {""stratified"": true, ""val_size"": 0.2}, ""training"": {""batch_size"": 32, ""epochs"": 800, ""include_reg_in_val"": false, ""shuffle"": true}}"
ff2b97c8cdeb,1,0.23190445447687144,0.0,0.23190445447687144,0.0,0.88,0.0,800.0,0.0,"{""callbacks"": {""early_stopping"": true, ""min_delta"": 0.0, ""mode"": ""auto"", ""monitor"": ""val_loss"", ""patience"": 40, ""restore_best_weights"": true, ""verbose"": 0}, ""cv"": {""k"": 3, ""seed"": 42, ""shuffle"": true}, ""data"": {""train_path"": ""data/MONK/MONK1/monks-1.train""}, ""model"": {""activation"": ""tanh"", ""dropout"": 0.0, ""hidden_units"": [8, 4]}, ""optim"": {""lr"": 0.01, ""momentum"": 0.0, ""name"": ""sgd""}, ""regularizer"": {""l2"": 0.0}, ""seed"": 42, ""split"": {""stratified"": true, ""val_size"": 0.2}, ""training"": {""batch_size"": 32, ""epochs"": 800, ""include_reg_in_val"": false, ""shuffle"": true}}"
83abea4fea9d,1,0.23379560831371657,0.0,0.23379560831371657,0.0,0.92,0.0,188.0,0.0,"{""callbacks"": {""early_stopping"": true, ""min_delta"": 0.0, ""mode"": ""auto"", ""monitor"": ""val_loss"", ""patience"": 40, ""restore_best_weights"": true, ""verbose"": 0}, ""cv"": {""k"": 3, ""seed"": 42, ""shuffle"": true}, ""data"": {""train_path"": ""data/MONK/MONK1/monks-1.train""}, ""model"": {""activation"": ""tanh"", ""dropout"": 0.2, ""hidden_units"": [4]}, ""optim"": {""lr"": 0.2, ""momentum"": 0.1, ""name"": ""sgd""}, ""regularizer"": {""l2"": ""1e-2""}, ""seed"": 42, ""split"": {""stratified"": true, ""val_size"": 0.2}, ""training"": {""batch_size"": 16, ""epochs"": 800, ""include_reg_in_val"": false, ""shuffle"": true}}"
c663ea43904e,1,0.23399912618544683,0.0,0.23399912618544683,0.0,0.88,0.0,415.0,0.0,"{""callbacks"": {""early_stopping"": true, ""min_delta"": 0.0, ""mode"": ""auto"", ""monitor"": ""val_loss"", ""patience"": 40, ""restore_best_weights"": true, ""verbose"": 0}, ""cv"": {""k"": 3, ""seed"": 42, ""shuffle"": true}, ""data"": {""train_path"": ""data/MONK/MONK1/monks-1.train""}, ""model"": {""activation"": ""sigmoid"", ""dropout"": 0.0, ""hidden_units"": [4]}, ""optim"": {""lr"": 0.2, ""momentum"": 0.1, ""name"": ""sgd""}, ""regularizer"": {""l2"": ""1e-3""}, ""seed"": 42, ""split"": {""stratified"": true, ""val_size"": 0.2}, ""training"": {""batch_size"": 16, ""epochs"": 800, ""include_reg_in_val"": false, ""shuffle"": true}}"
2fda1cbb91cd,1,0.23689851029973988,0.0,0.23689851029973988,0.0,0.88,0.0,226.0,0.0,"{""callbacks"": {""early_stopping"": true, ""min_delta"": 0.0, ""mode"": ""auto"", ""monitor"": ""val_loss"", ""patience"": 40, ""restore_best_weights"": true, ""verbose"": 0}, ""cv"": {""k"": 3, ""seed"": 42, ""shuffle"": true}, ""data"": {""train_path"": ""data/MONK/MONK1/monks-1.train""}, ""model"": {""activation"": ""tanh"", ""dropout"": 0.2, ""hidden_units"": [8, 4]}, ""optim"": {""lr"": 0.2, ""momentum"": 0.1, ""name"": ""sgd""}, ""regularizer"": {""l2"": ""1e-2""}, ""seed"": 42, ""split"": {""stratified"": true, ""val_size"": 0.2}, ""training"": {""batch_size"": 32, ""epochs"": 800, ""include_reg_in_val"": false, ""shuffle"": true}}"
c8e0574b5fc2,1,0.23866348940777243,0.0,0.23866348940777243,0.0,0.96,0.0,800.0,0.0,"{""callbacks"": {""early_stopping"": true, ""min_delta"": 0.0, ""mode"": ""auto"", ""monitor"": ""val_loss"", ""patience"": 40, ""restore_best_weights"": true, ""verbose"": 0}, ""cv"": {""k"": 3, ""seed"": 42, ""shuffle"": true}, ""data"": {""train_path"": ""data/MONK/MONK1/monks-1.train""}, ""model"": {""activation"": ""relu"", ""dropout"": 0.2, ""hidden_units"": [8, 4]}, ""optim"": {""lr"": 0.01, ""momentum"": 0.1, ""name"": ""sgd""}, ""regularizer"": {""l2"": ""1e-3""}, ""seed"": 42, ""split"": {""stratified"": true, ""val_size"": 0.2}, ""training"": {""batch_size"": 16, ""epochs"": 800, ""include_reg_in_val"": false, ""shuffle"": true}}"
f10904777536,1,0.23877549634242323,0.0,0.23877549634242323,0.0,1.0,0.0,189.0,0.0,"{""callbacks"": {""early_stopping"": true, ""min_delta"": 0.0, ""mode"": ""auto"", ""monitor"": ""val_loss"", ""patience"": 40, ""restore_best_weights"": true, ""verbose"": 0}, ""cv"": {""k"": 3, ""seed"": 42, ""shuffle"": true}, ""data"": {""train_path"": ""data/MONK/MONK1/monks-1.train""}, ""model"": {""activation"": ""tanh"", ""dropout"": 0.2, ""hidden_units"": [4]}, ""optim"": {""lr"": 0.2, ""momentum"": 0.0, ""name"": ""sgd""}, ""regularizer"": {""l2"": ""1e-2""}, ""seed"": 42, ""split"": {""stratified"": true, ""val_size"": 0.2}, ""training"": {""batch_size"": 16, ""epochs"": 800, ""include_reg_in_val"": false, ""shuffle"": true}}"
4bbbd5cb35d8,1,0.23991363941439484,0.0,0.23991363941439484,0.0,0.88,0.0,143.0,0.0,"{""callbacks"": {""early_stopping"": true, ""min_delta"": 0.0, ""mode"": ""auto"", ""monitor"": ""val_loss"", ""patience"": 40, ""restore_best_weights"": true, ""verbose"": 0}, ""cv"": {""k"": 3, ""seed"": 42, ""shuffle"": true}, ""data"": {""train_path"": ""data/MONK/MONK1/monks-1.train""}, ""model"": {""activation"": ""tanh"", ""dropout"": 0.2, ""hidden_units"": [4]}, ""optim"": {""lr"": 0.1, ""momentum"": 0.9, ""name"": ""sgd""}, ""regularizer"": {""l2"": ""1e-2""}, ""seed"": 42, ""split"": {""stratified"": true, ""val_size"": 0.2}, ""training"": {""batch_size"": 32, ""epochs"": 800, ""include_reg_in_val"": false, ""shuffle"": true}}"
96a368af6df5,1,0.23997677110829785,0.0,0.23997677110829785,0.0,0.88,0.0,800.0,0.0,"{""callbacks"": {""early_stopping"": true, ""min_delta"": 0.0, ""mode"": ""auto"", ""monitor"": ""val_loss"", ""patience"": 40, ""restore_best_weights"": true, ""verbose"": 0}, ""cv"": {""k"": 3, ""seed"": 42, ""shuffle"": true}, ""data"": {""train_path"": ""data/MONK/MONK1/monks-1.train""}, ""model"": {""activation"": ""tanh"", ""dropout"": 0.0, ""hidden_units"": [8, 4]}, ""optim"": {""lr"": 0.01, ""momentum"": 0.0, ""name"": ""sgd""}, ""regularizer"": {""l2"": ""1e-3""}, ""seed"": 42, ""split"": {""stratified"": true, ""val_size"": 0.2}, ""training"": {""batch_size"": 32, ""epochs"": 800, ""include_reg_in_val"": false, ""shuffle"": true}}"
8fc0cffc4e2d,1,0.23998115904017303,0.0,0.23998115904017303,0.0,0.92,0.0,115.0,0.0,"{""callbacks"": {""early_stopping"": true, ""min_delta"": 0.0, ""mode"": ""auto"", ""monitor"": ""val_loss"", ""patience"": 40, ""restore_best_weights"": true, ""verbose"": 0}, ""cv"": {""k"": 3, ""seed"": 42, ""shuffle"": true}, ""data"": {""train_path"": ""data/MONK/MONK1/monks-1.train""}, ""model"": {""activation"": ""relu"", ""dropout"": 0.0, ""hidden_units"": [4]}, ""optim"": {""lr"": 0.2, ""momentum"": 0.1, ""name"": ""sgd""}, ""regularizer"": {""l2"": ""1e-3""}, ""seed"": 42, ""split"": {""stratified"": true, ""val_size"": 0.2}, ""training"": {""batch_size"": 32, ""epochs"": 800, ""include_reg_in_val"": false, ""shuffle"": true}}"
6936048fd300,1,0.24260824775330384,0.0,0.24260824775330384,0.0,0.88,0.0,415.0,0.0,"{""callbacks"": {""early_stopping"": true, ""min_delta"": 0.0, ""mode"": ""auto"", ""monitor"": ""val_loss"", ""patience"": 40, ""restore_best_weights"": true, ""verbose"": 0}, ""cv"": {""k"": 3, ""seed"": 42, ""shuffle"": true}, ""data"": {""train_path"": ""data/MONK/MONK1/monks-1.train""}, ""model"": {""activation"": ""sigmoid"", ""dropout"": 0.0, ""hidden_units"": [8, 4]}, ""optim"": {""lr"": 0.2, ""momentum"": 0.1, ""name"": ""sgd""}, ""regularizer"": {""l2"": ""1e-3""}, ""seed"": 42, ""split"": {""stratified"": true, ""val_size"": 0.2}, ""training"": {""batch_size"": 16, ""epochs"": 800, ""include_reg_in_val"": false, ""shuffle"": true}}"
0488c9f53294,1,0.24357937956228537,0.0,0.24357937956228537,0.0,0.92,0.0,115.0,0.0,"{""callbacks"": {""early_stopping"": true, ""min_delta"": 0.0, ""mode"": ""auto"", ""monitor"": ""val_loss"", ""patience"": 40, ""restore_best_weights"": true, ""verbose"": 0}, ""cv"": {""k"": 3, ""seed"": 42, ""shuffle"": true}, ""data"": {""train_path"": ""data/MONK/MONK1/monks-1.train""}, ""model"": {""activation"": ""relu"", ""dropout"": 0.0, ""hidden_units"": [4]}, ""optim"": {""lr"": 0.1, ""momentum"": 0.1, ""name"": ""sgd""}, ""regularizer"": {""l2"": 0.0}, ""seed"": 42, ""split"": {""stratified"": true, ""val_size"": 0.2}, ""training"": {""batch_size"": 16, ""epochs"": 800, ""include_reg_in_val"": false, ""shuffle"": true}}"
5d8825c03ff4,1,0.24385800699869337,0.0,0.24385800699869337,0.0,0.88,0.0,228.0,0.0,"{""callbacks"": {""early_stopping"": true, ""min_delta"": 0.0, ""mode"": ""auto"", ""monitor"": ""val_loss"", ""patience"": 40, ""restore_best_weights"": true, ""verbose"": 0}, ""cv"": {""k"": 3, ""seed"": 42, ""shuffle"": true}, ""data"": {""train_path"": ""data/MONK/MONK1/monks-1.train""}, ""model"": {""activation"": ""tanh"", ""dropout"": 0.2, ""hidden_units"": [8]}, ""optim"": {""lr"": 0.2, ""momentum"": 0.1, ""name"": ""sgd""}, ""regularizer"": {""l2"": ""1e-2""}, ""seed"": 42, ""split"": {""stratified"": true, ""val_size"": 0.2}, ""training"": {""batch_size"": 32, ""epochs"": 800, ""include_reg_in_val"": false, ""shuffle"": true}}"
251998a5f88d,1,0.24397401875737898,0.0,0.24397401875737898,0.0,0.92,0.0,115.0,0.0,"{""callbacks"": {""early_stopping"": true, ""min_delta"": 0.0, ""mode"": ""auto"", ""monitor"": ""val_loss"", ""patience"": 40, ""restore_best_weights"": true, ""verbose"": 0}, ""cv"": {""k"": 3, ""seed"": 42, ""shuffle"": true}, ""data"": {""train_path"": ""data/MONK/MONK1/monks-1.train""}, ""model"": {""activation"": ""relu"", ""dropout"": 0.0, ""hidden_units"": [4]}, ""optim"": {""lr"": 0.2, ""momentum"": 0.1, ""name"": ""sgd""}, ""regularizer"": {""l2"": 0.0}, ""seed"": 42, ""split"": {""stratified"": true, ""val_size"": 0.2}, ""training"": {""batch_size"": 32, ""epochs"": 800, ""include_reg_in_val"": false, ""shuffle"": true}}"
02e80d568ae7,1,0.2464905542539558,0.0,0.2464905542539558,0.0,0.88,0.0,49.0,0.0,"{""callbacks"": {""early_stopping"": true, ""min_delta"": 0.0, ""mode"": ""auto"", ""monitor"": ""val_loss"", ""patience"": 40, ""restore_best_weights"": true, ""verbose"": 0}, ""cv"": {""k"": 3, ""seed"": 42, ""shuffle"": true}, ""data"": {""train_path"": ""data/MONK/MONK1/monks-1.train""}, ""model"": {""activation"": ""tanh"", ""dropout"": 0.2, ""hidden_units"": [8]}, ""optim"": {""lr"": 0.2, ""momentum"": 0.9, ""name"": ""sgd""}, ""regularizer"": {""l2"": ""1e-2""}, ""seed"": 42, ""split"": {""stratified"": true, ""val_size"": 0.2}, ""training"": {""batch_size"": 16, ""epochs"": 800, ""include_reg_in_val"": false, ""shuffle"": true}}"
748952d71027,1,0.24686091315204295,0.0,0.24686091315204295,0.0,0.88,0.0,791.0,0.0,"{""callbacks"": {""early_stopping"": true, ""min_delta"": 0.0, ""mode"": ""auto"", ""monitor"": ""val_loss"", ""patience"": 40, ""restore_best_weights"": true, ""verbose"": 0}, ""cv"": {""k"": 3, ""seed"": 42, ""shuffle"": true}, ""data"": {""train_path"": ""data/MONK/MONK1/monks-1.train""}, ""model"": {""activation"": ""sigmoid"", ""dropout"": 0.2, ""hidden_units"": [4]}, ""optim"": {""lr"": 0.2, ""momentum"": 0.1, ""name"": ""sgd""}, ""regularizer"": {""l2"": 0.0}, ""seed"": 42, ""split"": {""stratified"": true, ""val_size"": 0.2}, ""training"": {""batch_size"": 16, ""epochs"": 800, ""include_reg_in_val"": false, ""shuffle"": true}}"
1e05966bdeb1,1,0.2470195954749569,0.0,0.2470195954749569,0.0,0.88,0.0,415.0,0.0,"{""callbacks"": {""early_stopping"": true, ""min_delta"": 0.0, ""mode"": ""auto"", ""monitor"": ""val_loss"", ""patience"": 40, ""restore_best_weights"": true, ""verbose"": 0}, ""cv"": {""k"": 3, ""seed"": 42, ""shuffle"": true}, ""data"": {""train_path"": ""data/MONK/MONK1/monks-1.train""}, ""model"": {""activation"": ""sigmoid"", ""dropout"": 0.0, ""hidden_units"": [4]}, ""optim"": {""lr"": 0.2, ""momentum"": 0.0, ""name"": ""sgd""}, ""regularizer"": {""l2"": ""1e-3""}, ""seed"": 42, ""split"": {""stratified"": true, ""val_size"": 0.2}, ""training"": {""batch_size"": 16, ""epochs"": 800, ""include_reg_in_val"": false, ""shuffle"": true}}"
0f658e41546c,1,0.2472288425762737,0.0,0.2472288425762737,0.0,0.88,0.0,104.0,0.0,"{""callbacks"": {""early_stopping"": true, ""min_delta"": 0.0, ""mode"": ""auto"", ""monitor"": ""val_loss"", ""patience"": 40, ""restore_best_weights"": true, ""verbose"": 0}, ""cv"": {""k"": 3, ""seed"": 42, ""shuffle"": true}, ""data"": {""train_path"": ""data/MONK/MONK1/monks-1.train""}, ""model"": {""activation"": ""relu"", ""dropout"": 0.0, ""hidden_units"": [8, 4]}, ""optim"": {""lr"": 0.1, ""momentum"": 0.9, ""name"": ""sgd""}, ""regularizer"": {""l2"": ""1e-2""}, ""seed"": 42, ""split"": {""stratified"": true, ""val_size"": 0.2}, ""training"": {""batch_size"": 16, ""epochs"": 800, ""include_reg_in_val"": false, ""shuffle"": true}}"
93f6329ca617,1,0.24724422256756376,0.0,0.24724422256756376,0.0,0.92,0.0,115.0,0.0,"{""callbacks"": {""early_stopping"": true, ""min_delta"": 0.0, ""mode"": ""auto"", ""monitor"": ""val_loss"", ""patience"": 40, ""restore_best_weights"": true, ""verbose"": 0}, ""cv"": {""k"": 3, ""seed"": 42, ""shuffle"": true}, ""data"": {""train_path"": ""data/MONK/MONK1/monks-1.train""}, ""model"": {""activation"": ""relu"", ""dropout"": 0.0, ""hidden_units"": [4]}, ""optim"": {""lr"": 0.2, ""momentum"": 0.0, ""name"": ""sgd""}, ""regularizer"": {""l2"": 0.0}, ""seed"": 42, ""split"": {""stratified"": true, ""val_size"": 0.2}, ""training"": {""batch_size"": 32, ""epochs"": 800, ""include_reg_in_val"": false, ""shuffle"": true}}"
3121ca1a38e1,1,0.2484450000002921,0.0,0.2484450000002921,0.0,0.92,0.0,115.0,0.0,"{""callbacks"": {""early_stopping"": true, ""min_delta"": 0.0, ""mode"": ""auto"", ""monitor"": ""val_loss"", ""patience"": 40, ""restore_best_weights"": true, ""verbose"": 0}, ""cv"": {""k"": 3, ""seed"": 42, ""shuffle"": true}, ""data"": {""train_path"": ""data/MONK/MONK1/monks-1.train""}, ""model"": {""activation"": ""relu"", ""dropout"": 0.0, ""hidden_units"": [4]}, ""optim"": {""lr"": 0.1, ""momentum"": 0.0, ""name"": ""sgd""}, ""regularizer"": {""l2"": 0.0}, ""seed"": 42, ""split"": {""stratified"": true, ""val_size"": 0.2}, ""training"": {""batch_size"": 16, ""epochs"": 800, ""include_reg_in_val"": false, ""shuffle"": true}}"
4498c8883857,1,0.24923217964932184,0.0,0.24923217964932184,0.0,0.88,0.0,105.0,0.0,"{""callbacks"": {""early_stopping"": true, ""min_delta"": 0.0, ""mode"": ""auto"", ""monitor"": ""val_loss"", ""patience"": 40, ""restore_best_weights"": true, ""verbose"": 0}, ""cv"": {""k"": 3, ""seed"": 42, ""shuffle"": true}, ""data"": {""train_path"": ""data/MONK/MONK1/monks-1.train""}, ""model"": {""activation"": ""relu"", ""dropout"": 0.0, ""hidden_units"": [8, 4]}, ""optim"": {""lr"": 0.1, ""momentum"": 0.9, ""name"": ""sgd""}, ""regularizer"": {""l2"": ""1e-2""}, ""seed"": 42, ""split"": {""stratified"": true, ""val_size"": 0.2}, ""training"": {""batch_size"": 32, ""epochs"": 800, ""include_reg_in_val"": false, ""shuffle"": true}}"
759cb59cd769,1,0.24964325078341343,0.0,0.24964325078341343,0.0,0.88,0.0,99.0,0.0,"{""callbacks"": {""early_stopping"": true, ""min_delta"": 0.0, ""mode"": ""auto"", ""monitor"": ""val_loss"", ""patience"": 40, ""restore_best_weights"": true, ""verbose"": 0}, ""cv"": {""k"": 3, ""seed"": 42, ""shuffle"": true}, ""data"": {""train_path"": ""data/MONK/MONK1/monks-1.train""}, ""model"": {""activation"": ""relu"", ""dropout"": 0.0, ""hidden_units"": [4]}, ""optim"": {""lr"": 0.2, ""momentum"": 0.9, ""name"": ""sgd""}, ""regularizer"": {""l2"": ""1e-2""}, ""seed"": 42, ""split"": {""stratified"": true, ""val_size"": 0.2}, ""training"": {""batch_size"": 32, ""epochs"": 800, ""include_reg_in_val"": false, ""shuffle"": true}}"
61d66b2b04ab,1,0.25051731580519115,0.0,0.25051731580519115,0.0,0.88,0.0,242.0,0.0,"{""callbacks"": {""early_stopping"": true, ""min_delta"": 0.0, ""mode"": ""auto"", ""monitor"": ""val_loss"", ""patience"": 40, ""restore_best_weights"": true, ""verbose"": 0}, ""cv"": {""k"": 3, ""seed"": 42, ""shuffle"": true}, ""data"": {""train_path"": ""data/MONK/MONK1/monks-1.train""}, ""model"": {""activation"": ""tanh"", ""dropout"": 0.0, ""hidden_units"": [8]}, ""optim"": {""lr"": 0.1, ""momentum"": 0.1, ""name"": ""sgd""}, ""regularizer"": {""l2"": ""1e-2""}, ""seed"": 42, ""split"": {""stratified"": true, ""val_size"": 0.2}, ""training"": {""batch_size"": 32, ""epochs"": 800, ""include_reg_in_val"": false, ""shuffle"": true}}"
4c15d03ba220,1,0.2509972311451032,0.0,0.2509972311451032,0.0,0.88,0.0,240.0,0.0,"{""callbacks"": {""early_stopping"": true, ""min_delta"": 0.0, ""mode"": ""auto"", ""monitor"": ""val_loss"", ""patience"": 40, ""restore_best_weights"": true, ""verbose"": 0}, ""cv"": {""k"": 3, ""seed"": 42, ""shuffle"": true}, ""data"": {""train_path"": ""data/MONK/MONK1/monks-1.train""}, ""model"": {""activation"": ""relu"", ""dropout"": 0.2, ""hidden_units"": [4]}, ""optim"": {""lr"": 0.2, ""momentum"": 0.1, ""name"": ""sgd""}, ""regularizer"": {""l2"": ""1e-3""}, ""seed"": 42, ""split"": {""stratified"": true, ""val_size"": 0.2}, ""training"": {""batch_size"": 32, ""epochs"": 800, ""include_reg_in_val"": false, ""shuffle"": true}}"
4eec7297ddbc,1,0.2511570903107126,0.0,0.2511570903107126,0.0,0.88,0.0,317.0,0.0,"{""callbacks"": {""early_stopping"": true, ""min_delta"": 0.0, ""mode"": ""auto"", ""monitor"": ""val_loss"", ""patience"": 40, ""restore_best_weights"": true, ""verbose"": 0}, ""cv"": {""k"": 3, ""seed"": 42, ""shuffle"": true}, ""data"": {""train_path"": ""data/MONK/MONK1/monks-1.train""}, ""model"": {""activation"": ""sigmoid"", ""dropout"": 0.2, ""hidden_units"": [8, 4]}, ""optim"": {""lr"": 0.2, ""momentum"": 0.9, ""name"": ""sgd""}, ""regularizer"": {""l2"": 0.0}, ""seed"": 42, ""split"": {""stratified"": true, ""val_size"": 0.2}, ""training"": {""batch_size"": 32, ""epochs"": 800, ""include_reg_in_val"": false, ""shuffle"": true}}"
5a621298e248,1,0.25172107173721864,0.0,0.25172107173721864,0.0,0.88,0.0,791.0,0.0,"{""callbacks"": {""early_stopping"": true, ""min_delta"": 0.0, ""mode"": ""auto"", ""monitor"": ""val_loss"", ""patience"": 40, ""restore_best_weights"": true, ""verbose"": 0}, ""cv"": {""k"": 3, ""seed"": 42, ""shuffle"": true}, ""data"": {""train_path"": ""data/MONK/MONK1/monks-1.train""}, ""model"": {""activation"": ""sigmoid"", ""dropout"": 0.2, ""hidden_units"": [4]}, ""optim"": {""lr"": 0.2, ""momentum"": 0.0, ""name"": ""sgd""}, ""regularizer"": {""l2"": 0.0}, ""seed"": 42, ""split"": {""stratified"": true, ""val_size"": 0.2}, ""training"": {""batch_size"": 16, ""epochs"": 800, ""include_reg_in_val"": false, ""shuffle"": true}}"
6e3e88e8ae7c,1,0.25184390175156596,0.0,0.25184390175156596,0.0,0.88,0.0,201.0,0.0,"{""callbacks"": {""early_stopping"": true, ""min_delta"": 0.0, ""mode"": ""auto"", ""monitor"": ""val_loss"", ""patience"": 40, ""restore_best_weights"": true, ""verbose"": 0}, ""cv"": {""k"": 3, ""seed"": 42, ""shuffle"": true}, ""data"": {""train_path"": ""data/MONK/MONK1/monks-1.train""}, ""model"": {""activation"": ""relu"", ""dropout"": 0.2, ""hidden_units"": [4]}, ""optim"": {""lr"": 0.1, ""momentum"": 0.1, ""name"": ""sgd""}, ""regularizer"": {""l2"": 0.0}, ""seed"": 42, ""split"": {""stratified"": true, ""val_size"": 0.2}, ""training"": {""batch_size"": 16, ""epochs"": 800, ""include_reg_in_val"": false, ""shuffle"": true}}"
c15b6a062edf,1,0.2519265997663439,0.0,0.2519265997663439,0.0,0.88,0.0,546.0,0.0,"{""callbacks"": {""early_stopping"": true, ""min_delta"": 0.0, ""mode"": ""auto"", ""monitor"": ""val_loss"", ""patience"": 40, ""restore_best_weights"": true, ""verbose"": 0}, ""cv"": {""k"": 3, ""seed"": 42, ""shuffle"": true}, ""data"": {""train_path"": ""data/MONK/MONK1/monks-1.train""}, ""model"": {""activation"": ""sigmoid"", ""dropout"": 0.2, ""hidden_units"": [8, 4]}, ""optim"": {""lr"": 0.1, ""momentum"": 0.9, ""name"": ""sgd""}, ""regularizer"": {""l2"": 0.0}, ""seed"": 42, ""split"": {""stratified"": true, ""val_size"": 0.2}, ""training"": {""batch_size"": 32, ""epochs"": 800, ""include_reg_in_val"": false, ""shuffle"": true}}"
fbb00f000b2c,1,0.2522997630894195,0.0,0.2522997630894195,0.0,0.88,0.0,744.0,0.0,"{""callbacks"": {""early_stopping"": true, ""min_delta"": 0.0, ""mode"": ""auto"", ""monitor"": ""val_loss"", ""patience"": 40, ""restore_best_weights"": true, ""verbose"": 0}, ""cv"": {""k"": 3, ""seed"": 42, ""shuffle"": true}, ""data"": {""train_path"": ""data/MONK/MONK1/monks-1.train""}, ""model"": {""activation"": ""sigmoid"", ""dropout"": 0.0, ""hidden_units"": [4]}, ""optim"": {""lr"": 0.1, ""momentum"": 0.1, ""name"": ""sgd""}, ""regularizer"": {""l2"": ""1e-3""}, ""seed"": 42, ""split"": {""stratified"": true, ""val_size"": 0.2}, ""training"": {""batch_size"": 16, ""epochs"": 800, ""include_reg_in_val"": false, ""shuffle"": true}}"
5c50d186e081,1,0.2533238300912861,0.0,0.2533238300912861,0.0,0.88,0.0,198.0,0.0,"{""callbacks"": {""early_stopping"": true, ""min_delta"": 0.0, ""mode"": ""auto"", ""monitor"": ""val_loss"", ""patience"": 40, ""restore_best_weights"": true, ""verbose"": 0}, ""cv"": {""k"": 3, ""seed"": 42, ""shuffle"": true}, ""data"": {""train_path"": ""data/MONK/MONK1/monks-1.train""}, ""model"": {""activation"": ""relu"", ""dropout"": 0.2, ""hidden_units"": [4]}, ""optim"": {""lr"": 0.2, ""momentum"": 0.0, ""name"": ""sgd""}, ""regularizer"": {""l2"": 0.0}, ""seed"": 42, ""split"": {""stratified"": true, ""val_size"": 0.2}, ""training"": {""batch_size"": 32, ""epochs"": 800, ""include_reg_in_val"": false, ""shuffle"": true}}"
b699ea2308c2,1,0.25407699962332553,0.0,0.25407699962332553,0.0,0.88,0.0,198.0,0.0,"{""callbacks"": {""early_stopping"": true, ""min_delta"": 0.0, ""mode"": ""auto"", ""monitor"": ""val_loss"", ""patience"": 40, ""restore_best_weights"": true, ""verbose"": 0}, ""cv"": {""k"": 3, ""seed"": 42, ""shuffle"": true}, ""data"": {""train_path"": ""data/MONK/MONK1/monks-1.train""}, ""model"": {""activation"": ""relu"", ""dropout"": 0.2, ""hidden_units"": [4]}, ""optim"": {""lr"": 0.2, ""momentum"": 0.1, ""name"": ""sgd""}, ""regularizer"": {""l2"": 0.0}, ""seed"": 42, ""split"": {""stratified"": true, ""val_size"": 0.2}, ""training"": {""batch_size"": 32, ""epochs"": 800, ""include_reg_in_val"": false, ""shuffle"": true}}"
a80e01964478,1,0.25438313865908396,0.0,0.25438313865908396,0.0,0.88,0.0,242.0,0.0,"{""callbacks"": {""early_stopping"": true, ""min_delta"": 0.0, ""mode"": ""auto"", ""monitor"": ""val_loss"", ""patience"": 40, ""restore_best_weights"": true, ""verbose"": 0}, ""cv"": {""k"": 3, ""seed"": 42, ""shuffle"": true}, ""data"": {""train_path"": ""data/MONK/MONK1/monks-1.train""}, ""model"": {""activation"": ""tanh"", ""dropout"": 0.2, ""hidden_units"": [8]}, ""optim"": {""lr"": 0.1, ""momentum"": 0.1, ""name"": ""sgd""}, ""regularizer"": {""l2"": ""1e-2""}, ""seed"": 42, ""split"": {""stratified"": true, ""val_size"": 0.2}, ""training"": {""batch_size"": 16, ""epochs"": 800, ""include_reg_in_val"": false, ""shuffle"": true}}"
d36389bb866e,1,0.2548319032000182,0.0,0.2548319032000182,0.0,0.88,0.0,228.0,0.0,"{""callbacks"": {""early_stopping"": true, ""min_delta"": 0.0, ""mode"": ""auto"", ""monitor"": ""val_loss"", ""patience"": 40, ""restore_best_weights"": true, ""verbose"": 0}, ""cv"": {""k"": 3, ""seed"": 42, ""shuffle"": true}, ""data"": {""train_path"": ""data/MONK/MONK1/monks-1.train""}, ""model"": {""activation"": ""tanh"", ""dropout"": 0.2, ""hidden_units"": [8]}, ""optim"": {""lr"": 0.2, ""momentum"": 0.0, ""name"": ""sgd""}, ""regularizer"": {""l2"": ""1e-2""}, ""seed"": 42, ""split"": {""stratified"": true, ""val_size"": 0.2}, ""training"": {""batch_size"": 32, ""epochs"": 800, ""include_reg_in_val"": false, ""shuffle"": true}}"
daa3a704c716,1,0.25552337209214016,0.0,0.25552337209214016,0.0,0.88,0.0,327.0,0.0,"{""callbacks"": {""early_stopping"": true, ""min_delta"": 0.0, ""mode"": ""auto"", ""monitor"": ""val_loss"", ""patience"": 40, ""restore_best_weights"": true, ""verbose"": 0}, ""cv"": {""k"": 3, ""seed"": 42, ""shuffle"": true}, ""data"": {""train_path"": ""data/MONK/MONK1/monks-1.train""}, ""model"": {""activation"": ""sigmoid"", ""dropout"": 0.0, ""hidden_units"": [4]}, ""optim"": {""lr"": 0.2, ""momentum"": 0.1, ""name"": ""sgd""}, ""regularizer"": {""l2"": 0.0}, ""seed"": 42, ""split"": {""stratified"": true, ""val_size"": 0.2}, ""training"": {""batch_size"": 16, ""epochs"": 800, ""include_reg_in_val"": false, ""shuffle"": true}}"
a453383874f2,1,0.25628840570116773,0.0,0.25628840570116773,0.0,0.84,0.0,52.0,0.0,"{""callbacks"": {""early_stopping"": true, ""min_delta"": 0.0, ""mode"": ""auto"", ""monitor"": ""val_loss"", ""patience"": 40, ""restore_best_weights"": true, ""verbose"": 0}, ""cv"": {""k"": 3, ""seed"": 42, ""shuffle"": true}, ""data"": {""train_path"": ""data/MONK/MONK1/monks-1.train""}, ""model"": {""activation"": ""relu"", ""dropout"": 0.2, ""hidden_units"": [8, 4]}, ""optim"": {""lr"": 0.2, ""momentum"": 0.9, ""name"": ""sgd""}, ""regularizer"": {""l2"": ""1e-3""}, ""seed"": 42, ""split"": {""stratified"": true, ""val_size"": 0.2}, ""training"": {""batch_size"": 16, ""epochs"": 800, ""include_reg_in_val"": false, ""shuffle"": true}}"
0ab269a8e03e,1,0.2571645057383111,0.0,0.2571645057383111,0.0,0.88,0.0,342.0,0.0,"{""callbacks"": {""early_stopping"": true, ""min_delta"": 0.0, ""mode"": ""auto"", ""monitor"": ""val_loss"", ""patience"": 40, ""restore_best_weights"": true, ""verbose"": 0}, ""cv"": {""k"": 3, ""seed"": 42, ""shuffle"": true}, ""data"": {""train_path"": ""data/MONK/MONK1/monks-1.train""}, ""model"": {""activation"": ""tanh"", ""dropout"": 0.2, ""hidden_units"": [4]}, ""optim"": {""lr"": 0.2, ""momentum"": 0.0, ""name"": ""sgd""}, ""regularizer"": {""l2"": ""1e-2""}, ""seed"": 42, ""split"": {""stratified"": true, ""val_size"": 0.2}, ""training"": {""batch_size"": 32, ""epochs"": 800, ""include_reg_in_val"": false, ""shuffle"": true}}"
6eab65de81c2,1,0.2582869838735748,0.0,0.2582869838735748,0.0,0.88,0.0,548.0,0.0,"{""callbacks"": {""early_stopping"": true, ""min_delta"": 0.0, ""mode"": ""auto"", ""monitor"": ""val_loss"", ""patience"": 40, ""restore_best_weights"": true, ""verbose"": 0}, ""cv"": {""k"": 3, ""seed"": 42, ""shuffle"": true}, ""data"": {""train_path"": ""data/MONK/MONK1/monks-1.train""}, ""model"": {""activation"": ""sigmoid"", ""dropout"": 0.2, ""hidden_units"": [8]}, ""optim"": {""lr"": 0.2, ""momentum"": 0.0, ""name"": ""sgd""}, ""regularizer"": {""l2"": 0.0}, ""seed"": 42, ""split"": {""stratified"": true, ""val_size"": 0.2}, ""training"": {""batch_size"": 16, ""epochs"": 800, ""include_reg_in_val"": false, ""shuffle"": true}}"
fa3c3918dd57,1,0.25861095682207863,0.0,0.25861095682207863,0.0,0.88,0.0,479.0,0.0,"{""callbacks"": {""early_stopping"": true, ""min_delta"": 0.0, ""mode"": ""auto"", ""monitor"": ""val_loss"", ""patience"": 40, ""restore_best_weights"": true, ""verbose"": 0}, ""cv"": {""k"": 3, ""seed"": 42, ""shuffle"": true}, ""data"": {""train_path"": ""data/MONK/MONK1/monks-1.train""}, ""model"": {""activation"": ""sigmoid"", ""dropout"": 0.2, ""hidden_units"": [8]}, ""optim"": {""lr"": 0.2, ""momentum"": 0.1, ""name"": ""sgd""}, ""regularizer"": {""l2"": 0.0}, ""seed"": 42, ""split"": {""stratified"": true, ""val_size"": 0.2}, ""training"": {""batch_size"": 16, ""epochs"": 800, ""include_reg_in_val"": false, ""shuffle"": true}}"
c4c090883983,1,0.2586442109349043,0.0,0.2586442109349043,0.0,0.88,0.0,209.0,0.0,"{""callbacks"": {""early_stopping"": true, ""min_delta"": 0.0, ""mode"": ""auto"", ""monitor"": ""val_loss"", ""patience"": 40, ""restore_best_weights"": true, ""verbose"": 0}, ""cv"": {""k"": 3, ""seed"": 42, ""shuffle"": true}, ""data"": {""train_path"": ""data/MONK/MONK1/monks-1.train""}, ""model"": {""activation"": ""relu"", ""dropout"": 0.2, ""hidden_units"": [4]}, ""optim"": {""lr"": 0.1, ""momentum"": 0.0, ""name"": ""sgd""}, ""regularizer"": {""l2"": ""1e-3""}, ""seed"": 42, ""split"": {""stratified"": true, ""val_size"": 0.2}, ""training"": {""batch_size"": 16, ""epochs"": 800, ""include_reg_in_val"": false, ""shuffle"": true}}"
ab1734d69562,1,0.260003709615894,0.0,0.260003709615894,0.0,0.88,0.0,226.0,0.0,"{""callbacks"": {""early_stopping"": true, ""min_delta"": 0.0, ""mode"": ""auto"", ""monitor"": ""val_loss"", ""patience"": 40, ""restore_best_weights"": true, ""verbose"": 0}, ""cv"": {""k"": 3, ""seed"": 42, ""shuffle"": true}, ""data"": {""train_path"": ""data/MONK/MONK1/monks-1.train""}, ""model"": {""activation"": ""tanh"", ""dropout"": 0.2, ""hidden_units"": [8, 4]}, ""optim"": {""lr"": 0.2, ""momentum"": 0.0, ""name"": ""sgd""}, ""regularizer"": {""l2"": ""1e-2""}, ""seed"": 42, ""split"": {""stratified"": true, ""val_size"": 0.2}, ""training"": {""batch_size"": 32, ""epochs"": 800, ""include_reg_in_val"": false, ""shuffle"": true}}"
67deafee551c,1,0.26338207566085425,0.0,0.26338207566085425,0.0,0.92,0.0,105.0,0.0,"{""callbacks"": {""early_stopping"": true, ""min_delta"": 0.0, ""mode"": ""auto"", ""monitor"": ""val_loss"", ""patience"": 40, ""restore_best_weights"": true, ""verbose"": 0}, ""cv"": {""k"": 3, ""seed"": 42, ""shuffle"": true}, ""data"": {""train_path"": ""data/MONK/MONK1/monks-1.train""}, ""model"": {""activation"": ""sigmoid"", ""dropout"": 0.0, ""hidden_units"": [4]}, ""optim"": {""lr"": 0.2, ""momentum"": 0.9, ""name"": ""sgd""}, ""regularizer"": {""l2"": 0.0}, ""seed"": 42, ""split"": {""stratified"": true, ""val_size"": 0.2}, ""training"": {""batch_size"": 32, ""epochs"": 800, ""include_reg_in_val"": false, ""shuffle"": true}}"
148c4a53199a,1,0.2636860363993151,0.0,0.2636860363993151,0.0,0.88,0.0,327.0,0.0,"{""callbacks"": {""early_stopping"": true, ""min_delta"": 0.0, ""mode"": ""auto"", ""monitor"": ""val_loss"", ""patience"": 40, ""restore_best_weights"": true, ""verbose"": 0}, ""cv"": {""k"": 3, ""seed"": 42, ""shuffle"": true}, ""data"": {""train_path"": ""data/MONK/MONK1/monks-1.train""}, ""model"": {""activation"": ""sigmoid"", ""dropout"": 0.0, ""hidden_units"": [4]}, ""optim"": {""lr"": 0.2, ""momentum"": 0.0, ""name"": ""sgd""}, ""regularizer"": {""l2"": 0.0}, ""seed"": 42, ""split"": {""stratified"": true, ""val_size"": 0.2}, ""training"": {""batch_size"": 16, ""epochs"": 800, ""include_reg_in_val"": false, ""shuffle"": true}}"
bc42d71660b3,1,0.26410521870126447,0.0,0.26410521870126447,0.0,0.88,0.0,752.0,0.0,"{""callbacks"": {""early_stopping"": true, ""min_delta"": 0.0, ""mode"": ""auto"", ""monitor"": ""val_loss"", ""patience"": 40, ""restore_best_weights"": true, ""verbose"": 0}, ""cv"": {""k"": 3, ""seed"": 42, ""shuffle"": true}, ""data"": {""train_path"": ""data/MONK/MONK1/monks-1.train""}, ""model"": {""activation"": ""sigmoid"", ""dropout"": 0.0, ""hidden_units"": [4]}, ""optim"": {""lr"": 0.1, ""momentum"": 0.0, ""name"": ""sgd""}, ""regularizer"": {""l2"": ""1e-3""}, ""seed"": 42, ""split"": {""stratified"": true, ""val_size"": 0.2}, ""training"": {""batch_size"": 16, ""epochs"": 800, ""include_reg_in_val"": false, ""shuffle"": true}}"
18c5bbf4e899,1,0.2643262244938675,0.0,0.2643262244938675,0.0,0.88,0.0,744.0,0.0,"{""callbacks"": {""early_stopping"": true, ""min_delta"": 0.0, ""mode"": ""auto"", ""monitor"": ""val_loss"", ""patience"": 40, ""restore_best_weights"": true, ""verbose"": 0}, ""cv"": {""k"": 3, ""seed"": 42, ""shuffle"": true}, ""data"": {""train_path"": ""data/MONK/MONK1/monks-1.train""}, ""model"": {""activation"": ""sigmoid"", ""dropout"": 0.0, ""hidden_units"": [4]}, ""optim"": {""lr"": 0.1, ""momentum"": 0.0, ""name"": ""sgd""}, ""regularizer"": {""l2"": 0.0}, ""seed"": 42, ""split"": {""stratified"": true, ""val_size"": 0.2}, ""training"": {""batch_size"": 16, ""epochs"": 800, ""include_reg_in_val"": false, ""shuffle"": true}}"
4c9662bef4c0,1,0.2644092359951269,0.0,0.2644092359951269,0.0,0.88,0.0,242.0,0.0,"{""callbacks"": {""early_stopping"": true, ""min_delta"": 0.0, ""mode"": ""auto"", ""monitor"": ""val_loss"", ""patience"": 40, ""restore_best_weights"": true, ""verbose"": 0}, ""cv"": {""k"": 3, ""seed"": 42, ""shuffle"": true}, ""data"": {""train_path"": ""data/MONK/MONK1/monks-1.train""}, ""model"": {""activation"": ""tanh"", ""dropout"": 0.2, ""hidden_units"": [8]}, ""optim"": {""lr"": 0.1, ""momentum"": 0.0, ""name"": ""sgd""}, ""regularizer"": {""l2"": ""1e-2""}, ""seed"": 42, ""split"": {""stratified"": true, ""val_size"": 0.2}, ""training"": {""batch_size"": 16, ""epochs"": 800, ""include_reg_in_val"": false, ""shuffle"": true}}"
d40598d3cc51,1,0.2644139769159684,0.0,0.2644139769159684,0.0,0.88,0.0,223.0,0.0,"{""callbacks"": {""early_stopping"": true, ""min_delta"": 0.0, ""mode"": ""auto"", ""monitor"": ""val_loss"", ""patience"": 40, ""restore_best_weights"": true, ""verbose"": 0}, ""cv"": {""k"": 3, ""seed"": 42, ""shuffle"": true}, ""data"": {""train_path"": ""data/MONK/MONK1/monks-1.train""}, ""model"": {""activation"": ""relu"", ""dropout"": 0.2, ""hidden_units"": [4]}, ""optim"": {""lr"": 0.1, ""momentum"": 0.1, ""name"": ""sgd""}, ""regularizer"": {""l2"": ""1e-3""}, ""seed"": 42, ""split"": {""stratified"": true, ""val_size"": 0.2}, ""training"": {""batch_size"": 16, ""epochs"": 800, ""include_reg_in_val"": false, ""shuffle"": true}}"
3788462817d8,1,0.2668340568126925,0.0,0.2668340568126925,0.0,0.88,0.0,529.0,0.0,"{""callbacks"": {""early_stopping"": true, ""min_delta"": 0.0, ""mode"": ""auto"", ""monitor"": ""val_loss"", ""patience"": 40, ""restore_best_weights"": true, ""verbose"": 0}, ""cv"": {""k"": 3, ""seed"": 42, ""shuffle"": true}, ""data"": {""train_path"": ""data/MONK/MONK1/monks-1.train""}, ""model"": {""activation"": ""sigmoid"", ""dropout"": 0.2, ""hidden_units"": [8]}, ""optim"": {""lr"": 0.2, ""momentum"": 0.1, ""name"": ""sgd""}, ""regularizer"": {""l2"": ""1e-3""}, ""seed"": 42, ""split"": {""stratified"": true, ""val_size"": 0.2}, ""training"": {""batch_size"": 16, ""epochs"": 800, ""include_reg_in_val"": false, ""shuffle"": true}}"
445dd0a80a63,1,0.26685772898262955,0.0,0.26685772898262955,0.0,0.84,0.0,222.0,0.0,"{""callbacks"": {""early_stopping"": true, ""min_delta"": 0.0, ""mode"": ""auto"", ""monitor"": ""val_loss"", ""patience"": 40, ""restore_best_weights"": true, ""verbose"": 0}, ""cv"": {""k"": 3, ""seed"": 42, ""shuffle"": true}, ""data"": {""train_path"": ""data/MONK/MONK1/monks-1.train""}, ""model"": {""activation"": ""tanh"", ""dropout"": 0.0, ""hidden_units"": [4]}, ""optim"": {""lr"": 0.1, ""momentum"": 0.1, ""name"": ""sgd""}, ""regularizer"": {""l2"": 0.0}, ""seed"": 42, ""split"": {""stratified"": true, ""val_size"": 0.2}, ""training"": {""batch_size"": 32, ""epochs"": 800, ""include_reg_in_val"": false, ""shuffle"": true}}"
1e9125dd6201,1,0.26696750554166404,0.0,0.26696750554166404,0.0,0.88,0.0,753.0,0.0,"{""callbacks"": {""early_stopping"": true, ""min_delta"": 0.0, ""mode"": ""auto"", ""monitor"": ""val_loss"", ""patience"": 40, ""restore_best_weights"": true, ""verbose"": 0}, ""cv"": {""k"": 3, ""seed"": 42, ""shuffle"": true}, ""data"": {""train_path"": ""data/MONK/MONK1/monks-1.train""}, ""model"": {""activation"": ""sigmoid"", ""dropout"": 0.0, ""hidden_units"": [4]}, ""optim"": {""lr"": 0.01, ""momentum"": 0.9, ""name"": ""sgd""}, ""regularizer"": {""l2"": ""1e-3""}, ""seed"": 42, ""split"": {""stratified"": true, ""val_size"": 0.2}, ""training"": {""batch_size"": 16, ""epochs"": 800, ""include_reg_in_val"": false, ""shuffle"": true}}"
f308af409aa5,1,0.2675810555507257,0.0,0.2675810555507257,0.0,0.84,0.0,222.0,0.0,"{""callbacks"": {""early_stopping"": true, ""min_delta"": 0.0, ""mode"": ""auto"", ""monitor"": ""val_loss"", ""patience"": 40, ""restore_best_weights"": true, ""verbose"": 0}, ""cv"": {""k"": 3, ""seed"": 42, ""shuffle"": true}, ""data"": {""train_path"": ""data/MONK/MONK1/monks-1.train""}, ""model"": {""activation"": ""tanh"", ""dropout"": 0.0, ""hidden_units"": [4]}, ""optim"": {""lr"": 0.1, ""momentum"": 0.1, ""name"": ""sgd""}, ""regularizer"": {""l2"": ""1e-3""}, ""seed"": 42, ""split"": {""stratified"": true, ""val_size"": 0.2}, ""training"": {""batch_size"": 32, ""epochs"": 800, ""include_reg_in_val"": false, ""shuffle"": true}}"
33446dbbe041,1,0.26816427047368846,0.0,0.26816427047368846,0.0,0.88,0.0,800.0,0.0,"{""callbacks"": {""early_stopping"": true, ""min_delta"": 0.0, ""mode"": ""auto"", ""monitor"": ""val_loss"", ""patience"": 40, ""restore_best_weights"": true, ""verbose"": 0}, ""cv"": {""k"": 3, ""seed"": 42, ""shuffle"": true}, ""data"": {""train_path"": ""data/MONK/MONK1/monks-1.train""}, ""model"": {""activation"": ""relu"", ""dropout"": 0.2, ""hidden_units"": [8]}, ""optim"": {""lr"": 0.01, ""momentum"": 0.0, ""name"": ""sgd""}, ""regularizer"": {""l2"": 0.0}, ""seed"": 42, ""split"": {""stratified"": true, ""val_size"": 0.2}, ""training"": {""batch_size"": 16, ""epochs"": 800, ""include_reg_in_val"": false, ""shuffle"": true}}"
9afcb4f00c21,1,0.2689436578117748,0.0,0.2689436578117748,0.0,0.84,0.0,172.0,0.0,"{""callbacks"": {""early_stopping"": true, ""min_delta"": 0.0, ""mode"": ""auto"", ""monitor"": ""val_loss"", ""patience"": 40, ""restore_best_weights"": true, ""verbose"": 0}, ""cv"": {""k"": 3, ""seed"": 42, ""shuffle"": true}, ""data"": {""train_path"": ""data/MONK/MONK1/monks-1.train""}, ""model"": {""activation"": ""tanh"", ""dropout"": 0.0, ""hidden_units"": [4]}, ""optim"": {""lr"": 0.01, ""momentum"": 0.9, ""name"": ""sgd""}, ""regularizer"": {""l2"": 0.0}, ""seed"": 42, ""split"": {""stratified"": true, ""val_size"": 0.2}, ""training"": {""batch_size"": 16, ""epochs"": 800, ""include_reg_in_val"": false, ""shuffle"": true}}"
fa24876f15cd,1,0.26946882398610883,0.0,0.26946882398610883,0.0,0.88,0.0,800.0,0.0,"{""callbacks"": {""early_stopping"": true, ""min_delta"": 0.0, ""mode"": ""auto"", ""monitor"": ""val_loss"", ""patience"": 40, ""restore_best_weights"": true, ""verbose"": 0}, ""cv"": {""k"": 3, ""seed"": 42, ""shuffle"": true}, ""data"": {""train_path"": ""data/MONK/MONK1/monks-1.train""}, ""model"": {""activation"": ""tanh"", ""dropout"": 0.0, ""hidden_units"": [8]}, ""optim"": {""lr"": 0.01, ""momentum"": 0.1, ""name"": ""sgd""}, ""regularizer"": {""l2"": 0.0}, ""seed"": 42, ""split"": {""stratified"": true, ""val_size"": 0.2}, ""training"": {""batch_size"": 16, ""epochs"": 800, ""include_reg_in_val"": false, ""shuffle"": true}}"
ef8891e63cc1,1,0.2700306994353767,0.0,0.2700306994353767,0.0,0.88,0.0,242.0,0.0,"{""callbacks"": {""early_stopping"": true, ""min_delta"": 0.0, ""mode"": ""auto"", ""monitor"": ""val_loss"", ""patience"": 40, ""restore_best_weights"": true, ""verbose"": 0}, ""cv"": {""k"": 3, ""seed"": 42, ""shuffle"": true}, ""data"": {""train_path"": ""data/MONK/MONK1/monks-1.train""}, ""model"": {""activation"": ""tanh"", ""dropout"": 0.0, ""hidden_units"": [8]}, ""optim"": {""lr"": 0.1, ""momentum"": 0.0, ""name"": ""sgd""}, ""regularizer"": {""l2"": ""1e-2""}, ""seed"": 42, ""split"": {""stratified"": true, ""val_size"": 0.2}, ""training"": {""batch_size"": 32, ""epochs"": 800, ""include_reg_in_val"": false, ""shuffle"": true}}"
32d06bd8772e,1,0.27008807365437043,0.0,0.27008807365437043,0.0,0.88,0.0,104.0,0.0,"{""callbacks"": {""early_stopping"": true, ""min_delta"": 0.0, ""mode"": ""auto"", ""monitor"": ""val_loss"", ""patience"": 40, ""restore_best_weights"": true, ""verbose"": 0}, ""cv"": {""k"": 3, ""seed"": 42, ""shuffle"": true}, ""data"": {""train_path"": ""data/MONK/MONK1/monks-1.train""}, ""model"": {""activation"": ""sigmoid"", ""dropout"": 0.0, ""hidden_units"": [8, 4]}, ""optim"": {""lr"": 0.1, ""momentum"": 0.9, ""name"": ""sgd""}, ""regularizer"": {""l2"": 0.0}, ""seed"": 42, ""split"": {""stratified"": true, ""val_size"": 0.2}, ""training"": {""batch_size"": 16, ""epochs"": 800, ""include_reg_in_val"": false, ""shuffle"": true}}"
850c8fe966e0,1,0.270419410910697,0.0,0.270419410910697,0.0,0.88,0.0,189.0,0.0,"{""callbacks"": {""early_stopping"": true, ""min_delta"": 0.0, ""mode"": ""auto"", ""monitor"": ""val_loss"", ""patience"": 40, ""restore_best_weights"": true, ""verbose"": 0}, ""cv"": {""k"": 3, ""seed"": 42, ""shuffle"": true}, ""data"": {""train_path"": ""data/MONK/MONK1/monks-1.train""}, ""model"": {""activation"": ""relu"", ""dropout"": 0.2, ""hidden_units"": [4]}, ""optim"": {""lr"": 0.2, ""momentum"": 0.0, ""name"": ""sgd""}, ""regularizer"": {""l2"": ""1e-2""}, ""seed"": 42, ""split"": {""stratified"": true, ""val_size"": 0.2}, ""training"": {""batch_size"": 16, ""epochs"": 800, ""include_reg_in_val"": false, ""shuffle"": true}}"
c65e2d075914,1,0.27183104829196025,0.0,0.27183104829196025,0.0,0.88,0.0,650.0,0.0,"{""callbacks"": {""early_stopping"": true, ""min_delta"": 0.0, ""mode"": ""auto"", ""monitor"": ""val_loss"", ""patience"": 40, ""restore_best_weights"": true, ""verbose"": 0}, ""cv"": {""k"": 3, ""seed"": 42, ""shuffle"": true}, ""data"": {""train_path"": ""data/MONK/MONK1/monks-1.train""}, ""model"": {""activation"": ""sigmoid"", ""dropout"": 0.0, ""hidden_units"": [4]}, ""optim"": {""lr"": 0.01, ""momentum"": 0.9, ""name"": ""sgd""}, ""regularizer"": {""l2"": 0.0}, ""seed"": 42, ""split"": {""stratified"": true, ""val_size"": 0.2}, ""training"": {""batch_size"": 16, ""epochs"": 800, ""include_reg_in_val"": false, ""shuffle"": true}}"
fd9314cd6783,1,0.2718665187459321,0.0,0.2718665187459321,0.0,0.96,0.0,792.0,0.0,"{""callbacks"": {""early_stopping"": true, ""min_delta"": 0.0, ""mode"": ""auto"", ""monitor"": ""val_loss"", ""patience"": 40, ""restore_best_weights"": true, ""verbose"": 0}, ""cv"": {""k"": 3, ""seed"": 42, ""shuffle"": true}, ""data"": {""train_path"": ""data/MONK/MONK1/monks-1.train""}, ""model"": {""activation"": ""relu"", ""dropout"": 0.2, ""hidden_units"": [8, 4]}, ""optim"": {""lr"": 0.01, ""momentum"": 0.0, ""name"": ""sgd""}, ""regularizer"": {""l2"": 0.0}, ""seed"": 42, ""split"": {""stratified"": true, ""val_size"": 0.2}, ""training"": {""batch_size"": 16, ""epochs"": 800, ""include_reg_in_val"": false, ""shuffle"": true}}"
d4a43d595bc2,1,0.27230301755828956,0.0,0.27230301755828956,0.0,0.88,0.0,140.0,0.0,"{""callbacks"": {""early_stopping"": true, ""min_delta"": 0.0, ""mode"": ""auto"", ""monitor"": ""val_loss"", ""patience"": 40, ""restore_best_weights"": true, ""verbose"": 0}, ""cv"": {""k"": 3, ""seed"": 42, ""shuffle"": true}, ""data"": {""train_path"": ""data/MONK/MONK1/monks-1.train""}, ""model"": {""activation"": ""relu"", ""dropout"": 0.2, ""hidden_units"": [4]}, ""optim"": {""lr"": 0.2, ""momentum"": 0.1, ""name"": ""sgd""}, ""regularizer"": {""l2"": ""1e-2""}, ""seed"": 42, ""split"": {""stratified"": true, ""val_size"": 0.2}, ""training"": {""batch_size"": 16, ""epochs"": 800, ""include_reg_in_val"": false, ""shuffle"": true}}"
f691395cbbe7,1,0.2725513003880703,0.0,0.2725513003880703,0.0,0.88,0.0,342.0,0.0,"{""callbacks"": {""early_stopping"": true, ""min_delta"": 0.0, ""mode"": ""auto"", ""monitor"": ""val_loss"", ""patience"": 40, ""restore_best_weights"": true, ""verbose"": 0}, ""cv"": {""k"": 3, ""seed"": 42, ""shuffle"": true}, ""data"": {""train_path"": ""data/MONK/MONK1/monks-1.train""}, ""model"": {""activation"": ""tanh"", ""dropout"": 0.2, ""hidden_units"": [4]}, ""optim"": {""lr"": 0.1, ""momentum"": 0.0, ""name"": ""sgd""}, ""regularizer"": {""l2"": ""1e-2""}, ""seed"": 42, ""split"": {""stratified"": true, ""val_size"": 0.2}, ""training"": {""batch_size"": 16, ""epochs"": 800, ""include_reg_in_val"": false, ""shuffle"": true}}"
634d542076f9,1,0.2726070474874678,0.0,0.2726070474874678,0.0,0.88,0.0,223.0,0.0,"{""callbacks"": {""early_stopping"": true, ""min_delta"": 0.0, ""mode"": ""auto"", ""monitor"": ""val_loss"", ""patience"": 40, ""restore_best_weights"": true, ""verbose"": 0}, ""cv"": {""k"": 3, ""seed"": 42, ""shuffle"": true}, ""data"": {""train_path"": ""data/MONK/MONK1/monks-1.train""}, ""model"": {""activation"": ""relu"", ""dropout"": 0.2, ""hidden_units"": [4]}, ""optim"": {""lr"": 0.2, ""momentum"": 0.0, ""name"": ""sgd""}, ""regularizer"": {""l2"": ""1e-2""}, ""seed"": 42, ""split"": {""stratified"": true, ""val_size"": 0.2}, ""training"": {""batch_size"": 32, ""epochs"": 800, ""include_reg_in_val"": false, ""shuffle"": true}}"
33470a8e21cc,1,0.2727089505947009,0.0,0.2727089505947009,0.0,0.88,0.0,223.0,0.0,"{""callbacks"": {""early_stopping"": true, ""min_delta"": 0.0, ""mode"": ""auto"", ""monitor"": ""val_loss"", ""patience"": 40, ""restore_best_weights"": true, ""verbose"": 0}, ""cv"": {""k"": 3, ""seed"": 42, ""shuffle"": true}, ""data"": {""train_path"": ""data/MONK/MONK1/monks-1.train""}, ""model"": {""activation"": ""relu"", ""dropout"": 0.2, ""hidden_units"": [4]}, ""optim"": {""lr"": 0.2, ""momentum"": 0.1, ""name"": ""sgd""}, ""regularizer"": {""l2"": ""1e-2""}, ""seed"": 42, ""split"": {""stratified"": true, ""val_size"": 0.2}, ""training"": {""batch_size"": 32, ""epochs"": 800, ""include_reg_in_val"": false, ""shuffle"": true}}"
04bfa922f544,1,0.27291474928187553,0.0,0.27291474928187553,0.0,0.88,0.0,233.0,0.0,"{""callbacks"": {""early_stopping"": true, ""min_delta"": 0.0, ""mode"": ""auto"", ""monitor"": ""val_loss"", ""patience"": 40, ""restore_best_weights"": true, ""verbose"": 0}, ""cv"": {""k"": 3, ""seed"": 42, ""shuffle"": true}, ""data"": {""train_path"": ""data/MONK/MONK1/monks-1.train""}, ""model"": {""activation"": ""tanh"", ""dropout"": 0.2, ""hidden_units"": [4]}, ""optim"": {""lr"": 0.2, ""momentum"": 0.1, ""name"": ""sgd""}, ""regularizer"": {""l2"": ""1e-2""}, ""seed"": 42, ""split"": {""stratified"": true, ""val_size"": 0.2}, ""training"": {""batch_size"": 32, ""epochs"": 800, ""include_reg_in_val"": false, ""shuffle"": true}}"
62ed9e3cff00,1,0.27347217755719744,0.0,0.27347217755719744,0.0,0.88,0.0,335.0,0.0,"{""callbacks"": {""early_stopping"": true, ""min_delta"": 0.0, ""mode"": ""auto"", ""monitor"": ""val_loss"", ""patience"": 40, ""restore_best_weights"": true, ""verbose"": 0}, ""cv"": {""k"": 3, ""seed"": 42, ""shuffle"": true}, ""data"": {""train_path"": ""data/MONK/MONK1/monks-1.train""}, ""model"": {""activation"": ""relu"", ""dropout"": 0.2, ""hidden_units"": [4]}, ""optim"": {""lr"": 0.1, ""momentum"": 0.1, ""name"": ""sgd""}, ""regularizer"": {""l2"": ""1e-2""}, ""seed"": 42, ""split"": {""stratified"": true, ""val_size"": 0.2}, ""training"": {""batch_size"": 16, ""epochs"": 800, ""include_reg_in_val"": false, ""shuffle"": true}}"
631ee5c8cee9,1,0.27422563735430777,0.0,0.27422563735430777,0.0,0.88,0.0,201.0,0.0,"{""callbacks"": {""early_stopping"": true, ""min_delta"": 0.0, ""mode"": ""auto"", ""monitor"": ""val_loss"", ""patience"": 40, ""restore_best_weights"": true, ""verbose"": 0}, ""cv"": {""k"": 3, ""seed"": 42, ""shuffle"": true}, ""data"": {""train_path"": ""data/MONK/MONK1/monks-1.train""}, ""model"": {""activation"": ""relu"", ""dropout"": 0.2, ""hidden_units"": [4]}, ""optim"": {""lr"": 0.01, ""momentum"": 0.9, ""name"": ""sgd""}, ""regularizer"": {""l2"": ""1e-3""}, ""seed"": 42, ""split"": {""stratified"": true, ""val_size"": 0.2}, ""training"": {""batch_size"": 16, ""epochs"": 800, ""include_reg_in_val"": false, ""shuffle"": true}}"
18b308dfe358,1,0.27427021317043165,0.0,0.27427021317043165,0.0,0.88,0.0,284.0,0.0,"{""callbacks"": {""early_stopping"": true, ""min_delta"": 0.0, ""mode"": ""auto"", ""monitor"": ""val_loss"", ""patience"": 40, ""restore_best_weights"": true, ""verbose"": 0}, ""cv"": {""k"": 3, ""seed"": 42, ""shuffle"": true}, ""data"": {""train_path"": ""data/MONK/MONK1/monks-1.train""}, ""model"": {""activation"": ""tanh"", ""dropout"": 0.2, ""hidden_units"": [4]}, ""optim"": {""lr"": 0.1, ""momentum"": 0.1, ""name"": ""sgd""}, ""regularizer"": {""l2"": ""1e-2""}, ""seed"": 42, ""split"": {""stratified"": true, ""val_size"": 0.2}, ""training"": {""batch_size"": 16, ""epochs"": 800, ""include_reg_in_val"": false, ""shuffle"": true}}"
18e46081bee6,1,0.2742914171561377,0.0,0.2742914171561377,0.0,0.88,0.0,800.0,0.0,"{""callbacks"": {""early_stopping"": true, ""min_delta"": 0.0, ""mode"": ""auto"", ""monitor"": ""val_loss"", ""patience"": 40, ""restore_best_weights"": true, ""verbose"": 0}, ""cv"": {""k"": 3, ""seed"": 42, ""shuffle"": true}, ""data"": {""train_path"": ""data/MONK/MONK1/monks-1.train""}, ""model"": {""activation"": ""relu"", ""dropout"": 0.2, ""hidden_units"": [8]}, ""optim"": {""lr"": 0.01, ""momentum"": 0.0, ""name"": ""sgd""}, ""regularizer"": {""l2"": ""1e-3""}, ""seed"": 42, ""split"": {""stratified"": true, ""val_size"": 0.2}, ""training"": {""batch_size"": 16, ""epochs"": 800, ""include_reg_in_val"": false, ""shuffle"": true}}"
6c0c82c44816,1,0.2742949783767761,0.0,0.2742949783767761,0.0,0.88,0.0,299.0,0.0,"{""callbacks"": {""early_stopping"": true, ""min_delta"": 0.0, ""mode"": ""auto"", ""monitor"": ""val_loss"", ""patience"": 40, ""restore_best_weights"": true, ""verbose"": 0}, ""cv"": {""k"": 3, ""seed"": 42, ""shuffle"": true}, ""data"": {""train_path"": ""data/MONK/MONK1/monks-1.train""}, ""model"": {""activation"": ""relu"", ""dropout"": 0.2, ""hidden_units"": [4]}, ""optim"": {""lr"": 0.1, ""momentum"": 0.0, ""name"": ""sgd""}, ""regularizer"": {""l2"": ""1e-2""}, ""seed"": 42, ""split"": {""stratified"": true, ""val_size"": 0.2}, ""training"": {""batch_size"": 16, ""epochs"": 800, ""include_reg_in_val"": false, ""shuffle"": true}}"
1ca5837542ec,1,0.2743590596471983,0.0,0.2743590596471983,0.0,0.88,0.0,244.0,0.0,"{""callbacks"": {""early_stopping"": true, ""min_delta"": 0.0, ""mode"": ""auto"", ""monitor"": ""val_loss"", ""patience"": 40, ""restore_best_weights"": true, ""verbose"": 0}, ""cv"": {""k"": 3, ""seed"": 42, ""shuffle"": true}, ""data"": {""train_path"": ""data/MONK/MONK1/monks-1.train""}, ""model"": {""activation"": ""tanh"", ""dropout"": 0.2, ""hidden_units"": [8]}, ""optim"": {""lr"": 0.01, ""momentum"": 0.9, ""name"": ""sgd""}, ""regularizer"": {""l2"": ""1e-2""}, ""seed"": 42, ""split"": {""stratified"": true, ""val_size"": 0.2}, ""training"": {""batch_size"": 16, ""epochs"": 800, ""include_reg_in_val"": false, ""shuffle"": true}}"
28254568b15d,1,0.2750656537038463,0.0,0.2750656537038463,0.0,0.84,0.0,253.0,0.0,"{""callbacks"": {""early_stopping"": true, ""min_delta"": 0.0, ""mode"": ""auto"", ""monitor"": ""val_loss"", ""patience"": 40, ""restore_best_weights"": true, ""verbose"": 0}, ""cv"": {""k"": 3, ""seed"": 42, ""shuffle"": true}, ""data"": {""train_path"": ""data/MONK/MONK1/monks-1.train""}, ""model"": {""activation"": ""tanh"", ""dropout"": 0.0, ""hidden_units"": [4]}, ""optim"": {""lr"": 0.1, ""momentum"": 0.0, ""name"": ""sgd""}, ""regularizer"": {""l2"": 0.0}, ""seed"": 42, ""split"": {""stratified"": true, ""val_size"": 0.2}, ""training"": {""batch_size"": 32, ""epochs"": 800, ""include_reg_in_val"": false, ""shuffle"": true}}"
a37340c565d8,1,0.2760432585381536,0.0,0.2760432585381536,0.0,0.88,0.0,462.0,0.0,"{""callbacks"": {""early_stopping"": true, ""min_delta"": 0.0, ""mode"": ""auto"", ""monitor"": ""val_loss"", ""patience"": 40, ""restore_best_weights"": true, ""verbose"": 0}, ""cv"": {""k"": 3, ""seed"": 42, ""shuffle"": true}, ""data"": {""train_path"": ""data/MONK/MONK1/monks-1.train""}, ""model"": {""activation"": ""relu"", ""dropout"": 0.2, ""hidden_units"": [4]}, ""optim"": {""lr"": 0.1, ""momentum"": 0.0, ""name"": ""sgd""}, ""regularizer"": {""l2"": ""1e-2""}, ""seed"": 42, ""split"": {""stratified"": true, ""val_size"": 0.2}, ""training"": {""batch_size"": 32, ""epochs"": 800, ""include_reg_in_val"": false, ""shuffle"": true}}"
7a57669cde17,1,0.2761226383009135,0.0,0.2761226383009135,0.0,0.96,0.0,792.0,0.0,"{""callbacks"": {""early_stopping"": true, ""min_delta"": 0.0, ""mode"": ""auto"", ""monitor"": ""val_loss"", ""patience"": 40, ""restore_best_weights"": true, ""verbose"": 0}, ""cv"": {""k"": 3, ""seed"": 42, ""shuffle"": true}, ""data"": {""train_path"": ""data/MONK/MONK1/monks-1.train""}, ""model"": {""activation"": ""relu"", ""dropout"": 0.2, ""hidden_units"": [8, 4]}, ""optim"": {""lr"": 0.01, ""momentum"": 0.0, ""name"": ""sgd""}, ""regularizer"": {""l2"": ""1e-3""}, ""seed"": 42, ""split"": {""stratified"": true, ""val_size"": 0.2}, ""training"": {""batch_size"": 16, ""epochs"": 800, ""include_reg_in_val"": false, ""shuffle"": true}}"
c101ec32f472,1,0.2766868328444897,0.0,0.2766868328444897,0.0,0.88,0.0,800.0,0.0,"{""callbacks"": {""early_stopping"": true, ""min_delta"": 0.0, ""mode"": ""auto"", ""monitor"": ""val_loss"", ""patience"": 40, ""restore_best_weights"": true, ""verbose"": 0}, ""cv"": {""k"": 3, ""seed"": 42, ""shuffle"": true}, ""data"": {""train_path"": ""data/MONK/MONK1/monks-1.train""}, ""model"": {""activation"": ""relu"", ""dropout"": 0.2, ""hidden_units"": [8]}, ""optim"": {""lr"": 0.01, ""momentum"": 0.1, ""name"": ""sgd""}, ""regularizer"": {""l2"": ""1e-2""}, ""seed"": 42, ""split"": {""stratified"": true, ""val_size"": 0.2}, ""training"": {""batch_size"": 16, ""epochs"": 800, ""include_reg_in_val"": false, ""shuffle"": true}}"
27c3fc50d95d,1,0.27721640236543993,0.0,0.27721640236543993,0.0,0.84,0.0,253.0,0.0,"{""callbacks"": {""early_stopping"": true, ""min_delta"": 0.0, ""mode"": ""auto"", ""monitor"": ""val_loss"", ""patience"": 40, ""restore_best_weights"": true, ""verbose"": 0}, ""cv"": {""k"": 3, ""seed"": 42, ""shuffle"": true}, ""data"": {""train_path"": ""data/MONK/MONK1/monks-1.train""}, ""model"": {""activation"": ""tanh"", ""dropout"": 0.0, ""hidden_units"": [4]}, ""optim"": {""lr"": 0.1, ""momentum"": 0.0, ""name"": ""sgd""}, ""regularizer"": {""l2"": ""1e-3""}, ""seed"": 42, ""split"": {""stratified"": true, ""val_size"": 0.2}, ""training"": {""batch_size"": 32, ""epochs"": 800, ""include_reg_in_val"": false, ""shuffle"": true}}"
7c84c6cf9560,1,0.27754997372794077,0.0,0.27754997372794077,0.0,0.88,0.0,39.0,0.0,"{""callbacks"": {""early_stopping"": true, ""min_delta"": 0.0, ""mode"": ""auto"", ""monitor"": ""val_loss"", ""patience"": 40, ""restore_best_weights"": true, ""verbose"": 0}, ""cv"": {""k"": 3, ""seed"": 42, ""shuffle"": true}, ""data"": {""train_path"": ""data/MONK/MONK1/monks-1.train""}, ""model"": {""activation"": ""relu"", ""dropout"": 0.2, ""hidden_units"": [8, 4]}, ""optim"": {""lr"": 0.1, ""momentum"": 0.9, ""name"": ""sgd""}, ""regularizer"": {""l2"": ""1e-3""}, ""seed"": 42, ""split"": {""stratified"": true, ""val_size"": 0.2}, ""training"": {""batch_size"": 32, ""epochs"": 800, ""include_reg_in_val"": false, ""shuffle"": true}}"
ddd9cd156ae9,1,0.2780081870728436,0.0,0.2780081870728436,0.0,0.88,0.0,529.0,0.0,"{""callbacks"": {""early_stopping"": true, ""min_delta"": 0.0, ""mode"": ""auto"", ""monitor"": ""val_loss"", ""patience"": 40, ""restore_best_weights"": true, ""verbose"": 0}, ""cv"": {""k"": 3, ""seed"": 42, ""shuffle"": true}, ""data"": {""train_path"": ""data/MONK/MONK1/monks-1.train""}, ""model"": {""activation"": ""sigmoid"", ""dropout"": 0.2, ""hidden_units"": [8]}, ""optim"": {""lr"": 0.2, ""momentum"": 0.0, ""name"": ""sgd""}, ""regularizer"": {""l2"": ""1e-3""}, ""seed"": 42, ""split"": {""stratified"": true, ""val_size"": 0.2}, ""training"": {""batch_size"": 16, ""epochs"": 800, ""include_reg_in_val"": false, ""shuffle"": true}}"
cc71c844adf4,1,0.2787390743393291,0.0,0.2787390743393291,0.0,0.84,0.0,248.0,0.0,"{""callbacks"": {""early_stopping"": true, ""min_delta"": 0.0, ""mode"": ""auto"", ""monitor"": ""val_loss"", ""patience"": 40, ""restore_best_weights"": true, ""verbose"": 0}, ""cv"": {""k"": 3, ""seed"": 42, ""shuffle"": true}, ""data"": {""train_path"": ""data/MONK/MONK1/monks-1.train""}, ""model"": {""activation"": ""tanh"", ""dropout"": 0.0, ""hidden_units"": [4]}, ""optim"": {""lr"": 0.01, ""momentum"": 0.9, ""name"": ""sgd""}, ""regularizer"": {""l2"": 0.0}, ""seed"": 42, ""split"": {""stratified"": true, ""val_size"": 0.2}, ""training"": {""batch_size"": 32, ""epochs"": 800, ""include_reg_in_val"": false, ""shuffle"": true}}"
ddc35f782846,1,0.280649167637154,0.0,0.280649167637154,0.0,0.88,0.0,744.0,0.0,"{""callbacks"": {""early_stopping"": true, ""min_delta"": 0.0, ""mode"": ""auto"", ""monitor"": ""val_loss"", ""patience"": 40, ""restore_best_weights"": true, ""verbose"": 0}, ""cv"": {""k"": 3, ""seed"": 42, ""shuffle"": true}, ""data"": {""train_path"": ""data/MONK/MONK1/monks-1.train""}, ""model"": {""activation"": ""sigmoid"", ""dropout"": 0.2, ""hidden_units"": [8]}, ""optim"": {""lr"": 0.1, ""momentum"": 0.1, ""name"": ""sgd""}, ""regularizer"": {""l2"": 0.0}, ""seed"": 42, ""split"": {""stratified"": true, ""val_size"": 0.2}, ""training"": {""batch_size"": 16, ""epochs"": 800, ""include_reg_in_val"": false, ""shuffle"": true}}"
5dae3d7201f3,1,0.2807501265020045,0.0,0.2807501265020045,0.0,0.88,0.0,520.0,0.0,"{""callbacks"": {""early_stopping"": true, ""min_delta"": 0.0, ""mode"": ""auto"", ""monitor"": ""val_loss"", ""patience"": 40, ""restore_best_weights"": true, ""verbose"": 0}, ""cv"": {""k"": 3, ""seed"": 42, ""shuffle"": true}, ""data"": {""train_path"": ""data/MONK/MONK1/monks-1.train""}, ""model"": {""activation"": ""relu"", ""dropout"": 0.2, ""hidden_units"": [4]}, ""optim"": {""lr"": 0.01, ""momentum"": 0.9, ""name"": ""sgd""}, ""regularizer"": {""l2"": ""1e-2""}, ""seed"": 42, ""split"": {""stratified"": true, ""val_size"": 0.2}, ""training"": {""batch_size"": 32, ""epochs"": 800, ""include_reg_in_val"": false, ""shuffle"": true}}"
710471039804,1,0.2809264990792571,0.0,0.2809264990792571,0.0,0.88,0.0,344.0,0.0,"{""callbacks"": {""early_stopping"": true, ""min_delta"": 0.0, ""mode"": ""auto"", ""monitor"": ""val_loss"", ""patience"": 40, ""restore_best_weights"": true, ""verbose"": 0}, ""cv"": {""k"": 3, ""seed"": 42, ""shuffle"": true}, ""data"": {""train_path"": ""data/MONK/MONK1/monks-1.train""}, ""model"": {""activation"": ""tanh"", ""dropout"": 0.2, ""hidden_units"": [4]}, ""optim"": {""lr"": 0.01, ""momentum"": 0.9, ""name"": ""sgd""}, ""regularizer"": {""l2"": ""1e-2""}, ""seed"": 42, ""split"": {""stratified"": true, ""val_size"": 0.2}, ""training"": {""batch_size"": 16, ""epochs"": 800, ""include_reg_in_val"": false, ""shuffle"": true}}"
350a90ad1e1d,1,0.28095563292803116,0.0,0.28095563292803116,0.0,0.88,0.0,800.0,0.0,"{""callbacks"": {""early_stopping"": true, ""min_delta"": 0.0, ""mode"": ""auto"", ""monitor"": ""val_loss"", ""patience"": 40, ""restore_best_weights"": true, ""verbose"": 0}, ""cv"": {""k"": 3, ""seed"": 42, ""shuffle"": true}, ""data"": {""train_path"": ""data/MONK/MONK1/monks-1.train""}, ""model"": {""activation"": ""tanh"", ""dropout"": 0.0, ""hidden_units"": [8]}, ""optim"": {""lr"": 0.01, ""momentum"": 0.1, ""name"": ""sgd""}, ""regularizer"": {""l2"": ""1e-3""}, ""seed"": 42, ""split"": {""stratified"": true, ""val_size"": 0.2}, ""training"": {""batch_size"": 16, ""epochs"": 800, ""include_reg_in_val"": false, ""shuffle"": true}}"
1d831ba193b2,1,0.28109479512188235,0.0,0.28109479512188235,0.0,0.88,0.0,182.0,0.0,"{""callbacks"": {""early_stopping"": true, ""min_delta"": 0.0, ""mode"": ""auto"", ""monitor"": ""val_loss"", ""patience"": 40, ""restore_best_weights"": true, ""verbose"": 0}, ""cv"": {""k"": 3, ""seed"": 42, ""shuffle"": true}, ""data"": {""train_path"": ""data/MONK/MONK1/monks-1.train""}, ""model"": {""activation"": ""sigmoid"", ""dropout"": 0.0, ""hidden_units"": [8, 4]}, ""optim"": {""lr"": 0.1, ""momentum"": 0.9, ""name"": ""sgd""}, ""regularizer"": {""l2"": 0.0}, ""seed"": 42, ""split"": {""stratified"": true, ""val_size"": 0.2}, ""training"": {""batch_size"": 32, ""epochs"": 800, ""include_reg_in_val"": false, ""shuffle"": true}}"
10f7d01c8b3d,1,0.2812217517596211,0.0,0.2812217517596211,0.0,0.84,0.0,243.0,0.0,"{""callbacks"": {""early_stopping"": true, ""min_delta"": 0.0, ""mode"": ""auto"", ""monitor"": ""val_loss"", ""patience"": 40, ""restore_best_weights"": true, ""verbose"": 0}, ""cv"": {""k"": 3, ""seed"": 42, ""shuffle"": true}, ""data"": {""train_path"": ""data/MONK/MONK1/monks-1.train""}, ""model"": {""activation"": ""tanh"", ""dropout"": 0.0, ""hidden_units"": [4]}, ""optim"": {""lr"": 0.01, ""momentum"": 0.9, ""name"": ""sgd""}, ""regularizer"": {""l2"": ""1e-3""}, ""seed"": 42, ""split"": {""stratified"": true, ""val_size"": 0.2}, ""training"": {""batch_size"": 32, ""epochs"": 800, ""include_reg_in_val"": false, ""shuffle"": true}}"
fa23eba9fb87,1,0.2820017930029777,0.0,0.2820017930029777,0.0,0.88,0.0,542.0,0.0,"{""callbacks"": {""early_stopping"": true, ""min_delta"": 0.0, ""mode"": ""auto"", ""monitor"": ""val_loss"", ""patience"": 40, ""restore_best_weights"": true, ""verbose"": 0}, ""cv"": {""k"": 3, ""seed"": 42, ""shuffle"": true}, ""data"": {""train_path"": ""data/MONK/MONK1/monks-1.train""}, ""model"": {""activation"": ""sigmoid"", ""dropout"": 0.0, ""hidden_units"": [4]}, ""optim"": {""lr"": 0.1, ""momentum"": 0.1, ""name"": ""sgd""}, ""regularizer"": {""l2"": 0.0}, ""seed"": 42, ""split"": {""stratified"": true, ""val_size"": 0.2}, ""training"": {""batch_size"": 16, ""epochs"": 800, ""include_reg_in_val"": false, ""shuffle"": true}}"
5f55f0af1bbe,1,0.2829214705718924,0.0,0.2829214705718924,0.0,0.84,0.0,51.0,0.0,"{""callbacks"": {""early_stopping"": true, ""min_delta"": 0.0, ""mode"": ""auto"", ""monitor"": ""val_loss"", ""patience"": 40, ""restore_best_weights"": true, ""verbose"": 0}, ""cv"": {""k"": 3, ""seed"": 42, ""shuffle"": true}, ""data"": {""train_path"": ""data/MONK/MONK1/monks-1.train""}, ""model"": {""activation"": ""relu"", ""dropout"": 0.2, ""hidden_units"": [8, 4]}, ""optim"": {""lr"": 0.2, ""momentum"": 0.9, ""name"": ""sgd""}, ""regularizer"": {""l2"": ""1e-3""}, ""seed"": 42, ""split"": {""stratified"": true, ""val_size"": 0.2}, ""training"": {""batch_size"": 32, ""epochs"": 800, ""include_reg_in_val"": false, ""shuffle"": true}}"
e55230571e51,1,0.28344905658029157,0.0,0.28344905658029157,0.0,0.92,0.0,80.0,0.0,"{""callbacks"": {""early_stopping"": true, ""min_delta"": 0.0, ""mode"": ""auto"", ""monitor"": ""val_loss"", ""patience"": 40, ""restore_best_weights"": true, ""verbose"": 0}, ""cv"": {""k"": 3, ""seed"": 42, ""shuffle"": true}, ""data"": {""train_path"": ""data/MONK/MONK1/monks-1.train""}, ""model"": {""activation"": ""tanh"", ""dropout"": 0.2, ""hidden_units"": [4]}, ""optim"": {""lr"": 0.2, ""momentum"": 0.9, ""name"": ""sgd""}, ""regularizer"": {""l2"": ""1e-2""}, ""seed"": 42, ""split"": {""stratified"": true, ""val_size"": 0.2}, ""training"": {""batch_size"": 16, ""epochs"": 800, ""include_reg_in_val"": false, ""shuffle"": true}}"
700aafa6d4d7,1,0.283976650770108,0.0,0.283976650770108,0.0,0.88,0.0,80.0,0.0,"{""callbacks"": {""early_stopping"": true, ""min_delta"": 0.0, ""mode"": ""auto"", ""monitor"": ""val_loss"", ""patience"": 40, ""restore_best_weights"": true, ""verbose"": 0}, ""cv"": {""k"": 3, ""seed"": 42, ""shuffle"": true}, ""data"": {""train_path"": ""data/MONK/MONK1/monks-1.train""}, ""model"": {""activation"": ""relu"", ""dropout"": 0.2, ""hidden_units"": [4]}, ""optim"": {""lr"": 0.1, ""momentum"": 0.9, ""name"": ""sgd""}, ""regularizer"": {""l2"": ""1e-2""}, ""seed"": 42, ""split"": {""stratified"": true, ""val_size"": 0.2}, ""training"": {""batch_size"": 16, ""epochs"": 800, ""include_reg_in_val"": false, ""shuffle"": true}}"
be49deb8f033,1,0.28780882350900866,0.0,0.28780882350900866,0.0,0.88,0.0,800.0,0.0,"{""callbacks"": {""early_stopping"": true, ""min_delta"": 0.0, ""mode"": ""auto"", ""monitor"": ""val_loss"", ""patience"": 40, ""restore_best_weights"": true, ""verbose"": 0}, ""cv"": {""k"": 3, ""seed"": 42, ""shuffle"": true}, ""data"": {""train_path"": ""data/MONK/MONK1/monks-1.train""}, ""model"": {""activation"": ""relu"", ""dropout"": 0.0, ""hidden_units"": [8]}, ""optim"": {""lr"": 0.01, ""momentum"": 0.1, ""name"": ""sgd""}, ""regularizer"": {""l2"": ""1e-2""}, ""seed"": 42, ""split"": {""stratified"": true, ""val_size"": 0.2}, ""training"": {""batch_size"": 16, ""epochs"": 800, ""include_reg_in_val"": false, ""shuffle"": true}}"
599300ff75c2,1,0.28782149503599097,0.0,0.28782149503599097,0.0,0.96,0.0,792.0,0.0,"{""callbacks"": {""early_stopping"": true, ""min_delta"": 0.0, ""mode"": ""auto"", ""monitor"": ""val_loss"", ""patience"": 40, ""restore_best_weights"": true, ""verbose"": 0}, ""cv"": {""k"": 3, ""seed"": 42, ""shuffle"": true}, ""data"": {""train_path"": ""data/MONK/MONK1/monks-1.train""}, ""model"": {""activation"": ""relu"", ""dropout"": 0.2, ""hidden_units"": [8, 4]}, ""optim"": {""lr"": 0.01, ""momentum"": 0.1, ""name"": ""sgd""}, ""regularizer"": {""l2"": ""1e-2""}, ""seed"": 42, ""split"": {""stratified"": true, ""val_size"": 0.2}, ""training"": {""batch_size"": 16, ""epochs"": 800, ""include_reg_in_val"": false, ""shuffle"": true}}"
1ea73bab6226,1,0.2880879162754043,0.0,0.2880879162754043,0.0,0.88,0.0,244.0,0.0,"{""callbacks"": {""early_stopping"": true, ""min_delta"": 0.0, ""mode"": ""auto"", ""monitor"": ""val_loss"", ""patience"": 40, ""restore_best_weights"": true, ""verbose"": 0}, ""cv"": {""k"": 3, ""seed"": 42, ""shuffle"": true}, ""data"": {""train_path"": ""data/MONK/MONK1/monks-1.train""}, ""model"": {""activation"": ""tanh"", ""dropout"": 0.0, ""hidden_units"": [8]}, ""optim"": {""lr"": 0.01, ""momentum"": 0.9, ""name"": ""sgd""}, ""regularizer"": {""l2"": ""1e-2""}, ""seed"": 42, ""split"": {""stratified"": true, ""val_size"": 0.2}, ""training"": {""batch_size"": 32, ""epochs"": 800, ""include_reg_in_val"": false, ""shuffle"": true}}"
aacc0aee3d4e,1,0.288632087249821,0.0,0.288632087249821,0.0,0.88,0.0,798.0,0.0,"{""callbacks"": {""early_stopping"": true, ""min_delta"": 0.0, ""mode"": ""auto"", ""monitor"": ""val_loss"", ""patience"": 40, ""restore_best_weights"": true, ""verbose"": 0}, ""cv"": {""k"": 3, ""seed"": 42, ""shuffle"": true}, ""data"": {""train_path"": ""data/MONK/MONK1/monks-1.train""}, ""model"": {""activation"": ""relu"", ""dropout"": 0.0, ""hidden_units"": [8, 4]}, ""optim"": {""lr"": 0.01, ""momentum"": 0.1, ""name"": ""sgd""}, ""regularizer"": {""l2"": 0.0}, ""seed"": 42, ""split"": {""stratified"": true, ""val_size"": 0.2}, ""training"": {""batch_size"": 32, ""epochs"": 800, ""include_reg_in_val"": false, ""shuffle"": true}}"
24da45c82309,1,0.2894106390883737,0.0,0.2894106390883737,0.0,0.88,0.0,545.0,0.0,"{""callbacks"": {""early_stopping"": true, ""min_delta"": 0.0, ""mode"": ""auto"", ""monitor"": ""val_loss"", ""patience"": 40, ""restore_best_weights"": true, ""verbose"": 0}, ""cv"": {""k"": 3, ""seed"": 42, ""shuffle"": true}, ""data"": {""train_path"": ""data/MONK/MONK1/monks-1.train""}, ""model"": {""activation"": ""tanh"", ""dropout"": 0.2, ""hidden_units"": [4]}, ""optim"": {""lr"": 0.1, ""momentum"": 0.0, ""name"": ""sgd""}, ""regularizer"": {""l2"": ""1e-2""}, ""seed"": 42, ""split"": {""stratified"": true, ""val_size"": 0.2}, ""training"": {""batch_size"": 32, ""epochs"": 800, ""include_reg_in_val"": false, ""shuffle"": true}}"
a287d07926fb,1,0.29050604794777984,0.0,0.29050604794777984,0.0,0.84,0.0,800.0,0.0,"{""callbacks"": {""early_stopping"": true, ""min_delta"": 0.0, ""mode"": ""auto"", ""monitor"": ""val_loss"", ""patience"": 40, ""restore_best_weights"": true, ""verbose"": 0}, ""cv"": {""k"": 3, ""seed"": 42, ""shuffle"": true}, ""data"": {""train_path"": ""data/MONK/MONK1/monks-1.train""}, ""model"": {""activation"": ""relu"", ""dropout"": 0.0, ""hidden_units"": [4]}, ""optim"": {""lr"": 0.01, ""momentum"": 0.1, ""name"": ""sgd""}, ""regularizer"": {""l2"": ""1e-2""}, ""seed"": 42, ""split"": {""stratified"": true, ""val_size"": 0.2}, ""training"": {""batch_size"": 16, ""epochs"": 800, ""include_reg_in_val"": false, ""shuffle"": true}}"
314d34deca3a,1,0.2921534522159271,0.0,0.2921534522159271,0.0,0.88,0.0,800.0,0.0,"{""callbacks"": {""early_stopping"": true, ""min_delta"": 0.0, ""mode"": ""auto"", ""monitor"": ""val_loss"", ""patience"": 40, ""restore_best_weights"": true, ""verbose"": 0}, ""cv"": {""k"": 3, ""seed"": 42, ""shuffle"": true}, ""data"": {""train_path"": ""data/MONK/MONK1/monks-1.train""}, ""model"": {""activation"": ""relu"", ""dropout"": 0.0, ""hidden_units"": [8, 4]}, ""optim"": {""lr"": 0.01, ""momentum"": 0.1, ""name"": ""sgd""}, ""regularizer"": {""l2"": ""1e-3""}, ""seed"": 42, ""split"": {""stratified"": true, ""val_size"": 0.2}, ""training"": {""batch_size"": 32, ""epochs"": 800, ""include_reg_in_val"": false, ""shuffle"": true}}"
db3693a6764b,1,0.29481908201410395,0.0,0.29481908201410395,0.0,0.88,0.0,800.0,0.0,"{""callbacks"": {""early_stopping"": true, ""min_delta"": 0.0, ""mode"": ""auto"", ""monitor"": ""val_loss"", ""patience"": 40, ""restore_best_weights"": true, ""verbose"": 0}, ""cv"": {""k"": 3, ""seed"": 42, ""shuffle"": true}, ""data"": {""train_path"": ""data/MONK/MONK1/monks-1.train""}, ""model"": {""activation"": ""relu"", ""dropout"": 0.0, ""hidden_units"": [8]}, ""optim"": {""lr"": 0.01, ""momentum"": 0.1, ""name"": ""sgd""}, ""regularizer"": {""l2"": ""1e-3""}, ""seed"": 42, ""split"": {""stratified"": true, ""val_size"": 0.2}, ""training"": {""batch_size"": 16, ""epochs"": 800, ""include_reg_in_val"": false, ""shuffle"": true}}"
2c1f8c350cc4,1,0.29497666420177887,0.0,0.29497666420177887,0.0,0.88,0.0,800.0,0.0,"{""callbacks"": {""early_stopping"": true, ""min_delta"": 0.0, ""mode"": ""auto"", ""monitor"": ""val_loss"", ""patience"": 40, ""restore_best_weights"": true, ""verbose"": 0}, ""cv"": {""k"": 3, ""seed"": 42, ""shuffle"": true}, ""data"": {""train_path"": ""data/MONK/MONK1/monks-1.train""}, ""model"": {""activation"": ""tanh"", ""dropout"": 0.0, ""hidden_units"": [8, 4]}, ""optim"": {""lr"": 0.01, ""momentum"": 0.1, ""name"": ""sgd""}, ""regularizer"": {""l2"": ""1e-2""}, ""seed"": 42, ""split"": {""stratified"": true, ""val_size"": 0.2}, ""training"": {""batch_size"": 32, ""epochs"": 800, ""include_reg_in_val"": false, ""shuffle"": true}}"
a6879f023b4c,1,0.29506109291921373,0.0,0.29506109291921373,0.0,0.84,0.0,248.0,0.0,"{""callbacks"": {""early_stopping"": true, ""min_delta"": 0.0, ""mode"": ""auto"", ""monitor"": ""val_loss"", ""patience"": 40, ""restore_best_weights"": true, ""verbose"": 0}, ""cv"": {""k"": 3, ""seed"": 42, ""shuffle"": true}, ""data"": {""train_path"": ""data/MONK/MONK1/monks-1.train""}, ""model"": {""activation"": ""relu"", ""dropout"": 0.2, ""hidden_units"": [4]}, ""optim"": {""lr"": 0.01, ""momentum"": 0.9, ""name"": ""sgd""}, ""regularizer"": {""l2"": ""1e-2""}, ""seed"": 42, ""split"": {""stratified"": true, ""val_size"": 0.2}, ""training"": {""batch_size"": 16, ""epochs"": 800, ""include_reg_in_val"": false, ""shuffle"": true}}"
5113a64a6ad1,1,0.2972079225604616,0.0,0.2972079225604616,0.0,0.88,0.0,800.0,0.0,"{""callbacks"": {""early_stopping"": true, ""min_delta"": 0.0, ""mode"": ""auto"", ""monitor"": ""val_loss"", ""patience"": 40, ""restore_best_weights"": true, ""verbose"": 0}, ""cv"": {""k"": 3, ""seed"": 42, ""shuffle"": true}, ""data"": {""train_path"": ""data/MONK/MONK1/monks-1.train""}, ""model"": {""activation"": ""tanh"", ""dropout"": 0.0, ""hidden_units"": [8]}, ""optim"": {""lr"": 0.01, ""momentum"": 0.0, ""name"": ""sgd""}, ""regularizer"": {""l2"": 0.0}, ""seed"": 42, ""split"": {""stratified"": true, ""val_size"": 0.2}, ""training"": {""batch_size"": 16, ""epochs"": 800, ""include_reg_in_val"": false, ""shuffle"": true}}"
b7dd6795944e,1,0.2978456952839019,0.0,0.2978456952839019,0.0,0.88,0.0,800.0,0.0,"{""callbacks"": {""early_stopping"": true, ""min_delta"": 0.0, ""mode"": ""auto"", ""monitor"": ""val_loss"", ""patience"": 40, ""restore_best_weights"": true, ""verbose"": 0}, ""cv"": {""k"": 3, ""seed"": 42, ""shuffle"": true}, ""data"": {""train_path"": ""data/MONK/MONK1/monks-1.train""}, ""model"": {""activation"": ""relu"", ""dropout"": 0.0, ""hidden_units"": [8]}, ""optim"": {""lr"": 0.01, ""momentum"": 0.1, ""name"": ""sgd""}, ""regularizer"": {""l2"": 0.0}, ""seed"": 42, ""split"": {""stratified"": true, ""val_size"": 0.2}, ""training"": {""batch_size"": 16, ""epochs"": 800, ""include_reg_in_val"": false, ""shuffle"": true}}"
9178873fad77,1,0.2978799846179212,0.0,0.2978799846179212,0.0,0.88,0.0,744.0,0.0,"{""callbacks"": {""early_stopping"": true, ""min_delta"": 0.0, ""mode"": ""auto"", ""monitor"": ""val_loss"", ""patience"": 40, ""restore_best_weights"": true, ""verbose"": 0}, ""cv"": {""k"": 3, ""seed"": 42, ""shuffle"": true}, ""data"": {""train_path"": ""data/MONK/MONK1/monks-1.train""}, ""model"": {""activation"": ""sigmoid"", ""dropout"": 0.2, ""hidden_units"": [8]}, ""optim"": {""lr"": 0.1, ""momentum"": 0.0, ""name"": ""sgd""}, ""regularizer"": {""l2"": 0.0}, ""seed"": 42, ""split"": {""stratified"": true, ""val_size"": 0.2}, ""training"": {""batch_size"": 16, ""epochs"": 800, ""include_reg_in_val"": false, ""shuffle"": true}}"
8f29bca25b52,1,0.3004367230530784,0.0,0.3004367230530784,0.0,0.88,0.0,745.0,0.0,"{""callbacks"": {""early_stopping"": true, ""min_delta"": 0.0, ""mode"": ""auto"", ""monitor"": ""val_loss"", ""patience"": 40, ""restore_best_weights"": true, ""verbose"": 0}, ""cv"": {""k"": 3, ""seed"": 42, ""shuffle"": true}, ""data"": {""train_path"": ""data/MONK/MONK1/monks-1.train""}, ""model"": {""activation"": ""sigmoid"", ""dropout"": 0.2, ""hidden_units"": [8]}, ""optim"": {""lr"": 0.01, ""momentum"": 0.9, ""name"": ""sgd""}, ""regularizer"": {""l2"": 0.0}, ""seed"": 42, ""split"": {""stratified"": true, ""val_size"": 0.2}, ""training"": {""batch_size"": 16, ""epochs"": 800, ""include_reg_in_val"": false, ""shuffle"": true}}"
359465fc3787,1,0.30297555332929105,0.0,0.30297555332929105,0.0,0.88,0.0,800.0,0.0,"{""callbacks"": {""early_stopping"": true, ""min_delta"": 0.0, ""mode"": ""auto"", ""monitor"": ""val_loss"", ""patience"": 40, ""restore_best_weights"": true, ""verbose"": 0}, ""cv"": {""k"": 3, ""seed"": 42, ""shuffle"": true}, ""data"": {""train_path"": ""data/MONK/MONK1/monks-1.train""}, ""model"": {""activation"": ""relu"", ""dropout"": 0.0, ""hidden_units"": [8]}, ""optim"": {""lr"": 0.01, ""momentum"": 0.0, ""name"": ""sgd""}, ""regularizer"": {""l2"": ""1e-3""}, ""seed"": 42, ""split"": {""stratified"": true, ""val_size"": 0.2}, ""training"": {""batch_size"": 16, ""epochs"": 800, ""include_reg_in_val"": false, ""shuffle"": true}}"
7dc2b286a4b6,1,0.30306825268716336,0.0,0.30306825268716336,0.0,0.88,0.0,800.0,0.0,"{""callbacks"": {""early_stopping"": true, ""min_delta"": 0.0, ""mode"": ""auto"", ""monitor"": ""val_loss"", ""patience"": 40, ""restore_best_weights"": true, ""verbose"": 0}, ""cv"": {""k"": 3, ""seed"": 42, ""shuffle"": true}, ""data"": {""train_path"": ""data/MONK/MONK1/monks-1.train""}, ""model"": {""activation"": ""relu"", ""dropout"": 0.0, ""hidden_units"": [8]}, ""optim"": {""lr"": 0.01, ""momentum"": 0.0, ""name"": ""sgd""}, ""regularizer"": {""l2"": 0.0}, ""seed"": 42, ""split"": {""stratified"": true, ""val_size"": 0.2}, ""training"": {""batch_size"": 16, ""epochs"": 800, ""include_reg_in_val"": false, ""shuffle"": true}}"
a67733d5e024,1,0.3041018299953686,0.0,0.3041018299953686,0.0,0.96,0.0,792.0,0.0,"{""callbacks"": {""early_stopping"": true, ""min_delta"": 0.0, ""mode"": ""auto"", ""monitor"": ""val_loss"", ""patience"": 40, ""restore_best_weights"": true, ""verbose"": 0}, ""cv"": {""k"": 3, ""seed"": 42, ""shuffle"": true}, ""data"": {""train_path"": ""data/MONK/MONK1/monks-1.train""}, ""model"": {""activation"": ""relu"", ""dropout"": 0.2, ""hidden_units"": [8, 4]}, ""optim"": {""lr"": 0.01, ""momentum"": 0.0, ""name"": ""sgd""}, ""regularizer"": {""l2"": ""1e-2""}, ""seed"": 42, ""split"": {""stratified"": true, ""val_size"": 0.2}, ""training"": {""batch_size"": 16, ""epochs"": 800, ""include_reg_in_val"": false, ""shuffle"": true}}"
3700f258f74e,1,0.30446702421138583,0.0,0.30446702421138583,0.0,0.88,0.0,542.0,0.0,"{""callbacks"": {""early_stopping"": true, ""min_delta"": 0.0, ""mode"": ""auto"", ""monitor"": ""val_loss"", ""patience"": 40, ""restore_best_weights"": true, ""verbose"": 0}, ""cv"": {""k"": 3, ""seed"": 42, ""shuffle"": true}, ""data"": {""train_path"": ""data/MONK/MONK1/monks-1.train""}, ""model"": {""activation"": ""sigmoid"", ""dropout"": 0.0, ""hidden_units"": [4]}, ""optim"": {""lr"": 0.2, ""momentum"": 0.0, ""name"": ""sgd""}, ""regularizer"": {""l2"": ""1e-3""}, ""seed"": 42, ""split"": {""stratified"": true, ""val_size"": 0.2}, ""training"": {""batch_size"": 32, ""epochs"": 800, ""include_reg_in_val"": false, ""shuffle"": true}}"
cf937a39b10a,1,0.30654422624035005,0.0,0.30654422624035005,0.0,0.88,0.0,800.0,0.0,"{""callbacks"": {""early_stopping"": true, ""min_delta"": 0.0, ""mode"": ""auto"", ""monitor"": ""val_loss"", ""patience"": 40, ""restore_best_weights"": true, ""verbose"": 0}, ""cv"": {""k"": 3, ""seed"": 42, ""shuffle"": true}, ""data"": {""train_path"": ""data/MONK/MONK1/monks-1.train""}, ""model"": {""activation"": ""relu"", ""dropout"": 0.0, ""hidden_units"": [4]}, ""optim"": {""lr"": 0.01, ""momentum"": 0.0, ""name"": ""sgd""}, ""regularizer"": {""l2"": ""1e-2""}, ""seed"": 42, ""split"": {""stratified"": true, ""val_size"": 0.2}, ""training"": {""batch_size"": 16, ""epochs"": 800, ""include_reg_in_val"": false, ""shuffle"": true}}"
75e522362349,1,0.3068379385852114,0.0,0.3068379385852114,0.0,0.88,0.0,727.0,0.0,"{""callbacks"": {""early_stopping"": true, ""min_delta"": 0.0, ""mode"": ""auto"", ""monitor"": ""val_loss"", ""patience"": 40, ""restore_best_weights"": true, ""verbose"": 0}, ""cv"": {""k"": 3, ""seed"": 42, ""shuffle"": true}, ""data"": {""train_path"": ""data/MONK/MONK1/monks-1.train""}, ""model"": {""activation"": ""sigmoid"", ""dropout"": 0.2, ""hidden_units"": [4]}, ""optim"": {""lr"": 0.2, ""momentum"": 0.0, ""name"": ""sgd""}, ""regularizer"": {""l2"": ""1e-3""}, ""seed"": 42, ""split"": {""stratified"": true, ""val_size"": 0.2}, ""training"": {""batch_size"": 16, ""epochs"": 800, ""include_reg_in_val"": false, ""shuffle"": true}}"
4a33726d7318,1,0.30707548284546177,0.0,0.30707548284546177,0.0,0.88,0.0,800.0,0.0,"{""callbacks"": {""early_stopping"": true, ""min_delta"": 0.0, ""mode"": ""auto"", ""monitor"": ""val_loss"", ""patience"": 40, ""restore_best_weights"": true, ""verbose"": 0}, ""cv"": {""k"": 3, ""seed"": 42, ""shuffle"": true}, ""data"": {""train_path"": ""data/MONK/MONK1/monks-1.train""}, ""model"": {""activation"": ""sigmoid"", ""dropout"": 0.2, ""hidden_units"": [8]}, ""optim"": {""lr"": 0.1, ""momentum"": 0.1, ""name"": ""sgd""}, ""regularizer"": {""l2"": ""1e-3""}, ""seed"": 42, ""split"": {""stratified"": true, ""val_size"": 0.2}, ""training"": {""batch_size"": 16, ""epochs"": 800, ""include_reg_in_val"": false, ""shuffle"": true}}"
bc05ffa430d2,1,0.30764251422468175,0.0,0.30764251422468175,0.0,0.88,0.0,800.0,0.0,"{""callbacks"": {""early_stopping"": true, ""min_delta"": 0.0, ""mode"": ""auto"", ""monitor"": ""val_loss"", ""patience"": 40, ""restore_best_weights"": true, ""verbose"": 0}, ""cv"": {""k"": 3, ""seed"": 42, ""shuffle"": true}, ""data"": {""train_path"": ""data/MONK/MONK1/monks-1.train""}, ""model"": {""activation"": ""tanh"", ""dropout"": 0.0, ""hidden_units"": [8]}, ""optim"": {""lr"": 0.01, ""momentum"": 0.0, ""name"": ""sgd""}, ""regularizer"": {""l2"": ""1e-3""}, ""seed"": 42, ""split"": {""stratified"": true, ""val_size"": 0.2}, ""training"": {""batch_size"": 16, ""epochs"": 800, ""include_reg_in_val"": false, ""shuffle"": true}}"
13fa1af85484,1,0.30860606196862617,0.0,0.30860606196862617,0.0,0.8,0.0,475.0,0.0,"{""callbacks"": {""early_stopping"": true, ""min_delta"": 0.0, ""mode"": ""auto"", ""monitor"": ""val_loss"", ""patience"": 40, ""restore_best_weights"": true, ""verbose"": 0}, ""cv"": {""k"": 3, ""seed"": 42, ""shuffle"": true}, ""data"": {""train_path"": ""data/MONK/MONK1/monks-1.train""}, ""model"": {""activation"": ""sigmoid"", ""dropout"": 0.0, ""hidden_units"": [4]}, ""optim"": {""lr"": 0.2, ""momentum"": 0.1, ""name"": ""sgd""}, ""regularizer"": {""l2"": 0.0}, ""seed"": 42, ""split"": {""stratified"": true, ""val_size"": 0.2}, ""training"": {""batch_size"": 32, ""epochs"": 800, ""include_reg_in_val"": false, ""shuffle"": true}}"
33a1a23e8b1c,1,0.30960964928284135,0.0,0.30960964928284135,0.0,0.88,0.0,800.0,0.0,"{""callbacks"": {""early_stopping"": true, ""min_delta"": 0.0, ""mode"": ""auto"", ""monitor"": ""val_loss"", ""patience"": 40, ""restore_best_weights"": true, ""verbose"": 0}, ""cv"": {""k"": 3, ""seed"": 42, ""shuffle"": true}, ""data"": {""train_path"": ""data/MONK/MONK1/monks-1.train""}, ""model"": {""activation"": ""relu"", ""dropout"": 0.0, ""hidden_units"": [8, 4]}, ""optim"": {""lr"": 0.01, ""momentum"": 0.1, ""name"": ""sgd""}, ""regularizer"": {""l2"": ""1e-2""}, ""seed"": 42, ""split"": {""stratified"": true, ""val_size"": 0.2}, ""training"": {""batch_size"": 32, ""epochs"": 800, ""include_reg_in_val"": false, ""shuffle"": true}}"
a825f9630ebf,1,0.31023019536870605,0.0,0.31023019536870605,0.0,0.88,0.0,800.0,0.0,"{""callbacks"": {""early_stopping"": true, ""min_delta"": 0.0, ""mode"": ""auto"", ""monitor"": ""val_loss"", ""patience"": 40, ""restore_best_weights"": true, ""verbose"": 0}, ""cv"": {""k"": 3, ""seed"": 42, ""shuffle"": true}, ""data"": {""train_path"": ""data/MONK/MONK1/monks-1.train""}, ""model"": {""activation"": ""relu"", ""dropout"": 0.0, ""hidden_units"": [8]}, ""optim"": {""lr"": 0.01, ""momentum"": 0.0, ""name"": ""sgd""}, ""regularizer"": {""l2"": ""1e-2""}, ""seed"": 42, ""split"": {""stratified"": true, ""val_size"": 0.2}, ""training"": {""batch_size"": 16, ""epochs"": 800, ""include_reg_in_val"": false, ""shuffle"": true}}"
037cdeed7d26,1,0.3125619504665104,0.0,0.3125619504665104,0.0,0.88,0.0,796.0,0.0,"{""callbacks"": {""early_stopping"": true, ""min_delta"": 0.0, ""mode"": ""auto"", ""monitor"": ""val_loss"", ""patience"": 40, ""restore_best_weights"": true, ""verbose"": 0}, ""cv"": {""k"": 3, ""seed"": 42, ""shuffle"": true}, ""data"": {""train_path"": ""data/MONK/MONK1/monks-1.train""}, ""model"": {""activation"": ""sigmoid"", ""dropout"": 0.0, ""hidden_units"": [8, 4]}, ""optim"": {""lr"": 0.01, ""momentum"": 0.9, ""name"": ""sgd""}, ""regularizer"": {""l2"": ""1e-3""}, ""seed"": 42, ""split"": {""stratified"": true, ""val_size"": 0.2}, ""training"": {""batch_size"": 16, ""epochs"": 800, ""include_reg_in_val"": false, ""shuffle"": true}}"
4240eab449fa,1,0.3126621916744458,0.0,0.3126621916744458,0.0,0.88,0.0,115.0,0.0,"{""callbacks"": {""early_stopping"": true, ""min_delta"": 0.0, ""mode"": ""auto"", ""monitor"": ""val_loss"", ""patience"": 40, ""restore_best_weights"": true, ""verbose"": 0}, ""cv"": {""k"": 3, ""seed"": 42, ""shuffle"": true}, ""data"": {""train_path"": ""data/MONK/MONK1/monks-1.train""}, ""model"": {""activation"": ""relu"", ""dropout"": 0.2, ""hidden_units"": [4]}, ""optim"": {""lr"": 0.2, ""momentum"": 0.0, ""name"": ""sgd""}, ""regularizer"": {""l2"": ""1e-3""}, ""seed"": 42, ""split"": {""stratified"": true, ""val_size"": 0.2}, ""training"": {""batch_size"": 32, ""epochs"": 800, ""include_reg_in_val"": false, ""shuffle"": true}}"
5b05e9a3c6cb,1,0.3126765258466003,0.0,0.3126765258466003,0.0,0.84,0.0,34.0,0.0,"{""callbacks"": {""early_stopping"": true, ""min_delta"": 0.0, ""mode"": ""auto"", ""monitor"": ""val_loss"", ""patience"": 40, ""restore_best_weights"": true, ""verbose"": 0}, ""cv"": {""k"": 3, ""seed"": 42, ""shuffle"": true}, ""data"": {""train_path"": ""data/MONK/MONK1/monks-1.train""}, ""model"": {""activation"": ""relu"", ""dropout"": 0.2, ""hidden_units"": [8, 4]}, ""optim"": {""lr"": 0.2, ""momentum"": 0.9, ""name"": ""sgd""}, ""regularizer"": {""l2"": ""1e-2""}, ""seed"": 42, ""split"": {""stratified"": true, ""val_size"": 0.2}, ""training"": {""batch_size"": 16, ""epochs"": 800, ""include_reg_in_val"": false, ""shuffle"": true}}"
eebc94bb8ad5,1,0.31295813872869455,0.0,0.31295813872869455,0.0,0.88,0.0,243.0,0.0,"{""callbacks"": {""early_stopping"": true, ""min_delta"": 0.0, ""mode"": ""auto"", ""monitor"": ""val_loss"", ""patience"": 40, ""restore_best_weights"": true, ""verbose"": 0}, ""cv"": {""k"": 3, ""seed"": 42, ""shuffle"": true}, ""data"": {""train_path"": ""data/MONK/MONK1/monks-1.train""}, ""model"": {""activation"": ""sigmoid"", ""dropout"": 0.2, ""hidden_units"": [8, 4]}, ""optim"": {""lr"": 0.1, ""momentum"": 0.9, ""name"": ""sgd""}, ""regularizer"": {""l2"": 0.0}, ""seed"": 42, ""split"": {""stratified"": true, ""val_size"": 0.2}, ""training"": {""batch_size"": 16, ""epochs"": 800, ""include_reg_in_val"": false, ""shuffle"": true}}"
6daa6c5dc064,1,0.31307599497376976,0.0,0.31307599497376976,0.0,0.84,0.0,98.0,0.0,"{""callbacks"": {""early_stopping"": true, ""min_delta"": 0.0, ""mode"": ""auto"", ""monitor"": ""val_loss"", ""patience"": 40, ""restore_best_weights"": true, ""verbose"": 0}, ""cv"": {""k"": 3, ""seed"": 42, ""shuffle"": true}, ""data"": {""train_path"": ""data/MONK/MONK1/monks-1.train""}, ""model"": {""activation"": ""relu"", ""dropout"": 0.2, ""hidden_units"": [4]}, ""optim"": {""lr"": 0.2, ""momentum"": 0.9, ""name"": ""sgd""}, ""regularizer"": {""l2"": ""1e-3""}, ""seed"": 42, ""split"": {""stratified"": true, ""val_size"": 0.2}, ""training"": {""batch_size"": 32, ""epochs"": 800, ""include_reg_in_val"": false, ""shuffle"": true}}"
7e664f53cfb9,1,0.31428301890247456,0.0,0.31428301890247456,0.0,0.88,0.0,800.0,0.0,"{""callbacks"": {""early_stopping"": true, ""min_delta"": 0.0, ""mode"": ""auto"", ""monitor"": ""val_loss"", ""patience"": 40, ""restore_best_weights"": true, ""verbose"": 0}, ""cv"": {""k"": 3, ""seed"": 42, ""shuffle"": true}, ""data"": {""train_path"": ""data/MONK/MONK1/monks-1.train""}, ""model"": {""activation"": ""relu"", ""dropout"": 0.0, ""hidden_units"": [8, 4]}, ""optim"": {""lr"": 0.01, ""momentum"": 0.0, ""name"": ""sgd""}, ""regularizer"": {""l2"": 0.0}, ""seed"": 42, ""split"": {""stratified"": true, ""val_size"": 0.2}, ""training"": {""batch_size"": 32, ""epochs"": 800, ""include_reg_in_val"": false, ""shuffle"": true}}"
083765b8c290,1,0.31455410470709655,0.0,0.31455410470709655,0.0,0.88,0.0,475.0,0.0,"{""callbacks"": {""early_stopping"": true, ""min_delta"": 0.0, ""mode"": ""auto"", ""monitor"": ""val_loss"", ""patience"": 40, ""restore_best_weights"": true, ""verbose"": 0}, ""cv"": {""k"": 3, ""seed"": 42, ""shuffle"": true}, ""data"": {""train_path"": ""data/MONK/MONK1/monks-1.train""}, ""model"": {""activation"": ""sigmoid"", ""dropout"": 0.0, ""hidden_units"": [4]}, ""optim"": {""lr"": 0.2, ""momentum"": 0.1, ""name"": ""sgd""}, ""regularizer"": {""l2"": ""1e-3""}, ""seed"": 42, ""split"": {""stratified"": true, ""val_size"": 0.2}, ""training"": {""batch_size"": 32, ""epochs"": 800, ""include_reg_in_val"": false, ""shuffle"": true}}"
8ade08fc6275,1,0.3149079315617478,0.0,0.3149079315617478,0.0,0.88,0.0,57.0,0.0,"{""callbacks"": {""early_stopping"": true, ""min_delta"": 0.0, ""mode"": ""auto"", ""monitor"": ""val_loss"", ""patience"": 40, ""restore_best_weights"": true, ""verbose"": 0}, ""cv"": {""k"": 3, ""seed"": 42, ""shuffle"": true}, ""data"": {""train_path"": ""data/MONK/MONK1/monks-1.train""}, ""model"": {""activation"": ""tanh"", ""dropout"": 0.2, ""hidden_units"": [8, 4]}, ""optim"": {""lr"": 0.2, ""momentum"": 0.9, ""name"": ""sgd""}, ""regularizer"": {""l2"": 0.0}, ""seed"": 42, ""split"": {""stratified"": true, ""val_size"": 0.2}, ""training"": {""batch_size"": 16, ""epochs"": 800, ""include_reg_in_val"": false, ""shuffle"": true}}"
deb9a9423a72,1,0.31492473466143506,0.0,0.31492473466143506,0.0,0.88,0.0,116.0,0.0,"{""callbacks"": {""early_stopping"": true, ""min_delta"": 0.0, ""mode"": ""auto"", ""monitor"": ""val_loss"", ""patience"": 40, ""restore_best_weights"": true, ""verbose"": 0}, ""cv"": {""k"": 3, ""seed"": 42, ""shuffle"": true}, ""data"": {""train_path"": ""data/MONK/MONK1/monks-1.train""}, ""model"": {""activation"": ""sigmoid"", ""dropout"": 0.2, ""hidden_units"": [8, 4]}, ""optim"": {""lr"": 0.2, ""momentum"": 0.9, ""name"": ""sgd""}, ""regularizer"": {""l2"": 0.0}, ""seed"": 42, ""split"": {""stratified"": true, ""val_size"": 0.2}, ""training"": {""batch_size"": 16, ""epochs"": 800, ""include_reg_in_val"": false, ""shuffle"": true}}"
c2df8803f42b,1,0.3152941853992301,0.0,0.3152941853992301,0.0,0.88,0.0,727.0,0.0,"{""callbacks"": {""early_stopping"": true, ""min_delta"": 0.0, ""mode"": ""auto"", ""monitor"": ""val_loss"", ""patience"": 40, ""restore_best_weights"": true, ""verbose"": 0}, ""cv"": {""k"": 3, ""seed"": 42, ""shuffle"": true}, ""data"": {""train_path"": ""data/MONK/MONK1/monks-1.train""}, ""model"": {""activation"": ""sigmoid"", ""dropout"": 0.2, ""hidden_units"": [4]}, ""optim"": {""lr"": 0.2, ""momentum"": 0.1, ""name"": ""sgd""}, ""regularizer"": {""l2"": ""1e-3""}, ""seed"": 42, ""split"": {""stratified"": true, ""val_size"": 0.2}, ""training"": {""batch_size"": 16, ""epochs"": 800, ""include_reg_in_val"": false, ""shuffle"": true}}"
d168693161cc,1,0.3153422848839003,0.0,0.3153422848839003,0.0,0.84,0.0,800.0,0.0,"{""callbacks"": {""early_stopping"": true, ""min_delta"": 0.0, ""mode"": ""auto"", ""monitor"": ""val_loss"", ""patience"": 40, ""restore_best_weights"": true, ""verbose"": 0}, ""cv"": {""k"": 3, ""seed"": 42, ""shuffle"": true}, ""data"": {""train_path"": ""data/MONK/MONK1/monks-1.train""}, ""model"": {""activation"": ""relu"", ""dropout"": 0.0, ""hidden_units"": [4]}, ""optim"": {""lr"": 0.01, ""momentum"": 0.1, ""name"": ""sgd""}, ""regularizer"": {""l2"": ""1e-3""}, ""seed"": 42, ""split"": {""stratified"": true, ""val_size"": 0.2}, ""training"": {""batch_size"": 16, ""epochs"": 800, ""include_reg_in_val"": false, ""shuffle"": true}}"
2e8b5866aae8,1,0.3190410947539642,0.0,0.3190410947539642,0.0,0.88,0.0,800.0,0.0,"{""callbacks"": {""early_stopping"": true, ""min_delta"": 0.0, ""mode"": ""auto"", ""monitor"": ""val_loss"", ""patience"": 40, ""restore_best_weights"": true, ""verbose"": 0}, ""cv"": {""k"": 3, ""seed"": 42, ""shuffle"": true}, ""data"": {""train_path"": ""data/MONK/MONK1/monks-1.train""}, ""model"": {""activation"": ""relu"", ""dropout"": 0.2, ""hidden_units"": [8]}, ""optim"": {""lr"": 0.01, ""momentum"": 0.0, ""name"": ""sgd""}, ""regularizer"": {""l2"": ""1e-2""}, ""seed"": 42, ""split"": {""stratified"": true, ""val_size"": 0.2}, ""training"": {""batch_size"": 16, ""epochs"": 800, ""include_reg_in_val"": false, ""shuffle"": true}}"
912eb8455c32,1,0.3194975947035702,0.0,0.3194975947035702,0.0,0.84,0.0,240.0,0.0,"{""callbacks"": {""early_stopping"": true, ""min_delta"": 0.0, ""mode"": ""auto"", ""monitor"": ""val_loss"", ""patience"": 40, ""restore_best_weights"": true, ""verbose"": 0}, ""cv"": {""k"": 3, ""seed"": 42, ""shuffle"": true}, ""data"": {""train_path"": ""data/MONK/MONK1/monks-1.train""}, ""model"": {""activation"": ""relu"", ""dropout"": 0.2, ""hidden_units"": [4]}, ""optim"": {""lr"": 0.1, ""momentum"": 0.0, ""name"": ""sgd""}, ""regularizer"": {""l2"": ""1e-3""}, ""seed"": 42, ""split"": {""stratified"": true, ""val_size"": 0.2}, ""training"": {""batch_size"": 32, ""epochs"": 800, ""include_reg_in_val"": false, ""shuffle"": true}}"
61d3c3ee6b05,1,0.32026937699747293,0.0,0.32026937699747293,0.0,0.88,0.0,352.0,0.0,"{""callbacks"": {""early_stopping"": true, ""min_delta"": 0.0, ""mode"": ""auto"", ""monitor"": ""val_loss"", ""patience"": 40, ""restore_best_weights"": true, ""verbose"": 0}, ""cv"": {""k"": 3, ""seed"": 42, ""shuffle"": true}, ""data"": {""train_path"": ""data/MONK/MONK1/monks-1.train""}, ""model"": {""activation"": ""sigmoid"", ""dropout"": 0.0, ""hidden_units"": [8, 4]}, ""optim"": {""lr"": 0.2, ""momentum"": 0.1, ""name"": ""sgd""}, ""regularizer"": {""l2"": 0.0}, ""seed"": 42, ""split"": {""stratified"": true, ""val_size"": 0.2}, ""training"": {""batch_size"": 16, ""epochs"": 800, ""include_reg_in_val"": false, ""shuffle"": true}}"
802aaa2ebce7,1,0.3206748865981248,0.0,0.3206748865981248,0.0,0.88,0.0,235.0,0.0,"{""callbacks"": {""early_stopping"": true, ""min_delta"": 0.0, ""mode"": ""auto"", ""monitor"": ""val_loss"", ""patience"": 40, ""restore_best_weights"": true, ""verbose"": 0}, ""cv"": {""k"": 3, ""seed"": 42, ""shuffle"": true}, ""data"": {""train_path"": ""data/MONK/MONK1/monks-1.train""}, ""model"": {""activation"": ""relu"", ""dropout"": 0.2, ""hidden_units"": [4]}, ""optim"": {""lr"": 0.1, ""momentum"": 0.1, ""name"": ""sgd""}, ""regularizer"": {""l2"": ""1e-3""}, ""seed"": 42, ""split"": {""stratified"": true, ""val_size"": 0.2}, ""training"": {""batch_size"": 32, ""epochs"": 800, ""include_reg_in_val"": false, ""shuffle"": true}}"
689aa618d4c8,1,0.3219060285890668,0.0,0.3219060285890668,0.0,0.88,0.0,800.0,0.0,"{""callbacks"": {""early_stopping"": true, ""min_delta"": 0.0, ""mode"": ""auto"", ""monitor"": ""val_loss"", ""patience"": 40, ""restore_best_weights"": true, ""verbose"": 0}, ""cv"": {""k"": 3, ""seed"": 42, ""shuffle"": true}, ""data"": {""train_path"": ""data/MONK/MONK1/monks-1.train""}, ""model"": {""activation"": ""relu"", ""dropout"": 0.0, ""hidden_units"": [8, 4]}, ""optim"": {""lr"": 0.01, ""momentum"": 0.0, ""name"": ""sgd""}, ""regularizer"": {""l2"": ""1e-3""}, ""seed"": 42, ""split"": {""stratified"": true, ""val_size"": 0.2}, ""training"": {""batch_size"": 32, ""epochs"": 800, ""include_reg_in_val"": false, ""shuffle"": true}}"
40b85ca192fe,1,0.3220630838468167,0.0,0.3220630838468167,0.0,0.88,0.0,44.0,0.0,"{""callbacks"": {""early_stopping"": true, ""min_delta"": 0.0, ""mode"": ""auto"", ""monitor"": ""val_loss"", ""patience"": 40, ""restore_best_weights"": true, ""verbose"": 0}, ""cv"": {""k"": 3, ""seed"": 42, ""shuffle"": true}, ""data"": {""train_path"": ""data/MONK/MONK1/monks-1.train""}, ""model"": {""activation"": ""relu"", ""dropout"": 0.2, ""hidden_units"": [4]}, ""optim"": {""lr"": 0.1, ""momentum"": 0.9, ""name"": ""sgd""}, ""regularizer"": {""l2"": ""1e-2""}, ""seed"": 42, ""split"": {""stratified"": true, ""val_size"": 0.2}, ""training"": {""batch_size"": 32, ""epochs"": 800, ""include_reg_in_val"": false, ""shuffle"": true}}"
875ac1037ff6,1,0.32217371119602534,0.0,0.32217371119602534,0.0,0.88,0.0,523.0,0.0,"{""callbacks"": {""early_stopping"": true, ""min_delta"": 0.0, ""mode"": ""auto"", ""monitor"": ""val_loss"", ""patience"": 40, ""restore_best_weights"": true, ""verbose"": 0}, ""cv"": {""k"": 3, ""seed"": 42, ""shuffle"": true}, ""data"": {""train_path"": ""data/MONK/MONK1/monks-1.train""}, ""model"": {""activation"": ""sigmoid"", ""dropout"": 0.2, ""hidden_units"": [8]}, ""optim"": {""lr"": 0.2, ""momentum"": 0.1, ""name"": ""sgd""}, ""regularizer"": {""l2"": 0.0}, ""seed"": 42, ""split"": {""stratified"": true, ""val_size"": 0.2}, ""training"": {""batch_size"": 32, ""epochs"": 800, ""include_reg_in_val"": false, ""shuffle"": true}}"
31103048c6e3,1,0.32229544899376406,0.0,0.32229544899376406,0.0,0.88,0.0,799.0,0.0,"{""callbacks"": {""early_stopping"": true, ""min_delta"": 0.0, ""mode"": ""auto"", ""monitor"": ""val_loss"", ""patience"": 40, ""restore_best_weights"": true, ""verbose"": 0}, ""cv"": {""k"": 3, ""seed"": 42, ""shuffle"": true}, ""data"": {""train_path"": ""data/MONK/MONK1/monks-1.train""}, ""model"": {""activation"": ""relu"", ""dropout"": 0.0, ""hidden_units"": [4]}, ""optim"": {""lr"": 0.01, ""momentum"": 0.1, ""name"": ""sgd""}, ""regularizer"": {""l2"": 0.0}, ""seed"": 42, ""split"": {""stratified"": true, ""val_size"": 0.2}, ""training"": {""batch_size"": 16, ""epochs"": 800, ""include_reg_in_val"": false, ""shuffle"": true}}"
ee2c5080be5e,1,0.32407851774846846,0.0,0.32407851774846846,0.0,0.84,0.0,241.0,0.0,"{""callbacks"": {""early_stopping"": true, ""min_delta"": 0.0, ""mode"": ""auto"", ""monitor"": ""val_loss"", ""patience"": 40, ""restore_best_weights"": true, ""verbose"": 0}, ""cv"": {""k"": 3, ""seed"": 42, ""shuffle"": true}, ""data"": {""train_path"": ""data/MONK/MONK1/monks-1.train""}, ""model"": {""activation"": ""relu"", ""dropout"": 0.2, ""hidden_units"": [4]}, ""optim"": {""lr"": 0.01, ""momentum"": 0.9, ""name"": ""sgd""}, ""regularizer"": {""l2"": ""1e-3""}, ""seed"": 42, ""split"": {""stratified"": true, ""val_size"": 0.2}, ""training"": {""batch_size"": 32, ""epochs"": 800, ""include_reg_in_val"": false, ""shuffle"": true}}"
8d6966e26e40,1,0.32418898360194653,0.0,0.32418898360194653,0.0,0.8,0.0,475.0,0.0,"{""callbacks"": {""early_stopping"": true, ""min_delta"": 0.0, ""mode"": ""auto"", ""monitor"": ""val_loss"", ""patience"": 40, ""restore_best_weights"": true, ""verbose"": 0}, ""cv"": {""k"": 3, ""seed"": 42, ""shuffle"": true}, ""data"": {""train_path"": ""data/MONK/MONK1/monks-1.train""}, ""model"": {""activation"": ""sigmoid"", ""dropout"": 0.0, ""hidden_units"": [4]}, ""optim"": {""lr"": 0.2, ""momentum"": 0.0, ""name"": ""sgd""}, ""regularizer"": {""l2"": 0.0}, ""seed"": 42, ""split"": {""stratified"": true, ""val_size"": 0.2}, ""training"": {""batch_size"": 32, ""epochs"": 800, ""include_reg_in_val"": false, ""shuffle"": true}}"
0d3c96b311c9,1,0.3246038663587107,0.0,0.3246038663587107,0.0,0.88,0.0,414.0,0.0,"{""callbacks"": {""early_stopping"": true, ""min_delta"": 0.0, ""mode"": ""auto"", ""monitor"": ""val_loss"", ""patience"": 40, ""restore_best_weights"": true, ""verbose"": 0}, ""cv"": {""k"": 3, ""seed"": 42, ""shuffle"": true}, ""data"": {""train_path"": ""data/MONK/MONK1/monks-1.train""}, ""model"": {""activation"": ""sigmoid"", ""dropout"": 0.0, ""hidden_units"": [8, 4]}, ""optim"": {""lr"": 0.2, ""momentum"": 0.0, ""name"": ""sgd""}, ""regularizer"": {""l2"": 0.0}, ""seed"": 42, ""split"": {""stratified"": true, ""val_size"": 0.2}, ""training"": {""batch_size"": 16, ""epochs"": 800, ""include_reg_in_val"": false, ""shuffle"": true}}"
2e4dcfa35d81,1,0.3248443465937359,0.0,0.3248443465937359,0.0,0.84,0.0,796.0,0.0,"{""callbacks"": {""early_stopping"": true, ""min_delta"": 0.0, ""mode"": ""auto"", ""monitor"": ""val_loss"", ""patience"": 40, ""restore_best_weights"": true, ""verbose"": 0}, ""cv"": {""k"": 3, ""seed"": 42, ""shuffle"": true}, ""data"": {""train_path"": ""data/MONK/MONK1/monks-1.train""}, ""model"": {""activation"": ""relu"", ""dropout"": 0.0, ""hidden_units"": [4]}, ""optim"": {""lr"": 0.01, ""momentum"": 0.0, ""name"": ""sgd""}, ""regularizer"": {""l2"": 0.0}, ""seed"": 42, ""split"": {""stratified"": true, ""val_size"": 0.2}, ""training"": {""batch_size"": 16, ""epochs"": 800, ""include_reg_in_val"": false, ""shuffle"": true}}"
d0eb6d0436b9,1,0.3251984522738646,0.0,0.3251984522738646,0.0,0.88,0.0,800.0,0.0,"{""callbacks"": {""early_stopping"": true, ""min_delta"": 0.0, ""mode"": ""auto"", ""monitor"": ""val_loss"", ""patience"": 40, ""restore_best_weights"": true, ""verbose"": 0}, ""cv"": {""k"": 3, ""seed"": 42, ""shuffle"": true}, ""data"": {""train_path"": ""data/MONK/MONK1/monks-1.train""}, ""model"": {""activation"": ""tanh"", ""dropout"": 0.0, ""hidden_units"": [8, 4]}, ""optim"": {""lr"": 0.01, ""momentum"": 0.0, ""name"": ""sgd""}, ""regularizer"": {""l2"": ""1e-2""}, ""seed"": 42, ""split"": {""stratified"": true, ""val_size"": 0.2}, ""training"": {""batch_size"": 32, ""epochs"": 800, ""include_reg_in_val"": false, ""shuffle"": true}}"
3f918e3ec1f4,1,0.3253198925668358,0.0,0.3253198925668358,0.0,0.8,0.0,150.0,0.0,"{""callbacks"": {""early_stopping"": true, ""min_delta"": 0.0, ""mode"": ""auto"", ""monitor"": ""val_loss"", ""patience"": 40, ""restore_best_weights"": true, ""verbose"": 0}, ""cv"": {""k"": 3, ""seed"": 42, ""shuffle"": true}, ""data"": {""train_path"": ""data/MONK/MONK1/monks-1.train""}, ""model"": {""activation"": ""relu"", ""dropout"": 0.0, ""hidden_units"": [8, 4]}, ""optim"": {""lr"": 0.01, ""momentum"": 0.9, ""name"": ""sgd""}, ""regularizer"": {""l2"": ""1e-3""}, ""seed"": 42, ""split"": {""stratified"": true, ""val_size"": 0.2}, ""training"": {""batch_size"": 32, ""epochs"": 800, ""include_reg_in_val"": false, ""shuffle"": true}}"
02e715e46238,1,0.3253235520576837,0.0,0.3253235520576837,0.0,0.88,0.0,800.0,0.0,"{""callbacks"": {""early_stopping"": true, ""min_delta"": 0.0, ""mode"": ""auto"", ""monitor"": ""val_loss"", ""patience"": 40, ""restore_best_weights"": true, ""verbose"": 0}, ""cv"": {""k"": 3, ""seed"": 42, ""shuffle"": true}, ""data"": {""train_path"": ""data/MONK/MONK1/monks-1.train""}, ""model"": {""activation"": ""sigmoid"", ""dropout"": 0.2, ""hidden_units"": [8]}, ""optim"": {""lr"": 0.1, ""momentum"": 0.0, ""name"": ""sgd""}, ""regularizer"": {""l2"": ""1e-3""}, ""seed"": 42, ""split"": {""stratified"": true, ""val_size"": 0.2}, ""training"": {""batch_size"": 16, ""epochs"": 800, ""include_reg_in_val"": false, ""shuffle"": true}}"
4446bd297d60,1,0.3259488328037758,0.0,0.3259488328037758,0.0,0.84,0.0,744.0,0.0,"{""callbacks"": {""early_stopping"": true, ""min_delta"": 0.0, ""mode"": ""auto"", ""monitor"": ""val_loss"", ""patience"": 40, ""restore_best_weights"": true, ""verbose"": 0}, ""cv"": {""k"": 3, ""seed"": 42, ""shuffle"": true}, ""data"": {""train_path"": ""data/MONK/MONK1/monks-1.train""}, ""model"": {""activation"": ""relu"", ""dropout"": 0.0, ""hidden_units"": [4]}, ""optim"": {""lr"": 0.01, ""momentum"": 0.0, ""name"": ""sgd""}, ""regularizer"": {""l2"": ""1e-3""}, ""seed"": 42, ""split"": {""stratified"": true, ""val_size"": 0.2}, ""training"": {""batch_size"": 16, ""epochs"": 800, ""include_reg_in_val"": false, ""shuffle"": true}}"
856ca9f3650e,1,0.3260962063446788,0.0,0.3260962063446788,0.0,0.88,0.0,223.0,0.0,"{""callbacks"": {""early_stopping"": true, ""min_delta"": 0.0, ""mode"": ""auto"", ""monitor"": ""val_loss"", ""patience"": 40, ""restore_best_weights"": true, ""verbose"": 0}, ""cv"": {""k"": 3, ""seed"": 42, ""shuffle"": true}, ""data"": {""train_path"": ""data/MONK/MONK1/monks-1.train""}, ""model"": {""activation"": ""relu"", ""dropout"": 0.2, ""hidden_units"": [4]}, ""optim"": {""lr"": 0.1, ""momentum"": 0.1, ""name"": ""sgd""}, ""regularizer"": {""l2"": ""1e-2""}, ""seed"": 42, ""split"": {""stratified"": true, ""val_size"": 0.2}, ""training"": {""batch_size"": 32, ""epochs"": 800, ""include_reg_in_val"": false, ""shuffle"": true}}"
77aedf65e139,1,0.32696035052043576,0.0,0.32696035052043576,0.0,0.88,0.0,798.0,0.0,"{""callbacks"": {""early_stopping"": true, ""min_delta"": 0.0, ""mode"": ""auto"", ""monitor"": ""val_loss"", ""patience"": 40, ""restore_best_weights"": true, ""verbose"": 0}, ""cv"": {""k"": 3, ""seed"": 42, ""shuffle"": true}, ""data"": {""train_path"": ""data/MONK/MONK1/monks-1.train""}, ""model"": {""activation"": ""sigmoid"", ""dropout"": 0.2, ""hidden_units"": [4]}, ""optim"": {""lr"": 0.1, ""momentum"": 0.1, ""name"": ""sgd""}, ""regularizer"": {""l2"": 0.0}, ""seed"": 42, ""split"": {""stratified"": true, ""val_size"": 0.2}, ""training"": {""batch_size"": 16, ""epochs"": 800, ""include_reg_in_val"": false, ""shuffle"": true}}"
85adafddb99b,1,0.3275218898359732,0.0,0.3275218898359732,0.0,0.88,0.0,41.0,0.0,"{""callbacks"": {""early_stopping"": true, ""min_delta"": 0.0, ""mode"": ""auto"", ""monitor"": ""val_loss"", ""patience"": 40, ""restore_best_weights"": true, ""verbose"": 0}, ""cv"": {""k"": 3, ""seed"": 42, ""shuffle"": true}, ""data"": {""train_path"": ""data/MONK/MONK1/monks-1.train""}, ""model"": {""activation"": ""relu"", ""dropout"": 0.2, ""hidden_units"": [8, 4]}, ""optim"": {""lr"": 0.2, ""momentum"": 0.9, ""name"": ""sgd""}, ""regularizer"": {""l2"": ""1e-2""}, ""seed"": 42, ""split"": {""stratified"": true, ""val_size"": 0.2}, ""training"": {""batch_size"": 32, ""epochs"": 800, ""include_reg_in_val"": false, ""shuffle"": true}}"
02e7726dcabf,1,0.32798878542633275,0.0,0.32798878542633275,0.0,0.88,0.0,800.0,0.0,"{""callbacks"": {""early_stopping"": true, ""min_delta"": 0.0, ""mode"": ""auto"", ""monitor"": ""val_loss"", ""patience"": 40, ""restore_best_weights"": true, ""verbose"": 0}, ""cv"": {""k"": 3, ""seed"": 42, ""shuffle"": true}, ""data"": {""train_path"": ""data/MONK/MONK1/monks-1.train""}, ""model"": {""activation"": ""sigmoid"", ""dropout"": 0.2, ""hidden_units"": [8]}, ""optim"": {""lr"": 0.01, ""momentum"": 0.9, ""name"": ""sgd""}, ""regularizer"": {""l2"": ""1e-3""}, ""seed"": 42, ""split"": {""stratified"": true, ""val_size"": 0.2}, ""training"": {""batch_size"": 16, ""epochs"": 800, ""include_reg_in_val"": false, ""shuffle"": true}}"
848cac1f7e3e,1,0.3280503614529194,0.0,0.3280503614529194,0.0,0.84,0.0,241.0,0.0,"{""callbacks"": {""early_stopping"": true, ""min_delta"": 0.0, ""mode"": ""auto"", ""monitor"": ""val_loss"", ""patience"": 40, ""restore_best_weights"": true, ""verbose"": 0}, ""cv"": {""k"": 3, ""seed"": 42, ""shuffle"": true}, ""data"": {""train_path"": ""data/MONK/MONK1/monks-1.train""}, ""model"": {""activation"": ""relu"", ""dropout"": 0.2, ""hidden_units"": [4]}, ""optim"": {""lr"": 0.01, ""momentum"": 0.9, ""name"": ""sgd""}, ""regularizer"": {""l2"": 0.0}, ""seed"": 42, ""split"": {""stratified"": true, ""val_size"": 0.2}, ""training"": {""batch_size"": 32, ""epochs"": 800, ""include_reg_in_val"": false, ""shuffle"": true}}"
8956d22894de,1,0.3291939792804061,0.0,0.3291939792804061,0.0,0.88,0.0,229.0,0.0,"{""callbacks"": {""early_stopping"": true, ""min_delta"": 0.0, ""mode"": ""auto"", ""monitor"": ""val_loss"", ""patience"": 40, ""restore_best_weights"": true, ""verbose"": 0}, ""cv"": {""k"": 3, ""seed"": 42, ""shuffle"": true}, ""data"": {""train_path"": ""data/MONK/MONK1/monks-1.train""}, ""model"": {""activation"": ""sigmoid"", ""dropout"": 0.2, ""hidden_units"": [8, 4]}, ""optim"": {""lr"": 0.2, ""momentum"": 0.9, ""name"": ""sgd""}, ""regularizer"": {""l2"": ""1e-3""}, ""seed"": 42, ""split"": {""stratified"": true, ""val_size"": 0.2}, ""training"": {""batch_size"": 32, ""epochs"": 800, ""include_reg_in_val"": false, ""shuffle"": true}}"
b5b68d04a990,1,0.3299459550526484,0.0,0.3299459550526484,0.0,0.88,0.0,737.0,0.0,"{""callbacks"": {""early_stopping"": true, ""min_delta"": 0.0, ""mode"": ""auto"", ""monitor"": ""val_loss"", ""patience"": 40, ""restore_best_weights"": true, ""verbose"": 0}, ""cv"": {""k"": 3, ""seed"": 42, ""shuffle"": true}, ""data"": {""train_path"": ""data/MONK/MONK1/monks-1.train""}, ""model"": {""activation"": ""sigmoid"", ""dropout"": 0.2, ""hidden_units"": [4]}, ""optim"": {""lr"": 0.2, ""momentum"": 0.0, ""name"": ""sgd""}, ""regularizer"": {""l2"": 0.0}, ""seed"": 42, ""split"": {""stratified"": true, ""val_size"": 0.2}, ""training"": {""batch_size"": 32, ""epochs"": 800, ""include_reg_in_val"": false, ""shuffle"": true}}"
8bda65ec6327,1,0.3299587317887107,0.0,0.3299587317887107,0.0,0.88,0.0,66.0,0.0,"{""callbacks"": {""early_stopping"": true, ""min_delta"": 0.0, ""mode"": ""auto"", ""monitor"": ""val_loss"", ""patience"": 40, ""restore_best_weights"": true, ""verbose"": 0}, ""cv"": {""k"": 3, ""seed"": 42, ""shuffle"": true}, ""data"": {""train_path"": ""data/MONK/MONK1/monks-1.train""}, ""model"": {""activation"": ""relu"", ""dropout"": 0.2, ""hidden_units"": [4]}, ""optim"": {""lr"": 0.2, ""momentum"": 0.0, ""name"": ""sgd""}, ""regularizer"": {""l2"": ""1e-3""}, ""seed"": 42, ""split"": {""stratified"": true, ""val_size"": 0.2}, ""training"": {""batch_size"": 16, ""epochs"": 800, ""include_reg_in_val"": false, ""shuffle"": true}}"
aac7a896a7fe,1,0.3307320220096631,0.0,0.3307320220096631,0.0,0.88,0.0,60.0,0.0,"{""callbacks"": {""early_stopping"": true, ""min_delta"": 0.0, ""mode"": ""auto"", ""monitor"": ""val_loss"", ""patience"": 40, ""restore_best_weights"": true, ""verbose"": 0}, ""cv"": {""k"": 3, ""seed"": 42, ""shuffle"": true}, ""data"": {""train_path"": ""data/MONK/MONK1/monks-1.train""}, ""model"": {""activation"": ""relu"", ""dropout"": 0.2, ""hidden_units"": [4]}, ""optim"": {""lr"": 0.2, ""momentum"": 0.1, ""name"": ""sgd""}, ""regularizer"": {""l2"": ""1e-3""}, ""seed"": 42, ""split"": {""stratified"": true, ""val_size"": 0.2}, ""training"": {""batch_size"": 16, ""epochs"": 800, ""include_reg_in_val"": false, ""shuffle"": true}}"
79956c49b15d,1,0.33201999015691563,0.0,0.33201999015691563,0.0,0.88,0.0,66.0,0.0,"{""callbacks"": {""early_stopping"": true, ""min_delta"": 0.0, ""mode"": ""auto"", ""monitor"": ""val_loss"", ""patience"": 40, ""restore_best_weights"": true, ""verbose"": 0}, ""cv"": {""k"": 3, ""seed"": 42, ""shuffle"": true}, ""data"": {""train_path"": ""data/MONK/MONK1/monks-1.train""}, ""model"": {""activation"": ""relu"", ""dropout"": 0.2, ""hidden_units"": [4]}, ""optim"": {""lr"": 0.2, ""momentum"": 0.1, ""name"": ""sgd""}, ""regularizer"": {""l2"": 0.0}, ""seed"": 42, ""split"": {""stratified"": true, ""val_size"": 0.2}, ""training"": {""batch_size"": 16, ""epochs"": 800, ""include_reg_in_val"": false, ""shuffle"": true}}"
e877430363a9,1,0.3337058782078776,0.0,0.3337058782078776,0.0,0.88,0.0,800.0,0.0,"{""callbacks"": {""early_stopping"": true, ""min_delta"": 0.0, ""mode"": ""auto"", ""monitor"": ""val_loss"", ""patience"": 40, ""restore_best_weights"": true, ""verbose"": 0}, ""cv"": {""k"": 3, ""seed"": 42, ""shuffle"": true}, ""data"": {""train_path"": ""data/MONK/MONK1/monks-1.train""}, ""model"": {""activation"": ""tanh"", ""dropout"": 0.0, ""hidden_units"": [4]}, ""optim"": {""lr"": 0.01, ""momentum"": 0.1, ""name"": ""sgd""}, ""regularizer"": {""l2"": 0.0}, ""seed"": 42, ""split"": {""stratified"": true, ""val_size"": 0.2}, ""training"": {""batch_size"": 16, ""epochs"": 800, ""include_reg_in_val"": false, ""shuffle"": true}}"
3be5ab33f797,1,0.334593544934095,0.0,0.334593544934095,0.0,0.88,0.0,66.0,0.0,"{""callbacks"": {""early_stopping"": true, ""min_delta"": 0.0, ""mode"": ""auto"", ""monitor"": ""val_loss"", ""patience"": 40, ""restore_best_weights"": true, ""verbose"": 0}, ""cv"": {""k"": 3, ""seed"": 42, ""shuffle"": true}, ""data"": {""train_path"": ""data/MONK/MONK1/monks-1.train""}, ""model"": {""activation"": ""relu"", ""dropout"": 0.2, ""hidden_units"": [4]}, ""optim"": {""lr"": 0.2, ""momentum"": 0.0, ""name"": ""sgd""}, ""regularizer"": {""l2"": 0.0}, ""seed"": 42, ""split"": {""stratified"": true, ""val_size"": 0.2}, ""training"": {""batch_size"": 16, ""epochs"": 800, ""include_reg_in_val"": false, ""shuffle"": true}}"
85b9668d95f1,1,0.33589473561217764,0.0,0.33589473561217764,0.0,0.88,0.0,389.0,0.0,"{""callbacks"": {""early_stopping"": true, ""min_delta"": 0.0, ""mode"": ""auto"", ""monitor"": ""val_loss"", ""patience"": 40, ""restore_best_weights"": true, ""verbose"": 0}, ""cv"": {""k"": 3, ""seed"": 42, ""shuffle"": true}, ""data"": {""train_path"": ""data/MONK/MONK1/monks-1.train""}, ""model"": {""activation"": ""sigmoid"", ""dropout"": 0.2, ""hidden_units"": [8, 4]}, ""optim"": {""lr"": 0.1, ""momentum"": 0.9, ""name"": ""sgd""}, ""regularizer"": {""l2"": ""1e-3""}, ""seed"": 42, ""split"": {""stratified"": true, ""val_size"": 0.2}, ""training"": {""batch_size"": 32, ""epochs"": 800, ""include_reg_in_val"": false, ""shuffle"": true}}"
bd3c09640d32,1,0.3362212474422205,0.0,0.3362212474422205,0.0,0.84,0.0,50.0,0.0,"{""callbacks"": {""early_stopping"": true, ""min_delta"": 0.0, ""mode"": ""auto"", ""monitor"": ""val_loss"", ""patience"": 40, ""restore_best_weights"": true, ""verbose"": 0}, ""cv"": {""k"": 3, ""seed"": 42, ""shuffle"": true}, ""data"": {""train_path"": ""data/MONK/MONK1/monks-1.train""}, ""model"": {""activation"": ""relu"", ""dropout"": 0.2, ""hidden_units"": [4]}, ""optim"": {""lr"": 0.2, ""momentum"": 0.9, ""name"": ""sgd""}, ""regularizer"": {""l2"": 0.0}, ""seed"": 42, ""split"": {""stratified"": true, ""val_size"": 0.2}, ""training"": {""batch_size"": 32, ""epochs"": 800, ""include_reg_in_val"": false, ""shuffle"": true}}"
4f90668bc5c4,1,0.3376044496555719,0.0,0.3376044496555719,0.0,0.88,0.0,705.0,0.0,"{""callbacks"": {""early_stopping"": true, ""min_delta"": 0.0, ""mode"": ""auto"", ""monitor"": ""val_loss"", ""patience"": 40, ""restore_best_weights"": true, ""verbose"": 0}, ""cv"": {""k"": 3, ""seed"": 42, ""shuffle"": true}, ""data"": {""train_path"": ""data/MONK/MONK1/monks-1.train""}, ""model"": {""activation"": ""sigmoid"", ""dropout"": 0.2, ""hidden_units"": [8, 4]}, ""optim"": {""lr"": 0.2, ""momentum"": 0.0, ""name"": ""sgd""}, ""regularizer"": {""l2"": 0.0}, ""seed"": 42, ""split"": {""stratified"": true, ""val_size"": 0.2}, ""training"": {""batch_size"": 16, ""epochs"": 800, ""include_reg_in_val"": false, ""shuffle"": true}}"
8383b1752c10,1,0.33773578595395404,0.0,0.33773578595395404,0.0,0.88,0.0,275.0,0.0,"{""callbacks"": {""early_stopping"": true, ""min_delta"": 0.0, ""mode"": ""auto"", ""monitor"": ""val_loss"", ""patience"": 40, ""restore_best_weights"": true, ""verbose"": 0}, ""cv"": {""k"": 3, ""seed"": 42, ""shuffle"": true}, ""data"": {""train_path"": ""data/MONK/MONK1/monks-1.train""}, ""model"": {""activation"": ""sigmoid"", ""dropout"": 0.2, ""hidden_units"": [8, 4]}, ""optim"": {""lr"": 0.1, ""momentum"": 0.9, ""name"": ""sgd""}, ""regularizer"": {""l2"": ""1e-3""}, ""seed"": 42, ""split"": {""stratified"": true, ""val_size"": 0.2}, ""training"": {""batch_size"": 16, ""epochs"": 800, ""include_reg_in_val"": false, ""shuffle"": true}}"
cc0e56b1e59d,1,0.33776816258947695,0.0,0.33776816258947695,0.0,0.88,0.0,798.0,0.0,"{""callbacks"": {""early_stopping"": true, ""min_delta"": 0.0, ""mode"": ""auto"", ""monitor"": ""val_loss"", ""patience"": 40, ""restore_best_weights"": true, ""verbose"": 0}, ""cv"": {""k"": 3, ""seed"": 42, ""shuffle"": true}, ""data"": {""train_path"": ""data/MONK/MONK1/monks-1.train""}, ""model"": {""activation"": ""sigmoid"", ""dropout"": 0.2, ""hidden_units"": [4]}, ""optim"": {""lr"": 0.1, ""momentum"": 0.0, ""name"": ""sgd""}, ""regularizer"": {""l2"": 0.0}, ""seed"": 42, ""split"": {""stratified"": true, ""val_size"": 0.2}, ""training"": {""batch_size"": 16, ""epochs"": 800, ""include_reg_in_val"": false, ""shuffle"": true}}"
b26def70a77b,1,0.3384982912885905,0.0,0.3384982912885905,0.0,0.88,0.0,727.0,0.0,"{""callbacks"": {""early_stopping"": true, ""min_delta"": 0.0, ""mode"": ""auto"", ""monitor"": ""val_loss"", ""patience"": 40, ""restore_best_weights"": true, ""verbose"": 0}, ""cv"": {""k"": 3, ""seed"": 42, ""shuffle"": true}, ""data"": {""train_path"": ""data/MONK/MONK1/monks-1.train""}, ""model"": {""activation"": ""sigmoid"", ""dropout"": 0.2, ""hidden_units"": [4]}, ""optim"": {""lr"": 0.2, ""momentum"": 0.1, ""name"": ""sgd""}, ""regularizer"": {""l2"": ""1e-3""}, ""seed"": 42, ""split"": {""stratified"": true, ""val_size"": 0.2}, ""training"": {""batch_size"": 32, ""epochs"": 800, ""include_reg_in_val"": false, ""shuffle"": true}}"
483c60054796,1,0.3385625331559248,0.0,0.3385625331559248,0.0,0.88,0.0,799.0,0.0,"{""callbacks"": {""early_stopping"": true, ""min_delta"": 0.0, ""mode"": ""auto"", ""monitor"": ""val_loss"", ""patience"": 40, ""restore_best_weights"": true, ""verbose"": 0}, ""cv"": {""k"": 3, ""seed"": 42, ""shuffle"": true}, ""data"": {""train_path"": ""data/MONK/MONK1/monks-1.train""}, ""model"": {""activation"": ""sigmoid"", ""dropout"": 0.2, ""hidden_units"": [4]}, ""optim"": {""lr"": 0.01, ""momentum"": 0.9, ""name"": ""sgd""}, ""regularizer"": {""l2"": 0.0}, ""seed"": 42, ""split"": {""stratified"": true, ""val_size"": 0.2}, ""training"": {""batch_size"": 16, ""epochs"": 800, ""include_reg_in_val"": false, ""shuffle"": true}}"
172401fc618b,1,0.3386132881594412,0.0,0.3386132881594412,0.0,0.88,0.0,800.0,0.0,"{""callbacks"": {""early_stopping"": true, ""min_delta"": 0.0, ""mode"": ""auto"", ""monitor"": ""val_loss"", ""patience"": 40, ""restore_best_weights"": true, ""verbose"": 0}, ""cv"": {""k"": 3, ""seed"": 42, ""shuffle"": true}, ""data"": {""train_path"": ""data/MONK/MONK1/monks-1.train""}, ""model"": {""activation"": ""tanh"", ""dropout"": 0.0, ""hidden_units"": [4]}, ""optim"": {""lr"": 0.01, ""momentum"": 0.1, ""name"": ""sgd""}, ""regularizer"": {""l2"": ""1e-3""}, ""seed"": 42, ""split"": {""stratified"": true, ""val_size"": 0.2}, ""training"": {""batch_size"": 16, ""epochs"": 800, ""include_reg_in_val"": false, ""shuffle"": true}}"
ff679bc0bf50,1,0.3388334705020888,0.0,0.3388334705020888,0.0,0.88,0.0,529.0,0.0,"{""callbacks"": {""early_stopping"": true, ""min_delta"": 0.0, ""mode"": ""auto"", ""monitor"": ""val_loss"", ""patience"": 40, ""restore_best_weights"": true, ""verbose"": 0}, ""cv"": {""k"": 3, ""seed"": 42, ""shuffle"": true}, ""data"": {""train_path"": ""data/MONK/MONK1/monks-1.train""}, ""model"": {""activation"": ""sigmoid"", ""dropout"": 0.2, ""hidden_units"": [8]}, ""optim"": {""lr"": 0.2, ""momentum"": 0.0, ""name"": ""sgd""}, ""regularizer"": {""l2"": 0.0}, ""seed"": 42, ""split"": {""stratified"": true, ""val_size"": 0.2}, ""training"": {""batch_size"": 32, ""epochs"": 800, ""include_reg_in_val"": false, ""shuffle"": true}}"
0bb218f10ec8,1,0.3404236249045816,0.0,0.3404236249045816,0.0,0.84,0.0,153.0,0.0,"{""callbacks"": {""early_stopping"": true, ""min_delta"": 0.0, ""mode"": ""auto"", ""monitor"": ""val_loss"", ""patience"": 40, ""restore_best_weights"": true, ""verbose"": 0}, ""cv"": {""k"": 3, ""seed"": 42, ""shuffle"": true}, ""data"": {""train_path"": ""data/MONK/MONK1/monks-1.train""}, ""model"": {""activation"": ""relu"", ""dropout"": 0.2, ""hidden_units"": [4]}, ""optim"": {""lr"": 0.1, ""momentum"": 0.1, ""name"": ""sgd""}, ""regularizer"": {""l2"": 0.0}, ""seed"": 42, ""split"": {""stratified"": true, ""val_size"": 0.2}, ""training"": {""batch_size"": 32, ""epochs"": 800, ""include_reg_in_val"": false, ""shuffle"": true}}"
4cc88909abbc,1,0.34559910860004356,0.0,0.34559910860004356,0.0,0.8,0.0,152.0,0.0,"{""callbacks"": {""early_stopping"": true, ""min_delta"": 0.0, ""mode"": ""auto"", ""monitor"": ""val_loss"", ""patience"": 40, ""restore_best_weights"": true, ""verbose"": 0}, ""cv"": {""k"": 3, ""seed"": 42, ""shuffle"": true}, ""data"": {""train_path"": ""data/MONK/MONK1/monks-1.train""}, ""model"": {""activation"": ""relu"", ""dropout"": 0.2, ""hidden_units"": [4]}, ""optim"": {""lr"": 0.1, ""momentum"": 0.0, ""name"": ""sgd""}, ""regularizer"": {""l2"": 0.0}, ""seed"": 42, ""split"": {""stratified"": true, ""val_size"": 0.2}, ""training"": {""batch_size"": 32, ""epochs"": 800, ""include_reg_in_val"": false, ""shuffle"": true}}"
85c63a3c9521,1,0.34819781495991037,0.0,0.34819781495991037,0.0,0.88,0.0,115.0,0.0,"{""callbacks"": {""early_stopping"": true, ""min_delta"": 0.0, ""mode"": ""auto"", ""monitor"": ""val_loss"", ""patience"": 40, ""restore_best_weights"": true, ""verbose"": 0}, ""cv"": {""k"": 3, ""seed"": 42, ""shuffle"": true}, ""data"": {""train_path"": ""data/MONK/MONK1/monks-1.train""}, ""model"": {""activation"": ""relu"", ""dropout"": 0.2, ""hidden_units"": [4]}, ""optim"": {""lr"": 0.1, ""momentum"": 0.0, ""name"": ""sgd""}, ""regularizer"": {""l2"": 0.0}, ""seed"": 42, ""split"": {""stratified"": true, ""val_size"": 0.2}, ""training"": {""batch_size"": 16, ""epochs"": 800, ""include_reg_in_val"": false, ""shuffle"": true}}"
1d36213e2d67,1,0.3496395100764168,0.0,0.3496395100764168,0.0,0.88,0.0,798.0,0.0,"{""callbacks"": {""early_stopping"": true, ""min_delta"": 0.0, ""mode"": ""auto"", ""monitor"": ""val_loss"", ""patience"": 40, ""restore_best_weights"": true, ""verbose"": 0}, ""cv"": {""k"": 3, ""seed"": 42, ""shuffle"": true}, ""data"": {""train_path"": ""data/MONK/MONK1/monks-1.train""}, ""model"": {""activation"": ""sigmoid"", ""dropout"": 0.2, ""hidden_units"": [4]}, ""optim"": {""lr"": 0.1, ""momentum"": 0.1, ""name"": ""sgd""}, ""regularizer"": {""l2"": ""1e-3""}, ""seed"": 42, ""split"": {""stratified"": true, ""val_size"": 0.2}, ""training"": {""batch_size"": 16, ""epochs"": 800, ""include_reg_in_val"": false, ""shuffle"": true}}"
110424fa2348,1,0.34973169934217274,0.0,0.34973169934217274,0.0,0.88,0.0,727.0,0.0,"{""callbacks"": {""early_stopping"": true, ""min_delta"": 0.0, ""mode"": ""auto"", ""monitor"": ""val_loss"", ""patience"": 40, ""restore_best_weights"": true, ""verbose"": 0}, ""cv"": {""k"": 3, ""seed"": 42, ""shuffle"": true}, ""data"": {""train_path"": ""data/MONK/MONK1/monks-1.train""}, ""model"": {""activation"": ""sigmoid"", ""dropout"": 0.2, ""hidden_units"": [4]}, ""optim"": {""lr"": 0.2, ""momentum"": 0.0, ""name"": ""sgd""}, ""regularizer"": {""l2"": ""1e-3""}, ""seed"": 42, ""split"": {""stratified"": true, ""val_size"": 0.2}, ""training"": {""batch_size"": 32, ""epochs"": 800, ""include_reg_in_val"": false, ""shuffle"": true}}"
67f43abf9cea,1,0.3511263180554682,0.0,0.3511263180554682,0.0,0.88,0.0,529.0,0.0,"{""callbacks"": {""early_stopping"": true, ""min_delta"": 0.0, ""mode"": ""auto"", ""monitor"": ""val_loss"", ""patience"": 40, ""restore_best_weights"": true, ""verbose"": 0}, ""cv"": {""k"": 3, ""seed"": 42, ""shuffle"": true}, ""data"": {""train_path"": ""data/MONK/MONK1/monks-1.train""}, ""model"": {""activation"": ""sigmoid"", ""dropout"": 0.2, ""hidden_units"": [8]}, ""optim"": {""lr"": 0.2, ""momentum"": 0.1, ""name"": ""sgd""}, ""regularizer"": {""l2"": ""1e-3""}, ""seed"": 42, ""split"": {""stratified"": true, ""val_size"": 0.2}, ""training"": {""batch_size"": 32, ""epochs"": 800, ""include_reg_in_val"": false, ""shuffle"": true}}"
62120bde283f,1,0.35275676731978606,0.0,0.35275676731978606,0.0,0.84,0.0,799.0,0.0,"{""callbacks"": {""early_stopping"": true, ""min_delta"": 0.0, ""mode"": ""auto"", ""monitor"": ""val_loss"", ""patience"": 40, ""restore_best_weights"": true, ""verbose"": 0}, ""cv"": {""k"": 3, ""seed"": 42, ""shuffle"": true}, ""data"": {""train_path"": ""data/MONK/MONK1/monks-1.train""}, ""model"": {""activation"": ""relu"", ""dropout"": 0.0, ""hidden_units"": [4]}, ""optim"": {""lr"": 0.01, ""momentum"": 0.1, ""name"": ""sgd""}, ""regularizer"": {""l2"": 0.0}, ""seed"": 42, ""split"": {""stratified"": true, ""val_size"": 0.2}, ""training"": {""batch_size"": 32, ""epochs"": 800, ""include_reg_in_val"": false, ""shuffle"": true}}"
ca9ad25cc074,1,0.35283487445062645,0.0,0.35283487445062645,0.0,0.88,0.0,800.0,0.0,"{""callbacks"": {""early_stopping"": true, ""min_delta"": 0.0, ""mode"": ""auto"", ""monitor"": ""val_loss"", ""patience"": 40, ""restore_best_weights"": true, ""verbose"": 0}, ""cv"": {""k"": 3, ""seed"": 42, ""shuffle"": true}, ""data"": {""train_path"": ""data/MONK/MONK1/monks-1.train""}, ""model"": {""activation"": ""tanh"", ""dropout"": 0.0, ""hidden_units"": [4]}, ""optim"": {""lr"": 0.01, ""momentum"": 0.0, ""name"": ""sgd""}, ""regularizer"": {""l2"": 0.0}, ""seed"": 42, ""split"": {""stratified"": true, ""val_size"": 0.2}, ""training"": {""batch_size"": 16, ""epochs"": 800, ""include_reg_in_val"": false, ""shuffle"": true}}"
8e262a79f0c4,1,0.35286892791892105,0.0,0.35286892791892105,0.0,0.8,0.0,117.0,0.0,"{""callbacks"": {""early_stopping"": true, ""min_delta"": 0.0, ""mode"": ""auto"", ""monitor"": ""val_loss"", ""patience"": 40, ""restore_best_weights"": true, ""verbose"": 0}, ""cv"": {""k"": 3, ""seed"": 42, ""shuffle"": true}, ""data"": {""train_path"": ""data/MONK/MONK1/monks-1.train""}, ""model"": {""activation"": ""relu"", ""dropout"": 0.2, ""hidden_units"": [4]}, ""optim"": {""lr"": 0.01, ""momentum"": 0.9, ""name"": ""sgd""}, ""regularizer"": {""l2"": 0.0}, ""seed"": 42, ""split"": {""stratified"": true, ""val_size"": 0.2}, ""training"": {""batch_size"": 16, ""epochs"": 800, ""include_reg_in_val"": false, ""shuffle"": true}}"
f4189179d83b,1,0.35349376075811806,0.0,0.35349376075811806,0.0,0.88,0.0,800.0,0.0,"{""callbacks"": {""early_stopping"": true, ""min_delta"": 0.0, ""mode"": ""auto"", ""monitor"": ""val_loss"", ""patience"": 40, ""restore_best_weights"": true, ""verbose"": 0}, ""cv"": {""k"": 3, ""seed"": 42, ""shuffle"": true}, ""data"": {""train_path"": ""data/MONK/MONK1/monks-1.train""}, ""model"": {""activation"": ""relu"", ""dropout"": 0.0, ""hidden_units"": [8, 4]}, ""optim"": {""lr"": 0.01, ""momentum"": 0.0, ""name"": ""sgd""}, ""regularizer"": {""l2"": ""1e-2""}, ""seed"": 42, ""split"": {""stratified"": true, ""val_size"": 0.2}, ""training"": {""batch_size"": 32, ""epochs"": 800, ""include_reg_in_val"": false, ""shuffle"": true}}"
dcec672935ff,1,0.3539957902614978,0.0,0.3539957902614978,0.0,0.84,0.0,799.0,0.0,"{""callbacks"": {""early_stopping"": true, ""min_delta"": 0.0, ""mode"": ""auto"", ""monitor"": ""val_loss"", ""patience"": 40, ""restore_best_weights"": true, ""verbose"": 0}, ""cv"": {""k"": 3, ""seed"": 42, ""shuffle"": true}, ""data"": {""train_path"": ""data/MONK/MONK1/monks-1.train""}, ""model"": {""activation"": ""relu"", ""dropout"": 0.0, ""hidden_units"": [4]}, ""optim"": {""lr"": 0.01, ""momentum"": 0.1, ""name"": ""sgd""}, ""regularizer"": {""l2"": ""1e-3""}, ""seed"": 42, ""split"": {""stratified"": true, ""val_size"": 0.2}, ""training"": {""batch_size"": 32, ""epochs"": 800, ""include_reg_in_val"": false, ""shuffle"": true}}"
9a7f59e8aecf,1,0.3546009985174763,0.0,0.3546009985174763,0.0,0.88,0.0,344.0,0.0,"{""callbacks"": {""early_stopping"": true, ""min_delta"": 0.0, ""mode"": ""auto"", ""monitor"": ""val_loss"", ""patience"": 40, ""restore_best_weights"": true, ""verbose"": 0}, ""cv"": {""k"": 3, ""seed"": 42, ""shuffle"": true}, ""data"": {""train_path"": ""data/MONK/MONK1/monks-1.train""}, ""model"": {""activation"": ""tanh"", ""dropout"": 0.2, ""hidden_units"": [4]}, ""optim"": {""lr"": 0.1, ""momentum"": 0.1, ""name"": ""sgd""}, ""regularizer"": {""l2"": ""1e-2""}, ""seed"": 42, ""split"": {""stratified"": true, ""val_size"": 0.2}, ""training"": {""batch_size"": 32, ""epochs"": 800, ""include_reg_in_val"": false, ""shuffle"": true}}"
e4c18ca1253c,1,0.3573838085217636,0.0,0.3573838085217636,0.0,0.88,0.0,36.0,0.0,"{""callbacks"": {""early_stopping"": true, ""min_delta"": 0.0, ""mode"": ""auto"", ""monitor"": ""val_loss"", ""patience"": 40, ""restore_best_weights"": true, ""verbose"": 0}, ""cv"": {""k"": 3, ""seed"": 42, ""shuffle"": true}, ""data"": {""train_path"": ""data/MONK/MONK1/monks-1.train""}, ""model"": {""activation"": ""tanh"", ""dropout"": 0.2, ""hidden_units"": [4]}, ""optim"": {""lr"": 0.2, ""momentum"": 0.9, ""name"": ""sgd""}, ""regularizer"": {""l2"": ""1e-2""}, ""seed"": 42, ""split"": {""stratified"": true, ""val_size"": 0.2}, ""training"": {""batch_size"": 32, ""epochs"": 800, ""include_reg_in_val"": false, ""shuffle"": true}}"
b2c33efbc357,1,0.3577934314659224,0.0,0.3577934314659224,0.0,0.88,0.0,800.0,0.0,"{""callbacks"": {""early_stopping"": true, ""min_delta"": 0.0, ""mode"": ""auto"", ""monitor"": ""val_loss"", ""patience"": 40, ""restore_best_weights"": true, ""verbose"": 0}, ""cv"": {""k"": 3, ""seed"": 42, ""shuffle"": true}, ""data"": {""train_path"": ""data/MONK/MONK1/monks-1.train""}, ""model"": {""activation"": ""tanh"", ""dropout"": 0.0, ""hidden_units"": [4]}, ""optim"": {""lr"": 0.01, ""momentum"": 0.0, ""name"": ""sgd""}, ""regularizer"": {""l2"": ""1e-3""}, ""seed"": 42, ""split"": {""stratified"": true, ""val_size"": 0.2}, ""training"": {""batch_size"": 16, ""epochs"": 800, ""include_reg_in_val"": false, ""shuffle"": true}}"
6bfc8d832b1a,1,0.3583554609766354,0.0,0.3583554609766354,0.0,0.88,0.0,798.0,0.0,"{""callbacks"": {""early_stopping"": true, ""min_delta"": 0.0, ""mode"": ""auto"", ""monitor"": ""val_loss"", ""patience"": 40, ""restore_best_weights"": true, ""verbose"": 0}, ""cv"": {""k"": 3, ""seed"": 42, ""shuffle"": true}, ""data"": {""train_path"": ""data/MONK/MONK1/monks-1.train""}, ""model"": {""activation"": ""sigmoid"", ""dropout"": 0.2, ""hidden_units"": [4]}, ""optim"": {""lr"": 0.1, ""momentum"": 0.0, ""name"": ""sgd""}, ""regularizer"": {""l2"": ""1e-3""}, ""seed"": 42, ""split"": {""stratified"": true, ""val_size"": 0.2}, ""training"": {""batch_size"": 16, ""epochs"": 800, ""include_reg_in_val"": false, ""shuffle"": true}}"
d5cb300ab143,1,0.35858580163029147,0.0,0.35858580163029147,0.0,0.88,0.0,798.0,0.0,"{""callbacks"": {""early_stopping"": true, ""min_delta"": 0.0, ""mode"": ""auto"", ""monitor"": ""val_loss"", ""patience"": 40, ""restore_best_weights"": true, ""verbose"": 0}, ""cv"": {""k"": 3, ""seed"": 42, ""shuffle"": true}, ""data"": {""train_path"": ""data/MONK/MONK1/monks-1.train""}, ""model"": {""activation"": ""sigmoid"", ""dropout"": 0.2, ""hidden_units"": [4]}, ""optim"": {""lr"": 0.01, ""momentum"": 0.9, ""name"": ""sgd""}, ""regularizer"": {""l2"": ""1e-3""}, ""seed"": 42, ""split"": {""stratified"": true, ""val_size"": 0.2}, ""training"": {""batch_size"": 16, ""epochs"": 800, ""include_reg_in_val"": false, ""shuffle"": true}}"
095647b8f32b,1,0.3596006762020971,0.0,0.3596006762020971,0.0,0.88,0.0,467.0,0.0,"{""callbacks"": {""early_stopping"": true, ""min_delta"": 0.0, ""mode"": ""auto"", ""monitor"": ""val_loss"", ""patience"": 40, ""restore_best_weights"": true, ""verbose"": 0}, ""cv"": {""k"": 3, ""seed"": 42, ""shuffle"": true}, ""data"": {""train_path"": ""data/MONK/MONK1/monks-1.train""}, ""model"": {""activation"": ""sigmoid"", ""dropout"": 0.2, ""hidden_units"": [8, 4]}, ""optim"": {""lr"": 0.2, ""momentum"": 0.1, ""name"": ""sgd""}, ""regularizer"": {""l2"": 0.0}, ""seed"": 42, ""split"": {""stratified"": true, ""val_size"": 0.2}, ""training"": {""batch_size"": 16, ""epochs"": 800, ""include_reg_in_val"": false, ""shuffle"": true}}"
46801a7b1ad2,1,0.3630758674106152,0.0,0.3630758674106152,0.0,0.88,0.0,799.0,0.0,"{""callbacks"": {""early_stopping"": true, ""min_delta"": 0.0, ""mode"": ""auto"", ""monitor"": ""val_loss"", ""patience"": 40, ""restore_best_weights"": true, ""verbose"": 0}, ""cv"": {""k"": 3, ""seed"": 42, ""shuffle"": true}, ""data"": {""train_path"": ""data/MONK/MONK1/monks-1.train""}, ""model"": {""activation"": ""relu"", ""dropout"": 0.2, ""hidden_units"": [8, 4]}, ""optim"": {""lr"": 0.01, ""momentum"": 0.1, ""name"": ""sgd""}, ""regularizer"": {""l2"": 0.0}, ""seed"": 42, ""split"": {""stratified"": true, ""val_size"": 0.2}, ""training"": {""batch_size"": 32, ""epochs"": 800, ""include_reg_in_val"": false, ""shuffle"": true}}"
f01bd8dedae2,1,0.3638088471241547,0.0,0.3638088471241547,0.0,0.84,0.0,8.0,0.0,"{""callbacks"": {""early_stopping"": true, ""min_delta"": 0.0, ""mode"": ""auto"", ""monitor"": ""val_loss"", ""patience"": 40, ""restore_best_weights"": true, ""verbose"": 0}, ""cv"": {""k"": 3, ""seed"": 42, ""shuffle"": true}, ""data"": {""train_path"": ""data/MONK/MONK1/monks-1.train""}, ""model"": {""activation"": ""relu"", ""dropout"": 0.0, ""hidden_units"": [8, 4]}, ""optim"": {""lr"": 0.2, ""momentum"": 0.9, ""name"": ""sgd""}, ""regularizer"": {""l2"": 0.0}, ""seed"": 42, ""split"": {""stratified"": true, ""val_size"": 0.2}, ""training"": {""batch_size"": 16, ""epochs"": 800, ""include_reg_in_val"": false, ""shuffle"": true}}"
34eaa87a3406,1,0.3645005101408925,0.0,0.3645005101408925,0.0,0.88,0.0,224.0,0.0,"{""callbacks"": {""early_stopping"": true, ""min_delta"": 0.0, ""mode"": ""auto"", ""monitor"": ""val_loss"", ""patience"": 40, ""restore_best_weights"": true, ""verbose"": 0}, ""cv"": {""k"": 3, ""seed"": 42, ""shuffle"": true}, ""data"": {""train_path"": ""data/MONK/MONK1/monks-1.train""}, ""model"": {""activation"": ""tanh"", ""dropout"": 0.2, ""hidden_units"": [8, 4]}, ""optim"": {""lr"": 0.1, ""momentum"": 0.9, ""name"": ""sgd""}, ""regularizer"": {""l2"": ""1e-2""}, ""seed"": 42, ""split"": {""stratified"": true, ""val_size"": 0.2}, ""training"": {""batch_size"": 32, ""epochs"": 800, ""include_reg_in_val"": false, ""shuffle"": true}}"
8a3cefa61aca,1,0.36458821061836133,0.0,0.36458821061836133,0.0,0.88,0.0,800.0,0.0,"{""callbacks"": {""early_stopping"": true, ""min_delta"": 0.0, ""mode"": ""auto"", ""monitor"": ""val_loss"", ""patience"": 40, ""restore_best_weights"": true, ""verbose"": 0}, ""cv"": {""k"": 3, ""seed"": 42, ""shuffle"": true}, ""data"": {""train_path"": ""data/MONK/MONK1/monks-1.train""}, ""model"": {""activation"": ""sigmoid"", ""dropout"": 0.2, ""hidden_units"": [8, 4]}, ""optim"": {""lr"": 0.2, ""momentum"": 0.1, ""name"": ""sgd""}, ""regularizer"": {""l2"": 0.0}, ""seed"": 42, ""split"": {""stratified"": true, ""val_size"": 0.2}, ""training"": {""batch_size"": 32, ""epochs"": 800, ""include_reg_in_val"": false, ""shuffle"": true}}"
ed7aaf007749,1,0.364769031792261,0.0,0.364769031792261,0.0,0.88,0.0,799.0,0.0,"{""callbacks"": {""early_stopping"": true, ""min_delta"": 0.0, ""mode"": ""auto"", ""monitor"": ""val_loss"", ""patience"": 40, ""restore_best_weights"": true, ""verbose"": 0}, ""cv"": {""k"": 3, ""seed"": 42, ""shuffle"": true}, ""data"": {""train_path"": ""data/MONK/MONK1/monks-1.train""}, ""model"": {""activation"": ""relu"", ""dropout"": 0.2, ""hidden_units"": [8, 4]}, ""optim"": {""lr"": 0.01, ""momentum"": 0.1, ""name"": ""sgd""}, ""regularizer"": {""l2"": ""1e-3""}, ""seed"": 42, ""split"": {""stratified"": true, ""val_size"": 0.2}, ""training"": {""batch_size"": 32, ""epochs"": 800, ""include_reg_in_val"": false, ""shuffle"": true}}"
7d2e6e6890ce,1,0.3647775055235629,0.0,0.3647775055235629,0.0,0.88,0.0,475.0,0.0,"{""callbacks"": {""early_stopping"": true, ""min_delta"": 0.0, ""mode"": ""auto"", ""monitor"": ""val_loss"", ""patience"": 40, ""restore_best_weights"": true, ""verbose"": 0}, ""cv"": {""k"": 3, ""seed"": 42, ""shuffle"": true}, ""data"": {""train_path"": ""data/MONK/MONK1/monks-1.train""}, ""model"": {""activation"": ""sigmoid"", ""dropout"": 0.2, ""hidden_units"": [4]}, ""optim"": {""lr"": 0.2, ""momentum"": 0.1, ""name"": ""sgd""}, ""regularizer"": {""l2"": 0.0}, ""seed"": 42, ""split"": {""stratified"": true, ""val_size"": 0.2}, ""training"": {""batch_size"": 32, ""epochs"": 800, ""include_reg_in_val"": false, ""shuffle"": true}}"
47160da553d3,1,0.3648910032264487,0.0,0.3648910032264487,0.0,0.84,0.0,799.0,0.0,"{""callbacks"": {""early_stopping"": true, ""min_delta"": 0.0, ""mode"": ""auto"", ""monitor"": ""val_loss"", ""patience"": 40, ""restore_best_weights"": true, ""verbose"": 0}, ""cv"": {""k"": 3, ""seed"": 42, ""shuffle"": true}, ""data"": {""train_path"": ""data/MONK/MONK1/monks-1.train""}, ""model"": {""activation"": ""relu"", ""dropout"": 0.0, ""hidden_units"": [4]}, ""optim"": {""lr"": 0.01, ""momentum"": 0.0, ""name"": ""sgd""}, ""regularizer"": {""l2"": 0.0}, ""seed"": 42, ""split"": {""stratified"": true, ""val_size"": 0.2}, ""training"": {""batch_size"": 32, ""epochs"": 800, ""include_reg_in_val"": false, ""shuffle"": true}}"
2215add94765,1,0.3651697339387028,0.0,0.3651697339387028,0.0,0.84,0.0,723.0,0.0,"{""callbacks"": {""early_stopping"": true, ""min_delta"": 0.0, ""mode"": ""auto"", ""monitor"": ""val_loss"", ""patience"": 40, ""restore_best_weights"": true, ""verbose"": 0}, ""cv"": {""k"": 3, ""seed"": 42, ""shuffle"": true}, ""data"": {""train_path"": ""data/MONK/MONK1/monks-1.train""}, ""model"": {""activation"": ""relu"", ""dropout"": 0.2, ""hidden_units"": [4]}, ""optim"": {""lr"": 0.01, ""momentum"": 0.1, ""name"": ""sgd""}, ""regularizer"": {""l2"": ""1e-3""}, ""seed"": 42, ""split"": {""stratified"": true, ""val_size"": 0.2}, ""training"": {""batch_size"": 16, ""epochs"": 800, ""include_reg_in_val"": false, ""shuffle"": true}}"
80fd75aa8bcf,1,0.3660087720056812,0.0,0.3660087720056812,0.0,0.84,0.0,723.0,0.0,"{""callbacks"": {""early_stopping"": true, ""min_delta"": 0.0, ""mode"": ""auto"", ""monitor"": ""val_loss"", ""patience"": 40, ""restore_best_weights"": true, ""verbose"": 0}, ""cv"": {""k"": 3, ""seed"": 42, ""shuffle"": true}, ""data"": {""train_path"": ""data/MONK/MONK1/monks-1.train""}, ""model"": {""activation"": ""relu"", ""dropout"": 0.2, ""hidden_units"": [4]}, ""optim"": {""lr"": 0.01, ""momentum"": 0.1, ""name"": ""sgd""}, ""regularizer"": {""l2"": 0.0}, ""seed"": 42, ""split"": {""stratified"": true, ""val_size"": 0.2}, ""training"": {""batch_size"": 16, ""epochs"": 800, ""include_reg_in_val"": false, ""shuffle"": true}}"
1a4564e177fb,1,0.36662380316316295,0.0,0.36662380316316295,0.0,0.84,0.0,799.0,0.0,"{""callbacks"": {""early_stopping"": true, ""min_delta"": 0.0, ""mode"": ""auto"", ""monitor"": ""val_loss"", ""patience"": 40, ""restore_best_weights"": true, ""verbose"": 0}, ""cv"": {""k"": 3, ""seed"": 42, ""shuffle"": true}, ""data"": {""train_path"": ""data/MONK/MONK1/monks-1.train""}, ""model"": {""activation"": ""relu"", ""dropout"": 0.0, ""hidden_units"": [4]}, ""optim"": {""lr"": 0.01, ""momentum"": 0.0, ""name"": ""sgd""}, ""regularizer"": {""l2"": ""1e-3""}, ""seed"": 42, ""split"": {""stratified"": true, ""val_size"": 0.2}, ""training"": {""batch_size"": 32, ""epochs"": 800, ""include_reg_in_val"": false, ""shuffle"": true}}"
c2ba375d2204,1,0.3676569793574474,0.0,0.3676569793574474,0.0,0.8,0.0,723.0,0.0,"{""callbacks"": {""early_stopping"": true, ""min_delta"": 0.0, ""mode"": ""auto"", ""monitor"": ""val_loss"", ""patience"": 40, ""restore_best_weights"": true, ""verbose"": 0}, ""cv"": {""k"": 3, ""seed"": 42, ""shuffle"": true}, ""data"": {""train_path"": ""data/MONK/MONK1/monks-1.train""}, ""model"": {""activation"": ""relu"", ""dropout"": 0.2, ""hidden_units"": [4]}, ""optim"": {""lr"": 0.01, ""momentum"": 0.0, ""name"": ""sgd""}, ""regularizer"": {""l2"": ""1e-3""}, ""seed"": 42, ""split"": {""stratified"": true, ""val_size"": 0.2}, ""training"": {""batch_size"": 16, ""epochs"": 800, ""include_reg_in_val"": false, ""shuffle"": true}}"
ffabd1f55a97,1,0.3688807624970898,0.0,0.3688807624970898,0.0,0.84,0.0,29.0,0.0,"{""callbacks"": {""early_stopping"": true, ""min_delta"": 0.0, ""mode"": ""auto"", ""monitor"": ""val_loss"", ""patience"": 40, ""restore_best_weights"": true, ""verbose"": 0}, ""cv"": {""k"": 3, ""seed"": 42, ""shuffle"": true}, ""data"": {""train_path"": ""data/MONK/MONK1/monks-1.train""}, ""model"": {""activation"": ""relu"", ""dropout"": 0.2, ""hidden_units"": [4]}, ""optim"": {""lr"": 0.2, ""momentum"": 0.9, ""name"": ""sgd""}, ""regularizer"": {""l2"": ""1e-2""}, ""seed"": 42, ""split"": {""stratified"": true, ""val_size"": 0.2}, ""training"": {""batch_size"": 32, ""epochs"": 800, ""include_reg_in_val"": false, ""shuffle"": true}}"
70b17d0ace0e,1,0.3689200507019192,0.0,0.3689200507019192,0.0,0.88,0.0,705.0,0.0,"{""callbacks"": {""early_stopping"": true, ""min_delta"": 0.0, ""mode"": ""auto"", ""monitor"": ""val_loss"", ""patience"": 40, ""restore_best_weights"": true, ""verbose"": 0}, ""cv"": {""k"": 3, ""seed"": 42, ""shuffle"": true}, ""data"": {""train_path"": ""data/MONK/MONK1/monks-1.train""}, ""model"": {""activation"": ""sigmoid"", ""dropout"": 0.2, ""hidden_units"": [8, 4]}, ""optim"": {""lr"": 0.2, ""momentum"": 0.1, ""name"": ""sgd""}, ""regularizer"": {""l2"": ""1e-3""}, ""seed"": 42, ""split"": {""stratified"": true, ""val_size"": 0.2}, ""training"": {""batch_size"": 16, ""epochs"": 800, ""include_reg_in_val"": false, ""shuffle"": true}}"
d989aa6dad5b,1,0.3701550008908544,0.0,0.3701550008908544,0.0,0.88,0.0,44.0,0.0,"{""callbacks"": {""early_stopping"": true, ""min_delta"": 0.0, ""mode"": ""auto"", ""monitor"": ""val_loss"", ""patience"": 40, ""restore_best_weights"": true, ""verbose"": 0}, ""cv"": {""k"": 3, ""seed"": 42, ""shuffle"": true}, ""data"": {""train_path"": ""data/MONK/MONK1/monks-1.train""}, ""model"": {""activation"": ""tanh"", ""dropout"": 0.2, ""hidden_units"": [8, 4]}, ""optim"": {""lr"": 0.2, ""momentum"": 0.9, ""name"": ""sgd""}, ""regularizer"": {""l2"": ""1e-2""}, ""seed"": 42, ""split"": {""stratified"": true, ""val_size"": 0.2}, ""training"": {""batch_size"": 32, ""epochs"": 800, ""include_reg_in_val"": false, ""shuffle"": true}}"
2536f11565af,1,0.370261433044594,0.0,0.370261433044594,0.0,0.88,0.0,789.0,0.0,"{""callbacks"": {""early_stopping"": true, ""min_delta"": 0.0, ""mode"": ""auto"", ""monitor"": ""val_loss"", ""patience"": 40, ""restore_best_weights"": true, ""verbose"": 0}, ""cv"": {""k"": 3, ""seed"": 42, ""shuffle"": true}, ""data"": {""train_path"": ""data/MONK/MONK1/monks-1.train""}, ""model"": {""activation"": ""relu"", ""dropout"": 0.0, ""hidden_units"": [4]}, ""optim"": {""lr"": 0.01, ""momentum"": 0.1, ""name"": ""sgd""}, ""regularizer"": {""l2"": ""1e-2""}, ""seed"": 42, ""split"": {""stratified"": true, ""val_size"": 0.2}, ""training"": {""batch_size"": 32, ""epochs"": 800, ""include_reg_in_val"": false, ""shuffle"": true}}"
88b0b8519157,1,0.37160128926077685,0.0,0.37160128926077685,0.0,0.88,0.0,105.0,0.0,"{""callbacks"": {""early_stopping"": true, ""min_delta"": 0.0, ""mode"": ""auto"", ""monitor"": ""val_loss"", ""patience"": 40, ""restore_best_weights"": true, ""verbose"": 0}, ""cv"": {""k"": 3, ""seed"": 42, ""shuffle"": true}, ""data"": {""train_path"": ""data/MONK/MONK1/monks-1.train""}, ""model"": {""activation"": ""tanh"", ""dropout"": 0.2, ""hidden_units"": [8, 4]}, ""optim"": {""lr"": 0.1, ""momentum"": 0.0, ""name"": ""sgd""}, ""regularizer"": {""l2"": ""1e-3""}, ""seed"": 42, ""split"": {""stratified"": true, ""val_size"": 0.2}, ""training"": {""batch_size"": 32, ""epochs"": 800, ""include_reg_in_val"": false, ""shuffle"": true}}"
5b0ff46bb5f9,1,0.37173052616350577,0.0,0.37173052616350577,0.0,0.88,0.0,562.0,0.0,"{""callbacks"": {""early_stopping"": true, ""min_delta"": 0.0, ""mode"": ""auto"", ""monitor"": ""val_loss"", ""patience"": 40, ""restore_best_weights"": true, ""verbose"": 0}, ""cv"": {""k"": 3, ""seed"": 42, ""shuffle"": true}, ""data"": {""train_path"": ""data/MONK/MONK1/monks-1.train""}, ""model"": {""activation"": ""tanh"", ""dropout"": 0.2, ""hidden_units"": [8, 4]}, ""optim"": {""lr"": 0.01, ""momentum"": 0.0, ""name"": ""sgd""}, ""regularizer"": {""l2"": 0.0}, ""seed"": 42, ""split"": {""stratified"": true, ""val_size"": 0.2}, ""training"": {""batch_size"": 16, ""epochs"": 800, ""include_reg_in_val"": false, ""shuffle"": true}}"
69d7a4bca8db,1,0.3722510959716206,0.0,0.3722510959716206,0.0,0.88,0.0,800.0,0.0,"{""callbacks"": {""early_stopping"": true, ""min_delta"": 0.0, ""mode"": ""auto"", ""monitor"": ""val_loss"", ""patience"": 40, ""restore_best_weights"": true, ""verbose"": 0}, ""cv"": {""k"": 3, ""seed"": 42, ""shuffle"": true}, ""data"": {""train_path"": ""data/MONK/MONK1/monks-1.train""}, ""model"": {""activation"": ""relu"", ""dropout"": 0.0, ""hidden_units"": [8]}, ""optim"": {""lr"": 0.01, ""momentum"": 0.1, ""name"": ""sgd""}, ""regularizer"": {""l2"": 0.0}, ""seed"": 42, ""split"": {""stratified"": true, ""val_size"": 0.2}, ""training"": {""batch_size"": 32, ""epochs"": 800, ""include_reg_in_val"": false, ""shuffle"": true}}"
7325c03b37d9,1,0.37230312801408105,0.0,0.37230312801408105,0.0,0.84,0.0,781.0,0.0,"{""callbacks"": {""early_stopping"": true, ""min_delta"": 0.0, ""mode"": ""auto"", ""monitor"": ""val_loss"", ""patience"": 40, ""restore_best_weights"": true, ""verbose"": 0}, ""cv"": {""k"": 3, ""seed"": 42, ""shuffle"": true}, ""data"": {""train_path"": ""data/MONK/MONK1/monks-1.train""}, ""model"": {""activation"": ""relu"", ""dropout"": 0.2, ""hidden_units"": [4]}, ""optim"": {""lr"": 0.01, ""momentum"": 0.0, ""name"": ""sgd""}, ""regularizer"": {""l2"": 0.0}, ""seed"": 42, ""split"": {""stratified"": true, ""val_size"": 0.2}, ""training"": {""batch_size"": 16, ""epochs"": 800, ""include_reg_in_val"": false, ""shuffle"": true}}"
b581875bb492,1,0.3727219996190365,0.0,0.3727219996190365,0.0,0.88,0.0,800.0,0.0,"{""callbacks"": {""early_stopping"": true, ""min_delta"": 0.0, ""mode"": ""auto"", ""monitor"": ""val_loss"", ""patience"": 40, ""restore_best_weights"": true, ""verbose"": 0}, ""cv"": {""k"": 3, ""seed"": 42, ""shuffle"": true}, ""data"": {""train_path"": ""data/MONK/MONK1/monks-1.train""}, ""model"": {""activation"": ""sigmoid"", ""dropout"": 0.2, ""hidden_units"": [8, 4]}, ""optim"": {""lr"": 0.2, ""momentum"": 0.0, ""name"": ""sgd""}, ""regularizer"": {""l2"": ""1e-3""}, ""seed"": 42, ""split"": {""stratified"": true, ""val_size"": 0.2}, ""training"": {""batch_size"": 16, ""epochs"": 800, ""include_reg_in_val"": false, ""shuffle"": true}}"
0cb68c65d442,1,0.373298213424366,0.0,0.373298213424366,0.0,0.84,0.0,781.0,0.0,"{""callbacks"": {""early_stopping"": true, ""min_delta"": 0.0, ""mode"": ""auto"", ""monitor"": ""val_loss"", ""patience"": 40, ""restore_best_weights"": true, ""verbose"": 0}, ""cv"": {""k"": 3, ""seed"": 42, ""shuffle"": true}, ""data"": {""train_path"": ""data/MONK/MONK1/monks-1.train""}, ""model"": {""activation"": ""relu"", ""dropout"": 0.2, ""hidden_units"": [4]}, ""optim"": {""lr"": 0.01, ""momentum"": 0.1, ""name"": ""sgd""}, ""regularizer"": {""l2"": ""1e-2""}, ""seed"": 42, ""split"": {""stratified"": true, ""val_size"": 0.2}, ""training"": {""batch_size"": 16, ""epochs"": 800, ""include_reg_in_val"": false, ""shuffle"": true}}"
43e986923602,1,0.37557238009433325,0.0,0.37557238009433325,0.0,0.88,0.0,800.0,0.0,"{""callbacks"": {""early_stopping"": true, ""min_delta"": 0.0, ""mode"": ""auto"", ""monitor"": ""val_loss"", ""patience"": 40, ""restore_best_weights"": true, ""verbose"": 0}, ""cv"": {""k"": 3, ""seed"": 42, ""shuffle"": true}, ""data"": {""train_path"": ""data/MONK/MONK1/monks-1.train""}, ""model"": {""activation"": ""relu"", ""dropout"": 0.0, ""hidden_units"": [8]}, ""optim"": {""lr"": 0.01, ""momentum"": 0.1, ""name"": ""sgd""}, ""regularizer"": {""l2"": ""1e-3""}, ""seed"": 42, ""split"": {""stratified"": true, ""val_size"": 0.2}, ""training"": {""batch_size"": 32, ""epochs"": 800, ""include_reg_in_val"": false, ""shuffle"": true}}"
7db15af07fcc,1,0.3762828349997676,0.0,0.3762828349997676,0.0,0.88,0.0,800.0,0.0,"{""callbacks"": {""early_stopping"": true, ""min_delta"": 0.0, ""mode"": ""auto"", ""monitor"": ""val_loss"", ""patience"": 40, ""restore_best_weights"": true, ""verbose"": 0}, ""cv"": {""k"": 3, ""seed"": 42, ""shuffle"": true}, ""data"": {""train_path"": ""data/MONK/MONK1/monks-1.train""}, ""model"": {""activation"": ""relu"", ""dropout"": 0.2, ""hidden_units"": [8]}, ""optim"": {""lr"": 0.01, ""momentum"": 0.1, ""name"": ""sgd""}, ""regularizer"": {""l2"": 0.0}, ""seed"": 42, ""split"": {""stratified"": true, ""val_size"": 0.2}, ""training"": {""batch_size"": 32, ""epochs"": 800, ""include_reg_in_val"": false, ""shuffle"": true}}"
ce86e3508d85,1,0.3766246605519678,0.0,0.3766246605519678,0.0,0.88,0.0,562.0,0.0,"{""callbacks"": {""early_stopping"": true, ""min_delta"": 0.0, ""mode"": ""auto"", ""monitor"": ""val_loss"", ""patience"": 40, ""restore_best_weights"": true, ""verbose"": 0}, ""cv"": {""k"": 3, ""seed"": 42, ""shuffle"": true}, ""data"": {""train_path"": ""data/MONK/MONK1/monks-1.train""}, ""model"": {""activation"": ""tanh"", ""dropout"": 0.2, ""hidden_units"": [8, 4]}, ""optim"": {""lr"": 0.01, ""momentum"": 0.0, ""name"": ""sgd""}, ""regularizer"": {""l2"": ""1e-3""}, ""seed"": 42, ""split"": {""stratified"": true, ""val_size"": 0.2}, ""training"": {""batch_size"": 16, ""epochs"": 800, ""include_reg_in_val"": false, ""shuffle"": true}}"
30eae1e3f6fc,1,0.37665041054689935,0.0,0.37665041054689935,0.0,0.84,0.0,781.0,0.0,"{""callbacks"": {""early_stopping"": true, ""min_delta"": 0.0, ""mode"": ""auto"", ""monitor"": ""val_loss"", ""patience"": 40, ""restore_best_weights"": true, ""verbose"": 0}, ""cv"": {""k"": 3, ""seed"": 42, ""shuffle"": true}, ""data"": {""train_path"": ""data/MONK/MONK1/monks-1.train""}, ""model"": {""activation"": ""relu"", ""dropout"": 0.2, ""hidden_units"": [4]}, ""optim"": {""lr"": 0.01, ""momentum"": 0.0, ""name"": ""sgd""}, ""regularizer"": {""l2"": ""1e-2""}, ""seed"": 42, ""split"": {""stratified"": true, ""val_size"": 0.2}, ""training"": {""batch_size"": 16, ""epochs"": 800, ""include_reg_in_val"": false, ""shuffle"": true}}"
453ef66c248b,1,0.37753198147788103,0.0,0.37753198147788103,0.0,0.88,0.0,111.0,0.0,"{""callbacks"": {""early_stopping"": true, ""min_delta"": 0.0, ""mode"": ""auto"", ""monitor"": ""val_loss"", ""patience"": 40, ""restore_best_weights"": true, ""verbose"": 0}, ""cv"": {""k"": 3, ""seed"": 42, ""shuffle"": true}, ""data"": {""train_path"": ""data/MONK/MONK1/monks-1.train""}, ""model"": {""activation"": ""tanh"", ""dropout"": 0.2, ""hidden_units"": [8, 4]}, ""optim"": {""lr"": 0.01, ""momentum"": 0.9, ""name"": ""sgd""}, ""regularizer"": {""l2"": ""1e-3""}, ""seed"": 42, ""split"": {""stratified"": true, ""val_size"": 0.2}, ""training"": {""batch_size"": 32, ""epochs"": 800, ""include_reg_in_val"": false, ""shuffle"": true}}"
5bab441a6346,1,0.37850493576046007,0.0,0.37850493576046007,0.0,0.88,0.0,800.0,0.0,"{""callbacks"": {""early_stopping"": true, ""min_delta"": 0.0, ""mode"": ""auto"", ""monitor"": ""val_loss"", ""patience"": 40, ""restore_best_weights"": true, ""verbose"": 0}, ""cv"": {""k"": 3, ""seed"": 42, ""shuffle"": true}, ""data"": {""train_path"": ""data/MONK/MONK1/monks-1.train""}, ""model"": {""activation"": ""sigmoid"", ""dropout"": 0.2, ""hidden_units"": [8, 4]}, ""optim"": {""lr"": 0.2, ""momentum"": 0.0, ""name"": ""sgd""}, ""regularizer"": {""l2"": 0.0}, ""seed"": 42, ""split"": {""stratified"": true, ""val_size"": 0.2}, ""training"": {""batch_size"": 32, ""epochs"": 800, ""include_reg_in_val"": false, ""shuffle"": true}}"
a18dcd8f2ee1,1,0.3790200405028227,0.0,0.3790200405028227,0.0,0.88,0.0,800.0,0.0,"{""callbacks"": {""early_stopping"": true, ""min_delta"": 0.0, ""mode"": ""auto"", ""monitor"": ""val_loss"", ""patience"": 40, ""restore_best_weights"": true, ""verbose"": 0}, ""cv"": {""k"": 3, ""seed"": 42, ""shuffle"": true}, ""data"": {""train_path"": ""data/MONK/MONK1/monks-1.train""}, ""model"": {""activation"": ""relu"", ""dropout"": 0.2, ""hidden_units"": [8]}, ""optim"": {""lr"": 0.01, ""momentum"": 0.1, ""name"": ""sgd""}, ""regularizer"": {""l2"": ""1e-3""}, ""seed"": 42, ""split"": {""stratified"": true, ""val_size"": 0.2}, ""training"": {""batch_size"": 32, ""epochs"": 800, ""include_reg_in_val"": false, ""shuffle"": true}}"
9d6820fe823b,1,0.37992371040496226,0.0,0.37992371040496226,0.0,0.88,0.0,9.0,0.0,"{""callbacks"": {""early_stopping"": true, ""min_delta"": 0.0, ""mode"": ""auto"", ""monitor"": ""val_loss"", ""patience"": 40, ""restore_best_weights"": true, ""verbose"": 0}, ""cv"": {""k"": 3, ""seed"": 42, ""shuffle"": true}, ""data"": {""train_path"": ""data/MONK/MONK1/monks-1.train""}, ""model"": {""activation"": ""tanh"", ""dropout"": 0.2, ""hidden_units"": [8, 4]}, ""optim"": {""lr"": 0.2, ""momentum"": 0.9, ""name"": ""sgd""}, ""regularizer"": {""l2"": ""1e-2""}, ""seed"": 42, ""split"": {""stratified"": true, ""val_size"": 0.2}, ""training"": {""batch_size"": 16, ""epochs"": 800, ""include_reg_in_val"": false, ""shuffle"": true}}"
83a3012aa9a4,1,0.3809898123038656,0.0,0.3809898123038656,0.0,0.88,0.0,731.0,0.0,"{""callbacks"": {""early_stopping"": true, ""min_delta"": 0.0, ""mode"": ""auto"", ""monitor"": ""val_loss"", ""patience"": 40, ""restore_best_weights"": true, ""verbose"": 0}, ""cv"": {""k"": 3, ""seed"": 42, ""shuffle"": true}, ""data"": {""train_path"": ""data/MONK/MONK1/monks-1.train""}, ""model"": {""activation"": ""tanh"", ""dropout"": 0.2, ""hidden_units"": [4]}, ""optim"": {""lr"": 0.01, ""momentum"": 0.1, ""name"": ""sgd""}, ""regularizer"": {""l2"": 0.0}, ""seed"": 42, ""split"": {""stratified"": true, ""val_size"": 0.2}, ""training"": {""batch_size"": 16, ""epochs"": 800, ""include_reg_in_val"": false, ""shuffle"": true}}"
ad7102c11556,1,0.38102261089563316,0.0,0.38102261089563316,0.0,0.88,0.0,792.0,0.0,"{""callbacks"": {""early_stopping"": true, ""min_delta"": 0.0, ""mode"": ""auto"", ""monitor"": ""val_loss"", ""patience"": 40, ""restore_best_weights"": true, ""verbose"": 0}, ""cv"": {""k"": 3, ""seed"": 42, ""shuffle"": true}, ""data"": {""train_path"": ""data/MONK/MONK1/monks-1.train""}, ""model"": {""activation"": ""relu"", ""dropout"": 0.0, ""hidden_units"": [4]}, ""optim"": {""lr"": 0.01, ""momentum"": 0.0, ""name"": ""sgd""}, ""regularizer"": {""l2"": ""1e-2""}, ""seed"": 42, ""split"": {""stratified"": true, ""val_size"": 0.2}, ""training"": {""batch_size"": 32, ""epochs"": 800, ""include_reg_in_val"": false, ""shuffle"": true}}"
7d5f83011398,1,0.38208032667825614,0.0,0.38208032667825614,0.0,0.84,0.0,42.0,0.0,"{""callbacks"": {""early_stopping"": true, ""min_delta"": 0.0, ""mode"": ""auto"", ""monitor"": ""val_loss"", ""patience"": 40, ""restore_best_weights"": true, ""verbose"": 0}, ""cv"": {""k"": 3, ""seed"": 42, ""shuffle"": true}, ""data"": {""train_path"": ""data/MONK/MONK1/monks-1.train""}, ""model"": {""activation"": ""relu"", ""dropout"": 0.2, ""hidden_units"": [8, 4]}, ""optim"": {""lr"": 0.1, ""momentum"": 0.9, ""name"": ""sgd""}, ""regularizer"": {""l2"": ""1e-2""}, ""seed"": 42, ""split"": {""stratified"": true, ""val_size"": 0.2}, ""training"": {""batch_size"": 32, ""epochs"": 800, ""include_reg_in_val"": false, ""shuffle"": true}}"
f5762f6e8144,1,0.3824987758332087,0.0,0.3824987758332087,0.0,0.88,0.0,798.0,0.0,"{""callbacks"": {""early_stopping"": true, ""min_delta"": 0.0, ""mode"": ""auto"", ""monitor"": ""val_loss"", ""patience"": 40, ""restore_best_weights"": true, ""verbose"": 0}, ""cv"": {""k"": 3, ""seed"": 42, ""shuffle"": true}, ""data"": {""train_path"": ""data/MONK/MONK1/monks-1.train""}, ""model"": {""activation"": ""sigmoid"", ""dropout"": 0.2, ""hidden_units"": [4]}, ""optim"": {""lr"": 0.1, ""momentum"": 0.1, ""name"": ""sgd""}, ""regularizer"": {""l2"": 0.0}, ""seed"": 42, ""split"": {""stratified"": true, ""val_size"": 0.2}, ""training"": {""batch_size"": 32, ""epochs"": 800, ""include_reg_in_val"": false, ""shuffle"": true}}"
e37ef5c89ee9,1,0.38418807276369804,0.0,0.38418807276369804,0.0,0.88,0.0,800.0,0.0,"{""callbacks"": {""early_stopping"": true, ""min_delta"": 0.0, ""mode"": ""auto"", ""monitor"": ""val_loss"", ""patience"": 40, ""restore_best_weights"": true, ""verbose"": 0}, ""cv"": {""k"": 3, ""seed"": 42, ""shuffle"": true}, ""data"": {""train_path"": ""data/MONK/MONK1/monks-1.train""}, ""model"": {""activation"": ""sigmoid"", ""dropout"": 0.2, ""hidden_units"": [8, 4]}, ""optim"": {""lr"": 0.1, ""momentum"": 0.1, ""name"": ""sgd""}, ""regularizer"": {""l2"": 0.0}, ""seed"": 42, ""split"": {""stratified"": true, ""val_size"": 0.2}, ""training"": {""batch_size"": 16, ""epochs"": 800, ""include_reg_in_val"": false, ""shuffle"": true}}"
e3d929437e04,1,0.38575216493686537,0.0,0.38575216493686537,0.0,0.88,0.0,731.0,0.0,"{""callbacks"": {""early_stopping"": true, ""min_delta"": 0.0, ""mode"": ""auto"", ""monitor"": ""val_loss"", ""patience"": 40, ""restore_best_weights"": true, ""verbose"": 0}, ""cv"": {""k"": 3, ""seed"": 42, ""shuffle"": true}, ""data"": {""train_path"": ""data/MONK/MONK1/monks-1.train""}, ""model"": {""activation"": ""tanh"", ""dropout"": 0.2, ""hidden_units"": [4]}, ""optim"": {""lr"": 0.01, ""momentum"": 0.1, ""name"": ""sgd""}, ""regularizer"": {""l2"": ""1e-3""}, ""seed"": 42, ""split"": {""stratified"": true, ""val_size"": 0.2}, ""training"": {""batch_size"": 16, ""epochs"": 800, ""include_reg_in_val"": false, ""shuffle"": true}}"
1144263a6ab2,1,0.3889624115994396,0.0,0.3889624115994396,0.0,0.88,0.0,415.0,0.0,"{""callbacks"": {""early_stopping"": true, ""min_delta"": 0.0, ""mode"": ""auto"", ""monitor"": ""val_loss"", ""patience"": 40, ""restore_best_weights"": true, ""verbose"": 0}, ""cv"": {""k"": 3, ""seed"": 42, ""shuffle"": true}, ""data"": {""train_path"": ""data/MONK/MONK1/monks-1.train""}, ""model"": {""activation"": ""sigmoid"", ""dropout"": 0.0, ""hidden_units"": [8, 4]}, ""optim"": {""lr"": 0.2, ""momentum"": 0.1, ""name"": ""sgd""}, ""regularizer"": {""l2"": 0.0}, ""seed"": 42, ""split"": {""stratified"": true, ""val_size"": 0.2}, ""training"": {""batch_size"": 32, ""epochs"": 800, ""include_reg_in_val"": false, ""shuffle"": true}}"
2862fd7cf813,1,0.38961576912662904,0.0,0.38961576912662904,0.0,0.88,0.0,800.0,0.0,"{""callbacks"": {""early_stopping"": true, ""min_delta"": 0.0, ""mode"": ""auto"", ""monitor"": ""val_loss"", ""patience"": 40, ""restore_best_weights"": true, ""verbose"": 0}, ""cv"": {""k"": 3, ""seed"": 42, ""shuffle"": true}, ""data"": {""train_path"": ""data/MONK/MONK1/monks-1.train""}, ""model"": {""activation"": ""tanh"", ""dropout"": 0.0, ""hidden_units"": [4]}, ""optim"": {""lr"": 0.01, ""momentum"": 0.1, ""name"": ""sgd""}, ""regularizer"": {""l2"": ""1e-2""}, ""seed"": 42, ""split"": {""stratified"": true, ""val_size"": 0.2}, ""training"": {""batch_size"": 16, ""epochs"": 800, ""include_reg_in_val"": false, ""shuffle"": true}}"
8754e4051fc2,1,0.3896266372901642,0.0,0.3896266372901642,0.0,0.8,0.0,785.0,0.0,"{""callbacks"": {""early_stopping"": true, ""min_delta"": 0.0, ""mode"": ""auto"", ""monitor"": ""val_loss"", ""patience"": 40, ""restore_best_weights"": true, ""verbose"": 0}, ""cv"": {""k"": 3, ""seed"": 42, ""shuffle"": true}, ""data"": {""train_path"": ""data/MONK/MONK1/monks-1.train""}, ""model"": {""activation"": ""relu"", ""dropout"": 0.2, ""hidden_units"": [4]}, ""optim"": {""lr"": 0.01, ""momentum"": 0.1, ""name"": ""sgd""}, ""regularizer"": {""l2"": 0.0}, ""seed"": 42, ""split"": {""stratified"": true, ""val_size"": 0.2}, ""training"": {""batch_size"": 32, ""epochs"": 800, ""include_reg_in_val"": false, ""shuffle"": true}}"
b5871c289520,1,0.3899061950728773,0.0,0.3899061950728773,0.0,0.88,0.0,799.0,0.0,"{""callbacks"": {""early_stopping"": true, ""min_delta"": 0.0, ""mode"": ""auto"", ""monitor"": ""val_loss"", ""patience"": 40, ""restore_best_weights"": true, ""verbose"": 0}, ""cv"": {""k"": 3, ""seed"": 42, ""shuffle"": true}, ""data"": {""train_path"": ""data/MONK/MONK1/monks-1.train""}, ""model"": {""activation"": ""relu"", ""dropout"": 0.2, ""hidden_units"": [8, 4]}, ""optim"": {""lr"": 0.01, ""momentum"": 0.0, ""name"": ""sgd""}, ""regularizer"": {""l2"": 0.0}, ""seed"": 42, ""split"": {""stratified"": true, ""val_size"": 0.2}, ""training"": {""batch_size"": 32, ""epochs"": 800, ""include_reg_in_val"": false, ""shuffle"": true}}"
09c324a4f9f0,1,0.3906787006852056,0.0,0.3906787006852056,0.0,0.84,0.0,786.0,0.0,"{""callbacks"": {""early_stopping"": true, ""min_delta"": 0.0, ""mode"": ""auto"", ""monitor"": ""val_loss"", ""patience"": 40, ""restore_best_weights"": true, ""verbose"": 0}, ""cv"": {""k"": 3, ""seed"": 42, ""shuffle"": true}, ""data"": {""train_path"": ""data/MONK/MONK1/monks-1.train""}, ""model"": {""activation"": ""relu"", ""dropout"": 0.2, ""hidden_units"": [4]}, ""optim"": {""lr"": 0.01, ""momentum"": 0.1, ""name"": ""sgd""}, ""regularizer"": {""l2"": ""1e-3""}, ""seed"": 42, ""split"": {""stratified"": true, ""val_size"": 0.2}, ""training"": {""batch_size"": 32, ""epochs"": 800, ""include_reg_in_val"": false, ""shuffle"": true}}"
a6f866805190,1,0.3910405851713917,0.0,0.3910405851713917,0.0,0.88,0.0,475.0,0.0,"{""callbacks"": {""early_stopping"": true, ""min_delta"": 0.0, ""mode"": ""auto"", ""monitor"": ""val_loss"", ""patience"": 40, ""restore_best_weights"": true, ""verbose"": 0}, ""cv"": {""k"": 3, ""seed"": 42, ""shuffle"": true}, ""data"": {""train_path"": ""data/MONK/MONK1/monks-1.train""}, ""model"": {""activation"": ""sigmoid"", ""dropout"": 0.0, ""hidden_units"": [8, 4]}, ""optim"": {""lr"": 0.2, ""momentum"": 0.1, ""name"": ""sgd""}, ""regularizer"": {""l2"": ""1e-3""}, ""seed"": 42, ""split"": {""stratified"": true, ""val_size"": 0.2}, ""training"": {""batch_size"": 32, ""epochs"": 800, ""include_reg_in_val"": false, ""shuffle"": true}}"
73cdf0248fa5,1,0.39229560791287793,0.0,0.39229560791287793,0.0,0.88,0.0,718.0,0.0,"{""callbacks"": {""early_stopping"": true, ""min_delta"": 0.0, ""mode"": ""auto"", ""monitor"": ""val_loss"", ""patience"": 40, ""restore_best_weights"": true, ""verbose"": 0}, ""cv"": {""k"": 3, ""seed"": 42, ""shuffle"": true}, ""data"": {""train_path"": ""data/MONK/MONK1/monks-1.train""}, ""model"": {""activation"": ""tanh"", ""dropout"": 0.2, ""hidden_units"": [8, 4]}, ""optim"": {""lr"": 0.01, ""momentum"": 0.0, ""name"": ""sgd""}, ""regularizer"": {""l2"": 0.0}, ""seed"": 42, ""split"": {""stratified"": true, ""val_size"": 0.2}, ""training"": {""batch_size"": 32, ""epochs"": 800, ""include_reg_in_val"": false, ""shuffle"": true}}"
f6ac44b2fbb8,1,0.3924636964878161,0.0,0.3924636964878161,0.0,0.88,0.0,117.0,0.0,"{""callbacks"": {""early_stopping"": true, ""min_delta"": 0.0, ""mode"": ""auto"", ""monitor"": ""val_loss"", ""patience"": 40, ""restore_best_weights"": true, ""verbose"": 0}, ""cv"": {""k"": 3, ""seed"": 42, ""shuffle"": true}, ""data"": {""train_path"": ""data/MONK/MONK1/monks-1.train""}, ""model"": {""activation"": ""sigmoid"", ""dropout"": 0.0, ""hidden_units"": [8, 4]}, ""optim"": {""lr"": 0.1, ""momentum"": 0.9, ""name"": ""sgd""}, ""regularizer"": {""l2"": ""1e-3""}, ""seed"": 42, ""split"": {""stratified"": true, ""val_size"": 0.2}, ""training"": {""batch_size"": 32, ""epochs"": 800, ""include_reg_in_val"": false, ""shuffle"": true}}"
dbcd18af9bb6,1,0.39265861703570876,0.0,0.39265861703570876,0.0,0.88,0.0,731.0,0.0,"{""callbacks"": {""early_stopping"": true, ""min_delta"": 0.0, ""mode"": ""auto"", ""monitor"": ""val_loss"", ""patience"": 40, ""restore_best_weights"": true, ""verbose"": 0}, ""cv"": {""k"": 3, ""seed"": 42, ""shuffle"": true}, ""data"": {""train_path"": ""data/MONK/MONK1/monks-1.train""}, ""model"": {""activation"": ""tanh"", ""dropout"": 0.2, ""hidden_units"": [4]}, ""optim"": {""lr"": 0.01, ""momentum"": 0.0, ""name"": ""sgd""}, ""regularizer"": {""l2"": 0.0}, ""seed"": 42, ""split"": {""stratified"": true, ""val_size"": 0.2}, ""training"": {""batch_size"": 16, ""epochs"": 800, ""include_reg_in_val"": false, ""shuffle"": true}}"
d520e25c369f,1,0.3929565984058159,0.0,0.3929565984058159,0.0,0.88,0.0,796.0,0.0,"{""callbacks"": {""early_stopping"": true, ""min_delta"": 0.0, ""mode"": ""auto"", ""monitor"": ""val_loss"", ""patience"": 40, ""restore_best_weights"": true, ""verbose"": 0}, ""cv"": {""k"": 3, ""seed"": 42, ""shuffle"": true}, ""data"": {""train_path"": ""data/MONK/MONK1/monks-1.train""}, ""model"": {""activation"": ""relu"", ""dropout"": 0.2, ""hidden_units"": [8, 4]}, ""optim"": {""lr"": 0.01, ""momentum"": 0.0, ""name"": ""sgd""}, ""regularizer"": {""l2"": ""1e-3""}, ""seed"": 42, ""split"": {""stratified"": true, ""val_size"": 0.2}, ""training"": {""batch_size"": 32, ""epochs"": 800, ""include_reg_in_val"": false, ""shuffle"": true}}"
0277067d6f8a,1,0.3930770157811693,0.0,0.3930770157811693,0.0,0.88,0.0,530.0,0.0,"{""callbacks"": {""early_stopping"": true, ""min_delta"": 0.0, ""mode"": ""auto"", ""monitor"": ""val_loss"", ""patience"": 40, ""restore_best_weights"": true, ""verbose"": 0}, ""cv"": {""k"": 3, ""seed"": 42, ""shuffle"": true}, ""data"": {""train_path"": ""data/MONK/MONK1/monks-1.train""}, ""model"": {""activation"": ""sigmoid"", ""dropout"": 0.0, ""hidden_units"": [8, 4]}, ""optim"": {""lr"": 0.01, ""momentum"": 0.9, ""name"": ""sgd""}, ""regularizer"": {""l2"": 0.0}, ""seed"": 42, ""split"": {""stratified"": true, ""val_size"": 0.2}, ""training"": {""batch_size"": 16, ""epochs"": 800, ""include_reg_in_val"": false, ""shuffle"": true}}"
7abe06c7e2fe,1,0.3933954079972997,0.0,0.3933954079972997,0.0,0.88,0.0,798.0,0.0,"{""callbacks"": {""early_stopping"": true, ""min_delta"": 0.0, ""mode"": ""auto"", ""monitor"": ""val_loss"", ""patience"": 40, ""restore_best_weights"": true, ""verbose"": 0}, ""cv"": {""k"": 3, ""seed"": 42, ""shuffle"": true}, ""data"": {""train_path"": ""data/MONK/MONK1/monks-1.train""}, ""model"": {""activation"": ""sigmoid"", ""dropout"": 0.2, ""hidden_units"": [4]}, ""optim"": {""lr"": 0.1, ""momentum"": 0.0, ""name"": ""sgd""}, ""regularizer"": {""l2"": 0.0}, ""seed"": 42, ""split"": {""stratified"": true, ""val_size"": 0.2}, ""training"": {""batch_size"": 32, ""epochs"": 800, ""include_reg_in_val"": false, ""shuffle"": true}}"
edd16ece9167,1,0.3935252382458856,0.0,0.3935252382458856,0.0,0.88,0.0,798.0,0.0,"{""callbacks"": {""early_stopping"": true, ""min_delta"": 0.0, ""mode"": ""auto"", ""monitor"": ""val_loss"", ""patience"": 40, ""restore_best_weights"": true, ""verbose"": 0}, ""cv"": {""k"": 3, ""seed"": 42, ""shuffle"": true}, ""data"": {""train_path"": ""data/MONK/MONK1/monks-1.train""}, ""model"": {""activation"": ""sigmoid"", ""dropout"": 0.2, ""hidden_units"": [4]}, ""optim"": {""lr"": 0.01, ""momentum"": 0.9, ""name"": ""sgd""}, ""regularizer"": {""l2"": 0.0}, ""seed"": 42, ""split"": {""stratified"": true, ""val_size"": 0.2}, ""training"": {""batch_size"": 32, ""epochs"": 800, ""include_reg_in_val"": false, ""shuffle"": true}}"
ecda621276ad,1,0.393775914599268,0.0,0.393775914599268,0.0,0.88,0.0,651.0,0.0,"{""callbacks"": {""early_stopping"": true, ""min_delta"": 0.0, ""mode"": ""auto"", ""monitor"": ""val_loss"", ""patience"": 40, ""restore_best_weights"": true, ""verbose"": 0}, ""cv"": {""k"": 3, ""seed"": 42, ""shuffle"": true}, ""data"": {""train_path"": ""data/MONK/MONK1/monks-1.train""}, ""model"": {""activation"": ""tanh"", ""dropout"": 0.2, ""hidden_units"": [8, 4]}, ""optim"": {""lr"": 0.01, ""momentum"": 0.1, ""name"": ""sgd""}, ""regularizer"": {""l2"": 0.0}, ""seed"": 42, ""split"": {""stratified"": true, ""val_size"": 0.2}, ""training"": {""batch_size"": 32, ""epochs"": 800, ""include_reg_in_val"": false, ""shuffle"": true}}"
8fe9b2ec7982,1,0.39461357087077403,0.0,0.39461357087077403,0.0,0.88,0.0,414.0,0.0,"{""callbacks"": {""early_stopping"": true, ""min_delta"": 0.0, ""mode"": ""auto"", ""monitor"": ""val_loss"", ""patience"": 40, ""restore_best_weights"": true, ""verbose"": 0}, ""cv"": {""k"": 3, ""seed"": 42, ""shuffle"": true}, ""data"": {""train_path"": ""data/MONK/MONK1/monks-1.train""}, ""model"": {""activation"": ""sigmoid"", ""dropout"": 0.0, ""hidden_units"": [8, 4]}, ""optim"": {""lr"": 0.2, ""momentum"": 0.0, ""name"": ""sgd""}, ""regularizer"": {""l2"": 0.0}, ""seed"": 42, ""split"": {""stratified"": true, ""val_size"": 0.2}, ""training"": {""batch_size"": 32, ""epochs"": 800, ""include_reg_in_val"": false, ""shuffle"": true}}"
e38879673ee0,1,0.3952124680769636,0.0,0.3952124680769636,0.0,0.88,0.0,718.0,0.0,"{""callbacks"": {""early_stopping"": true, ""min_delta"": 0.0, ""mode"": ""auto"", ""monitor"": ""val_loss"", ""patience"": 40, ""restore_best_weights"": true, ""verbose"": 0}, ""cv"": {""k"": 3, ""seed"": 42, ""shuffle"": true}, ""data"": {""train_path"": ""data/MONK/MONK1/monks-1.train""}, ""model"": {""activation"": ""tanh"", ""dropout"": 0.2, ""hidden_units"": [8, 4]}, ""optim"": {""lr"": 0.01, ""momentum"": 0.0, ""name"": ""sgd""}, ""regularizer"": {""l2"": ""1e-3""}, ""seed"": 42, ""split"": {""stratified"": true, ""val_size"": 0.2}, ""training"": {""batch_size"": 32, ""epochs"": 800, ""include_reg_in_val"": false, ""shuffle"": true}}"
ab544b62758e,1,0.3962852627152067,0.0,0.3962852627152067,0.0,0.84,0.0,800.0,0.0,"{""callbacks"": {""early_stopping"": true, ""min_delta"": 0.0, ""mode"": ""auto"", ""monitor"": ""val_loss"", ""patience"": 40, ""restore_best_weights"": true, ""verbose"": 0}, ""cv"": {""k"": 3, ""seed"": 42, ""shuffle"": true}, ""data"": {""train_path"": ""data/MONK/MONK1/monks-1.train""}, ""model"": {""activation"": ""relu"", ""dropout"": 0.0, ""hidden_units"": [8]}, ""optim"": {""lr"": 0.01, ""momentum"": 0.0, ""name"": ""sgd""}, ""regularizer"": {""l2"": 0.0}, ""seed"": 42, ""split"": {""stratified"": true, ""val_size"": 0.2}, ""training"": {""batch_size"": 32, ""epochs"": 800, ""include_reg_in_val"": false, ""shuffle"": true}}"
d4b786291336,1,0.39682522811033544,0.0,0.39682522811033544,0.0,0.88,0.0,651.0,0.0,"{""callbacks"": {""early_stopping"": true, ""min_delta"": 0.0, ""mode"": ""auto"", ""monitor"": ""val_loss"", ""patience"": 40, ""restore_best_weights"": true, ""verbose"": 0}, ""cv"": {""k"": 3, ""seed"": 42, ""shuffle"": true}, ""data"": {""train_path"": ""data/MONK/MONK1/monks-1.train""}, ""model"": {""activation"": ""tanh"", ""dropout"": 0.2, ""hidden_units"": [8, 4]}, ""optim"": {""lr"": 0.01, ""momentum"": 0.1, ""name"": ""sgd""}, ""regularizer"": {""l2"": ""1e-3""}, ""seed"": 42, ""split"": {""stratified"": true, ""val_size"": 0.2}, ""training"": {""batch_size"": 32, ""epochs"": 800, ""include_reg_in_val"": false, ""shuffle"": true}}"
69b324a5cad7,1,0.3968501398048994,0.0,0.3968501398048994,0.0,0.88,0.0,731.0,0.0,"{""callbacks"": {""early_stopping"": true, ""min_delta"": 0.0, ""mode"": ""auto"", ""monitor"": ""val_loss"", ""patience"": 40, ""restore_best_weights"": true, ""verbose"": 0}, ""cv"": {""k"": 3, ""seed"": 42, ""shuffle"": true}, ""data"": {""train_path"": ""data/MONK/MONK1/monks-1.train""}, ""model"": {""activation"": ""tanh"", ""dropout"": 0.2, ""hidden_units"": [4]}, ""optim"": {""lr"": 0.01, ""momentum"": 0.0, ""name"": ""sgd""}, ""regularizer"": {""l2"": ""1e-3""}, ""seed"": 42, ""split"": {""stratified"": true, ""val_size"": 0.2}, ""training"": {""batch_size"": 16, ""epochs"": 800, ""include_reg_in_val"": false, ""shuffle"": true}}"
f7e6a8d32a29,1,0.3973586684371619,0.0,0.3973586684371619,0.0,0.88,0.0,338.0,0.0,"{""callbacks"": {""early_stopping"": true, ""min_delta"": 0.0, ""mode"": ""auto"", ""monitor"": ""val_loss"", ""patience"": 40, ""restore_best_weights"": true, ""verbose"": 0}, ""cv"": {""k"": 3, ""seed"": 42, ""shuffle"": true}, ""data"": {""train_path"": ""data/MONK/MONK1/monks-1.train""}, ""model"": {""activation"": ""tanh"", ""dropout"": 0.2, ""hidden_units"": [8, 4]}, ""optim"": {""lr"": 0.01, ""momentum"": 0.1, ""name"": ""sgd""}, ""regularizer"": {""l2"": 0.0}, ""seed"": 42, ""split"": {""stratified"": true, ""val_size"": 0.2}, ""training"": {""batch_size"": 16, ""epochs"": 800, ""include_reg_in_val"": false, ""shuffle"": true}}"
33f46ed72329,1,0.3974471850082469,0.0,0.3974471850082469,0.0,0.84,0.0,797.0,0.0,"{""callbacks"": {""early_stopping"": true, ""min_delta"": 0.0, ""mode"": ""auto"", ""monitor"": ""val_loss"", ""patience"": 40, ""restore_best_weights"": true, ""verbose"": 0}, ""cv"": {""k"": 3, ""seed"": 42, ""shuffle"": true}, ""data"": {""train_path"": ""data/MONK/MONK1/monks-1.train""}, ""model"": {""activation"": ""relu"", ""dropout"": 0.2, ""hidden_units"": [4]}, ""optim"": {""lr"": 0.01, ""momentum"": 0.0, ""name"": ""sgd""}, ""regularizer"": {""l2"": 0.0}, ""seed"": 42, ""split"": {""stratified"": true, ""val_size"": 0.2}, ""training"": {""batch_size"": 32, ""epochs"": 800, ""include_reg_in_val"": false, ""shuffle"": true}}"
fa702f60e5f6,1,0.3977000493881514,0.0,0.3977000493881514,0.0,0.88,0.0,797.0,0.0,"{""callbacks"": {""early_stopping"": true, ""min_delta"": 0.0, ""mode"": ""auto"", ""monitor"": ""val_loss"", ""patience"": 40, ""restore_best_weights"": true, ""verbose"": 0}, ""cv"": {""k"": 3, ""seed"": 42, ""shuffle"": true}, ""data"": {""train_path"": ""data/MONK/MONK1/monks-1.train""}, ""model"": {""activation"": ""sigmoid"", ""dropout"": 0.2, ""hidden_units"": [4]}, ""optim"": {""lr"": 0.1, ""momentum"": 0.1, ""name"": ""sgd""}, ""regularizer"": {""l2"": ""1e-3""}, ""seed"": 42, ""split"": {""stratified"": true, ""val_size"": 0.2}, ""training"": {""batch_size"": 32, ""epochs"": 800, ""include_reg_in_val"": false, ""shuffle"": true}}"
e24e4bae8db6,1,0.39807904562946606,0.0,0.39807904562946606,0.0,0.88,0.0,415.0,0.0,"{""callbacks"": {""early_stopping"": true, ""min_delta"": 0.0, ""mode"": ""auto"", ""monitor"": ""val_loss"", ""patience"": 40, ""restore_best_weights"": true, ""verbose"": 0}, ""cv"": {""k"": 3, ""seed"": 42, ""shuffle"": true}, ""data"": {""train_path"": ""data/MONK/MONK1/monks-1.train""}, ""model"": {""activation"": ""sigmoid"", ""dropout"": 0.0, ""hidden_units"": [8, 4]}, ""optim"": {""lr"": 0.1, ""momentum"": 0.1, ""name"": ""sgd""}, ""regularizer"": {""l2"": 0.0}, ""seed"": 42, ""split"": {""stratified"": true, ""val_size"": 0.2}, ""training"": {""batch_size"": 16, ""epochs"": 800, ""include_reg_in_val"": false, ""shuffle"": true}}"
a5f753b253a4,1,0.3988009249185264,0.0,0.3988009249185264,0.0,0.84,0.0,797.0,0.0,"{""callbacks"": {""early_stopping"": true, ""min_delta"": 0.0, ""mode"": ""auto"", ""monitor"": ""val_loss"", ""patience"": 40, ""restore_best_weights"": true, ""verbose"": 0}, ""cv"": {""k"": 3, ""seed"": 42, ""shuffle"": true}, ""data"": {""train_path"": ""data/MONK/MONK1/monks-1.train""}, ""model"": {""activation"": ""relu"", ""dropout"": 0.2, ""hidden_units"": [4]}, ""optim"": {""lr"": 0.01, ""momentum"": 0.0, ""name"": ""sgd""}, ""regularizer"": {""l2"": ""1e-3""}, ""seed"": 42, ""split"": {""stratified"": true, ""val_size"": 0.2}, ""training"": {""batch_size"": 32, ""epochs"": 800, ""include_reg_in_val"": false, ""shuffle"": true}}"
6b0fd7380342,1,0.39947338482185335,0.0,0.39947338482185335,0.0,0.8,0.0,800.0,0.0,"{""callbacks"": {""early_stopping"": true, ""min_delta"": 0.0, ""mode"": ""auto"", ""monitor"": ""val_loss"", ""patience"": 40, ""restore_best_weights"": true, ""verbose"": 0}, ""cv"": {""k"": 3, ""seed"": 42, ""shuffle"": true}, ""data"": {""train_path"": ""data/MONK/MONK1/monks-1.train""}, ""model"": {""activation"": ""relu"", ""dropout"": 0.0, ""hidden_units"": [8]}, ""optim"": {""lr"": 0.01, ""momentum"": 0.0, ""name"": ""sgd""}, ""regularizer"": {""l2"": ""1e-3""}, ""seed"": 42, ""split"": {""stratified"": true, ""val_size"": 0.2}, ""training"": {""batch_size"": 32, ""epochs"": 800, ""include_reg_in_val"": false, ""shuffle"": true}}"
107e39082e93,1,0.40021369835496046,0.0,0.40021369835496046,0.0,0.88,0.0,800.0,0.0,"{""callbacks"": {""early_stopping"": true, ""min_delta"": 0.0, ""mode"": ""auto"", ""monitor"": ""val_loss"", ""patience"": 40, ""restore_best_weights"": true, ""verbose"": 0}, ""cv"": {""k"": 3, ""seed"": 42, ""shuffle"": true}, ""data"": {""train_path"": ""data/MONK/MONK1/monks-1.train""}, ""model"": {""activation"": ""sigmoid"", ""dropout"": 0.2, ""hidden_units"": [8, 4]}, ""optim"": {""lr"": 0.1, ""momentum"": 0.0, ""name"": ""sgd""}, ""regularizer"": {""l2"": 0.0}, ""seed"": 42, ""split"": {""stratified"": true, ""val_size"": 0.2}, ""training"": {""batch_size"": 16, ""epochs"": 800, ""include_reg_in_val"": false, ""shuffle"": true}}"
749c65dd6282,1,0.4002148990303248,0.0,0.4002148990303248,0.0,0.88,0.0,338.0,0.0,"{""callbacks"": {""early_stopping"": true, ""min_delta"": 0.0, ""mode"": ""auto"", ""monitor"": ""val_loss"", ""patience"": 40, ""restore_best_weights"": true, ""verbose"": 0}, ""cv"": {""k"": 3, ""seed"": 42, ""shuffle"": true}, ""data"": {""train_path"": ""data/MONK/MONK1/monks-1.train""}, ""model"": {""activation"": ""tanh"", ""dropout"": 0.2, ""hidden_units"": [8, 4]}, ""optim"": {""lr"": 0.01, ""momentum"": 0.1, ""name"": ""sgd""}, ""regularizer"": {""l2"": ""1e-3""}, ""seed"": 42, ""split"": {""stratified"": true, ""val_size"": 0.2}, ""training"": {""batch_size"": 16, ""epochs"": 800, ""include_reg_in_val"": false, ""shuffle"": true}}"
9956d9619e72,1,0.40046597958421465,0.0,0.40046597958421465,0.0,0.88,0.0,799.0,0.0,"{""callbacks"": {""early_stopping"": true, ""min_delta"": 0.0, ""mode"": ""auto"", ""monitor"": ""val_loss"", ""patience"": 40, ""restore_best_weights"": true, ""verbose"": 0}, ""cv"": {""k"": 3, ""seed"": 42, ""shuffle"": true}, ""data"": {""train_path"": ""data/MONK/MONK1/monks-1.train""}, ""model"": {""activation"": ""relu"", ""dropout"": 0.2, ""hidden_units"": [8, 4]}, ""optim"": {""lr"": 0.01, ""momentum"": 0.1, ""name"": ""sgd""}, ""regularizer"": {""l2"": ""1e-2""}, ""seed"": 42, ""split"": {""stratified"": true, ""val_size"": 0.2}, ""training"": {""batch_size"": 32, ""epochs"": 800, ""include_reg_in_val"": false, ""shuffle"": true}}"
a389d6c738ac,1,0.40096207251121174,0.0,0.40096207251121174,0.0,0.88,0.0,105.0,0.0,"{""callbacks"": {""early_stopping"": true, ""min_delta"": 0.0, ""mode"": ""auto"", ""monitor"": ""val_loss"", ""patience"": 40, ""restore_best_weights"": true, ""verbose"": 0}, ""cv"": {""k"": 3, ""seed"": 42, ""shuffle"": true}, ""data"": {""train_path"": ""data/MONK/MONK1/monks-1.train""}, ""model"": {""activation"": ""tanh"", ""dropout"": 0.2, ""hidden_units"": [8, 4]}, ""optim"": {""lr"": 0.1, ""momentum"": 0.1, ""name"": ""sgd""}, ""regularizer"": {""l2"": ""1e-2""}, ""seed"": 42, ""split"": {""stratified"": true, ""val_size"": 0.2}, ""training"": {""batch_size"": 32, ""epochs"": 800, ""include_reg_in_val"": false, ""shuffle"": true}}"
31c848d3be64,1,0.4011666676346694,0.0,0.4011666676346694,0.0,0.88,0.0,673.0,0.0,"{""callbacks"": {""early_stopping"": true, ""min_delta"": 0.0, ""mode"": ""auto"", ""monitor"": ""val_loss"", ""patience"": 40, ""restore_best_weights"": true, ""verbose"": 0}, ""cv"": {""k"": 3, ""seed"": 42, ""shuffle"": true}, ""data"": {""train_path"": ""data/MONK/MONK1/monks-1.train""}, ""model"": {""activation"": ""sigmoid"", ""dropout"": 0.0, ""hidden_units"": [8, 4]}, ""optim"": {""lr"": 0.1, ""momentum"": 0.1, ""name"": ""sgd""}, ""regularizer"": {""l2"": 0.0}, ""seed"": 42, ""split"": {""stratified"": true, ""val_size"": 0.2}, ""training"": {""batch_size"": 32, ""epochs"": 800, ""include_reg_in_val"": false, ""shuffle"": true}}"
8ccd13a1433f,1,0.4017158790369889,0.0,0.4017158790369889,0.0,0.88,0.0,475.0,0.0,"{""callbacks"": {""early_stopping"": true, ""min_delta"": 0.0, ""mode"": ""auto"", ""monitor"": ""val_loss"", ""patience"": 40, ""restore_best_weights"": true, ""verbose"": 0}, ""cv"": {""k"": 3, ""seed"": 42, ""shuffle"": true}, ""data"": {""train_path"": ""data/MONK/MONK1/monks-1.train""}, ""model"": {""activation"": ""sigmoid"", ""dropout"": 0.0, ""hidden_units"": [8, 4]}, ""optim"": {""lr"": 0.1, ""momentum"": 0.1, ""name"": ""sgd""}, ""regularizer"": {""l2"": ""1e-3""}, ""seed"": 42, ""split"": {""stratified"": true, ""val_size"": 0.2}, ""training"": {""batch_size"": 16, ""epochs"": 800, ""include_reg_in_val"": false, ""shuffle"": true}}"
3818e5b7fdeb,1,0.40196294385124787,0.0,0.40196294385124787,0.0,0.84,0.0,794.0,0.0,"{""callbacks"": {""early_stopping"": true, ""min_delta"": 0.0, ""mode"": ""auto"", ""monitor"": ""val_loss"", ""patience"": 40, ""restore_best_weights"": true, ""verbose"": 0}, ""cv"": {""k"": 3, ""seed"": 42, ""shuffle"": true}, ""data"": {""train_path"": ""data/MONK/MONK1/monks-1.train""}, ""model"": {""activation"": ""relu"", ""dropout"": 0.2, ""hidden_units"": [4]}, ""optim"": {""lr"": 0.01, ""momentum"": 0.1, ""name"": ""sgd""}, ""regularizer"": {""l2"": ""1e-2""}, ""seed"": 42, ""split"": {""stratified"": true, ""val_size"": 0.2}, ""training"": {""batch_size"": 32, ""epochs"": 800, ""include_reg_in_val"": false, ""shuffle"": true}}"
84f6bb8f3371,1,0.4024865476214366,0.0,0.4024865476214366,0.0,0.84,0.0,12.0,0.0,"{""callbacks"": {""early_stopping"": true, ""min_delta"": 0.0, ""mode"": ""auto"", ""monitor"": ""val_loss"", ""patience"": 40, ""restore_best_weights"": true, ""verbose"": 0}, ""cv"": {""k"": 3, ""seed"": 42, ""shuffle"": true}, ""data"": {""train_path"": ""data/MONK/MONK1/monks-1.train""}, ""model"": {""activation"": ""relu"", ""dropout"": 0.0, ""hidden_units"": [8, 4]}, ""optim"": {""lr"": 0.2, ""momentum"": 0.9, ""name"": ""sgd""}, ""regularizer"": {""l2"": 0.0}, ""seed"": 42, ""split"": {""stratified"": true, ""val_size"": 0.2}, ""training"": {""batch_size"": 32, ""epochs"": 800, ""include_reg_in_val"": false, ""shuffle"": true}}"
6a078496e2af,1,0.4028180838732971,0.0,0.4028180838732971,0.0,0.88,0.0,105.0,0.0,"{""callbacks"": {""early_stopping"": true, ""min_delta"": 0.0, ""mode"": ""auto"", ""monitor"": ""val_loss"", ""patience"": 40, ""restore_best_weights"": true, ""verbose"": 0}, ""cv"": {""k"": 3, ""seed"": 42, ""shuffle"": true}, ""data"": {""train_path"": ""data/MONK/MONK1/monks-1.train""}, ""model"": {""activation"": ""tanh"", ""dropout"": 0.2, ""hidden_units"": [8, 4]}, ""optim"": {""lr"": 0.1, ""momentum"": 0.0, ""name"": ""sgd""}, ""regularizer"": {""l2"": ""1e-2""}, ""seed"": 42, ""split"": {""stratified"": true, ""val_size"": 0.2}, ""training"": {""batch_size"": 32, ""epochs"": 800, ""include_reg_in_val"": false, ""shuffle"": true}}"
586f4f7bc788,1,0.40326420665764035,0.0,0.40326420665764035,0.0,0.88,0.0,800.0,0.0,"{""callbacks"": {""early_stopping"": true, ""min_delta"": 0.0, ""mode"": ""auto"", ""monitor"": ""val_loss"", ""patience"": 40, ""restore_best_weights"": true, ""verbose"": 0}, ""cv"": {""k"": 3, ""seed"": 42, ""shuffle"": true}, ""data"": {""train_path"": ""data/MONK/MONK1/monks-1.train""}, ""model"": {""activation"": ""sigmoid"", ""dropout"": 0.2, ""hidden_units"": [8, 4]}, ""optim"": {""lr"": 0.01, ""momentum"": 0.9, ""name"": ""sgd""}, ""regularizer"": {""l2"": 0.0}, ""seed"": 42, ""split"": {""stratified"": true, ""val_size"": 0.2}, ""training"": {""batch_size"": 16, ""epochs"": 800, ""include_reg_in_val"": false, ""shuffle"": true}}"
b695cf4ce9a4,1,0.40381265805019595,0.0,0.40381265805019595,0.0,0.88,0.0,800.0,0.0,"{""callbacks"": {""early_stopping"": true, ""min_delta"": 0.0, ""mode"": ""auto"", ""monitor"": ""val_loss"", ""patience"": 40, ""restore_best_weights"": true, ""verbose"": 0}, ""cv"": {""k"": 3, ""seed"": 42, ""shuffle"": true}, ""data"": {""train_path"": ""data/MONK/MONK1/monks-1.train""}, ""model"": {""activation"": ""tanh"", ""dropout"": 0.0, ""hidden_units"": [4]}, ""optim"": {""lr"": 0.01, ""momentum"": 0.0, ""name"": ""sgd""}, ""regularizer"": {""l2"": ""1e-2""}, ""seed"": 42, ""split"": {""stratified"": true, ""val_size"": 0.2}, ""training"": {""batch_size"": 16, ""epochs"": 800, ""include_reg_in_val"": false, ""shuffle"": true}}"
7d4afed476ea,1,0.40427659398739985,0.0,0.40427659398739985,0.0,0.88,0.0,414.0,0.0,"{""callbacks"": {""early_stopping"": true, ""min_delta"": 0.0, ""mode"": ""auto"", ""monitor"": ""val_loss"", ""patience"": 40, ""restore_best_weights"": true, ""verbose"": 0}, ""cv"": {""k"": 3, ""seed"": 42, ""shuffle"": true}, ""data"": {""train_path"": ""data/MONK/MONK1/monks-1.train""}, ""model"": {""activation"": ""sigmoid"", ""dropout"": 0.0, ""hidden_units"": [8, 4]}, ""optim"": {""lr"": 0.2, ""momentum"": 0.0, ""name"": ""sgd""}, ""regularizer"": {""l2"": ""1e-3""}, ""seed"": 42, ""split"": {""stratified"": true, ""val_size"": 0.2}, ""training"": {""batch_size"": 32, ""epochs"": 800, ""include_reg_in_val"": false, ""shuffle"": true}}"
6fe48391dcd0,1,0.40507045920107443,0.0,0.40507045920107443,0.0,0.88,0.0,415.0,0.0,"{""callbacks"": {""early_stopping"": true, ""min_delta"": 0.0, ""mode"": ""auto"", ""monitor"": ""val_loss"", ""patience"": 40, ""restore_best_weights"": true, ""verbose"": 0}, ""cv"": {""k"": 3, ""seed"": 42, ""shuffle"": true}, ""data"": {""train_path"": ""data/MONK/MONK1/monks-1.train""}, ""model"": {""activation"": ""sigmoid"", ""dropout"": 0.0, ""hidden_units"": [8, 4]}, ""optim"": {""lr"": 0.1, ""momentum"": 0.0, ""name"": ""sgd""}, ""regularizer"": {""l2"": 0.0}, ""seed"": 42, ""split"": {""stratified"": true, ""val_size"": 0.2}, ""training"": {""batch_size"": 16, ""epochs"": 800, ""include_reg_in_val"": false, ""shuffle"": true}}"
3ff71c110c6e,1,0.40571015047988035,0.0,0.40571015047988035,0.0,0.8,0.0,798.0,0.0,"{""callbacks"": {""early_stopping"": true, ""min_delta"": 0.0, ""mode"": ""auto"", ""monitor"": ""val_loss"", ""patience"": 40, ""restore_best_weights"": true, ""verbose"": 0}, ""cv"": {""k"": 3, ""seed"": 42, ""shuffle"": true}, ""data"": {""train_path"": ""data/MONK/MONK1/monks-1.train""}, ""model"": {""activation"": ""relu"", ""dropout"": 0.0, ""hidden_units"": [8]}, ""optim"": {""lr"": 0.01, ""momentum"": 0.1, ""name"": ""sgd""}, ""regularizer"": {""l2"": ""1e-2""}, ""seed"": 42, ""split"": {""stratified"": true, ""val_size"": 0.2}, ""training"": {""batch_size"": 32, ""epochs"": 800, ""include_reg_in_val"": false, ""shuffle"": true}}"
d195c65bd0d3,1,0.40609388935913027,0.0,0.40609388935913027,0.0,0.88,0.0,798.0,0.0,"{""callbacks"": {""early_stopping"": true, ""min_delta"": 0.0, ""mode"": ""auto"", ""monitor"": ""val_loss"", ""patience"": 40, ""restore_best_weights"": true, ""verbose"": 0}, ""cv"": {""k"": 3, ""seed"": 42, ""shuffle"": true}, ""data"": {""train_path"": ""data/MONK/MONK1/monks-1.train""}, ""model"": {""activation"": ""sigmoid"", ""dropout"": 0.2, ""hidden_units"": [4]}, ""optim"": {""lr"": 0.01, ""momentum"": 0.9, ""name"": ""sgd""}, ""regularizer"": {""l2"": ""1e-3""}, ""seed"": 42, ""split"": {""stratified"": true, ""val_size"": 0.2}, ""training"": {""batch_size"": 32, ""epochs"": 800, ""include_reg_in_val"": false, ""shuffle"": true}}"
45666a54241d,1,0.4061673829716191,0.0,0.4061673829716191,0.0,0.8,0.0,800.0,0.0,"{""callbacks"": {""early_stopping"": true, ""min_delta"": 0.0, ""mode"": ""auto"", ""monitor"": ""val_loss"", ""patience"": 40, ""restore_best_weights"": true, ""verbose"": 0}, ""cv"": {""k"": 3, ""seed"": 42, ""shuffle"": true}, ""data"": {""train_path"": ""data/MONK/MONK1/monks-1.train""}, ""model"": {""activation"": ""relu"", ""dropout"": 0.2, ""hidden_units"": [8]}, ""optim"": {""lr"": 0.01, ""momentum"": 0.0, ""name"": ""sgd""}, ""regularizer"": {""l2"": 0.0}, ""seed"": 42, ""split"": {""stratified"": true, ""val_size"": 0.2}, ""training"": {""batch_size"": 32, ""epochs"": 800, ""include_reg_in_val"": false, ""shuffle"": true}}"
4209852d979e,1,0.4067670887003654,0.0,0.4067670887003654,0.0,0.88,0.0,797.0,0.0,"{""callbacks"": {""early_stopping"": true, ""min_delta"": 0.0, ""mode"": ""auto"", ""monitor"": ""val_loss"", ""patience"": 40, ""restore_best_weights"": true, ""verbose"": 0}, ""cv"": {""k"": 3, ""seed"": 42, ""shuffle"": true}, ""data"": {""train_path"": ""data/MONK/MONK1/monks-1.train""}, ""model"": {""activation"": ""sigmoid"", ""dropout"": 0.2, ""hidden_units"": [4]}, ""optim"": {""lr"": 0.1, ""momentum"": 0.0, ""name"": ""sgd""}, ""regularizer"": {""l2"": ""1e-3""}, ""seed"": 42, ""split"": {""stratified"": true, ""val_size"": 0.2}, ""training"": {""batch_size"": 32, ""epochs"": 800, ""include_reg_in_val"": false, ""shuffle"": true}}"
9c903759786f,1,0.40759476173874903,0.0,0.40759476173874903,0.0,0.88,0.0,417.0,0.0,"{""callbacks"": {""early_stopping"": true, ""min_delta"": 0.0, ""mode"": ""auto"", ""monitor"": ""val_loss"", ""patience"": 40, ""restore_best_weights"": true, ""verbose"": 0}, ""cv"": {""k"": 3, ""seed"": 42, ""shuffle"": true}, ""data"": {""train_path"": ""data/MONK/MONK1/monks-1.train""}, ""model"": {""activation"": ""tanh"", ""dropout"": 0.2, ""hidden_units"": [8]}, ""optim"": {""lr"": 0.01, ""momentum"": 0.1, ""name"": ""sgd""}, ""regularizer"": {""l2"": 0.0}, ""seed"": 42, ""split"": {""stratified"": true, ""val_size"": 0.2}, ""training"": {""batch_size"": 16, ""epochs"": 800, ""include_reg_in_val"": false, ""shuffle"": true}}"
0cbc8ac07ef1,1,0.4076528980634079,0.0,0.4076528980634079,0.0,0.88,0.0,107.0,0.0,"{""callbacks"": {""early_stopping"": true, ""min_delta"": 0.0, ""mode"": ""auto"", ""monitor"": ""val_loss"", ""patience"": 40, ""restore_best_weights"": true, ""verbose"": 0}, ""cv"": {""k"": 3, ""seed"": 42, ""shuffle"": true}, ""data"": {""train_path"": ""data/MONK/MONK1/monks-1.train""}, ""model"": {""activation"": ""tanh"", ""dropout"": 0.2, ""hidden_units"": [8, 4]}, ""optim"": {""lr"": 0.01, ""momentum"": 0.9, ""name"": ""sgd""}, ""regularizer"": {""l2"": ""1e-2""}, ""seed"": 42, ""split"": {""stratified"": true, ""val_size"": 0.2}, ""training"": {""batch_size"": 32, ""epochs"": 800, ""include_reg_in_val"": false, ""shuffle"": true}}"
ff82f4124038,1,0.4081271700137668,0.0,0.4081271700137668,0.0,0.88,0.0,799.0,0.0,"{""callbacks"": {""early_stopping"": true, ""min_delta"": 0.0, ""mode"": ""auto"", ""monitor"": ""val_loss"", ""patience"": 40, ""restore_best_weights"": true, ""verbose"": 0}, ""cv"": {""k"": 3, ""seed"": 42, ""shuffle"": true}, ""data"": {""train_path"": ""data/MONK/MONK1/monks-1.train""}, ""model"": {""activation"": ""sigmoid"", ""dropout"": 0.0, ""hidden_units"": [8, 4]}, ""optim"": {""lr"": 0.1, ""momentum"": 0.0, ""name"": ""sgd""}, ""regularizer"": {""l2"": ""1e-3""}, ""seed"": 42, ""split"": {""stratified"": true, ""val_size"": 0.2}, ""training"": {""batch_size"": 32, ""epochs"": 800, ""include_reg_in_val"": false, ""shuffle"": true}}"
5648915db18d,1,0.40828752415674147,0.0,0.40828752415674147,0.0,0.88,0.0,475.0,0.0,"{""callbacks"": {""early_stopping"": true, ""min_delta"": 0.0, ""mode"": ""auto"", ""monitor"": ""val_loss"", ""patience"": 40, ""restore_best_weights"": true, ""verbose"": 0}, ""cv"": {""k"": 3, ""seed"": 42, ""shuffle"": true}, ""data"": {""train_path"": ""data/MONK/MONK1/monks-1.train""}, ""model"": {""activation"": ""sigmoid"", ""dropout"": 0.0, ""hidden_units"": [8, 4]}, ""optim"": {""lr"": 0.1, ""momentum"": 0.0, ""name"": ""sgd""}, ""regularizer"": {""l2"": ""1e-3""}, ""seed"": 42, ""split"": {""stratified"": true, ""val_size"": 0.2}, ""training"": {""batch_size"": 16, ""epochs"": 800, ""include_reg_in_val"": false, ""shuffle"": true}}"
f505d13cbd0d,1,0.4086119314928057,0.0,0.4086119314928057,0.0,0.8,0.0,800.0,0.0,"{""callbacks"": {""early_stopping"": true, ""min_delta"": 0.0, ""mode"": ""auto"", ""monitor"": ""val_loss"", ""patience"": 40, ""restore_best_weights"": true, ""verbose"": 0}, ""cv"": {""k"": 3, ""seed"": 42, ""shuffle"": true}, ""data"": {""train_path"": ""data/MONK/MONK1/monks-1.train""}, ""model"": {""activation"": ""relu"", ""dropout"": 0.2, ""hidden_units"": [8]}, ""optim"": {""lr"": 0.01, ""momentum"": 0.0, ""name"": ""sgd""}, ""regularizer"": {""l2"": ""1e-3""}, ""seed"": 42, ""split"": {""stratified"": true, ""val_size"": 0.2}, ""training"": {""batch_size"": 32, ""epochs"": 800, ""include_reg_in_val"": false, ""shuffle"": true}}"
be4305de1cfe,1,0.40936261251961986,0.0,0.40936261251961986,0.0,0.88,0.0,673.0,0.0,"{""callbacks"": {""early_stopping"": true, ""min_delta"": 0.0, ""mode"": ""auto"", ""monitor"": ""val_loss"", ""patience"": 40, ""restore_best_weights"": true, ""verbose"": 0}, ""cv"": {""k"": 3, ""seed"": 42, ""shuffle"": true}, ""data"": {""train_path"": ""data/MONK/MONK1/monks-1.train""}, ""model"": {""activation"": ""sigmoid"", ""dropout"": 0.0, ""hidden_units"": [8, 4]}, ""optim"": {""lr"": 0.1, ""momentum"": 0.0, ""name"": ""sgd""}, ""regularizer"": {""l2"": 0.0}, ""seed"": 42, ""split"": {""stratified"": true, ""val_size"": 0.2}, ""training"": {""batch_size"": 32, ""epochs"": 800, ""include_reg_in_val"": false, ""shuffle"": true}}"
666758725a5f,1,0.4106946155498043,0.0,0.4106946155498043,0.0,0.88,0.0,417.0,0.0,"{""callbacks"": {""early_stopping"": true, ""min_delta"": 0.0, ""mode"": ""auto"", ""monitor"": ""val_loss"", ""patience"": 40, ""restore_best_weights"": true, ""verbose"": 0}, ""cv"": {""k"": 3, ""seed"": 42, ""shuffle"": true}, ""data"": {""train_path"": ""data/MONK/MONK1/monks-1.train""}, ""model"": {""activation"": ""tanh"", ""dropout"": 0.2, ""hidden_units"": [8]}, ""optim"": {""lr"": 0.01, ""momentum"": 0.1, ""name"": ""sgd""}, ""regularizer"": {""l2"": ""1e-3""}, ""seed"": 42, ""split"": {""stratified"": true, ""val_size"": 0.2}, ""training"": {""batch_size"": 16, ""epochs"": 800, ""include_reg_in_val"": false, ""shuffle"": true}}"
593f17995fa4,1,0.41109889767066177,0.0,0.41109889767066177,0.0,0.84,0.0,797.0,0.0,"{""callbacks"": {""early_stopping"": true, ""min_delta"": 0.0, ""mode"": ""auto"", ""monitor"": ""val_loss"", ""patience"": 40, ""restore_best_weights"": true, ""verbose"": 0}, ""cv"": {""k"": 3, ""seed"": 42, ""shuffle"": true}, ""data"": {""train_path"": ""data/MONK/MONK1/monks-1.train""}, ""model"": {""activation"": ""relu"", ""dropout"": 0.2, ""hidden_units"": [4]}, ""optim"": {""lr"": 0.01, ""momentum"": 0.0, ""name"": ""sgd""}, ""regularizer"": {""l2"": ""1e-2""}, ""seed"": 42, ""split"": {""stratified"": true, ""val_size"": 0.2}, ""training"": {""batch_size"": 32, ""epochs"": 800, ""include_reg_in_val"": false, ""shuffle"": true}}"
db27db0626bd,1,0.41265232859175205,0.0,0.41265232859175205,0.0,0.88,0.0,417.0,0.0,"{""callbacks"": {""early_stopping"": true, ""min_delta"": 0.0, ""mode"": ""auto"", ""monitor"": ""val_loss"", ""patience"": 40, ""restore_best_weights"": true, ""verbose"": 0}, ""cv"": {""k"": 3, ""seed"": 42, ""shuffle"": true}, ""data"": {""train_path"": ""data/MONK/MONK1/monks-1.train""}, ""model"": {""activation"": ""tanh"", ""dropout"": 0.2, ""hidden_units"": [8]}, ""optim"": {""lr"": 0.01, ""momentum"": 0.0, ""name"": ""sgd""}, ""regularizer"": {""l2"": 0.0}, ""seed"": 42, ""split"": {""stratified"": true, ""val_size"": 0.2}, ""training"": {""batch_size"": 16, ""epochs"": 800, ""include_reg_in_val"": false, ""shuffle"": true}}"
9ba877ab6cf6,1,0.41274700152939353,0.0,0.41274700152939353,0.0,0.88,0.0,673.0,0.0,"{""callbacks"": {""early_stopping"": true, ""min_delta"": 0.0, ""mode"": ""auto"", ""monitor"": ""val_loss"", ""patience"": 40, ""restore_best_weights"": true, ""verbose"": 0}, ""cv"": {""k"": 3, ""seed"": 42, ""shuffle"": true}, ""data"": {""train_path"": ""data/MONK/MONK1/monks-1.train""}, ""model"": {""activation"": ""sigmoid"", ""dropout"": 0.0, ""hidden_units"": [8, 4]}, ""optim"": {""lr"": 0.1, ""momentum"": 0.1, ""name"": ""sgd""}, ""regularizer"": {""l2"": ""1e-3""}, ""seed"": 42, ""split"": {""stratified"": true, ""val_size"": 0.2}, ""training"": {""batch_size"": 32, ""epochs"": 800, ""include_reg_in_val"": false, ""shuffle"": true}}"
cc07a0b416b6,1,0.4142366795993551,0.0,0.4142366795993551,0.0,0.88,0.0,653.0,0.0,"{""callbacks"": {""early_stopping"": true, ""min_delta"": 0.0, ""mode"": ""auto"", ""monitor"": ""val_loss"", ""patience"": 40, ""restore_best_weights"": true, ""verbose"": 0}, ""cv"": {""k"": 3, ""seed"": 42, ""shuffle"": true}, ""data"": {""train_path"": ""data/MONK/MONK1/monks-1.train""}, ""model"": {""activation"": ""sigmoid"", ""dropout"": 0.0, ""hidden_units"": [8, 4]}, ""optim"": {""lr"": 0.01, ""momentum"": 0.9, ""name"": ""sgd""}, ""regularizer"": {""l2"": 0.0}, ""seed"": 42, ""split"": {""stratified"": true, ""val_size"": 0.2}, ""training"": {""batch_size"": 32, ""epochs"": 800, ""include_reg_in_val"": false, ""shuffle"": true}}"
23250ac2854f,1,0.4143380033858606,0.0,0.4143380033858606,0.0,0.88,0.0,718.0,0.0,"{""callbacks"": {""early_stopping"": true, ""min_delta"": 0.0, ""mode"": ""auto"", ""monitor"": ""val_loss"", ""patience"": 40, ""restore_best_weights"": true, ""verbose"": 0}, ""cv"": {""k"": 3, ""seed"": 42, ""shuffle"": true}, ""data"": {""train_path"": ""data/MONK/MONK1/monks-1.train""}, ""model"": {""activation"": ""tanh"", ""dropout"": 0.2, ""hidden_units"": [8, 4]}, ""optim"": {""lr"": 0.01, ""momentum"": 0.1, ""name"": ""sgd""}, ""regularizer"": {""l2"": ""1e-2""}, ""seed"": 42, ""split"": {""stratified"": true, ""val_size"": 0.2}, ""training"": {""batch_size"": 32, ""epochs"": 800, ""include_reg_in_val"": false, ""shuffle"": true}}"
98b26d7fa8f1,1,0.4146900482518135,0.0,0.4146900482518135,0.0,0.88,0.0,545.0,0.0,"{""callbacks"": {""early_stopping"": true, ""min_delta"": 0.0, ""mode"": ""auto"", ""monitor"": ""val_loss"", ""patience"": 40, ""restore_best_weights"": true, ""verbose"": 0}, ""cv"": {""k"": 3, ""seed"": 42, ""shuffle"": true}, ""data"": {""train_path"": ""data/MONK/MONK1/monks-1.train""}, ""model"": {""activation"": ""tanh"", ""dropout"": 0.0, ""hidden_units"": [8]}, ""optim"": {""lr"": 0.01, ""momentum"": 0.1, ""name"": ""sgd""}, ""regularizer"": {""l2"": 0.0}, ""seed"": 42, ""split"": {""stratified"": true, ""val_size"": 0.2}, ""training"": {""batch_size"": 32, ""epochs"": 800, ""include_reg_in_val"": false, ""shuffle"": true}}"
a9953fcb68c7,1,0.41542790777119337,0.0,0.41542790777119337,0.0,0.88,0.0,417.0,0.0,"{""callbacks"": {""early_stopping"": true, ""min_delta"": 0.0, ""mode"": ""auto"", ""monitor"": ""val_loss"", ""patience"": 40, ""restore_best_weights"": true, ""verbose"": 0}, ""cv"": {""k"": 3, ""seed"": 42, ""shuffle"": true}, ""data"": {""train_path"": ""data/MONK/MONK1/monks-1.train""}, ""model"": {""activation"": ""tanh"", ""dropout"": 0.2, ""hidden_units"": [8]}, ""optim"": {""lr"": 0.01, ""momentum"": 0.0, ""name"": ""sgd""}, ""regularizer"": {""l2"": ""1e-3""}, ""seed"": 42, ""split"": {""stratified"": true, ""val_size"": 0.2}, ""training"": {""batch_size"": 16, ""epochs"": 800, ""include_reg_in_val"": false, ""shuffle"": true}}"
a20cc503bf7d,1,0.41581562707198266,0.0,0.41581562707198266,0.0,0.84,0.0,797.0,0.0,"{""callbacks"": {""early_stopping"": true, ""min_delta"": 0.0, ""mode"": ""auto"", ""monitor"": ""val_loss"", ""patience"": 40, ""restore_best_weights"": true, ""verbose"": 0}, ""cv"": {""k"": 3, ""seed"": 42, ""shuffle"": true}, ""data"": {""train_path"": ""data/MONK/MONK1/monks-1.train""}, ""model"": {""activation"": ""relu"", ""dropout"": 0.2, ""hidden_units"": [8]}, ""optim"": {""lr"": 0.01, ""momentum"": 0.1, ""name"": ""sgd""}, ""regularizer"": {""l2"": ""1e-2""}, ""seed"": 42, ""split"": {""stratified"": true, ""val_size"": 0.2}, ""training"": {""batch_size"": 32, ""epochs"": 800, ""include_reg_in_val"": false, ""shuffle"": true}}"
3b0502edb2fb,1,0.4162905426485172,0.0,0.4162905426485172,0.0,0.8,0.0,7.0,0.0,"{""callbacks"": {""early_stopping"": true, ""min_delta"": 0.0, ""mode"": ""auto"", ""monitor"": ""val_loss"", ""patience"": 40, ""restore_best_weights"": true, ""verbose"": 0}, ""cv"": {""k"": 3, ""seed"": 42, ""shuffle"": true}, ""data"": {""train_path"": ""data/MONK/MONK1/monks-1.train""}, ""model"": {""activation"": ""tanh"", ""dropout"": 0.2, ""hidden_units"": [8]}, ""optim"": {""lr"": 0.2, ""momentum"": 0.9, ""name"": ""sgd""}, ""regularizer"": {""l2"": ""1e-2""}, ""seed"": 42, ""split"": {""stratified"": true, ""val_size"": 0.2}, ""training"": {""batch_size"": 32, ""epochs"": 800, ""include_reg_in_val"": false, ""shuffle"": true}}"
a0a5d7123383,1,0.41667135750220013,0.0,0.41667135750220013,0.0,0.88,0.0,478.0,0.0,"{""callbacks"": {""early_stopping"": true, ""min_delta"": 0.0, ""mode"": ""auto"", ""monitor"": ""val_loss"", ""patience"": 40, ""restore_best_weights"": true, ""verbose"": 0}, ""cv"": {""k"": 3, ""seed"": 42, ""shuffle"": true}, ""data"": {""train_path"": ""data/MONK/MONK1/monks-1.train""}, ""model"": {""activation"": ""tanh"", ""dropout"": 0.2, ""hidden_units"": [8, 4]}, ""optim"": {""lr"": 0.01, ""momentum"": 0.0, ""name"": ""sgd""}, ""regularizer"": {""l2"": ""1e-2""}, ""seed"": 42, ""split"": {""stratified"": true, ""val_size"": 0.2}, ""training"": {""batch_size"": 16, ""epochs"": 800, ""include_reg_in_val"": false, ""shuffle"": true}}"
7ad5a05a326b,1,0.4172964771583063,0.0,0.4172964771583063,0.0,0.88,0.0,545.0,0.0,"{""callbacks"": {""early_stopping"": true, ""min_delta"": 0.0, ""mode"": ""auto"", ""monitor"": ""val_loss"", ""patience"": 40, ""restore_best_weights"": true, ""verbose"": 0}, ""cv"": {""k"": 3, ""seed"": 42, ""shuffle"": true}, ""data"": {""train_path"": ""data/MONK/MONK1/monks-1.train""}, ""model"": {""activation"": ""tanh"", ""dropout"": 0.0, ""hidden_units"": [8]}, ""optim"": {""lr"": 0.01, ""momentum"": 0.1, ""name"": ""sgd""}, ""regularizer"": {""l2"": ""1e-3""}, ""seed"": 42, ""split"": {""stratified"": true, ""val_size"": 0.2}, ""training"": {""batch_size"": 32, ""epochs"": 800, ""include_reg_in_val"": false, ""shuffle"": true}}"
57884468d4e8,1,0.4181776716552529,0.0,0.4181776716552529,0.0,0.88,0.0,718.0,0.0,"{""callbacks"": {""early_stopping"": true, ""min_delta"": 0.0, ""mode"": ""auto"", ""monitor"": ""val_loss"", ""patience"": 40, ""restore_best_weights"": true, ""verbose"": 0}, ""cv"": {""k"": 3, ""seed"": 42, ""shuffle"": true}, ""data"": {""train_path"": ""data/MONK/MONK1/monks-1.train""}, ""model"": {""activation"": ""sigmoid"", ""dropout"": 0.0, ""hidden_units"": [8, 4]}, ""optim"": {""lr"": 0.01, ""momentum"": 0.9, ""name"": ""sgd""}, ""regularizer"": {""l2"": ""1e-3""}, ""seed"": 42, ""split"": {""stratified"": true, ""val_size"": 0.2}, ""training"": {""batch_size"": 32, ""epochs"": 800, ""include_reg_in_val"": false, ""shuffle"": true}}"
1b5897a651e5,1,0.4185717955730554,0.0,0.4185717955730554,0.0,0.88,0.0,718.0,0.0,"{""callbacks"": {""early_stopping"": true, ""min_delta"": 0.0, ""mode"": ""auto"", ""monitor"": ""val_loss"", ""patience"": 40, ""restore_best_weights"": true, ""verbose"": 0}, ""cv"": {""k"": 3, ""seed"": 42, ""shuffle"": true}, ""data"": {""train_path"": ""data/MONK/MONK1/monks-1.train""}, ""model"": {""activation"": ""tanh"", ""dropout"": 0.2, ""hidden_units"": [8, 4]}, ""optim"": {""lr"": 0.01, ""momentum"": 0.0, ""name"": ""sgd""}, ""regularizer"": {""l2"": ""1e-2""}, ""seed"": 42, ""split"": {""stratified"": true, ""val_size"": 0.2}, ""training"": {""batch_size"": 32, ""epochs"": 800, ""include_reg_in_val"": false, ""shuffle"": true}}"
1a05ea39ffa9,1,0.41905801498670003,0.0,0.41905801498670003,0.0,0.88,0.0,105.0,0.0,"{""callbacks"": {""early_stopping"": true, ""min_delta"": 0.0, ""mode"": ""auto"", ""monitor"": ""val_loss"", ""patience"": 40, ""restore_best_weights"": true, ""verbose"": 0}, ""cv"": {""k"": 3, ""seed"": 42, ""shuffle"": true}, ""data"": {""train_path"": ""data/MONK/MONK1/monks-1.train""}, ""model"": {""activation"": ""tanh"", ""dropout"": 0.2, ""hidden_units"": [8]}, ""optim"": {""lr"": 0.1, ""momentum"": 0.1, ""name"": ""sgd""}, ""regularizer"": {""l2"": ""1e-2""}, ""seed"": 42, ""split"": {""stratified"": true, ""val_size"": 0.2}, ""training"": {""batch_size"": 32, ""epochs"": 800, ""include_reg_in_val"": false, ""shuffle"": true}}"
9422297f3ca0,1,0.4197052583368678,0.0,0.4197052583368678,0.0,0.88,0.0,475.0,0.0,"{""callbacks"": {""early_stopping"": true, ""min_delta"": 0.0, ""mode"": ""auto"", ""monitor"": ""val_loss"", ""patience"": 40, ""restore_best_weights"": true, ""verbose"": 0}, ""cv"": {""k"": 3, ""seed"": 42, ""shuffle"": true}, ""data"": {""train_path"": ""data/MONK/MONK1/monks-1.train""}, ""model"": {""activation"": ""sigmoid"", ""dropout"": 0.0, ""hidden_units"": [4]}, ""optim"": {""lr"": 0.1, ""momentum"": 0.1, ""name"": ""sgd""}, ""regularizer"": {""l2"": 0.0}, ""seed"": 42, ""split"": {""stratified"": true, ""val_size"": 0.2}, ""training"": {""batch_size"": 32, ""epochs"": 800, ""include_reg_in_val"": false, ""shuffle"": true}}"
124750beb7d4,1,0.420965066928352,0.0,0.420965066928352,0.0,0.88,0.0,475.0,0.0,"{""callbacks"": {""early_stopping"": true, ""min_delta"": 0.0, ""mode"": ""auto"", ""monitor"": ""val_loss"", ""patience"": 40, ""restore_best_weights"": true, ""verbose"": 0}, ""cv"": {""k"": 3, ""seed"": 42, ""shuffle"": true}, ""data"": {""train_path"": ""data/MONK/MONK1/monks-1.train""}, ""model"": {""activation"": ""tanh"", ""dropout"": 0.0, ""hidden_units"": [8]}, ""optim"": {""lr"": 0.01, ""momentum"": 0.1, ""name"": ""sgd""}, ""regularizer"": {""l2"": ""1e-2""}, ""seed"": 42, ""split"": {""stratified"": true, ""val_size"": 0.2}, ""training"": {""batch_size"": 16, ""epochs"": 800, ""include_reg_in_val"": false, ""shuffle"": true}}"
91a137bf45ac,1,0.4210727487667624,0.0,0.4210727487667624,0.0,0.88,0.0,545.0,0.0,"{""callbacks"": {""early_stopping"": true, ""min_delta"": 0.0, ""mode"": ""auto"", ""monitor"": ""val_loss"", ""patience"": 40, ""restore_best_weights"": true, ""verbose"": 0}, ""cv"": {""k"": 3, ""seed"": 42, ""shuffle"": true}, ""data"": {""train_path"": ""data/MONK/MONK1/monks-1.train""}, ""model"": {""activation"": ""tanh"", ""dropout"": 0.0, ""hidden_units"": [8]}, ""optim"": {""lr"": 0.01, ""momentum"": 0.0, ""name"": ""sgd""}, ""regularizer"": {""l2"": 0.0}, ""seed"": 42, ""split"": {""stratified"": true, ""val_size"": 0.2}, ""training"": {""batch_size"": 32, ""epochs"": 800, ""include_reg_in_val"": false, ""shuffle"": true}}"
8f1432bb804a,1,0.42212162795262004,0.0,0.42212162795262004,0.0,0.84,0.0,468.0,0.0,"{""callbacks"": {""early_stopping"": true, ""min_delta"": 0.0, ""mode"": ""auto"", ""monitor"": ""val_loss"", ""patience"": 40, ""restore_best_weights"": true, ""verbose"": 0}, ""cv"": {""k"": 3, ""seed"": 42, ""shuffle"": true}, ""data"": {""train_path"": ""data/MONK/MONK1/monks-1.train""}, ""model"": {""activation"": ""sigmoid"", ""dropout"": 0.2, ""hidden_units"": [8]}, ""optim"": {""lr"": 0.1, ""momentum"": 0.1, ""name"": ""sgd""}, ""regularizer"": {""l2"": 0.0}, ""seed"": 42, ""split"": {""stratified"": true, ""val_size"": 0.2}, ""training"": {""batch_size"": 32, ""epochs"": 800, ""include_reg_in_val"": false, ""shuffle"": true}}"
e228e0aad21e,1,0.423189556278817,0.0,0.423189556278817,0.0,0.88,0.0,105.0,0.0,"{""callbacks"": {""early_stopping"": true, ""min_delta"": 0.0, ""mode"": ""auto"", ""monitor"": ""val_loss"", ""patience"": 40, ""restore_best_weights"": true, ""verbose"": 0}, ""cv"": {""k"": 3, ""seed"": 42, ""shuffle"": true}, ""data"": {""train_path"": ""data/MONK/MONK1/monks-1.train""}, ""model"": {""activation"": ""tanh"", ""dropout"": 0.2, ""hidden_units"": [8]}, ""optim"": {""lr"": 0.1, ""momentum"": 0.0, ""name"": ""sgd""}, ""regularizer"": {""l2"": ""1e-2""}, ""seed"": 42, ""split"": {""stratified"": true, ""val_size"": 0.2}, ""training"": {""batch_size"": 32, ""epochs"": 800, ""include_reg_in_val"": false, ""shuffle"": true}}"
246d88bc035a,1,0.4234195168679163,0.0,0.4234195168679163,0.0,0.88,0.0,545.0,0.0,"{""callbacks"": {""early_stopping"": true, ""min_delta"": 0.0, ""mode"": ""auto"", ""monitor"": ""val_loss"", ""patience"": 40, ""restore_best_weights"": true, ""verbose"": 0}, ""cv"": {""k"": 3, ""seed"": 42, ""shuffle"": true}, ""data"": {""train_path"": ""data/MONK/MONK1/monks-1.train""}, ""model"": {""activation"": ""tanh"", ""dropout"": 0.0, ""hidden_units"": [8]}, ""optim"": {""lr"": 0.01, ""momentum"": 0.0, ""name"": ""sgd""}, ""regularizer"": {""l2"": ""1e-3""}, ""seed"": 42, ""split"": {""stratified"": true, ""val_size"": 0.2}, ""training"": {""batch_size"": 32, ""epochs"": 800, ""include_reg_in_val"": false, ""shuffle"": true}}"
282837a42c1f,1,0.4237127889479254,0.0,0.4237127889479254,0.0,0.88,0.0,338.0,0.0,"{""callbacks"": {""early_stopping"": true, ""min_delta"": 0.0, ""mode"": ""auto"", ""monitor"": ""val_loss"", ""patience"": 40, ""restore_best_weights"": true, ""verbose"": 0}, ""cv"": {""k"": 3, ""seed"": 42, ""shuffle"": true}, ""data"": {""train_path"": ""data/MONK/MONK1/monks-1.train""}, ""model"": {""activation"": ""tanh"", ""dropout"": 0.2, ""hidden_units"": [8, 4]}, ""optim"": {""lr"": 0.01, ""momentum"": 0.1, ""name"": ""sgd""}, ""regularizer"": {""l2"": ""1e-2""}, ""seed"": 42, ""split"": {""stratified"": true, ""val_size"": 0.2}, ""training"": {""batch_size"": 16, ""epochs"": 800, ""include_reg_in_val"": false, ""shuffle"": true}}"
5d62d7b01ed3,1,0.4249830926955176,0.0,0.4249830926955176,0.0,0.88,0.0,475.0,0.0,"{""callbacks"": {""early_stopping"": true, ""min_delta"": 0.0, ""mode"": ""auto"", ""monitor"": ""val_loss"", ""patience"": 40, ""restore_best_weights"": true, ""verbose"": 0}, ""cv"": {""k"": 3, ""seed"": 42, ""shuffle"": true}, ""data"": {""train_path"": ""data/MONK/MONK1/monks-1.train""}, ""model"": {""activation"": ""tanh"", ""dropout"": 0.0, ""hidden_units"": [8]}, ""optim"": {""lr"": 0.01, ""momentum"": 0.0, ""name"": ""sgd""}, ""regularizer"": {""l2"": ""1e-2""}, ""seed"": 42, ""split"": {""stratified"": true, ""val_size"": 0.2}, ""training"": {""batch_size"": 16, ""epochs"": 800, ""include_reg_in_val"": false, ""shuffle"": true}}"
0ccb2f8ac311,1,0.4265203062708885,0.0,0.4265203062708885,0.0,0.88,0.0,475.0,0.0,"{""callbacks"": {""early_stopping"": true, ""min_delta"": 0.0, ""mode"": ""auto"", ""monitor"": ""val_loss"", ""patience"": 40, ""restore_best_weights"": true, ""verbose"": 0}, ""cv"": {""k"": 3, ""seed"": 42, ""shuffle"": true}, ""data"": {""train_path"": ""data/MONK/MONK1/monks-1.train""}, ""model"": {""activation"": ""sigmoid"", ""dropout"": 0.0, ""hidden_units"": [4]}, ""optim"": {""lr"": 0.1, ""momentum"": 0.0, ""name"": ""sgd""}, ""regularizer"": {""l2"": 0.0}, ""seed"": 42, ""split"": {""stratified"": true, ""val_size"": 0.2}, ""training"": {""batch_size"": 32, ""epochs"": 800, ""include_reg_in_val"": false, ""shuffle"": true}}"
ba6dbe38675e,1,0.4274000259362532,0.0,0.4274000259362532,0.0,0.88,0.0,107.0,0.0,"{""callbacks"": {""early_stopping"": true, ""min_delta"": 0.0, ""mode"": ""auto"", ""monitor"": ""val_loss"", ""patience"": 40, ""restore_best_weights"": true, ""verbose"": 0}, ""cv"": {""k"": 3, ""seed"": 42, ""shuffle"": true}, ""data"": {""train_path"": ""data/MONK/MONK1/monks-1.train""}, ""model"": {""activation"": ""tanh"", ""dropout"": 0.2, ""hidden_units"": [8]}, ""optim"": {""lr"": 0.01, ""momentum"": 0.9, ""name"": ""sgd""}, ""regularizer"": {""l2"": ""1e-2""}, ""seed"": 42, ""split"": {""stratified"": true, ""val_size"": 0.2}, ""training"": {""batch_size"": 32, ""epochs"": 800, ""include_reg_in_val"": false, ""shuffle"": true}}"
69a9f74757d0,1,0.4276552988197693,0.0,0.4276552988197693,0.0,0.84,0.0,468.0,0.0,"{""callbacks"": {""early_stopping"": true, ""min_delta"": 0.0, ""mode"": ""auto"", ""monitor"": ""val_loss"", ""patience"": 40, ""restore_best_weights"": true, ""verbose"": 0}, ""cv"": {""k"": 3, ""seed"": 42, ""shuffle"": true}, ""data"": {""train_path"": ""data/MONK/MONK1/monks-1.train""}, ""model"": {""activation"": ""sigmoid"", ""dropout"": 0.2, ""hidden_units"": [8]}, ""optim"": {""lr"": 0.1, ""momentum"": 0.0, ""name"": ""sgd""}, ""regularizer"": {""l2"": 0.0}, ""seed"": 42, ""split"": {""stratified"": true, ""val_size"": 0.2}, ""training"": {""batch_size"": 32, ""epochs"": 800, ""include_reg_in_val"": false, ""shuffle"": true}}"
67194a77e2b9,1,0.4279555123041628,0.0,0.4279555123041628,0.0,0.88,0.0,96.0,0.0,"{""callbacks"": {""early_stopping"": true, ""min_delta"": 0.0, ""mode"": ""auto"", ""monitor"": ""val_loss"", ""patience"": 40, ""restore_best_weights"": true, ""verbose"": 0}, ""cv"": {""k"": 3, ""seed"": 42, ""shuffle"": true}, ""data"": {""train_path"": ""data/MONK/MONK1/monks-1.train""}, ""model"": {""activation"": ""tanh"", ""dropout"": 0.2, ""hidden_units"": [4]}, ""optim"": {""lr"": 0.01, ""momentum"": 0.9, ""name"": ""sgd""}, ""regularizer"": {""l2"": 0.0}, ""seed"": 42, ""split"": {""stratified"": true, ""val_size"": 0.2}, ""training"": {""batch_size"": 32, ""epochs"": 800, ""include_reg_in_val"": false, ""shuffle"": true}}"
85edb45f1333,1,0.4283552981899784,0.0,0.4283552981899784,0.0,0.8,0.0,800.0,0.0,"{""callbacks"": {""early_stopping"": true, ""min_delta"": 0.0, ""mode"": ""auto"", ""monitor"": ""val_loss"", ""patience"": 40, ""restore_best_weights"": true, ""verbose"": 0}, ""cv"": {""k"": 3, ""seed"": 42, ""shuffle"": true}, ""data"": {""train_path"": ""data/MONK/MONK1/monks-1.train""}, ""model"": {""activation"": ""relu"", ""dropout"": 0.0, ""hidden_units"": [8]}, ""optim"": {""lr"": 0.01, ""momentum"": 0.0, ""name"": ""sgd""}, ""regularizer"": {""l2"": ""1e-2""}, ""seed"": 42, ""split"": {""stratified"": true, ""val_size"": 0.2}, ""training"": {""batch_size"": 32, ""epochs"": 800, ""include_reg_in_val"": false, ""shuffle"": true}}"
eea959bea895,1,0.42840289222422334,0.0,0.42840289222422334,0.0,0.84,0.0,800.0,0.0,"{""callbacks"": {""early_stopping"": true, ""min_delta"": 0.0, ""mode"": ""auto"", ""monitor"": ""val_loss"", ""patience"": 40, ""restore_best_weights"": true, ""verbose"": 0}, ""cv"": {""k"": 3, ""seed"": 42, ""shuffle"": true}, ""data"": {""train_path"": ""data/MONK/MONK1/monks-1.train""}, ""model"": {""activation"": ""relu"", ""dropout"": 0.2, ""hidden_units"": [8, 4]}, ""optim"": {""lr"": 0.01, ""momentum"": 0.0, ""name"": ""sgd""}, ""regularizer"": {""l2"": ""1e-2""}, ""seed"": 42, ""split"": {""stratified"": true, ""val_size"": 0.2}, ""training"": {""batch_size"": 32, ""epochs"": 800, ""include_reg_in_val"": false, ""shuffle"": true}}"
60377f1a2fd6,1,0.42863027862344155,0.0,0.42863027862344155,0.0,0.84,0.0,471.0,0.0,"{""callbacks"": {""early_stopping"": true, ""min_delta"": 0.0, ""mode"": ""auto"", ""monitor"": ""val_loss"", ""patience"": 40, ""restore_best_weights"": true, ""verbose"": 0}, ""cv"": {""k"": 3, ""seed"": 42, ""shuffle"": true}, ""data"": {""train_path"": ""data/MONK/MONK1/monks-1.train""}, ""model"": {""activation"": ""sigmoid"", ""dropout"": 0.2, ""hidden_units"": [8]}, ""optim"": {""lr"": 0.01, ""momentum"": 0.9, ""name"": ""sgd""}, ""regularizer"": {""l2"": 0.0}, ""seed"": 42, ""split"": {""stratified"": true, ""val_size"": 0.2}, ""training"": {""batch_size"": 32, ""epochs"": 800, ""include_reg_in_val"": false, ""shuffle"": true}}"
d7ec34fd2dea,1,0.4286702499964597,0.0,0.4286702499964597,0.0,0.88,0.0,479.0,0.0,"{""callbacks"": {""early_stopping"": true, ""min_delta"": 0.0, ""mode"": ""auto"", ""monitor"": ""val_loss"", ""patience"": 40, ""restore_best_weights"": true, ""verbose"": 0}, ""cv"": {""k"": 3, ""seed"": 42, ""shuffle"": true}, ""data"": {""train_path"": ""data/MONK/MONK1/monks-1.train""}, ""model"": {""activation"": ""tanh"", ""dropout"": 0.2, ""hidden_units"": [8]}, ""optim"": {""lr"": 0.01, ""momentum"": 0.1, ""name"": ""sgd""}, ""regularizer"": {""l2"": 0.0}, ""seed"": 42, ""split"": {""stratified"": true, ""val_size"": 0.2}, ""training"": {""batch_size"": 32, ""epochs"": 800, ""include_reg_in_val"": false, ""shuffle"": true}}"
a7d139186d39,1,0.43014999649530805,0.0,0.43014999649530805,0.0,0.84,0.0,468.0,0.0,"{""callbacks"": {""early_stopping"": true, ""min_delta"": 0.0, ""mode"": ""auto"", ""monitor"": ""val_loss"", ""patience"": 40, ""restore_best_weights"": true, ""verbose"": 0}, ""cv"": {""k"": 3, ""seed"": 42, ""shuffle"": true}, ""data"": {""train_path"": ""data/MONK/MONK1/monks-1.train""}, ""model"": {""activation"": ""sigmoid"", ""dropout"": 0.2, ""hidden_units"": [8]}, ""optim"": {""lr"": 0.1, ""momentum"": 0.1, ""name"": ""sgd""}, ""regularizer"": {""l2"": ""1e-3""}, ""seed"": 42, ""split"": {""stratified"": true, ""val_size"": 0.2}, ""training"": {""batch_size"": 32, ""epochs"": 800, ""include_reg_in_val"": false, ""shuffle"": true}}"
dc48d4062485,1,0.4301880048249337,0.0,0.4301880048249337,0.0,0.88,0.0,417.0,0.0,"{""callbacks"": {""early_stopping"": true, ""min_delta"": 0.0, ""mode"": ""auto"", ""monitor"": ""val_loss"", ""patience"": 40, ""restore_best_weights"": true, ""verbose"": 0}, ""cv"": {""k"": 3, ""seed"": 42, ""shuffle"": true}, ""data"": {""train_path"": ""data/MONK/MONK1/monks-1.train""}, ""model"": {""activation"": ""sigmoid"", ""dropout"": 0.0, ""hidden_units"": [4]}, ""optim"": {""lr"": 0.1, ""momentum"": 0.1, ""name"": ""sgd""}, ""regularizer"": {""l2"": ""1e-3""}, ""seed"": 42, ""split"": {""stratified"": true, ""val_size"": 0.2}, ""training"": {""batch_size"": 32, ""epochs"": 800, ""include_reg_in_val"": false, ""shuffle"": true}}"
daa6a52c249d,1,0.4306848226639607,0.0,0.4306848226639607,0.0,0.88,0.0,96.0,0.0,"{""callbacks"": {""early_stopping"": true, ""min_delta"": 0.0, ""mode"": ""auto"", ""monitor"": ""val_loss"", ""patience"": 40, ""restore_best_weights"": true, ""verbose"": 0}, ""cv"": {""k"": 3, ""seed"": 42, ""shuffle"": true}, ""data"": {""train_path"": ""data/MONK/MONK1/monks-1.train""}, ""model"": {""activation"": ""tanh"", ""dropout"": 0.2, ""hidden_units"": [4]}, ""optim"": {""lr"": 0.01, ""momentum"": 0.9, ""name"": ""sgd""}, ""regularizer"": {""l2"": ""1e-3""}, ""seed"": 42, ""split"": {""stratified"": true, ""val_size"": 0.2}, ""training"": {""batch_size"": 32, ""epochs"": 800, ""include_reg_in_val"": false, ""shuffle"": true}}"
4f02d1c35352,1,0.43081843211127163,0.0,0.43081843211127163,0.0,0.88,0.0,479.0,0.0,"{""callbacks"": {""early_stopping"": true, ""min_delta"": 0.0, ""mode"": ""auto"", ""monitor"": ""val_loss"", ""patience"": 40, ""restore_best_weights"": true, ""verbose"": 0}, ""cv"": {""k"": 3, ""seed"": 42, ""shuffle"": true}, ""data"": {""train_path"": ""data/MONK/MONK1/monks-1.train""}, ""model"": {""activation"": ""tanh"", ""dropout"": 0.2, ""hidden_units"": [8]}, ""optim"": {""lr"": 0.01, ""momentum"": 0.1, ""name"": ""sgd""}, ""regularizer"": {""l2"": ""1e-3""}, ""seed"": 42, ""split"": {""stratified"": true, ""val_size"": 0.2}, ""training"": {""batch_size"": 32, ""epochs"": 800, ""include_reg_in_val"": false, ""shuffle"": true}}"
3ebd87e2b59d,1,0.43135776973702133,0.0,0.43135776973702133,0.0,0.88,0.0,532.0,0.0,"{""callbacks"": {""early_stopping"": true, ""min_delta"": 0.0, ""mode"": ""auto"", ""monitor"": ""val_loss"", ""patience"": 40, ""restore_best_weights"": true, ""verbose"": 0}, ""cv"": {""k"": 3, ""seed"": 42, ""shuffle"": true}, ""data"": {""train_path"": ""data/MONK/MONK1/monks-1.train""}, ""model"": {""activation"": ""tanh"", ""dropout"": 0.2, ""hidden_units"": [8]}, ""optim"": {""lr"": 0.01, ""momentum"": 0.0, ""name"": ""sgd""}, ""regularizer"": {""l2"": 0.0}, ""seed"": 42, ""split"": {""stratified"": true, ""val_size"": 0.2}, ""training"": {""batch_size"": 32, ""epochs"": 800, ""include_reg_in_val"": false, ""shuffle"": true}}"
7170fc9cd2c7,1,0.4320821210297868,0.0,0.4320821210297868,0.0,0.84,0.0,241.0,0.0,"{""callbacks"": {""early_stopping"": true, ""min_delta"": 0.0, ""mode"": ""auto"", ""monitor"": ""val_loss"", ""patience"": 40, ""restore_best_weights"": true, ""verbose"": 0}, ""cv"": {""k"": 3, ""seed"": 42, ""shuffle"": true}, ""data"": {""train_path"": ""data/MONK/MONK1/monks-1.train""}, ""model"": {""activation"": ""sigmoid"", ""dropout"": 0.2, ""hidden_units"": [8]}, ""optim"": {""lr"": 0.2, ""momentum"": 0.0, ""name"": ""sgd""}, ""regularizer"": {""l2"": ""1e-3""}, ""seed"": 42, ""split"": {""stratified"": true, ""val_size"": 0.2}, ""training"": {""batch_size"": 32, ""epochs"": 800, ""include_reg_in_val"": false, ""shuffle"": true}}"
9360d53367f9,1,0.4326697469740585,0.0,0.4326697469740585,0.0,0.88,0.0,418.0,0.0,"{""callbacks"": {""early_stopping"": true, ""min_delta"": 0.0, ""mode"": ""auto"", ""monitor"": ""val_loss"", ""patience"": 40, ""restore_best_weights"": true, ""verbose"": 0}, ""cv"": {""k"": 3, ""seed"": 42, ""shuffle"": true}, ""data"": {""train_path"": ""data/MONK/MONK1/monks-1.train""}, ""model"": {""activation"": ""sigmoid"", ""dropout"": 0.0, ""hidden_units"": [4]}, ""optim"": {""lr"": 0.01, ""momentum"": 0.9, ""name"": ""sgd""}, ""regularizer"": {""l2"": 0.0}, ""seed"": 42, ""split"": {""stratified"": true, ""val_size"": 0.2}, ""training"": {""batch_size"": 32, ""epochs"": 800, ""include_reg_in_val"": false, ""shuffle"": true}}"
5a4d64ddcf9b,1,0.43344974107525736,0.0,0.43344974107525736,0.0,0.88,0.0,532.0,0.0,"{""callbacks"": {""early_stopping"": true, ""min_delta"": 0.0, ""mode"": ""auto"", ""monitor"": ""val_loss"", ""patience"": 40, ""restore_best_weights"": true, ""verbose"": 0}, ""cv"": {""k"": 3, ""seed"": 42, ""shuffle"": true}, ""data"": {""train_path"": ""data/MONK/MONK1/monks-1.train""}, ""model"": {""activation"": ""tanh"", ""dropout"": 0.2, ""hidden_units"": [8]}, ""optim"": {""lr"": 0.01, ""momentum"": 0.0, ""name"": ""sgd""}, ""regularizer"": {""l2"": ""1e-3""}, ""seed"": 42, ""split"": {""stratified"": true, ""val_size"": 0.2}, ""training"": {""batch_size"": 32, ""epochs"": 800, ""include_reg_in_val"": false, ""shuffle"": true}}"
7c3ac134ea9a,1,0.43457634169092485,0.0,0.43457634169092485,0.0,0.88,0.0,417.0,0.0,"{""callbacks"": {""early_stopping"": true, ""min_delta"": 0.0, ""mode"": ""auto"", ""monitor"": ""val_loss"", ""patience"": 40, ""restore_best_weights"": true, ""verbose"": 0}, ""cv"": {""k"": 3, ""seed"": 42, ""shuffle"": true}, ""data"": {""train_path"": ""data/MONK/MONK1/monks-1.train""}, ""model"": {""activation"": ""sigmoid"", ""dropout"": 0.0, ""hidden_units"": [4]}, ""optim"": {""lr"": 0.1, ""momentum"": 0.0, ""name"": ""sgd""}, ""regularizer"": {""l2"": ""1e-3""}, ""seed"": 42, ""split"": {""stratified"": true, ""val_size"": 0.2}, ""training"": {""batch_size"": 32, ""epochs"": 800, ""include_reg_in_val"": false, ""shuffle"": true}}"
6891bfc68635,1,0.43482594247521583,0.0,0.43482594247521583,0.0,0.88,0.0,417.0,0.0,"{""callbacks"": {""early_stopping"": true, ""min_delta"": 0.0, ""mode"": ""auto"", ""monitor"": ""val_loss"", ""patience"": 40, ""restore_best_weights"": true, ""verbose"": 0}, ""cv"": {""k"": 3, ""seed"": 42, ""shuffle"": true}, ""data"": {""train_path"": ""data/MONK/MONK1/monks-1.train""}, ""model"": {""activation"": ""tanh"", ""dropout"": 0.2, ""hidden_units"": [8]}, ""optim"": {""lr"": 0.01, ""momentum"": 0.1, ""name"": ""sgd""}, ""regularizer"": {""l2"": ""1e-2""}, ""seed"": 42, ""split"": {""stratified"": true, ""val_size"": 0.2}, ""training"": {""batch_size"": 16, ""epochs"": 800, ""include_reg_in_val"": false, ""shuffle"": true}}"
fc713df420ce,1,0.43505416536238967,0.0,0.43505416536238967,0.0,0.88,0.0,475.0,0.0,"{""callbacks"": {""early_stopping"": true, ""min_delta"": 0.0, ""mode"": ""auto"", ""monitor"": ""val_loss"", ""patience"": 40, ""restore_best_weights"": true, ""verbose"": 0}, ""cv"": {""k"": 3, ""seed"": 42, ""shuffle"": true}, ""data"": {""train_path"": ""data/MONK/MONK1/monks-1.train""}, ""model"": {""activation"": ""sigmoid"", ""dropout"": 0.2, ""hidden_units"": [8]}, ""optim"": {""lr"": 0.1, ""momentum"": 0.0, ""name"": ""sgd""}, ""regularizer"": {""l2"": ""1e-3""}, ""seed"": 42, ""split"": {""stratified"": true, ""val_size"": 0.2}, ""training"": {""batch_size"": 32, ""epochs"": 800, ""include_reg_in_val"": false, ""shuffle"": true}}"
d2568d739e32,1,0.4356317907886973,0.0,0.4356317907886973,0.0,0.84,0.0,471.0,0.0,"{""callbacks"": {""early_stopping"": true, ""min_delta"": 0.0, ""mode"": ""auto"", ""monitor"": ""val_loss"", ""patience"": 40, ""restore_best_weights"": true, ""verbose"": 0}, ""cv"": {""k"": 3, ""seed"": 42, ""shuffle"": true}, ""data"": {""train_path"": ""data/MONK/MONK1/monks-1.train""}, ""model"": {""activation"": ""sigmoid"", ""dropout"": 0.2, ""hidden_units"": [8]}, ""optim"": {""lr"": 0.01, ""momentum"": 0.9, ""name"": ""sgd""}, ""regularizer"": {""l2"": ""1e-3""}, ""seed"": 42, ""split"": {""stratified"": true, ""val_size"": 0.2}, ""training"": {""batch_size"": 32, ""epochs"": 800, ""include_reg_in_val"": false, ""shuffle"": true}}"
4e5faaaec37a,1,0.4356451912591298,0.0,0.4356451912591298,0.0,0.88,0.0,418.0,0.0,"{""callbacks"": {""early_stopping"": true, ""min_delta"": 0.0, ""mode"": ""auto"", ""monitor"": ""val_loss"", ""patience"": 40, ""restore_best_weights"": true, ""verbose"": 0}, ""cv"": {""k"": 3, ""seed"": 42, ""shuffle"": true}, ""data"": {""train_path"": ""data/MONK/MONK1/monks-1.train""}, ""model"": {""activation"": ""sigmoid"", ""dropout"": 0.0, ""hidden_units"": [4]}, ""optim"": {""lr"": 0.01, ""momentum"": 0.9, ""name"": ""sgd""}, ""regularizer"": {""l2"": ""1e-3""}, ""seed"": 42, ""split"": {""stratified"": true, ""val_size"": 0.2}, ""training"": {""batch_size"": 32, ""epochs"": 800, ""include_reg_in_val"": false, ""shuffle"": true}}"
e9b905b614a5,1,0.43746600357827226,0.0,0.43746600357827226,0.0,0.88,0.0,417.0,0.0,"{""callbacks"": {""early_stopping"": true, ""min_delta"": 0.0, ""mode"": ""auto"", ""monitor"": ""val_loss"", ""patience"": 40, ""restore_best_weights"": true, ""verbose"": 0}, ""cv"": {""k"": 3, ""seed"": 42, ""shuffle"": true}, ""data"": {""train_path"": ""data/MONK/MONK1/monks-1.train""}, ""model"": {""activation"": ""tanh"", ""dropout"": 0.2, ""hidden_units"": [8]}, ""optim"": {""lr"": 0.01, ""momentum"": 0.0, ""name"": ""sgd""}, ""regularizer"": {""l2"": ""1e-2""}, ""seed"": 42, ""split"": {""stratified"": true, ""val_size"": 0.2}, ""training"": {""batch_size"": 16, ""epochs"": 800, ""include_reg_in_val"": false, ""shuffle"": true}}"
f05259572f69,1,0.43813993589141764,0.0,0.43813993589141764,0.0,0.88,0.0,532.0,0.0,"{""callbacks"": {""early_stopping"": true, ""min_delta"": 0.0, ""mode"": ""auto"", ""monitor"": ""val_loss"", ""patience"": 40, ""restore_best_weights"": true, ""verbose"": 0}, ""cv"": {""k"": 3, ""seed"": 42, ""shuffle"": true}, ""data"": {""train_path"": ""data/MONK/MONK1/monks-1.train""}, ""model"": {""activation"": ""tanh"", ""dropout"": 0.0, ""hidden_units"": [8]}, ""optim"": {""lr"": 0.01, ""momentum"": 0.1, ""name"": ""sgd""}, ""regularizer"": {""l2"": ""1e-2""}, ""seed"": 42, ""split"": {""stratified"": true, ""val_size"": 0.2}, ""training"": {""batch_size"": 32, ""epochs"": 800, ""include_reg_in_val"": false, ""shuffle"": true}}"
9c24eac7ead2,1,0.4382645043138307,0.0,0.4382645043138307,0.0,0.8,0.0,800.0,0.0,"{""callbacks"": {""early_stopping"": true, ""min_delta"": 0.0, ""mode"": ""auto"", ""monitor"": ""val_loss"", ""patience"": 40, ""restore_best_weights"": true, ""verbose"": 0}, ""cv"": {""k"": 3, ""seed"": 42, ""shuffle"": true}, ""data"": {""train_path"": ""data/MONK/MONK1/monks-1.train""}, ""model"": {""activation"": ""relu"", ""dropout"": 0.2, ""hidden_units"": [8]}, ""optim"": {""lr"": 0.01, ""momentum"": 0.0, ""name"": ""sgd""}, ""regularizer"": {""l2"": ""1e-2""}, ""seed"": 42, ""split"": {""stratified"": true, ""val_size"": 0.2}, ""training"": {""batch_size"": 32, ""epochs"": 800, ""include_reg_in_val"": false, ""shuffle"": true}}"
4545599a52d5,1,0.4426949300565275,0.0,0.4426949300565275,0.0,0.88,0.0,532.0,0.0,"{""callbacks"": {""early_stopping"": true, ""min_delta"": 0.0, ""mode"": ""auto"", ""monitor"": ""val_loss"", ""patience"": 40, ""restore_best_weights"": true, ""verbose"": 0}, ""cv"": {""k"": 3, ""seed"": 42, ""shuffle"": true}, ""data"": {""train_path"": ""data/MONK/MONK1/monks-1.train""}, ""model"": {""activation"": ""tanh"", ""dropout"": 0.0, ""hidden_units"": [8]}, ""optim"": {""lr"": 0.01, ""momentum"": 0.0, ""name"": ""sgd""}, ""regularizer"": {""l2"": ""1e-2""}, ""seed"": 42, ""split"": {""stratified"": true, ""val_size"": 0.2}, ""training"": {""batch_size"": 32, ""epochs"": 800, ""include_reg_in_val"": false, ""shuffle"": true}}"
17a9061d49e2,1,0.44307635297471576,0.0,0.44307635297471576,0.0,0.88,0.0,105.0,0.0,"{""callbacks"": {""early_stopping"": true, ""min_delta"": 0.0, ""mode"": ""auto"", ""monitor"": ""val_loss"", ""patience"": 40, ""restore_best_weights"": true, ""verbose"": 0}, ""cv"": {""k"": 3, ""seed"": 42, ""shuffle"": true}, ""data"": {""train_path"": ""data/MONK/MONK1/monks-1.train""}, ""model"": {""activation"": ""sigmoid"", ""dropout"": 0.0, ""hidden_units"": [8]}, ""optim"": {""lr"": 0.2, ""momentum"": 0.1, ""name"": ""sgd""}, ""regularizer"": {""l2"": 0.0}, ""seed"": 42, ""split"": {""stratified"": true, ""val_size"": 0.2}, ""training"": {""batch_size"": 16, ""epochs"": 800, ""include_reg_in_val"": false, ""shuffle"": true}}"
b942aa4e0239,1,0.44444588282606534,0.0,0.44444588282606534,0.0,0.88,0.0,105.0,0.0,"{""callbacks"": {""early_stopping"": true, ""min_delta"": 0.0, ""mode"": ""auto"", ""monitor"": ""val_loss"", ""patience"": 40, ""restore_best_weights"": true, ""verbose"": 0}, ""cv"": {""k"": 3, ""seed"": 42, ""shuffle"": true}, ""data"": {""train_path"": ""data/MONK/MONK1/monks-1.train""}, ""model"": {""activation"": ""sigmoid"", ""dropout"": 0.0, ""hidden_units"": [8]}, ""optim"": {""lr"": 0.2, ""momentum"": 0.0, ""name"": ""sgd""}, ""regularizer"": {""l2"": 0.0}, ""seed"": 42, ""split"": {""stratified"": true, ""val_size"": 0.2}, ""training"": {""batch_size"": 16, ""epochs"": 800, ""include_reg_in_val"": false, ""shuffle"": true}}"
ceafe754ac88,1,0.4445796527649003,0.0,0.4445796527649003,0.0,0.88,0.0,105.0,0.0,"{""callbacks"": {""early_stopping"": true, ""min_delta"": 0.0, ""mode"": ""auto"", ""monitor"": ""val_loss"", ""patience"": 40, ""restore_best_weights"": true, ""verbose"": 0}, ""cv"": {""k"": 3, ""seed"": 42, ""shuffle"": true}, ""data"": {""train_path"": ""data/MONK/MONK1/monks-1.train""}, ""model"": {""activation"": ""sigmoid"", ""dropout"": 0.0, ""hidden_units"": [8]}, ""optim"": {""lr"": 0.2, ""momentum"": 0.1, ""name"": ""sgd""}, ""regularizer"": {""l2"": ""1e-3""}, ""seed"": 42, ""split"": {""stratified"": true, ""val_size"": 0.2}, ""training"": {""batch_size"": 16, ""epochs"": 800, ""include_reg_in_val"": false, ""shuffle"": true}}"
e8b26ad06bcb,1,0.4456801521719598,0.0,0.4456801521719598,0.0,0.88,0.0,242.0,0.0,"{""callbacks"": {""early_stopping"": true, ""min_delta"": 0.0, ""mode"": ""auto"", ""monitor"": ""val_loss"", ""patience"": 40, ""restore_best_weights"": true, ""verbose"": 0}, ""cv"": {""k"": 3, ""seed"": 42, ""shuffle"": true}, ""data"": {""train_path"": ""data/MONK/MONK1/monks-1.train""}, ""model"": {""activation"": ""sigmoid"", ""dropout"": 0.0, ""hidden_units"": [8]}, ""optim"": {""lr"": 0.1, ""momentum"": 0.1, ""name"": ""sgd""}, ""regularizer"": {""l2"": 0.0}, ""seed"": 42, ""split"": {""stratified"": true, ""val_size"": 0.2}, ""training"": {""batch_size"": 16, ""epochs"": 800, ""include_reg_in_val"": false, ""shuffle"": true}}"
8bf014b490db,1,0.4463788193733154,0.0,0.4463788193733154,0.0,0.88,0.0,105.0,0.0,"{""callbacks"": {""early_stopping"": true, ""min_delta"": 0.0, ""mode"": ""auto"", ""monitor"": ""val_loss"", ""patience"": 40, ""restore_best_weights"": true, ""verbose"": 0}, ""cv"": {""k"": 3, ""seed"": 42, ""shuffle"": true}, ""data"": {""train_path"": ""data/MONK/MONK1/monks-1.train""}, ""model"": {""activation"": ""sigmoid"", ""dropout"": 0.0, ""hidden_units"": [8]}, ""optim"": {""lr"": 0.2, ""momentum"": 0.0, ""name"": ""sgd""}, ""regularizer"": {""l2"": ""1e-3""}, ""seed"": 42, ""split"": {""stratified"": true, ""val_size"": 0.2}, ""training"": {""batch_size"": 16, ""epochs"": 800, ""include_reg_in_val"": false, ""shuffle"": true}}"
ae67181f311b,1,0.44658639688538465,0.0,0.44658639688538465,0.0,0.88,0.0,242.0,0.0,"{""callbacks"": {""early_stopping"": true, ""min_delta"": 0.0, ""mode"": ""auto"", ""monitor"": ""val_loss"", ""patience"": 40, ""restore_best_weights"": true, ""verbose"": 0}, ""cv"": {""k"": 3, ""seed"": 42, ""shuffle"": true}, ""data"": {""train_path"": ""data/MONK/MONK1/monks-1.train""}, ""model"": {""activation"": ""sigmoid"", ""dropout"": 0.0, ""hidden_units"": [8]}, ""optim"": {""lr"": 0.1, ""momentum"": 0.1, ""name"": ""sgd""}, ""regularizer"": {""l2"": ""1e-3""}, ""seed"": 42, ""split"": {""stratified"": true, ""val_size"": 0.2}, ""training"": {""batch_size"": 16, ""epochs"": 800, ""include_reg_in_val"": false, ""shuffle"": true}}"
f8f1ecb2fad9,1,0.4466644304874622,0.0,0.4466644304874622,0.0,0.88,0.0,534.0,0.0,"{""callbacks"": {""early_stopping"": true, ""min_delta"": 0.0, ""mode"": ""auto"", ""monitor"": ""val_loss"", ""patience"": 40, ""restore_best_weights"": true, ""verbose"": 0}, ""cv"": {""k"": 3, ""seed"": 42, ""shuffle"": true}, ""data"": {""train_path"": ""data/MONK/MONK1/monks-1.train""}, ""model"": {""activation"": ""tanh"", ""dropout"": 0.2, ""hidden_units"": [4]}, ""optim"": {""lr"": 0.01, ""momentum"": 0.0, ""name"": ""sgd""}, ""regularizer"": {""l2"": ""1e-2""}, ""seed"": 42, ""split"": {""stratified"": true, ""val_size"": 0.2}, ""training"": {""batch_size"": 16, ""epochs"": 800, ""include_reg_in_val"": false, ""shuffle"": true}}"
13d5531deac1,1,0.4473919580174095,0.0,0.4473919580174095,0.0,0.88,0.0,242.0,0.0,"{""callbacks"": {""early_stopping"": true, ""min_delta"": 0.0, ""mode"": ""auto"", ""monitor"": ""val_loss"", ""patience"": 40, ""restore_best_weights"": true, ""verbose"": 0}, ""cv"": {""k"": 3, ""seed"": 42, ""shuffle"": true}, ""data"": {""train_path"": ""data/MONK/MONK1/monks-1.train""}, ""model"": {""activation"": ""sigmoid"", ""dropout"": 0.0, ""hidden_units"": [8]}, ""optim"": {""lr"": 0.1, ""momentum"": 0.0, ""name"": ""sgd""}, ""regularizer"": {""l2"": 0.0}, ""seed"": 42, ""split"": {""stratified"": true, ""val_size"": 0.2}, ""training"": {""batch_size"": 16, ""epochs"": 800, ""include_reg_in_val"": false, ""shuffle"": true}}"
d1dc4c7a66e3,1,0.4480658298801186,0.0,0.4480658298801186,0.0,0.88,0.0,244.0,0.0,"{""callbacks"": {""early_stopping"": true, ""min_delta"": 0.0, ""mode"": ""auto"", ""monitor"": ""val_loss"", ""patience"": 40, ""restore_best_weights"": true, ""verbose"": 0}, ""cv"": {""k"": 3, ""seed"": 42, ""shuffle"": true}, ""data"": {""train_path"": ""data/MONK/MONK1/monks-1.train""}, ""model"": {""activation"": ""sigmoid"", ""dropout"": 0.0, ""hidden_units"": [8]}, ""optim"": {""lr"": 0.01, ""momentum"": 0.9, ""name"": ""sgd""}, ""regularizer"": {""l2"": 0.0}, ""seed"": 42, ""split"": {""stratified"": true, ""val_size"": 0.2}, ""training"": {""batch_size"": 16, ""epochs"": 800, ""include_reg_in_val"": false, ""shuffle"": true}}"
d742d30119e4,1,0.44869424692195153,0.0,0.44869424692195153,0.0,0.88,0.0,242.0,0.0,"{""callbacks"": {""early_stopping"": true, ""min_delta"": 0.0, ""mode"": ""auto"", ""monitor"": ""val_loss"", ""patience"": 40, ""restore_best_weights"": true, ""verbose"": 0}, ""cv"": {""k"": 3, ""seed"": 42, ""shuffle"": true}, ""data"": {""train_path"": ""data/MONK/MONK1/monks-1.train""}, ""model"": {""activation"": ""sigmoid"", ""dropout"": 0.0, ""hidden_units"": [8]}, ""optim"": {""lr"": 0.1, ""momentum"": 0.0, ""name"": ""sgd""}, ""regularizer"": {""l2"": ""1e-3""}, ""seed"": 42, ""split"": {""stratified"": true, ""val_size"": 0.2}, ""training"": {""batch_size"": 16, ""epochs"": 800, ""include_reg_in_val"": false, ""shuffle"": true}}"
a193406ed8bc,1,0.44886486273289333,0.0,0.44886486273289333,0.0,0.84,0.0,479.0,0.0,"{""callbacks"": {""early_stopping"": true, ""min_delta"": 0.0, ""mode"": ""auto"", ""monitor"": ""val_loss"", ""patience"": 40, ""restore_best_weights"": true, ""verbose"": 0}, ""cv"": {""k"": 3, ""seed"": 42, ""shuffle"": true}, ""data"": {""train_path"": ""data/MONK/MONK1/monks-1.train""}, ""model"": {""activation"": ""tanh"", ""dropout"": 0.2, ""hidden_units"": [8]}, ""optim"": {""lr"": 0.01, ""momentum"": 0.1, ""name"": ""sgd""}, ""regularizer"": {""l2"": ""1e-2""}, ""seed"": 42, ""split"": {""stratified"": true, ""val_size"": 0.2}, ""training"": {""batch_size"": 32, ""epochs"": 800, ""include_reg_in_val"": false, ""shuffle"": true}}"
227f8078232b,1,0.4490802217414424,0.0,0.4490802217414424,0.0,0.88,0.0,244.0,0.0,"{""callbacks"": {""early_stopping"": true, ""min_delta"": 0.0, ""mode"": ""auto"", ""monitor"": ""val_loss"", ""patience"": 40, ""restore_best_weights"": true, ""verbose"": 0}, ""cv"": {""k"": 3, ""seed"": 42, ""shuffle"": true}, ""data"": {""train_path"": ""data/MONK/MONK1/monks-1.train""}, ""model"": {""activation"": ""sigmoid"", ""dropout"": 0.0, ""hidden_units"": [8]}, ""optim"": {""lr"": 0.01, ""momentum"": 0.9, ""name"": ""sgd""}, ""regularizer"": {""l2"": ""1e-3""}, ""seed"": 42, ""split"": {""stratified"": true, ""val_size"": 0.2}, ""training"": {""batch_size"": 16, ""epochs"": 800, ""include_reg_in_val"": false, ""shuffle"": true}}"
bf56087f8ce7,1,0.4498465669442876,0.0,0.4498465669442876,0.0,0.88,0.0,107.0,0.0,"{""callbacks"": {""early_stopping"": true, ""min_delta"": 0.0, ""mode"": ""auto"", ""monitor"": ""val_loss"", ""patience"": 40, ""restore_best_weights"": true, ""verbose"": 0}, ""cv"": {""k"": 3, ""seed"": 42, ""shuffle"": true}, ""data"": {""train_path"": ""data/MONK/MONK1/monks-1.train""}, ""model"": {""activation"": ""tanh"", ""dropout"": 0.2, ""hidden_units"": [4]}, ""optim"": {""lr"": 0.01, ""momentum"": 0.9, ""name"": ""sgd""}, ""regularizer"": {""l2"": ""1e-2""}, ""seed"": 42, ""split"": {""stratified"": true, ""val_size"": 0.2}, ""training"": {""batch_size"": 32, ""epochs"": 800, ""include_reg_in_val"": false, ""shuffle"": true}}"
e3807fa5023c,1,0.4506735070583169,0.0,0.4506735070583169,0.0,0.88,0.0,344.0,0.0,"{""callbacks"": {""early_stopping"": true, ""min_delta"": 0.0, ""mode"": ""auto"", ""monitor"": ""val_loss"", ""patience"": 40, ""restore_best_weights"": true, ""verbose"": 0}, ""cv"": {""k"": 3, ""seed"": 42, ""shuffle"": true}, ""data"": {""train_path"": ""data/MONK/MONK1/monks-1.train""}, ""model"": {""activation"": ""sigmoid"", ""dropout"": 0.0, ""hidden_units"": [8]}, ""optim"": {""lr"": 0.1, ""momentum"": 0.0, ""name"": ""sgd""}, ""regularizer"": {""l2"": ""1e-3""}, ""seed"": 42, ""split"": {""stratified"": true, ""val_size"": 0.2}, ""training"": {""batch_size"": 32, ""epochs"": 800, ""include_reg_in_val"": false, ""shuffle"": true}}"
63be82c39e22,1,0.4510577107136557,0.0,0.4510577107136557,0.0,0.84,0.0,532.0,0.0,"{""callbacks"": {""early_stopping"": true, ""min_delta"": 0.0, ""mode"": ""auto"", ""monitor"": ""val_loss"", ""patience"": 40, ""restore_best_weights"": true, ""verbose"": 0}, ""cv"": {""k"": 3, ""seed"": 42, ""shuffle"": true}, ""data"": {""train_path"": ""data/MONK/MONK1/monks-1.train""}, ""model"": {""activation"": ""tanh"", ""dropout"": 0.2, ""hidden_units"": [8]}, ""optim"": {""lr"": 0.01, ""momentum"": 0.0, ""name"": ""sgd""}, ""regularizer"": {""l2"": ""1e-2""}, ""seed"": 42, ""split"": {""stratified"": true, ""val_size"": 0.2}, ""training"": {""batch_size"": 32, ""epochs"": 800, ""include_reg_in_val"": false, ""shuffle"": true}}"
786f7ae18ccd,1,0.4515298211507708,0.0,0.4515298211507708,0.0,0.88,0.0,422.0,0.0,"{""callbacks"": {""early_stopping"": true, ""min_delta"": 0.0, ""mode"": ""auto"", ""monitor"": ""val_loss"", ""patience"": 40, ""restore_best_weights"": true, ""verbose"": 0}, ""cv"": {""k"": 3, ""seed"": 42, ""shuffle"": true}, ""data"": {""train_path"": ""data/MONK/MONK1/monks-1.train""}, ""model"": {""activation"": ""tanh"", ""dropout"": 0.2, ""hidden_units"": [4]}, ""optim"": {""lr"": 0.01, ""momentum"": 0.1, ""name"": ""sgd""}, ""regularizer"": {""l2"": ""1e-2""}, ""seed"": 42, ""split"": {""stratified"": true, ""val_size"": 0.2}, ""training"": {""batch_size"": 16, ""epochs"": 800, ""include_reg_in_val"": false, ""shuffle"": true}}"
2f3d8fb4b626,1,0.4523731373513584,0.0,0.4523731373513584,0.0,0.88,0.0,340.0,0.0,"{""callbacks"": {""early_stopping"": true, ""min_delta"": 0.0, ""mode"": ""auto"", ""monitor"": ""val_loss"", ""patience"": 40, ""restore_best_weights"": true, ""verbose"": 0}, ""cv"": {""k"": 3, ""seed"": 42, ""shuffle"": true}, ""data"": {""train_path"": ""data/MONK/MONK1/monks-1.train""}, ""model"": {""activation"": ""sigmoid"", ""dropout"": 0.0, ""hidden_units"": [8]}, ""optim"": {""lr"": 0.01, ""momentum"": 0.9, ""name"": ""sgd""}, ""regularizer"": {""l2"": ""1e-3""}, ""seed"": 42, ""split"": {""stratified"": true, ""val_size"": 0.2}, ""training"": {""batch_size"": 32, ""epochs"": 800, ""include_reg_in_val"": false, ""shuffle"": true}}"
3d3ef266bf5b,1,0.45258288741605285,0.0,0.45258288741605285,0.0,0.84,0.0,534.0,0.0,"{""callbacks"": {""early_stopping"": true, ""min_delta"": 0.0, ""mode"": ""auto"", ""monitor"": ""val_loss"", ""patience"": 40, ""restore_best_weights"": true, ""verbose"": 0}, ""cv"": {""k"": 3, ""seed"": 42, ""shuffle"": true}, ""data"": {""train_path"": ""data/MONK/MONK1/monks-1.train""}, ""model"": {""activation"": ""tanh"", ""dropout"": 0.2, ""hidden_units"": [4]}, ""optim"": {""lr"": 0.01, ""momentum"": 0.1, ""name"": ""sgd""}, ""regularizer"": {""l2"": 0.0}, ""seed"": 42, ""split"": {""stratified"": true, ""val_size"": 0.2}, ""training"": {""batch_size"": 32, ""epochs"": 800, ""include_reg_in_val"": false, ""shuffle"": true}}"
2b8eda9974b5,1,0.4529260859321694,0.0,0.4529260859321694,0.0,0.84,0.0,243.0,0.0,"{""callbacks"": {""early_stopping"": true, ""min_delta"": 0.0, ""mode"": ""auto"", ""monitor"": ""val_loss"", ""patience"": 40, ""restore_best_weights"": true, ""verbose"": 0}, ""cv"": {""k"": 3, ""seed"": 42, ""shuffle"": true}, ""data"": {""train_path"": ""data/MONK/MONK1/monks-1.train""}, ""model"": {""activation"": ""sigmoid"", ""dropout"": 0.0, ""hidden_units"": [8]}, ""optim"": {""lr"": 0.1, ""momentum"": 0.1, ""name"": ""sgd""}, ""regularizer"": {""l2"": 0.0}, ""seed"": 42, ""split"": {""stratified"": true, ""val_size"": 0.2}, ""training"": {""batch_size"": 32, ""epochs"": 800, ""include_reg_in_val"": false, ""shuffle"": true}}"
a2d0adfd1fc2,1,0.45344974522553777,0.0,0.45344974522553777,0.0,0.88,0.0,170.0,0.0,"{""callbacks"": {""early_stopping"": true, ""min_delta"": 0.0, ""mode"": ""auto"", ""monitor"": ""val_loss"", ""patience"": 40, ""restore_best_weights"": true, ""verbose"": 0}, ""cv"": {""k"": 3, ""seed"": 42, ""shuffle"": true}, ""data"": {""train_path"": ""data/MONK/MONK1/monks-1.train""}, ""model"": {""activation"": ""sigmoid"", ""dropout"": 0.0, ""hidden_units"": [8]}, ""optim"": {""lr"": 0.2, ""momentum"": 0.0, ""name"": ""sgd""}, ""regularizer"": {""l2"": 0.0}, ""seed"": 42, ""split"": {""stratified"": true, ""val_size"": 0.2}, ""training"": {""batch_size"": 32, ""epochs"": 800, ""include_reg_in_val"": false, ""shuffle"": true}}"
91124c763905,1,0.45370390735517324,0.0,0.45370390735517324,0.0,0.84,0.0,534.0,0.0,"{""callbacks"": {""early_stopping"": true, ""min_delta"": 0.0, ""mode"": ""auto"", ""monitor"": ""val_loss"", ""patience"": 40, ""restore_best_weights"": true, ""verbose"": 0}, ""cv"": {""k"": 3, ""seed"": 42, ""shuffle"": true}, ""data"": {""train_path"": ""data/MONK/MONK1/monks-1.train""}, ""model"": {""activation"": ""tanh"", ""dropout"": 0.2, ""hidden_units"": [4]}, ""optim"": {""lr"": 0.01, ""momentum"": 0.1, ""name"": ""sgd""}, ""regularizer"": {""l2"": ""1e-3""}, ""seed"": 42, ""split"": {""stratified"": true, ""val_size"": 0.2}, ""training"": {""batch_size"": 32, ""epochs"": 800, ""include_reg_in_val"": false, ""shuffle"": true}}"
2ca60f93cac9,1,0.4543682826964634,0.0,0.4543682826964634,0.0,0.88,0.0,170.0,0.0,"{""callbacks"": {""early_stopping"": true, ""min_delta"": 0.0, ""mode"": ""auto"", ""monitor"": ""val_loss"", ""patience"": 40, ""restore_best_weights"": true, ""verbose"": 0}, ""cv"": {""k"": 3, ""seed"": 42, ""shuffle"": true}, ""data"": {""train_path"": ""data/MONK/MONK1/monks-1.train""}, ""model"": {""activation"": ""sigmoid"", ""dropout"": 0.0, ""hidden_units"": [8]}, ""optim"": {""lr"": 0.2, ""momentum"": 0.0, ""name"": ""sgd""}, ""regularizer"": {""l2"": ""1e-3""}, ""seed"": 42, ""split"": {""stratified"": true, ""val_size"": 0.2}, ""training"": {""batch_size"": 32, ""epochs"": 800, ""include_reg_in_val"": false, ""shuffle"": true}}"
0548dcaf9aeb,1,0.45438098185195314,0.0,0.45438098185195314,0.0,0.88,0.0,170.0,0.0,"{""callbacks"": {""early_stopping"": true, ""min_delta"": 0.0, ""mode"": ""auto"", ""monitor"": ""val_loss"", ""patience"": 40, ""restore_best_weights"": true, ""verbose"": 0}, ""cv"": {""k"": 3, ""seed"": 42, ""shuffle"": true}, ""data"": {""train_path"": ""data/MONK/MONK1/monks-1.train""}, ""model"": {""activation"": ""sigmoid"", ""dropout"": 0.0, ""hidden_units"": [8]}, ""optim"": {""lr"": 0.2, ""momentum"": 0.1, ""name"": ""sgd""}, ""regularizer"": {""l2"": ""1e-3""}, ""seed"": 42, ""split"": {""stratified"": true, ""val_size"": 0.2}, ""training"": {""batch_size"": 32, ""epochs"": 800, ""include_reg_in_val"": false, ""shuffle"": true}}"
316ce88dd1bf,1,0.454553813690178,0.0,0.454553813690178,0.0,0.84,0.0,106.0,0.0,"{""callbacks"": {""early_stopping"": true, ""min_delta"": 0.0, ""mode"": ""auto"", ""monitor"": ""val_loss"", ""patience"": 40, ""restore_best_weights"": true, ""verbose"": 0}, ""cv"": {""k"": 3, ""seed"": 42, ""shuffle"": true}, ""data"": {""train_path"": ""data/MONK/MONK1/monks-1.train""}, ""model"": {""activation"": ""sigmoid"", ""dropout"": 0.0, ""hidden_units"": [8]}, ""optim"": {""lr"": 0.2, ""momentum"": 0.1, ""name"": ""sgd""}, ""regularizer"": {""l2"": 0.0}, ""seed"": 42, ""split"": {""stratified"": true, ""val_size"": 0.2}, ""training"": {""batch_size"": 32, ""epochs"": 800, ""include_reg_in_val"": false, ""shuffle"": true}}"
5fb298c53a71,1,0.4565369895058938,0.0,0.4565369895058938,0.0,0.84,0.0,534.0,0.0,"{""callbacks"": {""early_stopping"": true, ""min_delta"": 0.0, ""mode"": ""auto"", ""monitor"": ""val_loss"", ""patience"": 40, ""restore_best_weights"": true, ""verbose"": 0}, ""cv"": {""k"": 3, ""seed"": 42, ""shuffle"": true}, ""data"": {""train_path"": ""data/MONK/MONK1/monks-1.train""}, ""model"": {""activation"": ""tanh"", ""dropout"": 0.0, ""hidden_units"": [4]}, ""optim"": {""lr"": 0.01, ""momentum"": 0.1, ""name"": ""sgd""}, ""regularizer"": {""l2"": ""1e-3""}, ""seed"": 42, ""split"": {""stratified"": true, ""val_size"": 0.2}, ""training"": {""batch_size"": 32, ""epochs"": 800, ""include_reg_in_val"": false, ""shuffle"": true}}"
f86358fba366,1,0.4565780291641767,0.0,0.4565780291641767,0.0,0.84,0.0,243.0,0.0,"{""callbacks"": {""early_stopping"": true, ""min_delta"": 0.0, ""mode"": ""auto"", ""monitor"": ""val_loss"", ""patience"": 40, ""restore_best_weights"": true, ""verbose"": 0}, ""cv"": {""k"": 3, ""seed"": 42, ""shuffle"": true}, ""data"": {""train_path"": ""data/MONK/MONK1/monks-1.train""}, ""model"": {""activation"": ""sigmoid"", ""dropout"": 0.0, ""hidden_units"": [8]}, ""optim"": {""lr"": 0.1, ""momentum"": 0.1, ""name"": ""sgd""}, ""regularizer"": {""l2"": ""1e-3""}, ""seed"": 42, ""split"": {""stratified"": true, ""val_size"": 0.2}, ""training"": {""batch_size"": 32, ""epochs"": 800, ""include_reg_in_val"": false, ""shuffle"": true}}"
010af36ae8e3,1,0.45719541779329836,0.0,0.45719541779329836,0.0,0.84,0.0,243.0,0.0,"{""callbacks"": {""early_stopping"": true, ""min_delta"": 0.0, ""mode"": ""auto"", ""monitor"": ""val_loss"", ""patience"": 40, ""restore_best_weights"": true, ""verbose"": 0}, ""cv"": {""k"": 3, ""seed"": 42, ""shuffle"": true}, ""data"": {""train_path"": ""data/MONK/MONK1/monks-1.train""}, ""model"": {""activation"": ""sigmoid"", ""dropout"": 0.0, ""hidden_units"": [8]}, ""optim"": {""lr"": 0.1, ""momentum"": 0.0, ""name"": ""sgd""}, ""regularizer"": {""l2"": 0.0}, ""seed"": 42, ""split"": {""stratified"": true, ""val_size"": 0.2}, ""training"": {""batch_size"": 32, ""epochs"": 800, ""include_reg_in_val"": false, ""shuffle"": true}}"
fd1e0259bf7b,1,0.45796992893150673,0.0,0.45796992893150673,0.0,0.84,0.0,244.0,0.0,"{""callbacks"": {""early_stopping"": true, ""min_delta"": 0.0, ""mode"": ""auto"", ""monitor"": ""val_loss"", ""patience"": 40, ""restore_best_weights"": true, ""verbose"": 0}, ""cv"": {""k"": 3, ""seed"": 42, ""shuffle"": true}, ""data"": {""train_path"": ""data/MONK/MONK1/monks-1.train""}, ""model"": {""activation"": ""sigmoid"", ""dropout"": 0.0, ""hidden_units"": [8]}, ""optim"": {""lr"": 0.01, ""momentum"": 0.9, ""name"": ""sgd""}, ""regularizer"": {""l2"": 0.0}, ""seed"": 42, ""split"": {""stratified"": true, ""val_size"": 0.2}, ""training"": {""batch_size"": 32, ""epochs"": 800, ""include_reg_in_val"": false, ""shuffle"": true}}"
93e23ed72a41,1,0.45977573300655644,0.0,0.45977573300655644,0.0,0.84,0.0,534.0,0.0,"{""callbacks"": {""early_stopping"": true, ""min_delta"": 0.0, ""mode"": ""auto"", ""monitor"": ""val_loss"", ""patience"": 40, ""restore_best_weights"": true, ""verbose"": 0}, ""cv"": {""k"": 3, ""seed"": 42, ""shuffle"": true}, ""data"": {""train_path"": ""data/MONK/MONK1/monks-1.train""}, ""model"": {""activation"": ""tanh"", ""dropout"": 0.2, ""hidden_units"": [4]}, ""optim"": {""lr"": 0.01, ""momentum"": 0.0, ""name"": ""sgd""}, ""regularizer"": {""l2"": 0.0}, ""seed"": 42, ""split"": {""stratified"": true, ""val_size"": 0.2}, ""training"": {""batch_size"": 32, ""epochs"": 800, ""include_reg_in_val"": false, ""shuffle"": true}}"
fddd62f8c9f2,1,0.46080457733537245,0.0,0.46080457733537245,0.0,0.84,0.0,534.0,0.0,"{""callbacks"": {""early_stopping"": true, ""min_delta"": 0.0, ""mode"": ""auto"", ""monitor"": ""val_loss"", ""patience"": 40, ""restore_best_weights"": true, ""verbose"": 0}, ""cv"": {""k"": 3, ""seed"": 42, ""shuffle"": true}, ""data"": {""train_path"": ""data/MONK/MONK1/monks-1.train""}, ""model"": {""activation"": ""tanh"", ""dropout"": 0.2, ""hidden_units"": [4]}, ""optim"": {""lr"": 0.01, ""momentum"": 0.0, ""name"": ""sgd""}, ""regularizer"": {""l2"": ""1e-3""}, ""seed"": 42, ""split"": {""stratified"": true, ""val_size"": 0.2}, ""training"": {""batch_size"": 32, ""epochs"": 800, ""include_reg_in_val"": false, ""shuffle"": true}}"
5c3062177729,1,0.46110484075235375,0.0,0.46110484075235375,0.0,0.84,0.0,534.0,0.0,"{""callbacks"": {""early_stopping"": true, ""min_delta"": 0.0, ""mode"": ""auto"", ""monitor"": ""val_loss"", ""patience"": 40, ""restore_best_weights"": true, ""verbose"": 0}, ""cv"": {""k"": 3, ""seed"": 42, ""shuffle"": true}, ""data"": {""train_path"": ""data/MONK/MONK1/monks-1.train""}, ""model"": {""activation"": ""tanh"", ""dropout"": 0.0, ""hidden_units"": [4]}, ""optim"": {""lr"": 0.01, ""momentum"": 0.0, ""name"": ""sgd""}, ""regularizer"": {""l2"": 0.0}, ""seed"": 42, ""split"": {""stratified"": true, ""val_size"": 0.2}, ""training"": {""batch_size"": 32, ""epochs"": 800, ""include_reg_in_val"": false, ""shuffle"": true}}"
833a6bda4e2b,1,0.4616384827550263,0.0,0.4616384827550263,0.0,0.84,0.0,475.0,0.0,"{""callbacks"": {""early_stopping"": true, ""min_delta"": 0.0, ""mode"": ""auto"", ""monitor"": ""val_loss"", ""patience"": 40, ""restore_best_weights"": true, ""verbose"": 0}, ""cv"": {""k"": 3, ""seed"": 42, ""shuffle"": true}, ""data"": {""train_path"": ""data/MONK/MONK1/monks-1.train""}, ""model"": {""activation"": ""tanh"", ""dropout"": 0.0, ""hidden_units"": [4]}, ""optim"": {""lr"": 0.01, ""momentum"": 0.1, ""name"": ""sgd""}, ""regularizer"": {""l2"": 0.0}, ""seed"": 42, ""split"": {""stratified"": true, ""val_size"": 0.2}, ""training"": {""batch_size"": 32, ""epochs"": 800, ""include_reg_in_val"": false, ""shuffle"": true}}"
1cd81bf3f34b,1,0.46175501965791277,0.0,0.46175501965791277,0.0,0.84,0.0,534.0,0.0,"{""callbacks"": {""early_stopping"": true, ""min_delta"": 0.0, ""mode"": ""auto"", ""monitor"": ""val_loss"", ""patience"": 40, ""restore_best_weights"": true, ""verbose"": 0}, ""cv"": {""k"": 3, ""seed"": 42, ""shuffle"": true}, ""data"": {""train_path"": ""data/MONK/MONK1/monks-1.train""}, ""model"": {""activation"": ""tanh"", ""dropout"": 0.0, ""hidden_units"": [4]}, ""optim"": {""lr"": 0.01, ""momentum"": 0.0, ""name"": ""sgd""}, ""regularizer"": {""l2"": ""1e-3""}, ""seed"": 42, ""split"": {""stratified"": true, ""val_size"": 0.2}, ""training"": {""batch_size"": 32, ""epochs"": 800, ""include_reg_in_val"": false, ""shuffle"": true}}"
0a1d3cf82ba3,1,0.46224514293914787,0.0,0.46224514293914787,0.0,0.88,0.0,81.0,0.0,"{""callbacks"": {""early_stopping"": true, ""min_delta"": 0.0, ""mode"": ""auto"", ""monitor"": ""val_loss"", ""patience"": 40, ""restore_best_weights"": true, ""verbose"": 0}, ""cv"": {""k"": 3, ""seed"": 42, ""shuffle"": true}, ""data"": {""train_path"": ""data/MONK/MONK1/monks-1.train""}, ""model"": {""activation"": ""sigmoid"", ""dropout"": 0.0, ""hidden_units"": [8]}, ""optim"": {""lr"": 0.2, ""momentum"": 0.9, ""name"": ""sgd""}, ""regularizer"": {""l2"": ""1e-2""}, ""seed"": 42, ""split"": {""stratified"": true, ""val_size"": 0.2}, ""training"": {""batch_size"": 16, ""epochs"": 800, ""include_reg_in_val"": false, ""shuffle"": true}}"
873fb5115252,1,0.46382746413820775,0.0,0.46382746413820775,0.0,0.84,0.0,534.0,0.0,"{""callbacks"": {""early_stopping"": true, ""min_delta"": 0.0, ""mode"": ""auto"", ""monitor"": ""val_loss"", ""patience"": 40, ""restore_best_weights"": true, ""verbose"": 0}, ""cv"": {""k"": 3, ""seed"": 42, ""shuffle"": true}, ""data"": {""train_path"": ""data/MONK/MONK1/monks-1.train""}, ""model"": {""activation"": ""tanh"", ""dropout"": 0.0, ""hidden_units"": [4]}, ""optim"": {""lr"": 0.01, ""momentum"": 0.1, ""name"": ""sgd""}, ""regularizer"": {""l2"": ""1e-2""}, ""seed"": 42, ""split"": {""stratified"": true, ""val_size"": 0.2}, ""training"": {""batch_size"": 32, ""epochs"": 800, ""include_reg_in_val"": false, ""shuffle"": true}}"
01b7ebebaefe,1,0.46430310303304034,0.0,0.46430310303304034,0.0,0.88,0.0,534.0,0.0,"{""callbacks"": {""early_stopping"": true, ""min_delta"": 0.0, ""mode"": ""auto"", ""monitor"": ""val_loss"", ""patience"": 40, ""restore_best_weights"": true, ""verbose"": 0}, ""cv"": {""k"": 3, ""seed"": 42, ""shuffle"": true}, ""data"": {""train_path"": ""data/MONK/MONK1/monks-1.train""}, ""model"": {""activation"": ""tanh"", ""dropout"": 0.2, ""hidden_units"": [4]}, ""optim"": {""lr"": 0.01, ""momentum"": 0.1, ""name"": ""sgd""}, ""regularizer"": {""l2"": ""1e-2""}, ""seed"": 42, ""split"": {""stratified"": true, ""val_size"": 0.2}, ""training"": {""batch_size"": 32, ""epochs"": 800, ""include_reg_in_val"": false, ""shuffle"": true}}"
3feb88540316,1,0.46435603098215394,0.0,0.46435603098215394,0.0,0.88,0.0,81.0,0.0,"{""callbacks"": {""early_stopping"": true, ""min_delta"": 0.0, ""mode"": ""auto"", ""monitor"": ""val_loss"", ""patience"": 40, ""restore_best_weights"": true, ""verbose"": 0}, ""cv"": {""k"": 3, ""seed"": 42, ""shuffle"": true}, ""data"": {""train_path"": ""data/MONK/MONK1/monks-1.train""}, ""model"": {""activation"": ""sigmoid"", ""dropout"": 0.0, ""hidden_units"": [4]}, ""optim"": {""lr"": 0.2, ""momentum"": 0.9, ""name"": ""sgd""}, ""regularizer"": {""l2"": ""1e-2""}, ""seed"": 42, ""split"": {""stratified"": true, ""val_size"": 0.2}, ""training"": {""batch_size"": 16, ""epochs"": 800, ""include_reg_in_val"": false, ""shuffle"": true}}"
b060c1c556ba,1,0.46638154781784985,0.0,0.46638154781784985,0.0,0.88,0.0,81.0,0.0,"{""callbacks"": {""early_stopping"": true, ""min_delta"": 0.0, ""mode"": ""auto"", ""monitor"": ""val_loss"", ""patience"": 40, ""restore_best_weights"": true, ""verbose"": 0}, ""cv"": {""k"": 3, ""seed"": 42, ""shuffle"": true}, ""data"": {""train_path"": ""data/MONK/MONK1/monks-1.train""}, ""model"": {""activation"": ""sigmoid"", ""dropout"": 0.0, ""hidden_units"": [8]}, ""optim"": {""lr"": 0.1, ""momentum"": 0.9, ""name"": ""sgd""}, ""regularizer"": {""l2"": ""1e-2""}, ""seed"": 42, ""split"": {""stratified"": true, ""val_size"": 0.2}, ""training"": {""batch_size"": 16, ""epochs"": 800, ""include_reg_in_val"": false, ""shuffle"": true}}"
a750a29f24aa,1,0.46663777105760346,0.0,0.46663777105760346,0.0,0.84,0.0,109.0,0.0,"{""callbacks"": {""early_stopping"": true, ""min_delta"": 0.0, ""mode"": ""auto"", ""monitor"": ""val_loss"", ""patience"": 40, ""restore_best_weights"": true, ""verbose"": 0}, ""cv"": {""k"": 3, ""seed"": 42, ""shuffle"": true}, ""data"": {""train_path"": ""data/MONK/MONK1/monks-1.train""}, ""model"": {""activation"": ""sigmoid"", ""dropout"": 0.0, ""hidden_units"": [8]}, ""optim"": {""lr"": 0.2, ""momentum"": 0.9, ""name"": ""sgd""}, ""regularizer"": {""l2"": ""1e-2""}, ""seed"": 42, ""split"": {""stratified"": true, ""val_size"": 0.2}, ""training"": {""batch_size"": 32, ""epochs"": 800, ""include_reg_in_val"": false, ""shuffle"": true}}"
427cd2bac6ab,1,0.46876145733383623,0.0,0.46876145733383623,0.0,0.84,0.0,534.0,0.0,"{""callbacks"": {""early_stopping"": true, ""min_delta"": 0.0, ""mode"": ""auto"", ""monitor"": ""val_loss"", ""patience"": 40, ""restore_best_weights"": true, ""verbose"": 0}, ""cv"": {""k"": 3, ""seed"": 42, ""shuffle"": true}, ""data"": {""train_path"": ""data/MONK/MONK1/monks-1.train""}, ""model"": {""activation"": ""tanh"", ""dropout"": 0.0, ""hidden_units"": [4]}, ""optim"": {""lr"": 0.01, ""momentum"": 0.0, ""name"": ""sgd""}, ""regularizer"": {""l2"": ""1e-2""}, ""seed"": 42, ""split"": {""stratified"": true, ""val_size"": 0.2}, ""training"": {""batch_size"": 32, ""epochs"": 800, ""include_reg_in_val"": false, ""shuffle"": true}}"
05ed26bb63e0,1,0.4692859585538174,0.0,0.4692859585538174,0.0,0.88,0.0,81.0,0.0,"{""callbacks"": {""early_stopping"": true, ""min_delta"": 0.0, ""mode"": ""auto"", ""monitor"": ""val_loss"", ""patience"": 40, ""restore_best_weights"": true, ""verbose"": 0}, ""cv"": {""k"": 3, ""seed"": 42, ""shuffle"": true}, ""data"": {""train_path"": ""data/MONK/MONK1/monks-1.train""}, ""model"": {""activation"": ""sigmoid"", ""dropout"": 0.0, ""hidden_units"": [4]}, ""optim"": {""lr"": 0.1, ""momentum"": 0.9, ""name"": ""sgd""}, ""regularizer"": {""l2"": ""1e-2""}, ""seed"": 42, ""split"": {""stratified"": true, ""val_size"": 0.2}, ""training"": {""batch_size"": 16, ""epochs"": 800, ""include_reg_in_val"": false, ""shuffle"": true}}"
b8a0c4c77d9c,1,0.47042344075617387,0.0,0.47042344075617387,0.0,0.88,0.0,416.0,0.0,"{""callbacks"": {""early_stopping"": true, ""min_delta"": 0.0, ""mode"": ""auto"", ""monitor"": ""val_loss"", ""patience"": 40, ""restore_best_weights"": true, ""verbose"": 0}, ""cv"": {""k"": 3, ""seed"": 42, ""shuffle"": true}, ""data"": {""train_path"": ""data/MONK/MONK1/monks-1.train""}, ""model"": {""activation"": ""sigmoid"", ""dropout"": 0.0, ""hidden_units"": [8]}, ""optim"": {""lr"": 0.01, ""momentum"": 0.9, ""name"": ""sgd""}, ""regularizer"": {""l2"": ""1e-2""}, ""seed"": 42, ""split"": {""stratified"": true, ""val_size"": 0.2}, ""training"": {""batch_size"": 16, ""epochs"": 800, ""include_reg_in_val"": false, ""shuffle"": true}}"
70c6a6e6acb0,1,0.4708317312583318,0.0,0.4708317312583318,0.0,0.84,0.0,534.0,0.0,"{""callbacks"": {""early_stopping"": true, ""min_delta"": 0.0, ""mode"": ""auto"", ""monitor"": ""val_loss"", ""patience"": 40, ""restore_best_weights"": true, ""verbose"": 0}, ""cv"": {""k"": 3, ""seed"": 42, ""shuffle"": true}, ""data"": {""train_path"": ""data/MONK/MONK1/monks-1.train""}, ""model"": {""activation"": ""tanh"", ""dropout"": 0.2, ""hidden_units"": [4]}, ""optim"": {""lr"": 0.01, ""momentum"": 0.0, ""name"": ""sgd""}, ""regularizer"": {""l2"": ""1e-2""}, ""seed"": 42, ""split"": {""stratified"": true, ""val_size"": 0.2}, ""training"": {""batch_size"": 32, ""epochs"": 800, ""include_reg_in_val"": false, ""shuffle"": true}}"
49a8f420b685,1,0.47092985306988155,0.0,0.47092985306988155,0.0,0.88,0.0,68.0,0.0,"{""callbacks"": {""early_stopping"": true, ""min_delta"": 0.0, ""mode"": ""auto"", ""monitor"": ""val_loss"", ""patience"": 40, ""restore_best_weights"": true, ""verbose"": 0}, ""cv"": {""k"": 3, ""seed"": 42, ""shuffle"": true}, ""data"": {""train_path"": ""data/MONK/MONK1/monks-1.train""}, ""model"": {""activation"": ""sigmoid"", ""dropout"": 0.0, ""hidden_units"": [4]}, ""optim"": {""lr"": 0.2, ""momentum"": 0.9, ""name"": ""sgd""}, ""regularizer"": {""l2"": ""1e-2""}, ""seed"": 42, ""split"": {""stratified"": true, ""val_size"": 0.2}, ""training"": {""batch_size"": 32, ""epochs"": 800, ""include_reg_in_val"": false, ""shuffle"": true}}"
14d971772eb2,1,0.4711225420811975,0.0,0.4711225420811975,0.0,0.88,0.0,415.0,0.0,"{""callbacks"": {""early_stopping"": true, ""min_delta"": 0.0, ""mode"": ""auto"", ""monitor"": ""val_loss"", ""patience"": 40, ""restore_best_weights"": true, ""verbose"": 0}, ""cv"": {""k"": 3, ""seed"": 42, ""shuffle"": true}, ""data"": {""train_path"": ""data/MONK/MONK1/monks-1.train""}, ""model"": {""activation"": ""sigmoid"", ""dropout"": 0.0, ""hidden_units"": [4]}, ""optim"": {""lr"": 0.1, ""momentum"": 0.1, ""name"": ""sgd""}, ""regularizer"": {""l2"": ""1e-2""}, ""seed"": 42, ""split"": {""stratified"": true, ""val_size"": 0.2}, ""training"": {""batch_size"": 16, ""epochs"": 800, ""include_reg_in_val"": false, ""shuffle"": true}}"
7c1642c271a9,1,0.472186105212988,0.0,0.472186105212988,0.0,0.88,0.0,415.0,0.0,"{""callbacks"": {""early_stopping"": true, ""min_delta"": 0.0, ""mode"": ""auto"", ""monitor"": ""val_loss"", ""patience"": 40, ""restore_best_weights"": true, ""verbose"": 0}, ""cv"": {""k"": 3, ""seed"": 42, ""shuffle"": true}, ""data"": {""train_path"": ""data/MONK/MONK1/monks-1.train""}, ""model"": {""activation"": ""sigmoid"", ""dropout"": 0.0, ""hidden_units"": [4]}, ""optim"": {""lr"": 0.1, ""momentum"": 0.0, ""name"": ""sgd""}, ""regularizer"": {""l2"": ""1e-2""}, ""seed"": 42, ""split"": {""stratified"": true, ""val_size"": 0.2}, ""training"": {""batch_size"": 16, ""epochs"": 800, ""include_reg_in_val"": false, ""shuffle"": true}}"
1f2017fcf67d,1,0.4721896634862272,0.0,0.4721896634862272,0.0,0.84,0.0,68.0,0.0,"{""callbacks"": {""early_stopping"": true, ""min_delta"": 0.0, ""mode"": ""auto"", ""monitor"": ""val_loss"", ""patience"": 40, ""restore_best_weights"": true, ""verbose"": 0}, ""cv"": {""k"": 3, ""seed"": 42, ""shuffle"": true}, ""data"": {""train_path"": ""data/MONK/MONK1/monks-1.train""}, ""model"": {""activation"": ""sigmoid"", ""dropout"": 0.0, ""hidden_units"": [8]}, ""optim"": {""lr"": 0.1, ""momentum"": 0.9, ""name"": ""sgd""}, ""regularizer"": {""l2"": ""1e-2""}, ""seed"": 42, ""split"": {""stratified"": true, ""val_size"": 0.2}, ""training"": {""batch_size"": 32, ""epochs"": 800, ""include_reg_in_val"": false, ""shuffle"": true}}"
bef5ee3978d4,1,0.47227800252541074,0.0,0.47227800252541074,0.0,0.88,0.0,417.0,0.0,"{""callbacks"": {""early_stopping"": true, ""min_delta"": 0.0, ""mode"": ""auto"", ""monitor"": ""val_loss"", ""patience"": 40, ""restore_best_weights"": true, ""verbose"": 0}, ""cv"": {""k"": 3, ""seed"": 42, ""shuffle"": true}, ""data"": {""train_path"": ""data/MONK/MONK1/monks-1.train""}, ""model"": {""activation"": ""sigmoid"", ""dropout"": 0.0, ""hidden_units"": [4]}, ""optim"": {""lr"": 0.01, ""momentum"": 0.9, ""name"": ""sgd""}, ""regularizer"": {""l2"": ""1e-2""}, ""seed"": 42, ""split"": {""stratified"": true, ""val_size"": 0.2}, ""training"": {""batch_size"": 16, ""epochs"": 800, ""include_reg_in_val"": false, ""shuffle"": true}}"
7a378a7d88fd,1,0.473167982363127,0.0,0.473167982363127,0.0,0.84,0.0,415.0,0.0,"{""callbacks"": {""early_stopping"": true, ""min_delta"": 0.0, ""mode"": ""auto"", ""monitor"": ""val_loss"", ""patience"": 40, ""restore_best_weights"": true, ""verbose"": 0}, ""cv"": {""k"": 3, ""seed"": 42, ""shuffle"": true}, ""data"": {""train_path"": ""data/MONK/MONK1/monks-1.train""}, ""model"": {""activation"": ""sigmoid"", ""dropout"": 0.0, ""hidden_units"": [8]}, ""optim"": {""lr"": 0.1, ""momentum"": 0.1, ""name"": ""sgd""}, ""regularizer"": {""l2"": ""1e-2""}, ""seed"": 42, ""split"": {""stratified"": true, ""val_size"": 0.2}, ""training"": {""batch_size"": 32, ""epochs"": 800, ""include_reg_in_val"": false, ""shuffle"": true}}"
09b47b291321,1,0.47558280809121634,0.0,0.47558280809121634,0.0,0.84,0.0,417.0,0.0,"{""callbacks"": {""early_stopping"": true, ""min_delta"": 0.0, ""mode"": ""auto"", ""monitor"": ""val_loss"", ""patience"": 40, ""restore_best_weights"": true, ""verbose"": 0}, ""cv"": {""k"": 3, ""seed"": 42, ""shuffle"": true}, ""data"": {""train_path"": ""data/MONK/MONK1/monks-1.train""}, ""model"": {""activation"": ""sigmoid"", ""dropout"": 0.0, ""hidden_units"": [8]}, ""optim"": {""lr"": 0.01, ""momentum"": 0.9, ""name"": ""sgd""}, ""regularizer"": {""l2"": ""1e-2""}, ""seed"": 42, ""split"": {""stratified"": true, ""val_size"": 0.2}, ""training"": {""batch_size"": 32, ""epochs"": 800, ""include_reg_in_val"": false, ""shuffle"": true}}"
8997046ffbf2,1,0.47563781422647167,0.0,0.47563781422647167,0.0,0.84,0.0,415.0,0.0,"{""callbacks"": {""early_stopping"": true, ""min_delta"": 0.0, ""mode"": ""auto"", ""monitor"": ""val_loss"", ""patience"": 40, ""restore_best_weights"": true, ""verbose"": 0}, ""cv"": {""k"": 3, ""seed"": 42, ""shuffle"": true}, ""data"": {""train_path"": ""data/MONK/MONK1/monks-1.train""}, ""model"": {""activation"": ""sigmoid"", ""dropout"": 0.0, ""hidden_units"": [8]}, ""optim"": {""lr"": 0.1, ""momentum"": 0.0, ""name"": ""sgd""}, ""regularizer"": {""l2"": ""1e-2""}, ""seed"": 42, ""split"": {""stratified"": true, ""val_size"": 0.2}, ""training"": {""batch_size"": 32, ""epochs"": 800, ""include_reg_in_val"": false, ""shuffle"": true}}"
474160106b15,1,0.4756671631262339,0.0,0.4756671631262339,0.0,0.88,0.0,415.0,0.0,"{""callbacks"": {""early_stopping"": true, ""min_delta"": 0.0, ""mode"": ""auto"", ""monitor"": ""val_loss"", ""patience"": 40, ""restore_best_weights"": true, ""verbose"": 0}, ""cv"": {""k"": 3, ""seed"": 42, ""shuffle"": true}, ""data"": {""train_path"": ""data/MONK/MONK1/monks-1.train""}, ""model"": {""activation"": ""sigmoid"", ""dropout"": 0.0, ""hidden_units"": [4]}, ""optim"": {""lr"": 0.1, ""momentum"": 0.1, ""name"": ""sgd""}, ""regularizer"": {""l2"": ""1e-2""}, ""seed"": 42, ""split"": {""stratified"": true, ""val_size"": 0.2}, ""training"": {""batch_size"": 32, ""epochs"": 800, ""include_reg_in_val"": false, ""shuffle"": true}}"
6dc893f3a309,1,0.47589592909581185,0.0,0.47589592909581185,0.0,0.88,0.0,172.0,0.0,"{""callbacks"": {""early_stopping"": true, ""min_delta"": 0.0, ""mode"": ""auto"", ""monitor"": ""val_loss"", ""patience"": 40, ""restore_best_weights"": true, ""verbose"": 0}, ""cv"": {""k"": 3, ""seed"": 42, ""shuffle"": true}, ""data"": {""train_path"": ""data/MONK/MONK1/monks-1.train""}, ""model"": {""activation"": ""sigmoid"", ""dropout"": 0.0, ""hidden_units"": [8]}, ""optim"": {""lr"": 0.2, ""momentum"": 0.1, ""name"": ""sgd""}, ""regularizer"": {""l2"": ""1e-2""}, ""seed"": 42, ""split"": {""stratified"": true, ""val_size"": 0.2}, ""training"": {""batch_size"": 16, ""epochs"": 800, ""include_reg_in_val"": false, ""shuffle"": true}}"
cbcdc0a7c486,1,0.47653051509039684,0.0,0.47653051509039684,0.0,0.84,0.0,68.0,0.0,"{""callbacks"": {""early_stopping"": true, ""min_delta"": 0.0, ""mode"": ""auto"", ""monitor"": ""val_loss"", ""patience"": 40, ""restore_best_weights"": true, ""verbose"": 0}, ""cv"": {""k"": 3, ""seed"": 42, ""shuffle"": true}, ""data"": {""train_path"": ""data/MONK/MONK1/monks-1.train""}, ""model"": {""activation"": ""sigmoid"", ""dropout"": 0.0, ""hidden_units"": [4]}, ""optim"": {""lr"": 0.1, ""momentum"": 0.9, ""name"": ""sgd""}, ""regularizer"": {""l2"": ""1e-2""}, ""seed"": 42, ""split"": {""stratified"": true, ""val_size"": 0.2}, ""training"": {""batch_size"": 32, ""epochs"": 800, ""include_reg_in_val"": false, ""shuffle"": true}}"
d7b45b48e596,1,0.4770341170231856,0.0,0.4770341170231856,0.0,0.88,0.0,172.0,0.0,"{""callbacks"": {""early_stopping"": true, ""min_delta"": 0.0, ""mode"": ""auto"", ""monitor"": ""val_loss"", ""patience"": 40, ""restore_best_weights"": true, ""verbose"": 0}, ""cv"": {""k"": 3, ""seed"": 42, ""shuffle"": true}, ""data"": {""train_path"": ""data/MONK/MONK1/monks-1.train""}, ""model"": {""activation"": ""sigmoid"", ""dropout"": 0.0, ""hidden_units"": [8]}, ""optim"": {""lr"": 0.2, ""momentum"": 0.0, ""name"": ""sgd""}, ""regularizer"": {""l2"": ""1e-2""}, ""seed"": 42, ""split"": {""stratified"": true, ""val_size"": 0.2}, ""training"": {""batch_size"": 16, ""epochs"": 800, ""include_reg_in_val"": false, ""shuffle"": true}}"
4556694a1f38,1,0.4774429538053599,0.0,0.4774429538053599,0.0,0.88,0.0,469.0,0.0,"{""callbacks"": {""early_stopping"": true, ""min_delta"": 0.0, ""mode"": ""auto"", ""monitor"": ""val_loss"", ""patience"": 40, ""restore_best_weights"": true, ""verbose"": 0}, ""cv"": {""k"": 3, ""seed"": 42, ""shuffle"": true}, ""data"": {""train_path"": ""data/MONK/MONK1/monks-1.train""}, ""model"": {""activation"": ""sigmoid"", ""dropout"": 0.0, ""hidden_units"": [4]}, ""optim"": {""lr"": 0.01, ""momentum"": 0.9, ""name"": ""sgd""}, ""regularizer"": {""l2"": ""1e-2""}, ""seed"": 42, ""split"": {""stratified"": true, ""val_size"": 0.2}, ""training"": {""batch_size"": 32, ""epochs"": 800, ""include_reg_in_val"": false, ""shuffle"": true}}"
0f2817f68f9c,1,0.4774779325814287,0.0,0.4774779325814287,0.0,0.88,0.0,468.0,0.0,"{""callbacks"": {""early_stopping"": true, ""min_delta"": 0.0, ""mode"": ""auto"", ""monitor"": ""val_loss"", ""patience"": 40, ""restore_best_weights"": true, ""verbose"": 0}, ""cv"": {""k"": 3, ""seed"": 42, ""shuffle"": true}, ""data"": {""train_path"": ""data/MONK/MONK1/monks-1.train""}, ""model"": {""activation"": ""sigmoid"", ""dropout"": 0.0, ""hidden_units"": [4]}, ""optim"": {""lr"": 0.1, ""momentum"": 0.0, ""name"": ""sgd""}, ""regularizer"": {""l2"": ""1e-2""}, ""seed"": 42, ""split"": {""stratified"": true, ""val_size"": 0.2}, ""training"": {""batch_size"": 32, ""epochs"": 800, ""include_reg_in_val"": false, ""shuffle"": true}}"
9a8221a13b27,1,0.47782809869828624,0.0,0.47782809869828624,0.0,0.88,0.0,170.0,0.0,"{""callbacks"": {""early_stopping"": true, ""min_delta"": 0.0, ""mode"": ""auto"", ""monitor"": ""val_loss"", ""patience"": 40, ""restore_best_weights"": true, ""verbose"": 0}, ""cv"": {""k"": 3, ""seed"": 42, ""shuffle"": true}, ""data"": {""train_path"": ""data/MONK/MONK1/monks-1.train""}, ""model"": {""activation"": ""sigmoid"", ""dropout"": 0.0, ""hidden_units"": [4]}, ""optim"": {""lr"": 0.2, ""momentum"": 0.1, ""name"": ""sgd""}, ""regularizer"": {""l2"": ""1e-2""}, ""seed"": 42, ""split"": {""stratified"": true, ""val_size"": 0.2}, ""training"": {""batch_size"": 16, ""epochs"": 800, ""include_reg_in_val"": false, ""shuffle"": true}}"
9ab6b0c2dee9,1,0.47861970009240506,0.0,0.47861970009240506,0.0,0.88,0.0,170.0,0.0,"{""callbacks"": {""early_stopping"": true, ""min_delta"": 0.0, ""mode"": ""auto"", ""monitor"": ""val_loss"", ""patience"": 40, ""restore_best_weights"": true, ""verbose"": 0}, ""cv"": {""k"": 3, ""seed"": 42, ""shuffle"": true}, ""data"": {""train_path"": ""data/MONK/MONK1/monks-1.train""}, ""model"": {""activation"": ""sigmoid"", ""dropout"": 0.0, ""hidden_units"": [4]}, ""optim"": {""lr"": 0.2, ""momentum"": 0.0, ""name"": ""sgd""}, ""regularizer"": {""l2"": ""1e-2""}, ""seed"": 42, ""split"": {""stratified"": true, ""val_size"": 0.2}, ""training"": {""batch_size"": 16, ""epochs"": 800, ""include_reg_in_val"": false, ""shuffle"": true}}"
0755d2f8bc72,1,0.47981179631769544,0.0,0.47981179631769544,0.0,0.88,0.0,229.0,0.0,"{""callbacks"": {""early_stopping"": true, ""min_delta"": 0.0, ""mode"": ""auto"", ""monitor"": ""val_loss"", ""patience"": 40, ""restore_best_weights"": true, ""verbose"": 0}, ""cv"": {""k"": 3, ""seed"": 42, ""shuffle"": true}, ""data"": {""train_path"": ""data/MONK/MONK1/monks-1.train""}, ""model"": {""activation"": ""sigmoid"", ""dropout"": 0.0, ""hidden_units"": [4]}, ""optim"": {""lr"": 0.2, ""momentum"": 0.1, ""name"": ""sgd""}, ""regularizer"": {""l2"": ""1e-2""}, ""seed"": 42, ""split"": {""stratified"": true, ""val_size"": 0.2}, ""training"": {""batch_size"": 32, ""epochs"": 800, ""include_reg_in_val"": false, ""shuffle"": true}}"
5685d9eb8143,1,0.48149536535585413,0.0,0.48149536535585413,0.0,0.84,0.0,229.0,0.0,"{""callbacks"": {""early_stopping"": true, ""min_delta"": 0.0, ""mode"": ""auto"", ""monitor"": ""val_loss"", ""patience"": 40, ""restore_best_weights"": true, ""verbose"": 0}, ""cv"": {""k"": 3, ""seed"": 42, ""shuffle"": true}, ""data"": {""train_path"": ""data/MONK/MONK1/monks-1.train""}, ""model"": {""activation"": ""sigmoid"", ""dropout"": 0.0, ""hidden_units"": [8]}, ""optim"": {""lr"": 0.1, ""momentum"": 0.1, ""name"": ""sgd""}, ""regularizer"": {""l2"": ""1e-2""}, ""seed"": 42, ""split"": {""stratified"": true, ""val_size"": 0.2}, ""training"": {""batch_size"": 16, ""epochs"": 800, ""include_reg_in_val"": false, ""shuffle"": true}}"
a2d0f0097308,1,0.48202408004516184,0.0,0.48202408004516184,0.0,0.88,0.0,229.0,0.0,"{""callbacks"": {""early_stopping"": true, ""min_delta"": 0.0, ""mode"": ""auto"", ""monitor"": ""val_loss"", ""patience"": 40, ""restore_best_weights"": true, ""verbose"": 0}, ""cv"": {""k"": 3, ""seed"": 42, ""shuffle"": true}, ""data"": {""train_path"": ""data/MONK/MONK1/monks-1.train""}, ""model"": {""activation"": ""sigmoid"", ""dropout"": 0.0, ""hidden_units"": [4]}, ""optim"": {""lr"": 0.2, ""momentum"": 0.0, ""name"": ""sgd""}, ""regularizer"": {""l2"": ""1e-2""}, ""seed"": 42, ""split"": {""stratified"": true, ""val_size"": 0.2}, ""training"": {""batch_size"": 32, ""epochs"": 800, ""include_reg_in_val"": false, ""shuffle"": true}}"
70b3f6bcd72a,1,0.4830049172107829,0.0,0.4830049172107829,0.0,0.88,0.0,44.0,0.0,"{""callbacks"": {""early_stopping"": true, ""min_delta"": 0.0, ""mode"": ""auto"", ""monitor"": ""val_loss"", ""patience"": 40, ""restore_best_weights"": true, ""verbose"": 0}, ""cv"": {""k"": 3, ""seed"": 42, ""shuffle"": true}, ""data"": {""train_path"": ""data/MONK/MONK1/monks-1.train""}, ""model"": {""activation"": ""sigmoid"", ""dropout"": 0.2, ""hidden_units"": [8]}, ""optim"": {""lr"": 0.2, ""momentum"": 0.9, ""name"": ""sgd""}, ""regularizer"": {""l2"": ""1e-2""}, ""seed"": 42, ""split"": {""stratified"": true, ""val_size"": 0.2}, ""training"": {""batch_size"": 16, ""epochs"": 800, ""include_reg_in_val"": false, ""shuffle"": true}}"
6bf710e308ae,1,0.4833640263342322,0.0,0.4833640263342322,0.0,0.84,0.0,241.0,0.0,"{""callbacks"": {""early_stopping"": true, ""min_delta"": 0.0, ""mode"": ""auto"", ""monitor"": ""val_loss"", ""patience"": 40, ""restore_best_weights"": true, ""verbose"": 0}, ""cv"": {""k"": 3, ""seed"": 42, ""shuffle"": true}, ""data"": {""train_path"": ""data/MONK/MONK1/monks-1.train""}, ""model"": {""activation"": ""sigmoid"", ""dropout"": 0.0, ""hidden_units"": [8]}, ""optim"": {""lr"": 0.1, ""momentum"": 0.0, ""name"": ""sgd""}, ""regularizer"": {""l2"": ""1e-2""}, ""seed"": 42, ""split"": {""stratified"": true, ""val_size"": 0.2}, ""training"": {""batch_size"": 16, ""epochs"": 800, ""include_reg_in_val"": false, ""shuffle"": true}}"
88a93133fdac,1,0.4836682613775608,0.0,0.4836682613775608,0.0,0.84,0.0,32.0,0.0,"{""callbacks"": {""early_stopping"": true, ""min_delta"": 0.0, ""mode"": ""auto"", ""monitor"": ""val_loss"", ""patience"": 40, ""restore_best_weights"": true, ""verbose"": 0}, ""cv"": {""k"": 3, ""seed"": 42, ""shuffle"": true}, ""data"": {""train_path"": ""data/MONK/MONK1/monks-1.train""}, ""model"": {""activation"": ""sigmoid"", ""dropout"": 0.2, ""hidden_units"": [4]}, ""optim"": {""lr"": 0.2, ""momentum"": 0.9, ""name"": ""sgd""}, ""regularizer"": {""l2"": ""1e-2""}, ""seed"": 42, ""split"": {""stratified"": true, ""val_size"": 0.2}, ""training"": {""batch_size"": 16, ""epochs"": 800, ""include_reg_in_val"": false, ""shuffle"": true}}"
d24567a4f384,1,0.48405922366260723,0.0,0.48405922366260723,0.0,0.84,0.0,171.0,0.0,"{""callbacks"": {""early_stopping"": true, ""min_delta"": 0.0, ""mode"": ""auto"", ""monitor"": ""val_loss"", ""patience"": 40, ""restore_best_weights"": true, ""verbose"": 0}, ""cv"": {""k"": 3, ""seed"": 42, ""shuffle"": true}, ""data"": {""train_path"": ""data/MONK/MONK1/monks-1.train""}, ""model"": {""activation"": ""sigmoid"", ""dropout"": 0.0, ""hidden_units"": [8]}, ""optim"": {""lr"": 0.2, ""momentum"": 0.1, ""name"": ""sgd""}, ""regularizer"": {""l2"": ""1e-2""}, ""seed"": 42, ""split"": {""stratified"": true, ""val_size"": 0.2}, ""training"": {""batch_size"": 32, ""epochs"": 800, ""include_reg_in_val"": false, ""shuffle"": true}}"
6794cf809d52,1,0.48496313794879325,0.0,0.48496313794879325,0.0,0.88,0.0,49.0,0.0,"{""callbacks"": {""early_stopping"": true, ""min_delta"": 0.0, ""mode"": ""auto"", ""monitor"": ""val_loss"", ""patience"": 40, ""restore_best_weights"": true, ""verbose"": 0}, ""cv"": {""k"": 3, ""seed"": 42, ""shuffle"": true}, ""data"": {""train_path"": ""data/MONK/MONK1/monks-1.train""}, ""model"": {""activation"": ""sigmoid"", ""dropout"": 0.2, ""hidden_units"": [4]}, ""optim"": {""lr"": 0.2, ""momentum"": 0.9, ""name"": ""sgd""}, ""regularizer"": {""l2"": ""1e-2""}, ""seed"": 42, ""split"": {""stratified"": true, ""val_size"": 0.2}, ""training"": {""batch_size"": 32, ""epochs"": 800, ""include_reg_in_val"": false, ""shuffle"": true}}"
871c31dfff6d,1,0.4858723129717644,0.0,0.4858723129717644,0.0,0.88,0.0,479.0,0.0,"{""callbacks"": {""early_stopping"": true, ""min_delta"": 0.0, ""mode"": ""auto"", ""monitor"": ""val_loss"", ""patience"": 40, ""restore_best_weights"": true, ""verbose"": 0}, ""cv"": {""k"": 3, ""seed"": 42, ""shuffle"": true}, ""data"": {""train_path"": ""data/MONK/MONK1/monks-1.train""}, ""model"": {""activation"": ""sigmoid"", ""dropout"": 0.2, ""hidden_units"": [8]}, ""optim"": {""lr"": 0.2, ""momentum"": 0.0, ""name"": ""sgd""}, ""regularizer"": {""l2"": ""1e-2""}, ""seed"": 42, ""split"": {""stratified"": true, ""val_size"": 0.2}, ""training"": {""batch_size"": 16, ""epochs"": 800, ""include_reg_in_val"": false, ""shuffle"": true}}"
f3d995587c93,1,0.48725311779432046,0.0,0.48725311779432046,0.0,0.84,0.0,172.0,0.0,"{""callbacks"": {""early_stopping"": true, ""min_delta"": 0.0, ""mode"": ""auto"", ""monitor"": ""val_loss"", ""patience"": 40, ""restore_best_weights"": true, ""verbose"": 0}, ""cv"": {""k"": 3, ""seed"": 42, ""shuffle"": true}, ""data"": {""train_path"": ""data/MONK/MONK1/monks-1.train""}, ""model"": {""activation"": ""sigmoid"", ""dropout"": 0.0, ""hidden_units"": [8]}, ""optim"": {""lr"": 0.2, ""momentum"": 0.0, ""name"": ""sgd""}, ""regularizer"": {""l2"": ""1e-2""}, ""seed"": 42, ""split"": {""stratified"": true, ""val_size"": 0.2}, ""training"": {""batch_size"": 32, ""epochs"": 800, ""include_reg_in_val"": false, ""shuffle"": true}}"
c0f11266f442,1,0.48745613613439615,0.0,0.48745613613439615,0.0,0.88,0.0,82.0,0.0,"{""callbacks"": {""early_stopping"": true, ""min_delta"": 0.0, ""mode"": ""auto"", ""monitor"": ""val_loss"", ""patience"": 40, ""restore_best_weights"": true, ""verbose"": 0}, ""cv"": {""k"": 3, ""seed"": 42, ""shuffle"": true}, ""data"": {""train_path"": ""data/MONK/MONK1/monks-1.train""}, ""model"": {""activation"": ""sigmoid"", ""dropout"": 0.2, ""hidden_units"": [8]}, ""optim"": {""lr"": 0.1, ""momentum"": 0.9, ""name"": ""sgd""}, ""regularizer"": {""l2"": ""1e-2""}, ""seed"": 42, ""split"": {""stratified"": true, ""val_size"": 0.2}, ""training"": {""batch_size"": 16, ""epochs"": 800, ""include_reg_in_val"": false, ""shuffle"": true}}"
41a9edb27e3c,1,0.4885867209649715,0.0,0.4885867209649715,0.0,0.84,0.0,68.0,0.0,"{""callbacks"": {""early_stopping"": true, ""min_delta"": 0.0, ""mode"": ""auto"", ""monitor"": ""val_loss"", ""patience"": 40, ""restore_best_weights"": true, ""verbose"": 0}, ""cv"": {""k"": 3, ""seed"": 42, ""shuffle"": true}, ""data"": {""train_path"": ""data/MONK/MONK1/monks-1.train""}, ""model"": {""activation"": ""sigmoid"", ""dropout"": 0.2, ""hidden_units"": [8]}, ""optim"": {""lr"": 0.2, ""momentum"": 0.9, ""name"": ""sgd""}, ""regularizer"": {""l2"": ""1e-2""}, ""seed"": 42, ""split"": {""stratified"": true, ""val_size"": 0.2}, ""training"": {""batch_size"": 32, ""epochs"": 800, ""include_reg_in_val"": false, ""shuffle"": true}}"
4a99f76403ff,1,0.4901177451952276,0.0,0.4901177451952276,0.0,0.84,0.0,68.0,0.0,"{""callbacks"": {""early_stopping"": true, ""min_delta"": 0.0, ""mode"": ""auto"", ""monitor"": ""val_loss"", ""patience"": 40, ""restore_best_weights"": true, ""verbose"": 0}, ""cv"": {""k"": 3, ""seed"": 42, ""shuffle"": true}, ""data"": {""train_path"": ""data/MONK/MONK1/monks-1.train""}, ""model"": {""activation"": ""sigmoid"", ""dropout"": 0.2, ""hidden_units"": [8]}, ""optim"": {""lr"": 0.1, ""momentum"": 0.9, ""name"": ""sgd""}, ""regularizer"": {""l2"": ""1e-2""}, ""seed"": 42, ""split"": {""stratified"": true, ""val_size"": 0.2}, ""training"": {""batch_size"": 32, ""epochs"": 800, ""include_reg_in_val"": false, ""shuffle"": true}}"
07b995668579,1,0.4901490972407341,0.0,0.4901490972407341,0.0,0.88,0.0,479.0,0.0,"{""callbacks"": {""early_stopping"": true, ""min_delta"": 0.0, ""mode"": ""auto"", ""monitor"": ""val_loss"", ""patience"": 40, ""restore_best_weights"": true, ""verbose"": 0}, ""cv"": {""k"": 3, ""seed"": 42, ""shuffle"": true}, ""data"": {""train_path"": ""data/MONK/MONK1/monks-1.train""}, ""model"": {""activation"": ""sigmoid"", ""dropout"": 0.2, ""hidden_units"": [8]}, ""optim"": {""lr"": 0.1, ""momentum"": 0.1, ""name"": ""sgd""}, ""regularizer"": {""l2"": ""1e-2""}, ""seed"": 42, ""split"": {""stratified"": true, ""val_size"": 0.2}, ""training"": {""batch_size"": 16, ""epochs"": 800, ""include_reg_in_val"": false, ""shuffle"": true}}"
6e11f67267c4,1,0.49103894423111044,0.0,0.49103894423111044,0.0,0.88,0.0,32.0,0.0,"{""callbacks"": {""early_stopping"": true, ""min_delta"": 0.0, ""mode"": ""auto"", ""monitor"": ""val_loss"", ""patience"": 40, ""restore_best_weights"": true, ""verbose"": 0}, ""cv"": {""k"": 3, ""seed"": 42, ""shuffle"": true}, ""data"": {""train_path"": ""data/MONK/MONK1/monks-1.train""}, ""model"": {""activation"": ""sigmoid"", ""dropout"": 0.2, ""hidden_units"": [4]}, ""optim"": {""lr"": 0.1, ""momentum"": 0.9, ""name"": ""sgd""}, ""regularizer"": {""l2"": ""1e-2""}, ""seed"": 42, ""split"": {""stratified"": true, ""val_size"": 0.2}, ""training"": {""batch_size"": 16, ""epochs"": 800, ""include_reg_in_val"": false, ""shuffle"": true}}"
f8ba0a94a462,1,0.49110703414127294,0.0,0.49110703414127294,0.0,0.88,0.0,415.0,0.0,"{""callbacks"": {""early_stopping"": true, ""min_delta"": 0.0, ""mode"": ""auto"", ""monitor"": ""val_loss"", ""patience"": 40, ""restore_best_weights"": true, ""verbose"": 0}, ""cv"": {""k"": 3, ""seed"": 42, ""shuffle"": true}, ""data"": {""train_path"": ""data/MONK/MONK1/monks-1.train""}, ""model"": {""activation"": ""sigmoid"", ""dropout"": 0.2, ""hidden_units"": [4]}, ""optim"": {""lr"": 0.2, ""momentum"": 0.0, ""name"": ""sgd""}, ""regularizer"": {""l2"": ""1e-2""}, ""seed"": 42, ""split"": {""stratified"": true, ""val_size"": 0.2}, ""training"": {""batch_size"": 32, ""epochs"": 800, ""include_reg_in_val"": false, ""shuffle"": true}}"
d962f86165c0,1,0.4912328795317169,0.0,0.4912328795317169,0.0,0.88,0.0,480.0,0.0,"{""callbacks"": {""early_stopping"": true, ""min_delta"": 0.0, ""mode"": ""auto"", ""monitor"": ""val_loss"", ""patience"": 40, ""restore_best_weights"": true, ""verbose"": 0}, ""cv"": {""k"": 3, ""seed"": 42, ""shuffle"": true}, ""data"": {""train_path"": ""data/MONK/MONK1/monks-1.train""}, ""model"": {""activation"": ""sigmoid"", ""dropout"": 0.2, ""hidden_units"": [8]}, ""optim"": {""lr"": 0.01, ""momentum"": 0.9, ""name"": ""sgd""}, ""regularizer"": {""l2"": ""1e-2""}, ""seed"": 42, ""split"": {""stratified"": true, ""val_size"": 0.2}, ""training"": {""batch_size"": 16, ""epochs"": 800, ""include_reg_in_val"": false, ""shuffle"": true}}"
650b41ae9f95,1,0.4914168147966575,0.0,0.4914168147966575,0.0,0.84,0.0,479.0,0.0,"{""callbacks"": {""early_stopping"": true, ""min_delta"": 0.0, ""mode"": ""auto"", ""monitor"": ""val_loss"", ""patience"": 40, ""restore_best_weights"": true, ""verbose"": 0}, ""cv"": {""k"": 3, ""seed"": 42, ""shuffle"": true}, ""data"": {""train_path"": ""data/MONK/MONK1/monks-1.train""}, ""model"": {""activation"": ""sigmoid"", ""dropout"": 0.2, ""hidden_units"": [8]}, ""optim"": {""lr"": 0.1, ""momentum"": 0.0, ""name"": ""sgd""}, ""regularizer"": {""l2"": ""1e-2""}, ""seed"": 42, ""split"": {""stratified"": true, ""val_size"": 0.2}, ""training"": {""batch_size"": 16, ""epochs"": 800, ""include_reg_in_val"": false, ""shuffle"": true}}"
00894f008cf9,1,0.49529766828779215,0.0,0.49529766828779215,0.0,0.88,0.0,422.0,0.0,"{""callbacks"": {""early_stopping"": true, ""min_delta"": 0.0, ""mode"": ""auto"", ""monitor"": ""val_loss"", ""patience"": 40, ""restore_best_weights"": true, ""verbose"": 0}, ""cv"": {""k"": 3, ""seed"": 42, ""shuffle"": true}, ""data"": {""train_path"": ""data/MONK/MONK1/monks-1.train""}, ""model"": {""activation"": ""sigmoid"", ""dropout"": 0.2, ""hidden_units"": [4]}, ""optim"": {""lr"": 0.1, ""momentum"": 0.1, ""name"": ""sgd""}, ""regularizer"": {""l2"": ""1e-2""}, ""seed"": 42, ""split"": {""stratified"": true, ""val_size"": 0.2}, ""training"": {""batch_size"": 16, ""epochs"": 800, ""include_reg_in_val"": false, ""shuffle"": true}}"
8c43afbf0c9d,1,0.49573110517841,0.0,0.49573110517841,0.0,0.88,0.0,263.0,0.0,"{""callbacks"": {""early_stopping"": true, ""min_delta"": 0.0, ""mode"": ""auto"", ""monitor"": ""val_loss"", ""patience"": 40, ""restore_best_weights"": true, ""verbose"": 0}, ""cv"": {""k"": 3, ""seed"": 42, ""shuffle"": true}, ""data"": {""train_path"": ""data/MONK/MONK1/monks-1.train""}, ""model"": {""activation"": ""sigmoid"", ""dropout"": 0.2, ""hidden_units"": [4]}, ""optim"": {""lr"": 0.2, ""momentum"": 0.1, ""name"": ""sgd""}, ""regularizer"": {""l2"": ""1e-2""}, ""seed"": 42, ""split"": {""stratified"": true, ""val_size"": 0.2}, ""training"": {""batch_size"": 16, ""epochs"": 800, ""include_reg_in_val"": false, ""shuffle"": true}}"
78debcfae3d9,1,0.49630553584555914,0.0,0.49630553584555914,0.0,0.88,0.0,460.0,0.0,"{""callbacks"": {""early_stopping"": true, ""min_delta"": 0.0, ""mode"": ""auto"", ""monitor"": ""val_loss"", ""patience"": 40, ""restore_best_weights"": true, ""verbose"": 0}, ""cv"": {""k"": 3, ""seed"": 42, ""shuffle"": true}, ""data"": {""train_path"": ""data/MONK/MONK1/monks-1.train""}, ""model"": {""activation"": ""sigmoid"", ""dropout"": 0.2, ""hidden_units"": [4]}, ""optim"": {""lr"": 0.1, ""momentum"": 0.0, ""name"": ""sgd""}, ""regularizer"": {""l2"": ""1e-2""}, ""seed"": 42, ""split"": {""stratified"": true, ""val_size"": 0.2}, ""training"": {""batch_size"": 16, ""epochs"": 800, ""include_reg_in_val"": false, ""shuffle"": true}}"
50dab6a1ee08,1,0.49642839990379856,0.0,0.49642839990379856,0.0,0.88,0.0,437.0,0.0,"{""callbacks"": {""early_stopping"": true, ""min_delta"": 0.0, ""mode"": ""auto"", ""monitor"": ""val_loss"", ""patience"": 40, ""restore_best_weights"": true, ""verbose"": 0}, ""cv"": {""k"": 3, ""seed"": 42, ""shuffle"": true}, ""data"": {""train_path"": ""data/MONK/MONK1/monks-1.train""}, ""model"": {""activation"": ""sigmoid"", ""dropout"": 0.2, ""hidden_units"": [4]}, ""optim"": {""lr"": 0.01, ""momentum"": 0.9, ""name"": ""sgd""}, ""regularizer"": {""l2"": ""1e-2""}, ""seed"": 42, ""split"": {""stratified"": true, ""val_size"": 0.2}, ""training"": {""batch_size"": 16, ""epochs"": 800, ""include_reg_in_val"": false, ""shuffle"": true}}"
7d3c041b6b05,1,0.4964598448969045,0.0,0.4964598448969045,0.0,0.88,0.0,263.0,0.0,"{""callbacks"": {""early_stopping"": true, ""min_delta"": 0.0, ""mode"": ""auto"", ""monitor"": ""val_loss"", ""patience"": 40, ""restore_best_weights"": true, ""verbose"": 0}, ""cv"": {""k"": 3, ""seed"": 42, ""shuffle"": true}, ""data"": {""train_path"": ""data/MONK/MONK1/monks-1.train""}, ""model"": {""activation"": ""sigmoid"", ""dropout"": 0.2, ""hidden_units"": [4]}, ""optim"": {""lr"": 0.2, ""momentum"": 0.0, ""name"": ""sgd""}, ""regularizer"": {""l2"": ""1e-2""}, ""seed"": 42, ""split"": {""stratified"": true, ""val_size"": 0.2}, ""training"": {""batch_size"": 16, ""epochs"": 800, ""include_reg_in_val"": false, ""shuffle"": true}}"
d0903bd5109d,1,0.49661664722964394,0.0,0.49661664722964394,0.0,0.88,0.0,49.0,0.0,"{""callbacks"": {""early_stopping"": true, ""min_delta"": 0.0, ""mode"": ""auto"", ""monitor"": ""val_loss"", ""patience"": 40, ""restore_best_weights"": true, ""verbose"": 0}, ""cv"": {""k"": 3, ""seed"": 42, ""shuffle"": true}, ""data"": {""train_path"": ""data/MONK/MONK1/monks-1.train""}, ""model"": {""activation"": ""sigmoid"", ""dropout"": 0.2, ""hidden_units"": [4]}, ""optim"": {""lr"": 0.1, ""momentum"": 0.9, ""name"": ""sgd""}, ""regularizer"": {""l2"": ""1e-2""}, ""seed"": 42, ""split"": {""stratified"": true, ""val_size"": 0.2}, ""training"": {""batch_size"": 32, ""epochs"": 800, ""include_reg_in_val"": false, ""shuffle"": true}}"
cbbe7921bfbd,1,0.4977772101384231,0.0,0.4977772101384231,0.0,0.84,0.0,478.0,0.0,"{""callbacks"": {""early_stopping"": true, ""min_delta"": 0.0, ""mode"": ""auto"", ""monitor"": ""val_loss"", ""patience"": 40, ""restore_best_weights"": true, ""verbose"": 0}, ""cv"": {""k"": 3, ""seed"": 42, ""shuffle"": true}, ""data"": {""train_path"": ""data/MONK/MONK1/monks-1.train""}, ""model"": {""activation"": ""sigmoid"", ""dropout"": 0.2, ""hidden_units"": [8]}, ""optim"": {""lr"": 0.1, ""momentum"": 0.1, ""name"": ""sgd""}, ""regularizer"": {""l2"": ""1e-2""}, ""seed"": 42, ""split"": {""stratified"": true, ""val_size"": 0.2}, ""training"": {""batch_size"": 32, ""epochs"": 800, ""include_reg_in_val"": false, ""shuffle"": true}}"
20cfac377e1a,1,0.49952726235485173,0.0,0.49952726235485173,0.0,0.88,0.0,339.0,0.0,"{""callbacks"": {""early_stopping"": true, ""min_delta"": 0.0, ""mode"": ""auto"", ""monitor"": ""val_loss"", ""patience"": 40, ""restore_best_weights"": true, ""verbose"": 0}, ""cv"": {""k"": 3, ""seed"": 42, ""shuffle"": true}, ""data"": {""train_path"": ""data/MONK/MONK1/monks-1.train""}, ""model"": {""activation"": ""sigmoid"", ""dropout"": 0.2, ""hidden_units"": [4]}, ""optim"": {""lr"": 0.2, ""momentum"": 0.1, ""name"": ""sgd""}, ""regularizer"": {""l2"": ""1e-2""}, ""seed"": 42, ""split"": {""stratified"": true, ""val_size"": 0.2}, ""training"": {""batch_size"": 32, ""epochs"": 800, ""include_reg_in_val"": false, ""shuffle"": true}}"
dda4fd02f9a0,1,0.5011806154372274,0.0,0.5011806154372274,0.0,0.84,0.0,480.0,0.0,"{""callbacks"": {""early_stopping"": true, ""min_delta"": 0.0, ""mode"": ""auto"", ""monitor"": ""val_loss"", ""patience"": 40, ""restore_best_weights"": true, ""verbose"": 0}, ""cv"": {""k"": 3, ""seed"": 42, ""shuffle"": true}, ""data"": {""train_path"": ""data/MONK/MONK1/monks-1.train""}, ""model"": {""activation"": ""sigmoid"", ""dropout"": 0.2, ""hidden_units"": [8]}, ""optim"": {""lr"": 0.01, ""momentum"": 0.9, ""name"": ""sgd""}, ""regularizer"": {""l2"": ""1e-2""}, ""seed"": 42, ""split"": {""stratified"": true, ""val_size"": 0.2}, ""training"": {""batch_size"": 32, ""epochs"": 800, ""include_reg_in_val"": false, ""shuffle"": true}}"
50f99469cc11,1,0.5012116860882798,0.0,0.5012116860882798,0.0,0.84,0.0,478.0,0.0,"{""callbacks"": {""early_stopping"": true, ""min_delta"": 0.0, ""mode"": ""auto"", ""monitor"": ""val_loss"", ""patience"": 40, ""restore_best_weights"": true, ""verbose"": 0}, ""cv"": {""k"": 3, ""seed"": 42, ""shuffle"": true}, ""data"": {""train_path"": ""data/MONK/MONK1/monks-1.train""}, ""model"": {""activation"": ""sigmoid"", ""dropout"": 0.2, ""hidden_units"": [8]}, ""optim"": {""lr"": 0.1, ""momentum"": 0.0, ""name"": ""sgd""}, ""regularizer"": {""l2"": ""1e-2""}, ""seed"": 42, ""split"": {""stratified"": true, ""val_size"": 0.2}, ""training"": {""batch_size"": 32, ""epochs"": 800, ""include_reg_in_val"": false, ""shuffle"": true}}"
046683fedd43,1,0.5027932634329821,0.0,0.5027932634329821,0.0,0.88,0.0,302.0,0.0,"{""callbacks"": {""early_stopping"": true, ""min_delta"": 0.0, ""mode"": ""auto"", ""monitor"": ""val_loss"", ""patience"": 40, ""restore_best_weights"": true, ""verbose"": 0}, ""cv"": {""k"": 3, ""seed"": 42, ""shuffle"": true}, ""data"": {""train_path"": ""data/MONK/MONK1/monks-1.train""}, ""model"": {""activation"": ""sigmoid"", ""dropout"": 0.2, ""hidden_units"": [8]}, ""optim"": {""lr"": 0.2, ""momentum"": 0.1, ""name"": ""sgd""}, ""regularizer"": {""l2"": ""1e-2""}, ""seed"": 42, ""split"": {""stratified"": true, ""val_size"": 0.2}, ""training"": {""batch_size"": 32, ""epochs"": 800, ""include_reg_in_val"": false, ""shuffle"": true}}"
dc4cdd76e957,1,0.5043621159235201,0.0,0.5043621159235201,0.0,0.84,0.0,800.0,0.0,"{""callbacks"": {""early_stopping"": true, ""min_delta"": 0.0, ""mode"": ""auto"", ""monitor"": ""val_loss"", ""patience"": 40, ""restore_best_weights"": true, ""verbose"": 0}, ""cv"": {""k"": 3, ""seed"": 42, ""shuffle"": true}, ""data"": {""train_path"": ""data/MONK/MONK1/monks-1.train""}, ""model"": {""activation"": ""sigmoid"", ""dropout"": 0.0, ""hidden_units"": [8]}, ""optim"": {""lr"": 0.01, ""momentum"": 0.1, ""name"": ""sgd""}, ""regularizer"": {""l2"": 0.0}, ""seed"": 42, ""split"": {""stratified"": true, ""val_size"": 0.2}, ""training"": {""batch_size"": 16, ""epochs"": 800, ""include_reg_in_val"": false, ""shuffle"": true}}"
9e83470921e0,1,0.5045501451969809,0.0,0.5045501451969809,0.0,0.88,0.0,302.0,0.0,"{""callbacks"": {""early_stopping"": true, ""min_delta"": 0.0, ""mode"": ""auto"", ""monitor"": ""val_loss"", ""patience"": 40, ""restore_best_weights"": true, ""verbose"": 0}, ""cv"": {""k"": 3, ""seed"": 42, ""shuffle"": true}, ""data"": {""train_path"": ""data/MONK/MONK1/monks-1.train""}, ""model"": {""activation"": ""sigmoid"", ""dropout"": 0.2, ""hidden_units"": [8]}, ""optim"": {""lr"": 0.2, ""momentum"": 0.0, ""name"": ""sgd""}, ""regularizer"": {""l2"": ""1e-2""}, ""seed"": 42, ""split"": {""stratified"": true, ""val_size"": 0.2}, ""training"": {""batch_size"": 32, ""epochs"": 800, ""include_reg_in_val"": false, ""shuffle"": true}}"
9a2ca182ed07,1,0.5049506986890271,0.0,0.5049506986890271,0.0,0.88,0.0,534.0,0.0,"{""callbacks"": {""early_stopping"": true, ""min_delta"": 0.0, ""mode"": ""auto"", ""monitor"": ""val_loss"", ""patience"": 40, ""restore_best_weights"": true, ""verbose"": 0}, ""cv"": {""k"": 3, ""seed"": 42, ""shuffle"": true}, ""data"": {""train_path"": ""data/MONK/MONK1/monks-1.train""}, ""model"": {""activation"": ""sigmoid"", ""dropout"": 0.2, ""hidden_units"": [4]}, ""optim"": {""lr"": 0.01, ""momentum"": 0.9, ""name"": ""sgd""}, ""regularizer"": {""l2"": ""1e-2""}, ""seed"": 42, ""split"": {""stratified"": true, ""val_size"": 0.2}, ""training"": {""batch_size"": 32, ""epochs"": 800, ""include_reg_in_val"": false, ""shuffle"": true}}"
efd2943d17a2,1,0.5051131503183988,0.0,0.5051131503183988,0.0,0.88,0.0,461.0,0.0,"{""callbacks"": {""early_stopping"": true, ""min_delta"": 0.0, ""mode"": ""auto"", ""monitor"": ""val_loss"", ""patience"": 40, ""restore_best_weights"": true, ""verbose"": 0}, ""cv"": {""k"": 3, ""seed"": 42, ""shuffle"": true}, ""data"": {""train_path"": ""data/MONK/MONK1/monks-1.train""}, ""model"": {""activation"": ""sigmoid"", ""dropout"": 0.2, ""hidden_units"": [4]}, ""optim"": {""lr"": 0.1, ""momentum"": 0.1, ""name"": ""sgd""}, ""regularizer"": {""l2"": ""1e-2""}, ""seed"": 42, ""split"": {""stratified"": true, ""val_size"": 0.2}, ""training"": {""batch_size"": 32, ""epochs"": 800, ""include_reg_in_val"": false, ""shuffle"": true}}"
d9fc78fb2c4e,1,0.5052163800935668,0.0,0.5052163800935668,0.0,0.88,0.0,530.0,0.0,"{""callbacks"": {""early_stopping"": true, ""min_delta"": 0.0, ""mode"": ""auto"", ""monitor"": ""val_loss"", ""patience"": 40, ""restore_best_weights"": true, ""verbose"": 0}, ""cv"": {""k"": 3, ""seed"": 42, ""shuffle"": true}, ""data"": {""train_path"": ""data/MONK/MONK1/monks-1.train""}, ""model"": {""activation"": ""sigmoid"", ""dropout"": 0.2, ""hidden_units"": [4]}, ""optim"": {""lr"": 0.1, ""momentum"": 0.0, ""name"": ""sgd""}, ""regularizer"": {""l2"": ""1e-2""}, ""seed"": 42, ""split"": {""stratified"": true, ""val_size"": 0.2}, ""training"": {""batch_size"": 32, ""epochs"": 800, ""include_reg_in_val"": false, ""shuffle"": true}}"
cb550cfe4b3d,1,0.5071407159109763,0.0,0.5071407159109763,0.0,0.88,0.0,112.0,0.0,"{""callbacks"": {""early_stopping"": true, ""min_delta"": 0.0, ""mode"": ""auto"", ""monitor"": ""val_loss"", ""patience"": 40, ""restore_best_weights"": true, ""verbose"": 0}, ""cv"": {""k"": 3, ""seed"": 42, ""shuffle"": true}, ""data"": {""train_path"": ""data/MONK/MONK1/monks-1.train""}, ""model"": {""activation"": ""sigmoid"", ""dropout"": 0.2, ""hidden_units"": [8]}, ""optim"": {""lr"": 0.2, ""momentum"": 0.1, ""name"": ""sgd""}, ""regularizer"": {""l2"": ""1e-2""}, ""seed"": 42, ""split"": {""stratified"": true, ""val_size"": 0.2}, ""training"": {""batch_size"": 16, ""epochs"": 800, ""include_reg_in_val"": false, ""shuffle"": true}}"
ebb5fdcfc188,1,0.5103261187740863,0.0,0.5103261187740863,0.0,0.84,0.0,800.0,0.0,"{""callbacks"": {""early_stopping"": true, ""min_delta"": 0.0, ""mode"": ""auto"", ""monitor"": ""val_loss"", ""patience"": 40, ""restore_best_weights"": true, ""verbose"": 0}, ""cv"": {""k"": 3, ""seed"": 42, ""shuffle"": true}, ""data"": {""train_path"": ""data/MONK/MONK1/monks-1.train""}, ""model"": {""activation"": ""sigmoid"", ""dropout"": 0.0, ""hidden_units"": [8]}, ""optim"": {""lr"": 0.01, ""momentum"": 0.1, ""name"": ""sgd""}, ""regularizer"": {""l2"": ""1e-3""}, ""seed"": 42, ""split"": {""stratified"": true, ""val_size"": 0.2}, ""training"": {""batch_size"": 16, ""epochs"": 800, ""include_reg_in_val"": false, ""shuffle"": true}}"
e19e73614193,1,0.5138856240136555,0.0,0.5138856240136555,0.0,0.88,0.0,26.0,0.0,"{""callbacks"": {""early_stopping"": true, ""min_delta"": 0.0, ""mode"": ""auto"", ""monitor"": ""val_loss"", ""patience"": 40, ""restore_best_weights"": true, ""verbose"": 0}, ""cv"": {""k"": 3, ""seed"": 42, ""shuffle"": true}, ""data"": {""train_path"": ""data/MONK/MONK1/monks-1.train""}, ""model"": {""activation"": ""relu"", ""dropout"": 0.0, ""hidden_units"": [4]}, ""optim"": {""lr"": 0.1, ""momentum"": 0.9, ""name"": ""sgd""}, ""regularizer"": {""l2"": ""1e-1""}, ""seed"": 42, ""split"": {""stratified"": true, ""val_size"": 0.2}, ""training"": {""batch_size"": 16, ""epochs"": 800, ""include_reg_in_val"": false, ""shuffle"": true}}"
77ee787b9958,1,0.5167784147561728,0.0,0.5167784147561728,0.0,0.88,0.0,44.0,0.0,"{""callbacks"": {""early_stopping"": true, ""min_delta"": 0.0, ""mode"": ""auto"", ""monitor"": ""val_loss"", ""patience"": 40, ""restore_best_weights"": true, ""verbose"": 0}, ""cv"": {""k"": 3, ""seed"": 42, ""shuffle"": true}, ""data"": {""train_path"": ""data/MONK/MONK1/monks-1.train""}, ""model"": {""activation"": ""relu"", ""dropout"": 0.0, ""hidden_units"": [4]}, ""optim"": {""lr"": 0.1, ""momentum"": 0.9, ""name"": ""sgd""}, ""regularizer"": {""l2"": ""1e-1""}, ""seed"": 42, ""split"": {""stratified"": true, ""val_size"": 0.2}, ""training"": {""batch_size"": 32, ""epochs"": 800, ""include_reg_in_val"": false, ""shuffle"": true}}"
1c6047bd319b,1,0.5231966921165718,0.0,0.5231966921165718,0.0,0.88,0.0,27.0,0.0,"{""callbacks"": {""early_stopping"": true, ""min_delta"": 0.0, ""mode"": ""auto"", ""monitor"": ""val_loss"", ""patience"": 40, ""restore_best_weights"": true, ""verbose"": 0}, ""cv"": {""k"": 3, ""seed"": 42, ""shuffle"": true}, ""data"": {""train_path"": ""data/MONK/MONK1/monks-1.train""}, ""model"": {""activation"": ""relu"", ""dropout"": 0.0, ""hidden_units"": [8]}, ""optim"": {""lr"": 0.1, ""momentum"": 0.9, ""name"": ""sgd""}, ""regularizer"": {""l2"": ""1e-1""}, ""seed"": 42, ""split"": {""stratified"": true, ""val_size"": 0.2}, ""training"": {""batch_size"": 16, ""epochs"": 800, ""include_reg_in_val"": false, ""shuffle"": true}}"
d9cdab963785,1,0.5241636505657806,0.0,0.5241636505657806,0.0,0.84,0.0,800.0,0.0,"{""callbacks"": {""early_stopping"": true, ""min_delta"": 0.0, ""mode"": ""auto"", ""monitor"": ""val_loss"", ""patience"": 40, ""restore_best_weights"": true, ""verbose"": 0}, ""cv"": {""k"": 3, ""seed"": 42, ""shuffle"": true}, ""data"": {""train_path"": ""data/MONK/MONK1/monks-1.train""}, ""model"": {""activation"": ""sigmoid"", ""dropout"": 0.0, ""hidden_units"": [8]}, ""optim"": {""lr"": 0.01, ""momentum"": 0.0, ""name"": ""sgd""}, ""regularizer"": {""l2"": 0.0}, ""seed"": 42, ""split"": {""stratified"": true, ""val_size"": 0.2}, ""training"": {""batch_size"": 16, ""epochs"": 800, ""include_reg_in_val"": false, ""shuffle"": true}}"
5e26b2aa2482,1,0.5246904694497863,0.0,0.5246904694497863,0.0,0.88,0.0,5.0,0.0,"{""callbacks"": {""early_stopping"": true, ""min_delta"": 0.0, ""mode"": ""auto"", ""monitor"": ""val_loss"", ""patience"": 40, ""restore_best_weights"": true, ""verbose"": 0}, ""cv"": {""k"": 3, ""seed"": 42, ""shuffle"": true}, ""data"": {""train_path"": ""data/MONK/MONK1/monks-1.train""}, ""model"": {""activation"": ""tanh"", ""dropout"": 0.0, ""hidden_units"": [8]}, ""optim"": {""lr"": 0.2, ""momentum"": 0.9, ""name"": ""sgd""}, ""regularizer"": {""l2"": ""1e-1""}, ""seed"": 42, ""split"": {""stratified"": true, ""val_size"": 0.2}, ""training"": {""batch_size"": 32, ""epochs"": 800, ""include_reg_in_val"": false, ""shuffle"": true}}"
ddd45393b6aa,1,0.5300243657623903,0.0,0.5300243657623903,0.0,0.84,0.0,800.0,0.0,"{""callbacks"": {""early_stopping"": true, ""min_delta"": 0.0, ""mode"": ""auto"", ""monitor"": ""val_loss"", ""patience"": 40, ""restore_best_weights"": true, ""verbose"": 0}, ""cv"": {""k"": 3, ""seed"": 42, ""shuffle"": true}, ""data"": {""train_path"": ""data/MONK/MONK1/monks-1.train""}, ""model"": {""activation"": ""sigmoid"", ""dropout"": 0.0, ""hidden_units"": [8]}, ""optim"": {""lr"": 0.01, ""momentum"": 0.0, ""name"": ""sgd""}, ""regularizer"": {""l2"": ""1e-3""}, ""seed"": 42, ""split"": {""stratified"": true, ""val_size"": 0.2}, ""training"": {""batch_size"": 16, ""epochs"": 800, ""include_reg_in_val"": false, ""shuffle"": true}}"
d5d7efa0fd7f,1,0.5312783105231622,0.0,0.5312783105231622,0.0,0.84,0.0,209.0,0.0,"{""callbacks"": {""early_stopping"": true, ""min_delta"": 0.0, ""mode"": ""auto"", ""monitor"": ""val_loss"", ""patience"": 40, ""restore_best_weights"": true, ""verbose"": 0}, ""cv"": {""k"": 3, ""seed"": 42, ""shuffle"": true}, ""data"": {""train_path"": ""data/MONK/MONK1/monks-1.train""}, ""model"": {""activation"": ""relu"", ""dropout"": 0.0, ""hidden_units"": [4]}, ""optim"": {""lr"": 0.1, ""momentum"": 0.1, ""name"": ""sgd""}, ""regularizer"": {""l2"": ""1e-1""}, ""seed"": 42, ""split"": {""stratified"": true, ""val_size"": 0.2}, ""training"": {""batch_size"": 16, ""epochs"": 800, ""include_reg_in_val"": false, ""shuffle"": true}}"
a8f55c7b95ee,1,0.5316193223726661,0.0,0.5316193223726661,0.0,0.88,0.0,166.0,0.0,"{""callbacks"": {""early_stopping"": true, ""min_delta"": 0.0, ""mode"": ""auto"", ""monitor"": ""val_loss"", ""patience"": 40, ""restore_best_weights"": true, ""verbose"": 0}, ""cv"": {""k"": 3, ""seed"": 42, ""shuffle"": true}, ""data"": {""train_path"": ""data/MONK/MONK1/monks-1.train""}, ""model"": {""activation"": ""relu"", ""dropout"": 0.0, ""hidden_units"": [8]}, ""optim"": {""lr"": 0.2, ""momentum"": 0.0, ""name"": ""sgd""}, ""regularizer"": {""l2"": ""1e-1""}, ""seed"": 42, ""split"": {""stratified"": true, ""val_size"": 0.2}, ""training"": {""batch_size"": 32, ""epochs"": 800, ""include_reg_in_val"": false, ""shuffle"": true}}"
cb75d93af72e,1,0.5317905277237063,0.0,0.5317905277237063,0.0,0.84,0.0,209.0,0.0,"{""callbacks"": {""early_stopping"": true, ""min_delta"": 0.0, ""mode"": ""auto"", ""monitor"": ""val_loss"", ""patience"": 40, ""restore_best_weights"": true, ""verbose"": 0}, ""cv"": {""k"": 3, ""seed"": 42, ""shuffle"": true}, ""data"": {""train_path"": ""data/MONK/MONK1/monks-1.train""}, ""model"": {""activation"": ""relu"", ""dropout"": 0.0, ""hidden_units"": [8]}, ""optim"": {""lr"": 0.1, ""momentum"": 0.0, ""name"": ""sgd""}, ""regularizer"": {""l2"": ""1e-1""}, ""seed"": 42, ""split"": {""stratified"": true, ""val_size"": 0.2}, ""training"": {""batch_size"": 16, ""epochs"": 800, ""include_reg_in_val"": false, ""shuffle"": true}}"
185918455ba7,1,0.5319698076244346,0.0,0.5319698076244346,0.0,0.88,0.0,44.0,0.0,"{""callbacks"": {""early_stopping"": true, ""min_delta"": 0.0, ""mode"": ""auto"", ""monitor"": ""val_loss"", ""patience"": 40, ""restore_best_weights"": true, ""verbose"": 0}, ""cv"": {""k"": 3, ""seed"": 42, ""shuffle"": true}, ""data"": {""train_path"": ""data/MONK/MONK1/monks-1.train""}, ""model"": {""activation"": ""relu"", ""dropout"": 0.0, ""hidden_units"": [4]}, ""optim"": {""lr"": 0.2, ""momentum"": 0.9, ""name"": ""sgd""}, ""regularizer"": {""l2"": ""1e-1""}, ""seed"": 42, ""split"": {""stratified"": true, ""val_size"": 0.2}, ""training"": {""batch_size"": 32, ""epochs"": 800, ""include_reg_in_val"": false, ""shuffle"": true}}"
4cdc3b7b59d8,1,0.5323106280571046,0.0,0.5323106280571046,0.0,0.88,0.0,168.0,0.0,"{""callbacks"": {""early_stopping"": true, ""min_delta"": 0.0, ""mode"": ""auto"", ""monitor"": ""val_loss"", ""patience"": 40, ""restore_best_weights"": true, ""verbose"": 0}, ""cv"": {""k"": 3, ""seed"": 42, ""shuffle"": true}, ""data"": {""train_path"": ""data/MONK/MONK1/monks-1.train""}, ""model"": {""activation"": ""relu"", ""dropout"": 0.0, ""hidden_units"": [8]}, ""optim"": {""lr"": 0.01, ""momentum"": 0.9, ""name"": ""sgd""}, ""regularizer"": {""l2"": ""1e-1""}, ""seed"": 42, ""split"": {""stratified"": true, ""val_size"": 0.2}, ""training"": {""batch_size"": 16, ""epochs"": 800, ""include_reg_in_val"": false, ""shuffle"": true}}"
f2168d8b80fb,1,0.5324750405480745,0.0,0.5324750405480745,0.0,0.84,0.0,209.0,0.0,"{""callbacks"": {""early_stopping"": true, ""min_delta"": 0.0, ""mode"": ""auto"", ""monitor"": ""val_loss"", ""patience"": 40, ""restore_best_weights"": true, ""verbose"": 0}, ""cv"": {""k"": 3, ""seed"": 42, ""shuffle"": true}, ""data"": {""train_path"": ""data/MONK/MONK1/monks-1.train""}, ""model"": {""activation"": ""relu"", ""dropout"": 0.0, ""hidden_units"": [8]}, ""optim"": {""lr"": 0.2, ""momentum"": 0.1, ""name"": ""sgd""}, ""regularizer"": {""l2"": ""1e-1""}, ""seed"": 42, ""split"": {""stratified"": true, ""val_size"": 0.2}, ""training"": {""batch_size"": 32, ""epochs"": 800, ""include_reg_in_val"": false, ""shuffle"": true}}"
90eea0b7de7b,1,0.534410621953183,0.0,0.534410621953183,0.0,0.88,0.0,210.0,0.0,"{""callbacks"": {""early_stopping"": true, ""min_delta"": 0.0, ""mode"": ""auto"", ""monitor"": ""val_loss"", ""patience"": 40, ""restore_best_weights"": true, ""verbose"": 0}, ""cv"": {""k"": 3, ""seed"": 42, ""shuffle"": true}, ""data"": {""train_path"": ""data/MONK/MONK1/monks-1.train""}, ""model"": {""activation"": ""relu"", ""dropout"": 0.0, ""hidden_units"": [4]}, ""optim"": {""lr"": 0.1, ""momentum"": 0.1, ""name"": ""sgd""}, ""regularizer"": {""l2"": ""1e-1""}, ""seed"": 42, ""split"": {""stratified"": true, ""val_size"": 0.2}, ""training"": {""batch_size"": 32, ""epochs"": 800, ""include_reg_in_val"": false, ""shuffle"": true}}"
d46ef3f1c806,1,0.5345002250066874,0.0,0.5345002250066874,0.0,0.84,0.0,209.0,0.0,"{""callbacks"": {""early_stopping"": true, ""min_delta"": 0.0, ""mode"": ""auto"", ""monitor"": ""val_loss"", ""patience"": 40, ""restore_best_weights"": true, ""verbose"": 0}, ""cv"": {""k"": 3, ""seed"": 42, ""shuffle"": true}, ""data"": {""train_path"": ""data/MONK/MONK1/monks-1.train""}, ""model"": {""activation"": ""relu"", ""dropout"": 0.0, ""hidden_units"": [4]}, ""optim"": {""lr"": 0.1, ""momentum"": 0.0, ""name"": ""sgd""}, ""regularizer"": {""l2"": ""1e-1""}, ""seed"": 42, ""split"": {""stratified"": true, ""val_size"": 0.2}, ""training"": {""batch_size"": 32, ""epochs"": 800, ""include_reg_in_val"": false, ""shuffle"": true}}"
b2afa668f991,1,0.5345133797023319,0.0,0.5345133797023319,0.0,0.88,0.0,79.0,0.0,"{""callbacks"": {""early_stopping"": true, ""min_delta"": 0.0, ""mode"": ""auto"", ""monitor"": ""val_loss"", ""patience"": 40, ""restore_best_weights"": true, ""verbose"": 0}, ""cv"": {""k"": 3, ""seed"": 42, ""shuffle"": true}, ""data"": {""train_path"": ""data/MONK/MONK1/monks-1.train""}, ""model"": {""activation"": ""relu"", ""dropout"": 0.0, ""hidden_units"": [4]}, ""optim"": {""lr"": 0.2, ""momentum"": 0.1, ""name"": ""sgd""}, ""regularizer"": {""l2"": ""1e-1""}, ""seed"": 42, ""split"": {""stratified"": true, ""val_size"": 0.2}, ""training"": {""batch_size"": 16, ""epochs"": 800, ""include_reg_in_val"": false, ""shuffle"": true}}"
f56a87d7420c,1,0.5346267135642389,0.0,0.5346267135642389,0.0,0.88,0.0,79.0,0.0,"{""callbacks"": {""early_stopping"": true, ""min_delta"": 0.0, ""mode"": ""auto"", ""monitor"": ""val_loss"", ""patience"": 40, ""restore_best_weights"": true, ""verbose"": 0}, ""cv"": {""k"": 3, ""seed"": 42, ""shuffle"": true}, ""data"": {""train_path"": ""data/MONK/MONK1/monks-1.train""}, ""model"": {""activation"": ""relu"", ""dropout"": 0.0, ""hidden_units"": [4]}, ""optim"": {""lr"": 0.2, ""momentum"": 0.0, ""name"": ""sgd""}, ""regularizer"": {""l2"": ""1e-1""}, ""seed"": 42, ""split"": {""stratified"": true, ""val_size"": 0.2}, ""training"": {""batch_size"": 16, ""epochs"": 800, ""include_reg_in_val"": false, ""shuffle"": true}}"
a577e1eb325b,1,0.5348725006942721,0.0,0.5348725006942721,0.0,0.88,0.0,166.0,0.0,"{""callbacks"": {""early_stopping"": true, ""min_delta"": 0.0, ""mode"": ""auto"", ""monitor"": ""val_loss"", ""patience"": 40, ""restore_best_weights"": true, ""verbose"": 0}, ""cv"": {""k"": 3, ""seed"": 42, ""shuffle"": true}, ""data"": {""train_path"": ""data/MONK/MONK1/monks-1.train""}, ""model"": {""activation"": ""relu"", ""dropout"": 0.0, ""hidden_units"": [8]}, ""optim"": {""lr"": 0.1, ""momentum"": 0.1, ""name"": ""sgd""}, ""regularizer"": {""l2"": ""1e-1""}, ""seed"": 42, ""split"": {""stratified"": true, ""val_size"": 0.2}, ""training"": {""batch_size"": 16, ""epochs"": 800, ""include_reg_in_val"": false, ""shuffle"": true}}"
629fc819271f,1,0.5351751659531707,0.0,0.5351751659531707,0.0,0.88,0.0,214.0,0.0,"{""callbacks"": {""early_stopping"": true, ""min_delta"": 0.0, ""mode"": ""auto"", ""monitor"": ""val_loss"", ""patience"": 40, ""restore_best_weights"": true, ""verbose"": 0}, ""cv"": {""k"": 3, ""seed"": 42, ""shuffle"": true}, ""data"": {""train_path"": ""data/MONK/MONK1/monks-1.train""}, ""model"": {""activation"": ""relu"", ""dropout"": 0.0, ""hidden_units"": [4]}, ""optim"": {""lr"": 0.01, ""momentum"": 0.9, ""name"": ""sgd""}, ""regularizer"": {""l2"": ""1e-1""}, ""seed"": 42, ""split"": {""stratified"": true, ""val_size"": 0.2}, ""training"": {""batch_size"": 32, ""epochs"": 800, ""include_reg_in_val"": false, ""shuffle"": true}}"
15a19c1dbef1,1,0.5355888578380656,0.0,0.5355888578380656,0.0,0.88,0.0,116.0,0.0,"{""callbacks"": {""early_stopping"": true, ""min_delta"": 0.0, ""mode"": ""auto"", ""monitor"": ""val_loss"", ""patience"": 40, ""restore_best_weights"": true, ""verbose"": 0}, ""cv"": {""k"": 3, ""seed"": 42, ""shuffle"": true}, ""data"": {""train_path"": ""data/MONK/MONK1/monks-1.train""}, ""model"": {""activation"": ""relu"", ""dropout"": 0.0, ""hidden_units"": [4]}, ""optim"": {""lr"": 0.1, ""momentum"": 0.0, ""name"": ""sgd""}, ""regularizer"": {""l2"": ""1e-1""}, ""seed"": 42, ""split"": {""stratified"": true, ""val_size"": 0.2}, ""training"": {""batch_size"": 16, ""epochs"": 800, ""include_reg_in_val"": false, ""shuffle"": true}}"
54b78a5d5d25,1,0.5359474856356994,0.0,0.5359474856356994,0.0,0.88,0.0,210.0,0.0,"{""callbacks"": {""early_stopping"": true, ""min_delta"": 0.0, ""mode"": ""auto"", ""monitor"": ""val_loss"", ""patience"": 40, ""restore_best_weights"": true, ""verbose"": 0}, ""cv"": {""k"": 3, ""seed"": 42, ""shuffle"": true}, ""data"": {""train_path"": ""data/MONK/MONK1/monks-1.train""}, ""model"": {""activation"": ""relu"", ""dropout"": 0.0, ""hidden_units"": [8]}, ""optim"": {""lr"": 0.1, ""momentum"": 0.1, ""name"": ""sgd""}, ""regularizer"": {""l2"": ""1e-1""}, ""seed"": 42, ""split"": {""stratified"": true, ""val_size"": 0.2}, ""training"": {""batch_size"": 32, ""epochs"": 800, ""include_reg_in_val"": false, ""shuffle"": true}}"
8497aeb9257c,1,0.5364568803889866,0.0,0.5364568803889866,0.0,0.88,0.0,82.0,0.0,"{""callbacks"": {""early_stopping"": true, ""min_delta"": 0.0, ""mode"": ""auto"", ""monitor"": ""val_loss"", ""patience"": 40, ""restore_best_weights"": true, ""verbose"": 0}, ""cv"": {""k"": 3, ""seed"": 42, ""shuffle"": true}, ""data"": {""train_path"": ""data/MONK/MONK1/monks-1.train""}, ""model"": {""activation"": ""relu"", ""dropout"": 0.0, ""hidden_units"": [4]}, ""optim"": {""lr"": 0.01, ""momentum"": 0.9, ""name"": ""sgd""}, ""regularizer"": {""l2"": ""1e-1""}, ""seed"": 42, ""split"": {""stratified"": true, ""val_size"": 0.2}, ""training"": {""batch_size"": 16, ""epochs"": 800, ""include_reg_in_val"": false, ""shuffle"": true}}"
5757f5242cfc,1,0.5365402366188168,0.0,0.5365402366188168,0.0,0.88,0.0,789.0,0.0,"{""callbacks"": {""early_stopping"": true, ""min_delta"": 0.0, ""mode"": ""auto"", ""monitor"": ""val_loss"", ""patience"": 40, ""restore_best_weights"": true, ""verbose"": 0}, ""cv"": {""k"": 3, ""seed"": 42, ""shuffle"": true}, ""data"": {""train_path"": ""data/MONK/MONK1/monks-1.train""}, ""model"": {""activation"": ""relu"", ""dropout"": 0.0, ""hidden_units"": [4]}, ""optim"": {""lr"": 0.01, ""momentum"": 0.1, ""name"": ""sgd""}, ""regularizer"": {""l2"": ""1e-1""}, ""seed"": 42, ""split"": {""stratified"": true, ""val_size"": 0.2}, ""training"": {""batch_size"": 16, ""epochs"": 800, ""include_reg_in_val"": false, ""shuffle"": true}}"
b13fc0e21463,1,0.5367659527470582,0.0,0.5367659527470582,0.0,0.84,0.0,209.0,0.0,"{""callbacks"": {""early_stopping"": true, ""min_delta"": 0.0, ""mode"": ""auto"", ""monitor"": ""val_loss"", ""patience"": 40, ""restore_best_weights"": true, ""verbose"": 0}, ""cv"": {""k"": 3, ""seed"": 42, ""shuffle"": true}, ""data"": {""train_path"": ""data/MONK/MONK1/monks-1.train""}, ""model"": {""activation"": ""relu"", ""dropout"": 0.0, ""hidden_units"": [8]}, ""optim"": {""lr"": 0.1, ""momentum"": 0.0, ""name"": ""sgd""}, ""regularizer"": {""l2"": ""1e-1""}, ""seed"": 42, ""split"": {""stratified"": true, ""val_size"": 0.2}, ""training"": {""batch_size"": 32, ""epochs"": 800, ""include_reg_in_val"": false, ""shuffle"": true}}"
4f056798342a,1,0.5370119930062691,0.0,0.5370119930062691,0.0,0.88,0.0,79.0,0.0,"{""callbacks"": {""early_stopping"": true, ""min_delta"": 0.0, ""mode"": ""auto"", ""monitor"": ""val_loss"", ""patience"": 40, ""restore_best_weights"": true, ""verbose"": 0}, ""cv"": {""k"": 3, ""seed"": 42, ""shuffle"": true}, ""data"": {""train_path"": ""data/MONK/MONK1/monks-1.train""}, ""model"": {""activation"": ""relu"", ""dropout"": 0.0, ""hidden_units"": [8]}, ""optim"": {""lr"": 0.2, ""momentum"": 0.1, ""name"": ""sgd""}, ""regularizer"": {""l2"": ""1e-1""}, ""seed"": 42, ""split"": {""stratified"": true, ""val_size"": 0.2}, ""training"": {""batch_size"": 16, ""epochs"": 800, ""include_reg_in_val"": false, ""shuffle"": true}}"
fbcc934a5310,1,0.5370266623240912,0.0,0.5370266623240912,0.0,0.88,0.0,5.0,0.0,"{""callbacks"": {""early_stopping"": true, ""min_delta"": 0.0, ""mode"": ""auto"", ""monitor"": ""val_loss"", ""patience"": 40, ""restore_best_weights"": true, ""verbose"": 0}, ""cv"": {""k"": 3, ""seed"": 42, ""shuffle"": true}, ""data"": {""train_path"": ""data/MONK/MONK1/monks-1.train""}, ""model"": {""activation"": ""tanh"", ""dropout"": 0.2, ""hidden_units"": [8]}, ""optim"": {""lr"": 0.2, ""momentum"": 0.9, ""name"": ""sgd""}, ""regularizer"": {""l2"": ""1e-1""}, ""seed"": 42, ""split"": {""stratified"": true, ""val_size"": 0.2}, ""training"": {""batch_size"": 32, ""epochs"": 800, ""include_reg_in_val"": false, ""shuffle"": true}}"
3c4d04c2d09c,1,0.5375839846675112,0.0,0.5375839846675112,0.0,0.88,0.0,79.0,0.0,"{""callbacks"": {""early_stopping"": true, ""min_delta"": 0.0, ""mode"": ""auto"", ""monitor"": ""val_loss"", ""patience"": 40, ""restore_best_weights"": true, ""verbose"": 0}, ""cv"": {""k"": 3, ""seed"": 42, ""shuffle"": true}, ""data"": {""train_path"": ""data/MONK/MONK1/monks-1.train""}, ""model"": {""activation"": ""relu"", ""dropout"": 0.0, ""hidden_units"": [8]}, ""optim"": {""lr"": 0.2, ""momentum"": 0.0, ""name"": ""sgd""}, ""regularizer"": {""l2"": ""1e-1""}, ""seed"": 42, ""split"": {""stratified"": true, ""val_size"": 0.2}, ""training"": {""batch_size"": 16, ""epochs"": 800, ""include_reg_in_val"": false, ""shuffle"": true}}"
0bb643ce963e,1,0.5379278571502986,0.0,0.5379278571502986,0.0,0.88,0.0,214.0,0.0,"{""callbacks"": {""early_stopping"": true, ""min_delta"": 0.0, ""mode"": ""auto"", ""monitor"": ""val_loss"", ""patience"": 40, ""restore_best_weights"": true, ""verbose"": 0}, ""cv"": {""k"": 3, ""seed"": 42, ""shuffle"": true}, ""data"": {""train_path"": ""data/MONK/MONK1/monks-1.train""}, ""model"": {""activation"": ""relu"", ""dropout"": 0.0, ""hidden_units"": [8]}, ""optim"": {""lr"": 0.01, ""momentum"": 0.9, ""name"": ""sgd""}, ""regularizer"": {""l2"": ""1e-1""}, ""seed"": 42, ""split"": {""stratified"": true, ""val_size"": 0.2}, ""training"": {""batch_size"": 32, ""epochs"": 800, ""include_reg_in_val"": false, ""shuffle"": true}}"
d6f69235a52b,1,0.5385427659048203,0.0,0.5385427659048203,0.0,0.88,0.0,789.0,0.0,"{""callbacks"": {""early_stopping"": true, ""min_delta"": 0.0, ""mode"": ""auto"", ""monitor"": ""val_loss"", ""patience"": 40, ""restore_best_weights"": true, ""verbose"": 0}, ""cv"": {""k"": 3, ""seed"": 42, ""shuffle"": true}, ""data"": {""train_path"": ""data/MONK/MONK1/monks-1.train""}, ""model"": {""activation"": ""relu"", ""dropout"": 0.0, ""hidden_units"": [4]}, ""optim"": {""lr"": 0.01, ""momentum"": 0.0, ""name"": ""sgd""}, ""regularizer"": {""l2"": ""1e-1""}, ""seed"": 42, ""split"": {""stratified"": true, ""val_size"": 0.2}, ""training"": {""batch_size"": 16, ""epochs"": 800, ""include_reg_in_val"": false, ""shuffle"": true}}"
73c42e638bae,1,0.5387552524194863,0.0,0.5387552524194863,0.0,0.88,0.0,79.0,0.0,"{""callbacks"": {""early_stopping"": true, ""min_delta"": 0.0, ""mode"": ""auto"", ""monitor"": ""val_loss"", ""patience"": 40, ""restore_best_weights"": true, ""verbose"": 0}, ""cv"": {""k"": 3, ""seed"": 42, ""shuffle"": true}, ""data"": {""train_path"": ""data/MONK/MONK1/monks-1.train""}, ""model"": {""activation"": ""relu"", ""dropout"": 0.0, ""hidden_units"": [4]}, ""optim"": {""lr"": 0.2, ""momentum"": 0.1, ""name"": ""sgd""}, ""regularizer"": {""l2"": ""1e-1""}, ""seed"": 42, ""split"": {""stratified"": true, ""val_size"": 0.2}, ""training"": {""batch_size"": 32, ""epochs"": 800, ""include_reg_in_val"": false, ""shuffle"": true}}"
6715441fd1db,1,0.5395880835305915,0.0,0.5395880835305915,0.0,0.88,0.0,79.0,0.0,"{""callbacks"": {""early_stopping"": true, ""min_delta"": 0.0, ""mode"": ""auto"", ""monitor"": ""val_loss"", ""patience"": 40, ""restore_best_weights"": true, ""verbose"": 0}, ""cv"": {""k"": 3, ""seed"": 42, ""shuffle"": true}, ""data"": {""train_path"": ""data/MONK/MONK1/monks-1.train""}, ""model"": {""activation"": ""relu"", ""dropout"": 0.0, ""hidden_units"": [4]}, ""optim"": {""lr"": 0.2, ""momentum"": 0.0, ""name"": ""sgd""}, ""regularizer"": {""l2"": ""1e-1""}, ""seed"": 42, ""split"": {""stratified"": true, ""val_size"": 0.2}, ""training"": {""batch_size"": 32, ""epochs"": 800, ""include_reg_in_val"": false, ""shuffle"": true}}"
3fd8d1d17a13,1,0.5401350552772308,0.0,0.5401350552772308,0.0,0.76,0.0,800.0,0.0,"{""callbacks"": {""early_stopping"": true, ""min_delta"": 0.0, ""mode"": ""auto"", ""monitor"": ""val_loss"", ""patience"": 40, ""restore_best_weights"": true, ""verbose"": 0}, ""cv"": {""k"": 3, ""seed"": 42, ""shuffle"": true}, ""data"": {""train_path"": ""data/MONK/MONK1/monks-1.train""}, ""model"": {""activation"": ""sigmoid"", ""dropout"": 0.0, ""hidden_units"": [4]}, ""optim"": {""lr"": 0.01, ""momentum"": 0.1, ""name"": ""sgd""}, ""regularizer"": {""l2"": 0.0}, ""seed"": 42, ""split"": {""stratified"": true, ""val_size"": 0.2}, ""training"": {""batch_size"": 16, ""epochs"": 800, ""include_reg_in_val"": false, ""shuffle"": true}}"
7f7e2ac90d00,1,0.5401707932344371,0.0,0.5401707932344371,0.0,0.88,0.0,44.0,0.0,"{""callbacks"": {""early_stopping"": true, ""min_delta"": 0.0, ""mode"": ""auto"", ""monitor"": ""val_loss"", ""patience"": 40, ""restore_best_weights"": true, ""verbose"": 0}, ""cv"": {""k"": 3, ""seed"": 42, ""shuffle"": true}, ""data"": {""train_path"": ""data/MONK/MONK1/monks-1.train""}, ""model"": {""activation"": ""tanh"", ""dropout"": 0.0, ""hidden_units"": [8]}, ""optim"": {""lr"": 0.1, ""momentum"": 0.9, ""name"": ""sgd""}, ""regularizer"": {""l2"": ""1e-1""}, ""seed"": 42, ""split"": {""stratified"": true, ""val_size"": 0.2}, ""training"": {""batch_size"": 32, ""epochs"": 800, ""include_reg_in_val"": false, ""shuffle"": true}}"
234537b57945,1,0.5427453807428188,0.0,0.5427453807428188,0.0,0.88,0.0,789.0,0.0,"{""callbacks"": {""early_stopping"": true, ""min_delta"": 0.0, ""mode"": ""auto"", ""monitor"": ""val_loss"", ""patience"": 40, ""restore_best_weights"": true, ""verbose"": 0}, ""cv"": {""k"": 3, ""seed"": 42, ""shuffle"": true}, ""data"": {""train_path"": ""data/MONK/MONK1/monks-1.train""}, ""model"": {""activation"": ""relu"", ""dropout"": 0.0, ""hidden_units"": [8]}, ""optim"": {""lr"": 0.01, ""momentum"": 0.1, ""name"": ""sgd""}, ""regularizer"": {""l2"": ""1e-1""}, ""seed"": 42, ""split"": {""stratified"": true, ""val_size"": 0.2}, ""training"": {""batch_size"": 16, ""epochs"": 800, ""include_reg_in_val"": false, ""shuffle"": true}}"
186a6347a8f1,1,0.5431787699008865,0.0,0.5431787699008865,0.0,0.84,0.0,4.0,0.0,"{""callbacks"": {""early_stopping"": true, ""min_delta"": 0.0, ""mode"": ""auto"", ""monitor"": ""val_loss"", ""patience"": 40, ""restore_best_weights"": true, ""verbose"": 0}, ""cv"": {""k"": 3, ""seed"": 42, ""shuffle"": true}, ""data"": {""train_path"": ""data/MONK/MONK1/monks-1.train""}, ""model"": {""activation"": ""tanh"", ""dropout"": 0.0, ""hidden_units"": [8]}, ""optim"": {""lr"": 0.2, ""momentum"": 0.9, ""name"": ""sgd""}, ""regularizer"": {""l2"": ""1e-1""}, ""seed"": 42, ""split"": {""stratified"": true, ""val_size"": 0.2}, ""training"": {""batch_size"": 16, ""epochs"": 800, ""include_reg_in_val"": false, ""shuffle"": true}}"
f7456a1c72cf,1,0.5443667734272565,0.0,0.5443667734272565,0.0,0.88,0.0,44.0,0.0,"{""callbacks"": {""early_stopping"": true, ""min_delta"": 0.0, ""mode"": ""auto"", ""monitor"": ""val_loss"", ""patience"": 40, ""restore_best_weights"": true, ""verbose"": 0}, ""cv"": {""k"": 3, ""seed"": 42, ""shuffle"": true}, ""data"": {""train_path"": ""data/MONK/MONK1/monks-1.train""}, ""model"": {""activation"": ""tanh"", ""dropout"": 0.0, ""hidden_units"": [4]}, ""optim"": {""lr"": 0.1, ""momentum"": 0.9, ""name"": ""sgd""}, ""regularizer"": {""l2"": ""1e-1""}, ""seed"": 42, ""split"": {""stratified"": true, ""val_size"": 0.2}, ""training"": {""batch_size"": 32, ""epochs"": 800, ""include_reg_in_val"": false, ""shuffle"": true}}"
051e215e013b,1,0.5460952690598673,0.0,0.5460952690598673,0.0,0.8,0.0,800.0,0.0,"{""callbacks"": {""early_stopping"": true, ""min_delta"": 0.0, ""mode"": ""auto"", ""monitor"": ""val_loss"", ""patience"": 40, ""restore_best_weights"": true, ""verbose"": 0}, ""cv"": {""k"": 3, ""seed"": 42, ""shuffle"": true}, ""data"": {""train_path"": ""data/MONK/MONK1/monks-1.train""}, ""model"": {""activation"": ""sigmoid"", ""dropout"": 0.0, ""hidden_units"": [4]}, ""optim"": {""lr"": 0.01, ""momentum"": 0.1, ""name"": ""sgd""}, ""regularizer"": {""l2"": ""1e-3""}, ""seed"": 42, ""split"": {""stratified"": true, ""val_size"": 0.2}, ""training"": {""batch_size"": 16, ""epochs"": 800, ""include_reg_in_val"": false, ""shuffle"": true}}"
0dffae8ce034,1,0.5461153861499772,0.0,0.5461153861499772,0.0,0.88,0.0,169.0,0.0,"{""callbacks"": {""early_stopping"": true, ""min_delta"": 0.0, ""mode"": ""auto"", ""monitor"": ""val_loss"", ""patience"": 40, ""restore_best_weights"": true, ""verbose"": 0}, ""cv"": {""k"": 3, ""seed"": 42, ""shuffle"": true}, ""data"": {""train_path"": ""data/MONK/MONK1/monks-1.train""}, ""model"": {""activation"": ""relu"", ""dropout"": 0.2, ""hidden_units"": [8]}, ""optim"": {""lr"": 0.01, ""momentum"": 0.9, ""name"": ""sgd""}, ""regularizer"": {""l2"": ""1e-1""}, ""seed"": 42, ""split"": {""stratified"": true, ""val_size"": 0.2}, ""training"": {""batch_size"": 16, ""epochs"": 800, ""include_reg_in_val"": false, ""shuffle"": true}}"
dc077579ff77,1,0.5462957143066638,0.0,0.5462957143066638,0.0,0.76,0.0,5.0,0.0,"{""callbacks"": {""early_stopping"": true, ""min_delta"": 0.0, ""mode"": ""auto"", ""monitor"": ""val_loss"", ""patience"": 40, ""restore_best_weights"": true, ""verbose"": 0}, ""cv"": {""k"": 3, ""seed"": 42, ""shuffle"": true}, ""data"": {""train_path"": ""data/MONK/MONK1/monks-1.train""}, ""model"": {""activation"": ""relu"", ""dropout"": 0.0, ""hidden_units"": [4]}, ""optim"": {""lr"": 0.2, ""momentum"": 0.9, ""name"": ""sgd""}, ""regularizer"": {""l2"": ""1e-1""}, ""seed"": 42, ""split"": {""stratified"": true, ""val_size"": 0.2}, ""training"": {""batch_size"": 16, ""epochs"": 800, ""include_reg_in_val"": false, ""shuffle"": true}}"
0a7d7c8e1bfa,1,0.546585058536101,0.0,0.546585058536101,0.0,0.8,0.0,44.0,0.0,"{""callbacks"": {""early_stopping"": true, ""min_delta"": 0.0, ""mode"": ""auto"", ""monitor"": ""val_loss"", ""patience"": 40, ""restore_best_weights"": true, ""verbose"": 0}, ""cv"": {""k"": 3, ""seed"": 42, ""shuffle"": true}, ""data"": {""train_path"": ""data/MONK/MONK1/monks-1.train""}, ""model"": {""activation"": ""tanh"", ""dropout"": 0.2, ""hidden_units"": [8]}, ""optim"": {""lr"": 0.1, ""momentum"": 0.9, ""name"": ""sgd""}, ""regularizer"": {""l2"": ""1e-1""}, ""seed"": 42, ""split"": {""stratified"": true, ""val_size"": 0.2}, ""training"": {""batch_size"": 32, ""epochs"": 800, ""include_reg_in_val"": false, ""shuffle"": true}}"
529578b42cf7,1,0.5482419011052511,0.0,0.5482419011052511,0.0,0.84,0.0,5.0,0.0,"{""callbacks"": {""early_stopping"": true, ""min_delta"": 0.0, ""mode"": ""auto"", ""monitor"": ""val_loss"", ""patience"": 40, ""restore_best_weights"": true, ""verbose"": 0}, ""cv"": {""k"": 3, ""seed"": 42, ""shuffle"": true}, ""data"": {""train_path"": ""data/MONK/MONK1/monks-1.train""}, ""model"": {""activation"": ""tanh"", ""dropout"": 0.0, ""hidden_units"": [8]}, ""optim"": {""lr"": 0.1, ""momentum"": 0.9, ""name"": ""sgd""}, ""regularizer"": {""l2"": ""1e-1""}, ""seed"": 42, ""split"": {""stratified"": true, ""val_size"": 0.2}, ""training"": {""batch_size"": 16, ""epochs"": 800, ""include_reg_in_val"": false, ""shuffle"": true}}"
89f400df93de,1,0.5486170247491874,0.0,0.5486170247491874,0.0,0.84,0.0,45.0,0.0,"{""callbacks"": {""early_stopping"": true, ""min_delta"": 0.0, ""mode"": ""auto"", ""monitor"": ""val_loss"", ""patience"": 40, ""restore_best_weights"": true, ""verbose"": 0}, ""cv"": {""k"": 3, ""seed"": 42, ""shuffle"": true}, ""data"": {""train_path"": ""data/MONK/MONK1/monks-1.train""}, ""model"": {""activation"": ""relu"", ""dropout"": 0.2, ""hidden_units"": [4]}, ""optim"": {""lr"": 0.1, ""momentum"": 0.9, ""name"": ""sgd""}, ""regularizer"": {""l2"": ""1e-1""}, ""seed"": 42, ""split"": {""stratified"": true, ""val_size"": 0.2}, ""training"": {""batch_size"": 32, ""epochs"": 800, ""include_reg_in_val"": false, ""shuffle"": true}}"
65cf7e4feaaf,1,0.5486488987728236,0.0,0.5486488987728236,0.0,0.88,0.0,792.0,0.0,"{""callbacks"": {""early_stopping"": true, ""min_delta"": 0.0, ""mode"": ""auto"", ""monitor"": ""val_loss"", ""patience"": 40, ""restore_best_weights"": true, ""verbose"": 0}, ""cv"": {""k"": 3, ""seed"": 42, ""shuffle"": true}, ""data"": {""train_path"": ""data/MONK/MONK1/monks-1.train""}, ""model"": {""activation"": ""relu"", ""dropout"": 0.0, ""hidden_units"": [8]}, ""optim"": {""lr"": 0.01, ""momentum"": 0.0, ""name"": ""sgd""}, ""regularizer"": {""l2"": ""1e-1""}, ""seed"": 42, ""split"": {""stratified"": true, ""val_size"": 0.2}, ""training"": {""batch_size"": 16, ""epochs"": 800, ""include_reg_in_val"": false, ""shuffle"": true}}"
f41d05296f38,1,0.5488282126347296,0.0,0.5488282126347296,0.0,0.88,0.0,167.0,0.0,"{""callbacks"": {""early_stopping"": true, ""min_delta"": 0.0, ""mode"": ""auto"", ""monitor"": ""val_loss"", ""patience"": 40, ""restore_best_weights"": true, ""verbose"": 0}, ""cv"": {""k"": 3, ""seed"": 42, ""shuffle"": true}, ""data"": {""train_path"": ""data/MONK/MONK1/monks-1.train""}, ""model"": {""activation"": ""relu"", ""dropout"": 0.2, ""hidden_units"": [8]}, ""optim"": {""lr"": 0.1, ""momentum"": 0.1, ""name"": ""sgd""}, ""regularizer"": {""l2"": ""1e-1""}, ""seed"": 42, ""split"": {""stratified"": true, ""val_size"": 0.2}, ""training"": {""batch_size"": 16, ""epochs"": 800, ""include_reg_in_val"": false, ""shuffle"": true}}"
a9230b25e934,1,0.5489763981662301,0.0,0.5489763981662301,0.0,0.88,0.0,166.0,0.0,"{""callbacks"": {""early_stopping"": true, ""min_delta"": 0.0, ""mode"": ""auto"", ""monitor"": ""val_loss"", ""patience"": 40, ""restore_best_weights"": true, ""verbose"": 0}, ""cv"": {""k"": 3, ""seed"": 42, ""shuffle"": true}, ""data"": {""train_path"": ""data/MONK/MONK1/monks-1.train""}, ""model"": {""activation"": ""relu"", ""dropout"": 0.2, ""hidden_units"": [8]}, ""optim"": {""lr"": 0.1, ""momentum"": 0.0, ""name"": ""sgd""}, ""regularizer"": {""l2"": ""1e-1""}, ""seed"": 42, ""split"": {""stratified"": true, ""val_size"": 0.2}, ""training"": {""batch_size"": 16, ""epochs"": 800, ""include_reg_in_val"": false, ""shuffle"": true}}"
95263a5e770c,1,0.5511003006782426,0.0,0.5511003006782426,0.0,0.88,0.0,137.0,0.0,"{""callbacks"": {""early_stopping"": true, ""min_delta"": 0.0, ""mode"": ""auto"", ""monitor"": ""val_loss"", ""patience"": 40, ""restore_best_weights"": true, ""verbose"": 0}, ""cv"": {""k"": 3, ""seed"": 42, ""shuffle"": true}, ""data"": {""train_path"": ""data/MONK/MONK1/monks-1.train""}, ""model"": {""activation"": ""relu"", ""dropout"": 0.2, ""hidden_units"": [4]}, ""optim"": {""lr"": 0.01, ""momentum"": 0.9, ""name"": ""sgd""}, ""regularizer"": {""l2"": ""1e-1""}, ""seed"": 42, ""split"": {""stratified"": true, ""val_size"": 0.2}, ""training"": {""batch_size"": 16, ""epochs"": 800, ""include_reg_in_val"": false, ""shuffle"": true}}"
580b166217f0,1,0.5515264172322374,0.0,0.5515264172322374,0.0,0.88,0.0,112.0,0.0,"{""callbacks"": {""early_stopping"": true, ""min_delta"": 0.0, ""mode"": ""auto"", ""monitor"": ""val_loss"", ""patience"": 40, ""restore_best_weights"": true, ""verbose"": 0}, ""cv"": {""k"": 3, ""seed"": 42, ""shuffle"": true}, ""data"": {""train_path"": ""data/MONK/MONK1/monks-1.train""}, ""model"": {""activation"": ""relu"", ""dropout"": 0.2, ""hidden_units"": [8]}, ""optim"": {""lr"": 0.2, ""momentum"": 0.0, ""name"": ""sgd""}, ""regularizer"": {""l2"": ""1e-1""}, ""seed"": 42, ""split"": {""stratified"": true, ""val_size"": 0.2}, ""training"": {""batch_size"": 16, ""epochs"": 800, ""include_reg_in_val"": false, ""shuffle"": true}}"
c470885f8407,1,0.5516822442411997,0.0,0.5516822442411997,0.0,0.88,0.0,136.0,0.0,"{""callbacks"": {""early_stopping"": true, ""min_delta"": 0.0, ""mode"": ""auto"", ""monitor"": ""val_loss"", ""patience"": 40, ""restore_best_weights"": true, ""verbose"": 0}, ""cv"": {""k"": 3, ""seed"": 42, ""shuffle"": true}, ""data"": {""train_path"": ""data/MONK/MONK1/monks-1.train""}, ""model"": {""activation"": ""relu"", ""dropout"": 0.2, ""hidden_units"": [4]}, ""optim"": {""lr"": 0.1, ""momentum"": 0.1, ""name"": ""sgd""}, ""regularizer"": {""l2"": ""1e-1""}, ""seed"": 42, ""split"": {""stratified"": true, ""val_size"": 0.2}, ""training"": {""batch_size"": 16, ""epochs"": 800, ""include_reg_in_val"": false, ""shuffle"": true}}"
7724bf0036e8,1,0.551856028731129,0.0,0.551856028731129,0.0,0.88,0.0,166.0,0.0,"{""callbacks"": {""early_stopping"": true, ""min_delta"": 0.0, ""mode"": ""auto"", ""monitor"": ""val_loss"", ""patience"": 40, ""restore_best_weights"": true, ""verbose"": 0}, ""cv"": {""k"": 3, ""seed"": 42, ""shuffle"": true}, ""data"": {""train_path"": ""data/MONK/MONK1/monks-1.train""}, ""model"": {""activation"": ""relu"", ""dropout"": 0.2, ""hidden_units"": [8]}, ""optim"": {""lr"": 0.2, ""momentum"": 0.1, ""name"": ""sgd""}, ""regularizer"": {""l2"": ""1e-1""}, ""seed"": 42, ""split"": {""stratified"": true, ""val_size"": 0.2}, ""training"": {""batch_size"": 32, ""epochs"": 800, ""include_reg_in_val"": false, ""shuffle"": true}}"
a4dd56aa34fd,1,0.551985380319925,0.0,0.551985380319925,0.0,0.88,0.0,166.0,0.0,"{""callbacks"": {""early_stopping"": true, ""min_delta"": 0.0, ""mode"": ""auto"", ""monitor"": ""val_loss"", ""patience"": 40, ""restore_best_weights"": true, ""verbose"": 0}, ""cv"": {""k"": 3, ""seed"": 42, ""shuffle"": true}, ""data"": {""train_path"": ""data/MONK/MONK1/monks-1.train""}, ""model"": {""activation"": ""relu"", ""dropout"": 0.2, ""hidden_units"": [8]}, ""optim"": {""lr"": 0.2, ""momentum"": 0.0, ""name"": ""sgd""}, ""regularizer"": {""l2"": ""1e-1""}, ""seed"": 42, ""split"": {""stratified"": true, ""val_size"": 0.2}, ""training"": {""batch_size"": 32, ""epochs"": 800, ""include_reg_in_val"": false, ""shuffle"": true}}"
aa18d3939059,1,0.5526710466916169,0.0,0.5526710466916169,0.0,0.88,0.0,136.0,0.0,"{""callbacks"": {""early_stopping"": true, ""min_delta"": 0.0, ""mode"": ""auto"", ""monitor"": ""val_loss"", ""patience"": 40, ""restore_best_weights"": true, ""verbose"": 0}, ""cv"": {""k"": 3, ""seed"": 42, ""shuffle"": true}, ""data"": {""train_path"": ""data/MONK/MONK1/monks-1.train""}, ""model"": {""activation"": ""relu"", ""dropout"": 0.2, ""hidden_units"": [4]}, ""optim"": {""lr"": 0.1, ""momentum"": 0.0, ""name"": ""sgd""}, ""regularizer"": {""l2"": ""1e-1""}, ""seed"": 42, ""split"": {""stratified"": true, ""val_size"": 0.2}, ""training"": {""batch_size"": 16, ""epochs"": 800, ""include_reg_in_val"": false, ""shuffle"": true}}"
309ab50f2688,1,0.5527286739025762,0.0,0.5527286739025762,0.0,0.88,0.0,112.0,0.0,"{""callbacks"": {""early_stopping"": true, ""min_delta"": 0.0, ""mode"": ""auto"", ""monitor"": ""val_loss"", ""patience"": 40, ""restore_best_weights"": true, ""verbose"": 0}, ""cv"": {""k"": 3, ""seed"": 42, ""shuffle"": true}, ""data"": {""train_path"": ""data/MONK/MONK1/monks-1.train""}, ""model"": {""activation"": ""relu"", ""dropout"": 0.2, ""hidden_units"": [8]}, ""optim"": {""lr"": 0.2, ""momentum"": 0.1, ""name"": ""sgd""}, ""regularizer"": {""l2"": ""1e-1""}, ""seed"": 42, ""split"": {""stratified"": true, ""val_size"": 0.2}, ""training"": {""batch_size"": 16, ""epochs"": 800, ""include_reg_in_val"": false, ""shuffle"": true}}"
4dd4c274ebe8,1,0.5533230120154069,0.0,0.5533230120154069,0.0,0.88,0.0,3.0,0.0,"{""callbacks"": {""early_stopping"": true, ""min_delta"": 0.0, ""mode"": ""auto"", ""monitor"": ""val_loss"", ""patience"": 40, ""restore_best_weights"": true, ""verbose"": 0}, ""cv"": {""k"": 3, ""seed"": 42, ""shuffle"": true}, ""data"": {""train_path"": ""data/MONK/MONK1/monks-1.train""}, ""model"": {""activation"": ""tanh"", ""dropout"": 0.2, ""hidden_units"": [8]}, ""optim"": {""lr"": 0.2, ""momentum"": 0.9, ""name"": ""sgd""}, ""regularizer"": {""l2"": ""1e-1""}, ""seed"": 42, ""split"": {""stratified"": true, ""val_size"": 0.2}, ""training"": {""batch_size"": 16, ""epochs"": 800, ""include_reg_in_val"": false, ""shuffle"": true}}"
77f5ac988dec,1,0.5540414774888569,0.0,0.5540414774888569,0.0,0.84,0.0,5.0,0.0,"{""callbacks"": {""early_stopping"": true, ""min_delta"": 0.0, ""mode"": ""auto"", ""monitor"": ""val_loss"", ""patience"": 40, ""restore_best_weights"": true, ""verbose"": 0}, ""cv"": {""k"": 3, ""seed"": 42, ""shuffle"": true}, ""data"": {""train_path"": ""data/MONK/MONK1/monks-1.train""}, ""model"": {""activation"": ""tanh"", ""dropout"": 0.2, ""hidden_units"": [8]}, ""optim"": {""lr"": 0.1, ""momentum"": 0.9, ""name"": ""sgd""}, ""regularizer"": {""l2"": ""1e-1""}, ""seed"": 42, ""split"": {""stratified"": true, ""val_size"": 0.2}, ""training"": {""batch_size"": 16, ""epochs"": 800, ""include_reg_in_val"": false, ""shuffle"": true}}"
f750ad234cc3,1,0.5548004179675765,0.0,0.5548004179675765,0.0,0.88,0.0,210.0,0.0,"{""callbacks"": {""early_stopping"": true, ""min_delta"": 0.0, ""mode"": ""auto"", ""monitor"": ""val_loss"", ""patience"": 40, ""restore_best_weights"": true, ""verbose"": 0}, ""cv"": {""k"": 3, ""seed"": 42, ""shuffle"": true}, ""data"": {""train_path"": ""data/MONK/MONK1/monks-1.train""}, ""model"": {""activation"": ""relu"", ""dropout"": 0.2, ""hidden_units"": [8]}, ""optim"": {""lr"": 0.1, ""momentum"": 0.0, ""name"": ""sgd""}, ""regularizer"": {""l2"": ""1e-1""}, ""seed"": 42, ""split"": {""stratified"": true, ""val_size"": 0.2}, ""training"": {""batch_size"": 32, ""epochs"": 800, ""include_reg_in_val"": false, ""shuffle"": true}}"
10252d52969f,1,0.5549032622415466,0.0,0.5549032622415466,0.0,0.88,0.0,214.0,0.0,"{""callbacks"": {""early_stopping"": true, ""min_delta"": 0.0, ""mode"": ""auto"", ""monitor"": ""val_loss"", ""patience"": 40, ""restore_best_weights"": true, ""verbose"": 0}, ""cv"": {""k"": 3, ""seed"": 42, ""shuffle"": true}, ""data"": {""train_path"": ""data/MONK/MONK1/monks-1.train""}, ""model"": {""activation"": ""relu"", ""dropout"": 0.2, ""hidden_units"": [8]}, ""optim"": {""lr"": 0.01, ""momentum"": 0.9, ""name"": ""sgd""}, ""regularizer"": {""l2"": ""1e-1""}, ""seed"": 42, ""split"": {""stratified"": true, ""val_size"": 0.2}, ""training"": {""batch_size"": 32, ""epochs"": 800, ""include_reg_in_val"": false, ""shuffle"": true}}"
f4b22adf4cae,1,0.5552567364385651,0.0,0.5552567364385651,0.0,0.84,0.0,44.0,0.0,"{""callbacks"": {""early_stopping"": true, ""min_delta"": 0.0, ""mode"": ""auto"", ""monitor"": ""val_loss"", ""patience"": 40, ""restore_best_weights"": true, ""verbose"": 0}, ""cv"": {""k"": 3, ""seed"": 42, ""shuffle"": true}, ""data"": {""train_path"": ""data/MONK/MONK1/monks-1.train""}, ""model"": {""activation"": ""relu"", ""dropout"": 0.2, ""hidden_units"": [4]}, ""optim"": {""lr"": 0.2, ""momentum"": 0.9, ""name"": ""sgd""}, ""regularizer"": {""l2"": ""1e-1""}, ""seed"": 42, ""split"": {""stratified"": true, ""val_size"": 0.2}, ""training"": {""batch_size"": 32, ""epochs"": 800, ""include_reg_in_val"": false, ""shuffle"": true}}"
2666d15b2f35,1,0.5556552791606045,0.0,0.5556552791606045,0.0,0.88,0.0,789.0,0.0,"{""callbacks"": {""early_stopping"": true, ""min_delta"": 0.0, ""mode"": ""auto"", ""monitor"": ""val_loss"", ""patience"": 40, ""restore_best_weights"": true, ""verbose"": 0}, ""cv"": {""k"": 3, ""seed"": 42, ""shuffle"": true}, ""data"": {""train_path"": ""data/MONK/MONK1/monks-1.train""}, ""model"": {""activation"": ""relu"", ""dropout"": 0.0, ""hidden_units"": [4]}, ""optim"": {""lr"": 0.01, ""momentum"": 0.1, ""name"": ""sgd""}, ""regularizer"": {""l2"": ""1e-1""}, ""seed"": 42, ""split"": {""stratified"": true, ""val_size"": 0.2}, ""training"": {""batch_size"": 32, ""epochs"": 800, ""include_reg_in_val"": false, ""shuffle"": true}}"
f70c7f1a207a,1,0.5558578080356873,0.0,0.5558578080356873,0.0,0.84,0.0,50.0,0.0,"{""callbacks"": {""early_stopping"": true, ""min_delta"": 0.0, ""mode"": ""auto"", ""monitor"": ""val_loss"", ""patience"": 40, ""restore_best_weights"": true, ""verbose"": 0}, ""cv"": {""k"": 3, ""seed"": 42, ""shuffle"": true}, ""data"": {""train_path"": ""data/MONK/MONK1/monks-1.train""}, ""model"": {""activation"": ""relu"", ""dropout"": 0.2, ""hidden_units"": [4]}, ""optim"": {""lr"": 0.1, ""momentum"": 0.9, ""name"": ""sgd""}, ""regularizer"": {""l2"": ""1e-1""}, ""seed"": 42, ""split"": {""stratified"": true, ""val_size"": 0.2}, ""training"": {""batch_size"": 16, ""epochs"": 800, ""include_reg_in_val"": false, ""shuffle"": true}}"
bd2f2a63d38a,1,0.5559225636545155,0.0,0.5559225636545155,0.0,0.88,0.0,43.0,0.0,"{""callbacks"": {""early_stopping"": true, ""min_delta"": 0.0, ""mode"": ""auto"", ""monitor"": ""val_loss"", ""patience"": 40, ""restore_best_weights"": true, ""verbose"": 0}, ""cv"": {""k"": 3, ""seed"": 42, ""shuffle"": true}, ""data"": {""train_path"": ""data/MONK/MONK1/monks-1.train""}, ""model"": {""activation"": ""relu"", ""dropout"": 0.2, ""hidden_units"": [4]}, ""optim"": {""lr"": 0.2, ""momentum"": 0.1, ""name"": ""sgd""}, ""regularizer"": {""l2"": ""1e-1""}, ""seed"": 42, ""split"": {""stratified"": true, ""val_size"": 0.2}, ""training"": {""batch_size"": 16, ""epochs"": 800, ""include_reg_in_val"": false, ""shuffle"": true}}"
0d51c26deebc,1,0.5559441611182981,0.0,0.5559441611182981,0.0,0.84,0.0,45.0,0.0,"{""callbacks"": {""early_stopping"": true, ""min_delta"": 0.0, ""mode"": ""auto"", ""monitor"": ""val_loss"", ""patience"": 40, ""restore_best_weights"": true, ""verbose"": 0}, ""cv"": {""k"": 3, ""seed"": 42, ""shuffle"": true}, ""data"": {""train_path"": ""data/MONK/MONK1/monks-1.train""}, ""model"": {""activation"": ""tanh"", ""dropout"": 0.2, ""hidden_units"": [4]}, ""optim"": {""lr"": 0.1, ""momentum"": 0.9, ""name"": ""sgd""}, ""regularizer"": {""l2"": ""1e-1""}, ""seed"": 42, ""split"": {""stratified"": true, ""val_size"": 0.2}, ""training"": {""batch_size"": 32, ""epochs"": 800, ""include_reg_in_val"": false, ""shuffle"": true}}"
173517803d63,1,0.5561671733342578,0.0,0.5561671733342578,0.0,0.88,0.0,43.0,0.0,"{""callbacks"": {""early_stopping"": true, ""min_delta"": 0.0, ""mode"": ""auto"", ""monitor"": ""val_loss"", ""patience"": 40, ""restore_best_weights"": true, ""verbose"": 0}, ""cv"": {""k"": 3, ""seed"": 42, ""shuffle"": true}, ""data"": {""train_path"": ""data/MONK/MONK1/monks-1.train""}, ""model"": {""activation"": ""relu"", ""dropout"": 0.2, ""hidden_units"": [4]}, ""optim"": {""lr"": 0.2, ""momentum"": 0.0, ""name"": ""sgd""}, ""regularizer"": {""l2"": ""1e-1""}, ""seed"": 42, ""split"": {""stratified"": true, ""val_size"": 0.2}, ""training"": {""batch_size"": 16, ""epochs"": 800, ""include_reg_in_val"": false, ""shuffle"": true}}"
91cbf345e343,1,0.5569742081591242,0.0,0.5569742081591242,0.0,0.84,0.0,136.0,0.0,"{""callbacks"": {""early_stopping"": true, ""min_delta"": 0.0, ""mode"": ""auto"", ""monitor"": ""val_loss"", ""patience"": 40, ""restore_best_weights"": true, ""verbose"": 0}, ""cv"": {""k"": 3, ""seed"": 42, ""shuffle"": true}, ""data"": {""train_path"": ""data/MONK/MONK1/monks-1.train""}, ""model"": {""activation"": ""relu"", ""dropout"": 0.2, ""hidden_units"": [4]}, ""optim"": {""lr"": 0.2, ""momentum"": 0.0, ""name"": ""sgd""}, ""regularizer"": {""l2"": ""1e-1""}, ""seed"": 42, ""split"": {""stratified"": true, ""val_size"": 0.2}, ""training"": {""batch_size"": 32, ""epochs"": 800, ""include_reg_in_val"": false, ""shuffle"": true}}"
2839d3bece95,1,0.5578124334259701,0.0,0.5578124334259701,0.0,0.88,0.0,167.0,0.0,"{""callbacks"": {""early_stopping"": true, ""min_delta"": 0.0, ""mode"": ""auto"", ""monitor"": ""val_loss"", ""patience"": 40, ""restore_best_weights"": true, ""verbose"": 0}, ""cv"": {""k"": 3, ""seed"": 42, ""shuffle"": true}, ""data"": {""train_path"": ""data/MONK/MONK1/monks-1.train""}, ""model"": {""activation"": ""relu"", ""dropout"": 0.2, ""hidden_units"": [8]}, ""optim"": {""lr"": 0.1, ""momentum"": 0.1, ""name"": ""sgd""}, ""regularizer"": {""l2"": ""1e-1""}, ""seed"": 42, ""split"": {""stratified"": true, ""val_size"": 0.2}, ""training"": {""batch_size"": 32, ""epochs"": 800, ""include_reg_in_val"": false, ""shuffle"": true}}"
b89a870eec25,1,0.558140317786998,0.0,0.558140317786998,0.0,0.88,0.0,682.0,0.0,"{""callbacks"": {""early_stopping"": true, ""min_delta"": 0.0, ""mode"": ""auto"", ""monitor"": ""val_loss"", ""patience"": 40, ""restore_best_weights"": true, ""verbose"": 0}, ""cv"": {""k"": 3, ""seed"": 42, ""shuffle"": true}, ""data"": {""train_path"": ""data/MONK/MONK1/monks-1.train""}, ""model"": {""activation"": ""relu"", ""dropout"": 0.2, ""hidden_units"": [4]}, ""optim"": {""lr"": 0.01, ""momentum"": 0.1, ""name"": ""sgd""}, ""regularizer"": {""l2"": ""1e-1""}, ""seed"": 42, ""split"": {""stratified"": true, ""val_size"": 0.2}, ""training"": {""batch_size"": 16, ""epochs"": 800, ""include_reg_in_val"": false, ""shuffle"": true}}"
4325c112b6f0,1,0.558330024413244,0.0,0.558330024413244,0.0,0.84,0.0,26.0,0.0,"{""callbacks"": {""early_stopping"": true, ""min_delta"": 0.0, ""mode"": ""auto"", ""monitor"": ""val_loss"", ""patience"": 40, ""restore_best_weights"": true, ""verbose"": 0}, ""cv"": {""k"": 3, ""seed"": 42, ""shuffle"": true}, ""data"": {""train_path"": ""data/MONK/MONK1/monks-1.train""}, ""model"": {""activation"": ""relu"", ""dropout"": 0.2, ""hidden_units"": [8]}, ""optim"": {""lr"": 0.1, ""momentum"": 0.9, ""name"": ""sgd""}, ""regularizer"": {""l2"": ""1e-1""}, ""seed"": 42, ""split"": {""stratified"": true, ""val_size"": 0.2}, ""training"": {""batch_size"": 16, ""epochs"": 800, ""include_reg_in_val"": false, ""shuffle"": true}}"
23326f560b5b,1,0.5585161118601925,0.0,0.5585161118601925,0.0,0.72,0.0,6.0,0.0,"{""callbacks"": {""early_stopping"": true, ""min_delta"": 0.0, ""mode"": ""auto"", ""monitor"": ""val_loss"", ""patience"": 40, ""restore_best_weights"": true, ""verbose"": 0}, ""cv"": {""k"": 3, ""seed"": 42, ""shuffle"": true}, ""data"": {""train_path"": ""data/MONK/MONK1/monks-1.train""}, ""model"": {""activation"": ""tanh"", ""dropout"": 0.0, ""hidden_units"": [4]}, ""optim"": {""lr"": 0.2, ""momentum"": 0.9, ""name"": ""sgd""}, ""regularizer"": {""l2"": ""1e-1""}, ""seed"": 42, ""split"": {""stratified"": true, ""val_size"": 0.2}, ""training"": {""batch_size"": 32, ""epochs"": 800, ""include_reg_in_val"": false, ""shuffle"": true}}"
4eab9884b0dd,1,0.5597907355068066,0.0,0.5597907355068066,0.0,0.88,0.0,152.0,0.0,"{""callbacks"": {""early_stopping"": true, ""min_delta"": 0.0, ""mode"": ""auto"", ""monitor"": ""val_loss"", ""patience"": 40, ""restore_best_weights"": true, ""verbose"": 0}, ""cv"": {""k"": 3, ""seed"": 42, ""shuffle"": true}, ""data"": {""train_path"": ""data/MONK/MONK1/monks-1.train""}, ""model"": {""activation"": ""relu"", ""dropout"": 0.2, ""hidden_units"": [4]}, ""optim"": {""lr"": 0.1, ""momentum"": 0.1, ""name"": ""sgd""}, ""regularizer"": {""l2"": ""1e-1""}, ""seed"": 42, ""split"": {""stratified"": true, ""val_size"": 0.2}, ""training"": {""batch_size"": 32, ""epochs"": 800, ""include_reg_in_val"": false, ""shuffle"": true}}"
3ba99bc894c4,1,0.5599322792160543,0.0,0.5599322792160543,0.0,0.68,0.0,26.0,0.0,"{""callbacks"": {""early_stopping"": true, ""min_delta"": 0.0, ""mode"": ""auto"", ""monitor"": ""val_loss"", ""patience"": 40, ""restore_best_weights"": true, ""verbose"": 0}, ""cv"": {""k"": 3, ""seed"": 42, ""shuffle"": true}, ""data"": {""train_path"": ""data/MONK/MONK1/monks-1.train""}, ""model"": {""activation"": ""relu"", ""dropout"": 0.0, ""hidden_units"": [8]}, ""optim"": {""lr"": 0.2, ""momentum"": 0.9, ""name"": ""sgd""}, ""regularizer"": {""l2"": ""1e-1""}, ""seed"": 42, ""split"": {""stratified"": true, ""val_size"": 0.2}, ""training"": {""batch_size"": 16, ""epochs"": 800, ""include_reg_in_val"": false, ""shuffle"": true}}"
35494e23fe51,1,0.5600381205706013,0.0,0.5600381205706013,0.0,0.88,0.0,166.0,0.0,"{""callbacks"": {""early_stopping"": true, ""min_delta"": 0.0, ""mode"": ""auto"", ""monitor"": ""val_loss"", ""patience"": 40, ""restore_best_weights"": true, ""verbose"": 0}, ""cv"": {""k"": 3, ""seed"": 42, ""shuffle"": true}, ""data"": {""train_path"": ""data/MONK/MONK1/monks-1.train""}, ""model"": {""activation"": ""relu"", ""dropout"": 0.2, ""hidden_units"": [4]}, ""optim"": {""lr"": 0.1, ""momentum"": 0.0, ""name"": ""sgd""}, ""regularizer"": {""l2"": ""1e-1""}, ""seed"": 42, ""split"": {""stratified"": true, ""val_size"": 0.2}, ""training"": {""batch_size"": 32, ""epochs"": 800, ""include_reg_in_val"": false, ""shuffle"": true}}"
c698ed543261,1,0.5602109563128224,0.0,0.5602109563128224,0.0,0.88,0.0,185.0,0.0,"{""callbacks"": {""early_stopping"": true, ""min_delta"": 0.0, ""mode"": ""auto"", ""monitor"": ""val_loss"", ""patience"": 40, ""restore_best_weights"": true, ""verbose"": 0}, ""cv"": {""k"": 3, ""seed"": 42, ""shuffle"": true}, ""data"": {""train_path"": ""data/MONK/MONK1/monks-1.train""}, ""model"": {""activation"": ""relu"", ""dropout"": 0.2, ""hidden_units"": [4]}, ""optim"": {""lr"": 0.01, ""momentum"": 0.9, ""name"": ""sgd""}, ""regularizer"": {""l2"": ""1e-1""}, ""seed"": 42, ""split"": {""stratified"": true, ""val_size"": 0.2}, ""training"": {""batch_size"": 32, ""epochs"": 800, ""include_reg_in_val"": false, ""shuffle"": true}}"
ad118a99f328,1,0.5608107321804541,0.0,0.5608107321804541,0.0,0.88,0.0,789.0,0.0,"{""callbacks"": {""early_stopping"": true, ""min_delta"": 0.0, ""mode"": ""auto"", ""monitor"": ""val_loss"", ""patience"": 40, ""restore_best_weights"": true, ""verbose"": 0}, ""cv"": {""k"": 3, ""seed"": 42, ""shuffle"": true}, ""data"": {""train_path"": ""data/MONK/MONK1/monks-1.train""}, ""model"": {""activation"": ""relu"", ""dropout"": 0.2, ""hidden_units"": [8]}, ""optim"": {""lr"": 0.01, ""momentum"": 0.1, ""name"": ""sgd""}, ""regularizer"": {""l2"": ""1e-1""}, ""seed"": 42, ""split"": {""stratified"": true, ""val_size"": 0.2}, ""training"": {""batch_size"": 16, ""epochs"": 800, ""include_reg_in_val"": false, ""shuffle"": true}}"
abf7b1e9394e,1,0.560830232327145,0.0,0.560830232327145,0.0,0.84,0.0,800.0,0.0,"{""callbacks"": {""early_stopping"": true, ""min_delta"": 0.0, ""mode"": ""auto"", ""monitor"": ""val_loss"", ""patience"": 40, ""restore_best_weights"": true, ""verbose"": 0}, ""cv"": {""k"": 3, ""seed"": 42, ""shuffle"": true}, ""data"": {""train_path"": ""data/MONK/MONK1/monks-1.train""}, ""model"": {""activation"": ""sigmoid"", ""dropout"": 0.2, ""hidden_units"": [8]}, ""optim"": {""lr"": 0.01, ""momentum"": 0.1, ""name"": ""sgd""}, ""regularizer"": {""l2"": 0.0}, ""seed"": 42, ""split"": {""stratified"": true, ""val_size"": 0.2}, ""training"": {""batch_size"": 16, ""epochs"": 800, ""include_reg_in_val"": false, ""shuffle"": true}}"
ab069d68fa78,1,0.5611539798004097,0.0,0.5611539798004097,0.0,0.88,0.0,680.0,0.0,"{""callbacks"": {""early_stopping"": true, ""min_delta"": 0.0, ""mode"": ""auto"", ""monitor"": ""val_loss"", ""patience"": 40, ""restore_best_weights"": true, ""verbose"": 0}, ""cv"": {""k"": 3, ""seed"": 42, ""shuffle"": true}, ""data"": {""train_path"": ""data/MONK/MONK1/monks-1.train""}, ""model"": {""activation"": ""relu"", ""dropout"": 0.2, ""hidden_units"": [4]}, ""optim"": {""lr"": 0.01, ""momentum"": 0.0, ""name"": ""sgd""}, ""regularizer"": {""l2"": ""1e-1""}, ""seed"": 42, ""split"": {""stratified"": true, ""val_size"": 0.2}, ""training"": {""batch_size"": 16, ""epochs"": 800, ""include_reg_in_val"": false, ""shuffle"": true}}"
3b9883e350fc,1,0.56277827218626,0.0,0.56277827218626,0.0,0.8,0.0,44.0,0.0,"{""callbacks"": {""early_stopping"": true, ""min_delta"": 0.0, ""mode"": ""auto"", ""monitor"": ""val_loss"", ""patience"": 40, ""restore_best_weights"": true, ""verbose"": 0}, ""cv"": {""k"": 3, ""seed"": 42, ""shuffle"": true}, ""data"": {""train_path"": ""data/MONK/MONK1/monks-1.train""}, ""model"": {""activation"": ""tanh"", ""dropout"": 0.0, ""hidden_units"": [4]}, ""optim"": {""lr"": 0.1, ""momentum"": 0.9, ""name"": ""sgd""}, ""regularizer"": {""l2"": ""1e-1""}, ""seed"": 42, ""split"": {""stratified"": true, ""val_size"": 0.2}, ""training"": {""batch_size"": 16, ""epochs"": 800, ""include_reg_in_val"": false, ""shuffle"": true}}"
1b6d692e9382,1,0.5631332998314715,0.0,0.5631332998314715,0.0,0.88,0.0,792.0,0.0,"{""callbacks"": {""early_stopping"": true, ""min_delta"": 0.0, ""mode"": ""auto"", ""monitor"": ""val_loss"", ""patience"": 40, ""restore_best_weights"": true, ""verbose"": 0}, ""cv"": {""k"": 3, ""seed"": 42, ""shuffle"": true}, ""data"": {""train_path"": ""data/MONK/MONK1/monks-1.train""}, ""model"": {""activation"": ""relu"", ""dropout"": 0.0, ""hidden_units"": [4]}, ""optim"": {""lr"": 0.01, ""momentum"": 0.0, ""name"": ""sgd""}, ""regularizer"": {""l2"": ""1e-1""}, ""seed"": 42, ""split"": {""stratified"": true, ""val_size"": 0.2}, ""training"": {""batch_size"": 32, ""epochs"": 800, ""include_reg_in_val"": false, ""shuffle"": true}}"
5ff8d8b5ce3b,1,0.5642445474358141,0.0,0.5642445474358141,0.0,0.84,0.0,4.0,0.0,"{""callbacks"": {""early_stopping"": true, ""min_delta"": 0.0, ""mode"": ""auto"", ""monitor"": ""val_loss"", ""patience"": 40, ""restore_best_weights"": true, ""verbose"": 0}, ""cv"": {""k"": 3, ""seed"": 42, ""shuffle"": true}, ""data"": {""train_path"": ""data/MONK/MONK1/monks-1.train""}, ""model"": {""activation"": ""tanh"", ""dropout"": 0.0, ""hidden_units"": [4]}, ""optim"": {""lr"": 0.2, ""momentum"": 0.9, ""name"": ""sgd""}, ""regularizer"": {""l2"": ""1e-1""}, ""seed"": 42, ""split"": {""stratified"": true, ""val_size"": 0.2}, ""training"": {""batch_size"": 16, ""epochs"": 800, ""include_reg_in_val"": false, ""shuffle"": true}}"
f262621b2e1a,1,0.5644098771660262,0.0,0.5644098771660262,0.0,0.84,0.0,44.0,0.0,"{""callbacks"": {""early_stopping"": true, ""min_delta"": 0.0, ""mode"": ""auto"", ""monitor"": ""val_loss"", ""patience"": 40, ""restore_best_weights"": true, ""verbose"": 0}, ""cv"": {""k"": 3, ""seed"": 42, ""shuffle"": true}, ""data"": {""train_path"": ""data/MONK/MONK1/monks-1.train""}, ""model"": {""activation"": ""tanh"", ""dropout"": 0.2, ""hidden_units"": [4]}, ""optim"": {""lr"": 0.2, ""momentum"": 0.9, ""name"": ""sgd""}, ""regularizer"": {""l2"": ""1e-1""}, ""seed"": 42, ""split"": {""stratified"": true, ""val_size"": 0.2}, ""training"": {""batch_size"": 32, ""epochs"": 800, ""include_reg_in_val"": false, ""shuffle"": true}}"
8ee7f324c388,1,0.5644571534934949,0.0,0.5644571534934949,0.0,0.8,0.0,48.0,0.0,"{""callbacks"": {""early_stopping"": true, ""min_delta"": 0.0, ""mode"": ""auto"", ""monitor"": ""val_loss"", ""patience"": 40, ""restore_best_weights"": true, ""verbose"": 0}, ""cv"": {""k"": 3, ""seed"": 42, ""shuffle"": true}, ""data"": {""train_path"": ""data/MONK/MONK1/monks-1.train""}, ""model"": {""activation"": ""tanh"", ""dropout"": 0.0, ""hidden_units"": [8]}, ""optim"": {""lr"": 0.2, ""momentum"": 0.1, ""name"": ""sgd""}, ""regularizer"": {""l2"": ""1e-1""}, ""seed"": 42, ""split"": {""stratified"": true, ""val_size"": 0.2}, ""training"": {""batch_size"": 32, ""epochs"": 800, ""include_reg_in_val"": false, ""shuffle"": true}}"
3e59f5cc5f51,1,0.5650283985397215,0.0,0.5650283985397215,0.0,0.88,0.0,44.0,0.0,"{""callbacks"": {""early_stopping"": true, ""min_delta"": 0.0, ""mode"": ""auto"", ""monitor"": ""val_loss"", ""patience"": 40, ""restore_best_weights"": true, ""verbose"": 0}, ""cv"": {""k"": 3, ""seed"": 42, ""shuffle"": true}, ""data"": {""train_path"": ""data/MONK/MONK1/monks-1.train""}, ""model"": {""activation"": ""relu"", ""dropout"": 0.2, ""hidden_units"": [4]}, ""optim"": {""lr"": 0.2, ""momentum"": 0.1, ""name"": ""sgd""}, ""regularizer"": {""l2"": ""1e-1""}, ""seed"": 42, ""split"": {""stratified"": true, ""val_size"": 0.2}, ""training"": {""batch_size"": 32, ""epochs"": 800, ""include_reg_in_val"": false, ""shuffle"": true}}"
3fcbed19ea61,1,0.5651269434616067,0.0,0.5651269434616067,0.0,0.76,0.0,800.0,0.0,"{""callbacks"": {""early_stopping"": true, ""min_delta"": 0.0, ""mode"": ""auto"", ""monitor"": ""val_loss"", ""patience"": 40, ""restore_best_weights"": true, ""verbose"": 0}, ""cv"": {""k"": 3, ""seed"": 42, ""shuffle"": true}, ""data"": {""train_path"": ""data/MONK/MONK1/monks-1.train""}, ""model"": {""activation"": ""sigmoid"", ""dropout"": 0.0, ""hidden_units"": [4]}, ""optim"": {""lr"": 0.01, ""momentum"": 0.0, ""name"": ""sgd""}, ""regularizer"": {""l2"": 0.0}, ""seed"": 42, ""split"": {""stratified"": true, ""val_size"": 0.2}, ""training"": {""batch_size"": 16, ""epochs"": 800, ""include_reg_in_val"": false, ""shuffle"": true}}"
1e4966ec5ab1,1,0.5655544834790089,0.0,0.5655544834790089,0.0,0.84,0.0,43.0,0.0,"{""callbacks"": {""early_stopping"": true, ""min_delta"": 0.0, ""mode"": ""auto"", ""monitor"": ""val_loss"", ""patience"": 40, ""restore_best_weights"": true, ""verbose"": 0}, ""cv"": {""k"": 3, ""seed"": 42, ""shuffle"": true}, ""data"": {""train_path"": ""data/MONK/MONK1/monks-1.train""}, ""model"": {""activation"": ""tanh"", ""dropout"": 0.0, ""hidden_units"": [8]}, ""optim"": {""lr"": 0.2, ""momentum"": 0.1, ""name"": ""sgd""}, ""regularizer"": {""l2"": ""1e-1""}, ""seed"": 42, ""split"": {""stratified"": true, ""val_size"": 0.2}, ""training"": {""batch_size"": 16, ""epochs"": 800, ""include_reg_in_val"": false, ""shuffle"": true}}"
aef6fd920fb3,1,0.5655583215455959,0.0,0.5655583215455959,0.0,0.8,0.0,48.0,0.0,"{""callbacks"": {""early_stopping"": true, ""min_delta"": 0.0, ""mode"": ""auto"", ""monitor"": ""val_loss"", ""patience"": 40, ""restore_best_weights"": true, ""verbose"": 0}, ""cv"": {""k"": 3, ""seed"": 42, ""shuffle"": true}, ""data"": {""train_path"": ""data/MONK/MONK1/monks-1.train""}, ""model"": {""activation"": ""tanh"", ""dropout"": 0.0, ""hidden_units"": [8]}, ""optim"": {""lr"": 0.2, ""momentum"": 0.0, ""name"": ""sgd""}, ""regularizer"": {""l2"": ""1e-1""}, ""seed"": 42, ""split"": {""stratified"": true, ""val_size"": 0.2}, ""training"": {""batch_size"": 32, ""epochs"": 800, ""include_reg_in_val"": false, ""shuffle"": true}}"
6a1544b10b15,1,0.5656544098417864,0.0,0.5656544098417864,0.0,0.84,0.0,799.0,0.0,"{""callbacks"": {""early_stopping"": true, ""min_delta"": 0.0, ""mode"": ""auto"", ""monitor"": ""val_loss"", ""patience"": 40, ""restore_best_weights"": true, ""verbose"": 0}, ""cv"": {""k"": 3, ""seed"": 42, ""shuffle"": true}, ""data"": {""train_path"": ""data/MONK/MONK1/monks-1.train""}, ""model"": {""activation"": ""sigmoid"", ""dropout"": 0.0, ""hidden_units"": [8]}, ""optim"": {""lr"": 0.01, ""momentum"": 0.1, ""name"": ""sgd""}, ""regularizer"": {""l2"": ""1e-2""}, ""seed"": 42, ""split"": {""stratified"": true, ""val_size"": 0.2}, ""training"": {""batch_size"": 16, ""epochs"": 800, ""include_reg_in_val"": false, ""shuffle"": true}}"
e3d70c013569,1,0.5658011890095418,0.0,0.5658011890095418,0.0,0.84,0.0,43.0,0.0,"{""callbacks"": {""early_stopping"": true, ""min_delta"": 0.0, ""mode"": ""auto"", ""monitor"": ""val_loss"", ""patience"": 40, ""restore_best_weights"": true, ""verbose"": 0}, ""cv"": {""k"": 3, ""seed"": 42, ""shuffle"": true}, ""data"": {""train_path"": ""data/MONK/MONK1/monks-1.train""}, ""model"": {""activation"": ""tanh"", ""dropout"": 0.0, ""hidden_units"": [8]}, ""optim"": {""lr"": 0.2, ""momentum"": 0.0, ""name"": ""sgd""}, ""regularizer"": {""l2"": ""1e-1""}, ""seed"": 42, ""split"": {""stratified"": true, ""val_size"": 0.2}, ""training"": {""batch_size"": 16, ""epochs"": 800, ""include_reg_in_val"": false, ""shuffle"": true}}"
a1be435b59b1,1,0.5665912247537658,0.0,0.5665912247537658,0.0,0.84,0.0,800.0,0.0,"{""callbacks"": {""early_stopping"": true, ""min_delta"": 0.0, ""mode"": ""auto"", ""monitor"": ""val_loss"", ""patience"": 40, ""restore_best_weights"": true, ""verbose"": 0}, ""cv"": {""k"": 3, ""seed"": 42, ""shuffle"": true}, ""data"": {""train_path"": ""data/MONK/MONK1/monks-1.train""}, ""model"": {""activation"": ""sigmoid"", ""dropout"": 0.2, ""hidden_units"": [8]}, ""optim"": {""lr"": 0.01, ""momentum"": 0.1, ""name"": ""sgd""}, ""regularizer"": {""l2"": ""1e-3""}, ""seed"": 42, ""split"": {""stratified"": true, ""val_size"": 0.2}, ""training"": {""batch_size"": 16, ""epochs"": 800, ""include_reg_in_val"": false, ""shuffle"": true}}"
d3c0d53a2431,1,0.5668459174982972,0.0,0.5668459174982972,0.0,0.88,0.0,799.0,0.0,"{""callbacks"": {""early_stopping"": true, ""min_delta"": 0.0, ""mode"": ""auto"", ""monitor"": ""val_loss"", ""patience"": 40, ""restore_best_weights"": true, ""verbose"": 0}, ""cv"": {""k"": 3, ""seed"": 42, ""shuffle"": true}, ""data"": {""train_path"": ""data/MONK/MONK1/monks-1.train""}, ""model"": {""activation"": ""relu"", ""dropout"": 0.2, ""hidden_units"": [8]}, ""optim"": {""lr"": 0.01, ""momentum"": 0.0, ""name"": ""sgd""}, ""regularizer"": {""l2"": ""1e-1""}, ""seed"": 42, ""split"": {""stratified"": true, ""val_size"": 0.2}, ""training"": {""batch_size"": 16, ""epochs"": 800, ""include_reg_in_val"": false, ""shuffle"": true}}"
642bbcd9e0dc,1,0.5670265004771075,0.0,0.5670265004771075,0.0,0.76,0.0,44.0,0.0,"{""callbacks"": {""early_stopping"": true, ""min_delta"": 0.0, ""mode"": ""auto"", ""monitor"": ""val_loss"", ""patience"": 40, ""restore_best_weights"": true, ""verbose"": 0}, ""cv"": {""k"": 3, ""seed"": 42, ""shuffle"": true}, ""data"": {""train_path"": ""data/MONK/MONK1/monks-1.train""}, ""model"": {""activation"": ""relu"", ""dropout"": 0.2, ""hidden_units"": [8]}, ""optim"": {""lr"": 0.2, ""momentum"": 0.9, ""name"": ""sgd""}, ""regularizer"": {""l2"": ""1e-1""}, ""seed"": 42, ""split"": {""stratified"": true, ""val_size"": 0.2}, ""training"": {""batch_size"": 32, ""epochs"": 800, ""include_reg_in_val"": false, ""shuffle"": true}}"
764b1df8ac2d,1,0.5682356335258164,0.0,0.5682356335258164,0.0,0.84,0.0,50.0,0.0,"{""callbacks"": {""early_stopping"": true, ""min_delta"": 0.0, ""mode"": ""auto"", ""monitor"": ""val_loss"", ""patience"": 40, ""restore_best_weights"": true, ""verbose"": 0}, ""cv"": {""k"": 3, ""seed"": 42, ""shuffle"": true}, ""data"": {""train_path"": ""data/MONK/MONK1/monks-1.train""}, ""model"": {""activation"": ""tanh"", ""dropout"": 0.0, ""hidden_units"": [8]}, ""optim"": {""lr"": 0.01, ""momentum"": 0.9, ""name"": ""sgd""}, ""regularizer"": {""l2"": ""1e-1""}, ""seed"": 42, ""split"": {""stratified"": true, ""val_size"": 0.2}, ""training"": {""batch_size"": 16, ""epochs"": 800, ""include_reg_in_val"": false, ""shuffle"": true}}"
6b338546cc17,1,0.5685916946166897,0.0,0.5685916946166897,0.0,0.8,0.0,43.0,0.0,"{""callbacks"": {""early_stopping"": true, ""min_delta"": 0.0, ""mode"": ""auto"", ""monitor"": ""val_loss"", ""patience"": 40, ""restore_best_weights"": true, ""verbose"": 0}, ""cv"": {""k"": 3, ""seed"": 42, ""shuffle"": true}, ""data"": {""train_path"": ""data/MONK/MONK1/monks-1.train""}, ""model"": {""activation"": ""tanh"", ""dropout"": 0.2, ""hidden_units"": [8]}, ""optim"": {""lr"": 0.2, ""momentum"": 0.1, ""name"": ""sgd""}, ""regularizer"": {""l2"": ""1e-1""}, ""seed"": 42, ""split"": {""stratified"": true, ""val_size"": 0.2}, ""training"": {""batch_size"": 16, ""epochs"": 800, ""include_reg_in_val"": false, ""shuffle"": true}}"
7df79c958267,1,0.5688226190680156,0.0,0.5688226190680156,0.0,0.8,0.0,43.0,0.0,"{""callbacks"": {""early_stopping"": true, ""min_delta"": 0.0, ""mode"": ""auto"", ""monitor"": ""val_loss"", ""patience"": 40, ""restore_best_weights"": true, ""verbose"": 0}, ""cv"": {""k"": 3, ""seed"": 42, ""shuffle"": true}, ""data"": {""train_path"": ""data/MONK/MONK1/monks-1.train""}, ""model"": {""activation"": ""tanh"", ""dropout"": 0.2, ""hidden_units"": [8]}, ""optim"": {""lr"": 0.2, ""momentum"": 0.0, ""name"": ""sgd""}, ""regularizer"": {""l2"": ""1e-1""}, ""seed"": 42, ""split"": {""stratified"": true, ""val_size"": 0.2}, ""training"": {""batch_size"": 16, ""epochs"": 800, ""include_reg_in_val"": false, ""shuffle"": true}}"
f89904be1b6e,1,0.5693311779856057,0.0,0.5693311779856057,0.0,0.8,0.0,26.0,0.0,"{""callbacks"": {""early_stopping"": true, ""min_delta"": 0.0, ""mode"": ""auto"", ""monitor"": ""val_loss"", ""patience"": 40, ""restore_best_weights"": true, ""verbose"": 0}, ""cv"": {""k"": 3, ""seed"": 42, ""shuffle"": true}, ""data"": {""train_path"": ""data/MONK/MONK1/monks-1.train""}, ""model"": {""activation"": ""relu"", ""dropout"": 0.2, ""hidden_units"": [4]}, ""optim"": {""lr"": 0.2, ""momentum"": 0.9, ""name"": ""sgd""}, ""regularizer"": {""l2"": ""1e-1""}, ""seed"": 42, ""split"": {""stratified"": true, ""val_size"": 0.2}, ""training"": {""batch_size"": 16, ""epochs"": 800, ""include_reg_in_val"": false, ""shuffle"": true}}"
1cccc87f3def,1,0.5695953166416564,0.0,0.5695953166416564,0.0,0.84,0.0,43.0,0.0,"{""callbacks"": {""early_stopping"": true, ""min_delta"": 0.0, ""mode"": ""auto"", ""monitor"": ""val_loss"", ""patience"": 40, ""restore_best_weights"": true, ""verbose"": 0}, ""cv"": {""k"": 3, ""seed"": 42, ""shuffle"": true}, ""data"": {""train_path"": ""data/MONK/MONK1/monks-1.train""}, ""model"": {""activation"": ""tanh"", ""dropout"": 0.2, ""hidden_units"": [8]}, ""optim"": {""lr"": 0.2, ""momentum"": 0.1, ""name"": ""sgd""}, ""regularizer"": {""l2"": ""1e-1""}, ""seed"": 42, ""split"": {""stratified"": true, ""val_size"": 0.2}, ""training"": {""batch_size"": 32, ""epochs"": 800, ""include_reg_in_val"": false, ""shuffle"": true}}"
8e48edc1dad2,1,0.5703173558814294,0.0,0.5703173558814294,0.0,0.8,0.0,49.0,0.0,"{""callbacks"": {""early_stopping"": true, ""min_delta"": 0.0, ""mode"": ""auto"", ""monitor"": ""val_loss"", ""patience"": 40, ""restore_best_weights"": true, ""verbose"": 0}, ""cv"": {""k"": 3, ""seed"": 42, ""shuffle"": true}, ""data"": {""train_path"": ""data/MONK/MONK1/monks-1.train""}, ""model"": {""activation"": ""tanh"", ""dropout"": 0.0, ""hidden_units"": [8]}, ""optim"": {""lr"": 0.1, ""momentum"": 0.1, ""name"": ""sgd""}, ""regularizer"": {""l2"": ""1e-1""}, ""seed"": 42, ""split"": {""stratified"": true, ""val_size"": 0.2}, ""training"": {""batch_size"": 16, ""epochs"": 800, ""include_reg_in_val"": false, ""shuffle"": true}}"
48877d1358d5,1,0.5704654920455274,0.0,0.5704654920455274,0.0,0.76,0.0,800.0,0.0,"{""callbacks"": {""early_stopping"": true, ""min_delta"": 0.0, ""mode"": ""auto"", ""monitor"": ""val_loss"", ""patience"": 40, ""restore_best_weights"": true, ""verbose"": 0}, ""cv"": {""k"": 3, ""seed"": 42, ""shuffle"": true}, ""data"": {""train_path"": ""data/MONK/MONK1/monks-1.train""}, ""model"": {""activation"": ""sigmoid"", ""dropout"": 0.0, ""hidden_units"": [4]}, ""optim"": {""lr"": 0.01, ""momentum"": 0.0, ""name"": ""sgd""}, ""regularizer"": {""l2"": ""1e-3""}, ""seed"": 42, ""split"": {""stratified"": true, ""val_size"": 0.2}, ""training"": {""batch_size"": 16, ""epochs"": 800, ""include_reg_in_val"": false, ""shuffle"": true}}"
e78394f2a7cc,1,0.5707479023085098,0.0,0.5707479023085098,0.0,0.8,0.0,67.0,0.0,"{""callbacks"": {""early_stopping"": true, ""min_delta"": 0.0, ""mode"": ""auto"", ""monitor"": ""val_loss"", ""patience"": 40, ""restore_best_weights"": true, ""verbose"": 0}, ""cv"": {""k"": 3, ""seed"": 42, ""shuffle"": true}, ""data"": {""train_path"": ""data/MONK/MONK1/monks-1.train""}, ""model"": {""activation"": ""tanh"", ""dropout"": 0.0, ""hidden_units"": [8]}, ""optim"": {""lr"": 0.1, ""momentum"": 0.0, ""name"": ""sgd""}, ""regularizer"": {""l2"": ""1e-1""}, ""seed"": 42, ""split"": {""stratified"": true, ""val_size"": 0.2}, ""training"": {""batch_size"": 16, ""epochs"": 800, ""include_reg_in_val"": false, ""shuffle"": true}}"
2dc5dfb6103c,1,0.5708078982030316,0.0,0.5708078982030316,0.0,0.84,0.0,67.0,0.0,"{""callbacks"": {""early_stopping"": true, ""min_delta"": 0.0, ""mode"": ""auto"", ""monitor"": ""val_loss"", ""patience"": 40, ""restore_best_weights"": true, ""verbose"": 0}, ""cv"": {""k"": 3, ""seed"": 42, ""shuffle"": true}, ""data"": {""train_path"": ""data/MONK/MONK1/monks-1.train""}, ""model"": {""activation"": ""tanh"", ""dropout"": 0.2, ""hidden_units"": [8]}, ""optim"": {""lr"": 0.2, ""momentum"": 0.0, ""name"": ""sgd""}, ""regularizer"": {""l2"": ""1e-1""}, ""seed"": 42, ""split"": {""stratified"": true, ""val_size"": 0.2}, ""training"": {""batch_size"": 32, ""epochs"": 800, ""include_reg_in_val"": false, ""shuffle"": true}}"
6a9f7c691b39,1,0.5711456800709844,0.0,0.5711456800709844,0.0,0.76,0.0,44.0,0.0,"{""callbacks"": {""early_stopping"": true, ""min_delta"": 0.0, ""mode"": ""auto"", ""monitor"": ""val_loss"", ""patience"": 40, ""restore_best_weights"": true, ""verbose"": 0}, ""cv"": {""k"": 3, ""seed"": 42, ""shuffle"": true}, ""data"": {""train_path"": ""data/MONK/MONK1/monks-1.train""}, ""model"": {""activation"": ""tanh"", ""dropout"": 0.2, ""hidden_units"": [4]}, ""optim"": {""lr"": 0.1, ""momentum"": 0.9, ""name"": ""sgd""}, ""regularizer"": {""l2"": ""1e-1""}, ""seed"": 42, ""split"": {""stratified"": true, ""val_size"": 0.2}, ""training"": {""batch_size"": 16, ""epochs"": 800, ""include_reg_in_val"": false, ""shuffle"": true}}"
b9f58e1f71f0,1,0.5712700565953237,0.0,0.5712700565953237,0.0,0.84,0.0,528.0,0.0,"{""callbacks"": {""early_stopping"": true, ""min_delta"": 0.0, ""mode"": ""auto"", ""monitor"": ""val_loss"", ""patience"": 40, ""restore_best_weights"": true, ""verbose"": 0}, ""cv"": {""k"": 3, ""seed"": 42, ""shuffle"": true}, ""data"": {""train_path"": ""data/MONK/MONK1/monks-1.train""}, ""model"": {""activation"": ""tanh"", ""dropout"": 0.0, ""hidden_units"": [8]}, ""optim"": {""lr"": 0.01, ""momentum"": 0.1, ""name"": ""sgd""}, ""regularizer"": {""l2"": ""1e-1""}, ""seed"": 42, ""split"": {""stratified"": true, ""val_size"": 0.2}, ""training"": {""batch_size"": 16, ""epochs"": 800, ""include_reg_in_val"": false, ""shuffle"": true}}"
7637b94cb848,1,0.5716856750352558,0.0,0.5716856750352558,0.0,0.84,0.0,43.0,0.0,"{""callbacks"": {""early_stopping"": true, ""min_delta"": 0.0, ""mode"": ""auto"", ""monitor"": ""val_loss"", ""patience"": 40, ""restore_best_weights"": true, ""verbose"": 0}, ""cv"": {""k"": 3, ""seed"": 42, ""shuffle"": true}, ""data"": {""train_path"": ""data/MONK/MONK1/monks-1.train""}, ""model"": {""activation"": ""tanh"", ""dropout"": 0.0, ""hidden_units"": [4]}, ""optim"": {""lr"": 0.2, ""momentum"": 0.1, ""name"": ""sgd""}, ""regularizer"": {""l2"": ""1e-1""}, ""seed"": 42, ""split"": {""stratified"": true, ""val_size"": 0.2}, ""training"": {""batch_size"": 16, ""epochs"": 800, ""include_reg_in_val"": false, ""shuffle"": true}}"
d69974ed7c81,1,0.5722574907748472,0.0,0.5722574907748472,0.0,0.84,0.0,43.0,0.0,"{""callbacks"": {""early_stopping"": true, ""min_delta"": 0.0, ""mode"": ""auto"", ""monitor"": ""val_loss"", ""patience"": 40, ""restore_best_weights"": true, ""verbose"": 0}, ""cv"": {""k"": 3, ""seed"": 42, ""shuffle"": true}, ""data"": {""train_path"": ""data/MONK/MONK1/monks-1.train""}, ""model"": {""activation"": ""tanh"", ""dropout"": 0.0, ""hidden_units"": [4]}, ""optim"": {""lr"": 0.2, ""momentum"": 0.0, ""name"": ""sgd""}, ""regularizer"": {""l2"": ""1e-1""}, ""seed"": 42, ""split"": {""stratified"": true, ""val_size"": 0.2}, ""training"": {""batch_size"": 16, ""epochs"": 800, ""include_reg_in_val"": false, ""shuffle"": true}}"
5fd6f0423de1,1,0.5726709511833329,0.0,0.5726709511833329,0.0,0.84,0.0,528.0,0.0,"{""callbacks"": {""early_stopping"": true, ""min_delta"": 0.0, ""mode"": ""auto"", ""monitor"": ""val_loss"", ""patience"": 40, ""restore_best_weights"": true, ""verbose"": 0}, ""cv"": {""k"": 3, ""seed"": 42, ""shuffle"": true}, ""data"": {""train_path"": ""data/MONK/MONK1/monks-1.train""}, ""model"": {""activation"": ""tanh"", ""dropout"": 0.0, ""hidden_units"": [8]}, ""optim"": {""lr"": 0.01, ""momentum"": 0.0, ""name"": ""sgd""}, ""regularizer"": {""l2"": ""1e-1""}, ""seed"": 42, ""split"": {""stratified"": true, ""val_size"": 0.2}, ""training"": {""batch_size"": 16, ""epochs"": 800, ""include_reg_in_val"": false, ""shuffle"": true}}"
04d1157258b0,1,0.5727027102911747,0.0,0.5727027102911747,0.0,0.8,0.0,63.0,0.0,"{""callbacks"": {""early_stopping"": true, ""min_delta"": 0.0, ""mode"": ""auto"", ""monitor"": ""val_loss"", ""patience"": 40, ""restore_best_weights"": true, ""verbose"": 0}, ""cv"": {""k"": 3, ""seed"": 42, ""shuffle"": true}, ""data"": {""train_path"": ""data/MONK/MONK1/monks-1.train""}, ""model"": {""activation"": ""tanh"", ""dropout"": 0.2, ""hidden_units"": [8]}, ""optim"": {""lr"": 0.01, ""momentum"": 0.9, ""name"": ""sgd""}, ""regularizer"": {""l2"": ""1e-1""}, ""seed"": 42, ""split"": {""stratified"": true, ""val_size"": 0.2}, ""training"": {""batch_size"": 16, ""epochs"": 800, ""include_reg_in_val"": false, ""shuffle"": true}}"
69b502eba1ef,1,0.5727609630616239,0.0,0.5727609630616239,0.0,0.8,0.0,48.0,0.0,"{""callbacks"": {""early_stopping"": true, ""min_delta"": 0.0, ""mode"": ""auto"", ""monitor"": ""val_loss"", ""patience"": 40, ""restore_best_weights"": true, ""verbose"": 0}, ""cv"": {""k"": 3, ""seed"": 42, ""shuffle"": true}, ""data"": {""train_path"": ""data/MONK/MONK1/monks-1.train""}, ""model"": {""activation"": ""tanh"", ""dropout"": 0.0, ""hidden_units"": [4]}, ""optim"": {""lr"": 0.2, ""momentum"": 0.1, ""name"": ""sgd""}, ""regularizer"": {""l2"": ""1e-1""}, ""seed"": 42, ""split"": {""stratified"": true, ""val_size"": 0.2}, ""training"": {""batch_size"": 32, ""epochs"": 800, ""include_reg_in_val"": false, ""shuffle"": true}}"
f27491327a79,1,0.5729601740938639,0.0,0.5729601740938639,0.0,0.8,0.0,4.0,0.0,"{""callbacks"": {""early_stopping"": true, ""min_delta"": 0.0, ""mode"": ""auto"", ""monitor"": ""val_loss"", ""patience"": 40, ""restore_best_weights"": true, ""verbose"": 0}, ""cv"": {""k"": 3, ""seed"": 42, ""shuffle"": true}, ""data"": {""train_path"": ""data/MONK/MONK1/monks-1.train""}, ""model"": {""activation"": ""tanh"", ""dropout"": 0.2, ""hidden_units"": [4]}, ""optim"": {""lr"": 0.2, ""momentum"": 0.9, ""name"": ""sgd""}, ""regularizer"": {""l2"": ""1e-1""}, ""seed"": 42, ""split"": {""stratified"": true, ""val_size"": 0.2}, ""training"": {""batch_size"": 16, ""epochs"": 800, ""include_reg_in_val"": false, ""shuffle"": true}}"
a4273d9a14e3,1,0.5735957595052592,0.0,0.5735957595052592,0.0,0.84,0.0,67.0,0.0,"{""callbacks"": {""early_stopping"": true, ""min_delta"": 0.0, ""mode"": ""auto"", ""monitor"": ""val_loss"", ""patience"": 40, ""restore_best_weights"": true, ""verbose"": 0}, ""cv"": {""k"": 3, ""seed"": 42, ""shuffle"": true}, ""data"": {""train_path"": ""data/MONK/MONK1/monks-1.train""}, ""model"": {""activation"": ""tanh"", ""dropout"": 0.0, ""hidden_units"": [8]}, ""optim"": {""lr"": 0.1, ""momentum"": 0.1, ""name"": ""sgd""}, ""regularizer"": {""l2"": ""1e-1""}, ""seed"": 42, ""split"": {""stratified"": true, ""val_size"": 0.2}, ""training"": {""batch_size"": 32, ""epochs"": 800, ""include_reg_in_val"": false, ""shuffle"": true}}"
01162ab18875,1,0.5737740490613628,0.0,0.5737740490613628,0.0,0.8,0.0,67.0,0.0,"{""callbacks"": {""early_stopping"": true, ""min_delta"": 0.0, ""mode"": ""auto"", ""monitor"": ""val_loss"", ""patience"": 40, ""restore_best_weights"": true, ""verbose"": 0}, ""cv"": {""k"": 3, ""seed"": 42, ""shuffle"": true}, ""data"": {""train_path"": ""data/MONK/MONK1/monks-1.train""}, ""model"": {""activation"": ""tanh"", ""dropout"": 0.2, ""hidden_units"": [8]}, ""optim"": {""lr"": 0.1, ""momentum"": 0.1, ""name"": ""sgd""}, ""regularizer"": {""l2"": ""1e-1""}, ""seed"": 42, ""split"": {""stratified"": true, ""val_size"": 0.2}, ""training"": {""batch_size"": 16, ""epochs"": 800, ""include_reg_in_val"": false, ""shuffle"": true}}"
6b43c2d09b92,1,0.5741220926115633,0.0,0.5741220926115633,0.0,0.8,0.0,67.0,0.0,"{""callbacks"": {""early_stopping"": true, ""min_delta"": 0.0, ""mode"": ""auto"", ""monitor"": ""val_loss"", ""patience"": 40, ""restore_best_weights"": true, ""verbose"": 0}, ""cv"": {""k"": 3, ""seed"": 42, ""shuffle"": true}, ""data"": {""train_path"": ""data/MONK/MONK1/monks-1.train""}, ""model"": {""activation"": ""tanh"", ""dropout"": 0.2, ""hidden_units"": [8]}, ""optim"": {""lr"": 0.1, ""momentum"": 0.0, ""name"": ""sgd""}, ""regularizer"": {""l2"": ""1e-1""}, ""seed"": 42, ""split"": {""stratified"": true, ""val_size"": 0.2}, ""training"": {""batch_size"": 16, ""epochs"": 800, ""include_reg_in_val"": false, ""shuffle"": true}}"
17bdb867986e,1,0.574338471454363,0.0,0.574338471454363,0.0,0.8,0.0,48.0,0.0,"{""callbacks"": {""early_stopping"": true, ""min_delta"": 0.0, ""mode"": ""auto"", ""monitor"": ""val_loss"", ""patience"": 40, ""restore_best_weights"": true, ""verbose"": 0}, ""cv"": {""k"": 3, ""seed"": 42, ""shuffle"": true}, ""data"": {""train_path"": ""data/MONK/MONK1/monks-1.train""}, ""model"": {""activation"": ""tanh"", ""dropout"": 0.0, ""hidden_units"": [4]}, ""optim"": {""lr"": 0.2, ""momentum"": 0.0, ""name"": ""sgd""}, ""regularizer"": {""l2"": ""1e-1""}, ""seed"": 42, ""split"": {""stratified"": true, ""val_size"": 0.2}, ""training"": {""batch_size"": 32, ""epochs"": 800, ""include_reg_in_val"": false, ""shuffle"": true}}"
2585e14e245c,1,0.5750332331825034,0.0,0.5750332331825034,0.0,0.88,0.0,789.0,0.0,"{""callbacks"": {""early_stopping"": true, ""min_delta"": 0.0, ""mode"": ""auto"", ""monitor"": ""val_loss"", ""patience"": 40, ""restore_best_weights"": true, ""verbose"": 0}, ""cv"": {""k"": 3, ""seed"": 42, ""shuffle"": true}, ""data"": {""train_path"": ""data/MONK/MONK1/monks-1.train""}, ""model"": {""activation"": ""relu"", ""dropout"": 0.2, ""hidden_units"": [4]}, ""optim"": {""lr"": 0.01, ""momentum"": 0.1, ""name"": ""sgd""}, ""regularizer"": {""l2"": ""1e-1""}, ""seed"": 42, ""split"": {""stratified"": true, ""val_size"": 0.2}, ""training"": {""batch_size"": 32, ""epochs"": 800, ""include_reg_in_val"": false, ""shuffle"": true}}"
a4e36a264edb,1,0.5751379510510737,0.0,0.5751379510510737,0.0,0.84,0.0,528.0,0.0,"{""callbacks"": {""early_stopping"": true, ""min_delta"": 0.0, ""mode"": ""auto"", ""monitor"": ""val_loss"", ""patience"": 40, ""restore_best_weights"": true, ""verbose"": 0}, ""cv"": {""k"": 3, ""seed"": 42, ""shuffle"": true}, ""data"": {""train_path"": ""data/MONK/MONK1/monks-1.train""}, ""model"": {""activation"": ""tanh"", ""dropout"": 0.2, ""hidden_units"": [8]}, ""optim"": {""lr"": 0.01, ""momentum"": 0.1, ""name"": ""sgd""}, ""regularizer"": {""l2"": ""1e-1""}, ""seed"": 42, ""split"": {""stratified"": true, ""val_size"": 0.2}, ""training"": {""batch_size"": 16, ""epochs"": 800, ""include_reg_in_val"": false, ""shuffle"": true}}"
5b8f358ef57d,1,0.5752609598636337,0.0,0.5752609598636337,0.0,0.8,0.0,68.0,0.0,"{""callbacks"": {""early_stopping"": true, ""min_delta"": 0.0, ""mode"": ""auto"", ""monitor"": ""val_loss"", ""patience"": 40, ""restore_best_weights"": true, ""verbose"": 0}, ""cv"": {""k"": 3, ""seed"": 42, ""shuffle"": true}, ""data"": {""train_path"": ""data/MONK/MONK1/monks-1.train""}, ""model"": {""activation"": ""tanh"", ""dropout"": 0.0, ""hidden_units"": [8]}, ""optim"": {""lr"": 0.01, ""momentum"": 0.9, ""name"": ""sgd""}, ""regularizer"": {""l2"": ""1e-1""}, ""seed"": 42, ""split"": {""stratified"": true, ""val_size"": 0.2}, ""training"": {""batch_size"": 32, ""epochs"": 800, ""include_reg_in_val"": false, ""shuffle"": true}}"
a254d10ff414,1,0.5756470924964155,0.0,0.5756470924964155,0.0,0.84,0.0,67.0,0.0,"{""callbacks"": {""early_stopping"": true, ""min_delta"": 0.0, ""mode"": ""auto"", ""monitor"": ""val_loss"", ""patience"": 40, ""restore_best_weights"": true, ""verbose"": 0}, ""cv"": {""k"": 3, ""seed"": 42, ""shuffle"": true}, ""data"": {""train_path"": ""data/MONK/MONK1/monks-1.train""}, ""model"": {""activation"": ""tanh"", ""dropout"": 0.0, ""hidden_units"": [8]}, ""optim"": {""lr"": 0.1, ""momentum"": 0.0, ""name"": ""sgd""}, ""regularizer"": {""l2"": ""1e-1""}, ""seed"": 42, ""split"": {""stratified"": true, ""val_size"": 0.2}, ""training"": {""batch_size"": 32, ""epochs"": 800, ""include_reg_in_val"": false, ""shuffle"": true}}"
b3fc7ec0a95c,1,0.5757966163621046,0.0,0.5757966163621046,0.0,0.8,0.0,45.0,0.0,"{""callbacks"": {""early_stopping"": true, ""min_delta"": 0.0, ""mode"": ""auto"", ""monitor"": ""val_loss"", ""patience"": 40, ""restore_best_weights"": true, ""verbose"": 0}, ""cv"": {""k"": 3, ""seed"": 42, ""shuffle"": true}, ""data"": {""train_path"": ""data/MONK/MONK1/monks-1.train""}, ""model"": {""activation"": ""relu"", ""dropout"": 0.0, ""hidden_units"": [8]}, ""optim"": {""lr"": 0.1, ""momentum"": 0.9, ""name"": ""sgd""}, ""regularizer"": {""l2"": ""1e-1""}, ""seed"": 42, ""split"": {""stratified"": true, ""val_size"": 0.2}, ""training"": {""batch_size"": 32, ""epochs"": 800, ""include_reg_in_val"": false, ""shuffle"": true}}"
af6c1477838c,1,0.5759295134501101,0.0,0.5759295134501101,0.0,0.84,0.0,779.0,0.0,"{""callbacks"": {""early_stopping"": true, ""min_delta"": 0.0, ""mode"": ""auto"", ""monitor"": ""val_loss"", ""patience"": 40, ""restore_best_weights"": true, ""verbose"": 0}, ""cv"": {""k"": 3, ""seed"": 42, ""shuffle"": true}, ""data"": {""train_path"": ""data/MONK/MONK1/monks-1.train""}, ""model"": {""activation"": ""tanh"", ""dropout"": 0.0, ""hidden_units"": [8]}, ""optim"": {""lr"": 0.01, ""momentum"": 0.0, ""name"": ""sgd""}, ""regularizer"": {""l2"": ""1e-1""}, ""seed"": 42, ""split"": {""stratified"": true, ""val_size"": 0.2}, ""training"": {""batch_size"": 32, ""epochs"": 800, ""include_reg_in_val"": false, ""shuffle"": true}}"
8b418618b4af,1,0.5766530909607824,0.0,0.5766530909607824,0.0,0.84,0.0,742.0,0.0,"{""callbacks"": {""early_stopping"": true, ""min_delta"": 0.0, ""mode"": ""auto"", ""monitor"": ""val_loss"", ""patience"": 40, ""restore_best_weights"": true, ""verbose"": 0}, ""cv"": {""k"": 3, ""seed"": 42, ""shuffle"": true}, ""data"": {""train_path"": ""data/MONK/MONK1/monks-1.train""}, ""model"": {""activation"": ""tanh"", ""dropout"": 0.2, ""hidden_units"": [8]}, ""optim"": {""lr"": 0.01, ""momentum"": 0.1, ""name"": ""sgd""}, ""regularizer"": {""l2"": ""1e-1""}, ""seed"": 42, ""split"": {""stratified"": true, ""val_size"": 0.2}, ""training"": {""batch_size"": 32, ""epochs"": 800, ""include_reg_in_val"": false, ""shuffle"": true}}"
ab6a64e60baf,1,0.5766939988682217,0.0,0.5766939988682217,0.0,0.84,0.0,528.0,0.0,"{""callbacks"": {""early_stopping"": true, ""min_delta"": 0.0, ""mode"": ""auto"", ""monitor"": ""val_loss"", ""patience"": 40, ""restore_best_weights"": true, ""verbose"": 0}, ""cv"": {""k"": 3, ""seed"": 42, ""shuffle"": true}, ""data"": {""train_path"": ""data/MONK/MONK1/monks-1.train""}, ""model"": {""activation"": ""tanh"", ""dropout"": 0.2, ""hidden_units"": [8]}, ""optim"": {""lr"": 0.01, ""momentum"": 0.0, ""name"": ""sgd""}, ""regularizer"": {""l2"": ""1e-1""}, ""seed"": 42, ""split"": {""stratified"": true, ""val_size"": 0.2}, ""training"": {""batch_size"": 16, ""epochs"": 800, ""include_reg_in_val"": false, ""shuffle"": true}}"
e762a9b1c8b1,1,0.577815663227169,0.0,0.577815663227169,0.0,0.84,0.0,67.0,0.0,"{""callbacks"": {""early_stopping"": true, ""min_delta"": 0.0, ""mode"": ""auto"", ""monitor"": ""val_loss"", ""patience"": 40, ""restore_best_weights"": true, ""verbose"": 0}, ""cv"": {""k"": 3, ""seed"": 42, ""shuffle"": true}, ""data"": {""train_path"": ""data/MONK/MONK1/monks-1.train""}, ""model"": {""activation"": ""tanh"", ""dropout"": 0.2, ""hidden_units"": [8]}, ""optim"": {""lr"": 0.1, ""momentum"": 0.1, ""name"": ""sgd""}, ""regularizer"": {""l2"": ""1e-1""}, ""seed"": 42, ""split"": {""stratified"": true, ""val_size"": 0.2}, ""training"": {""batch_size"": 32, ""epochs"": 800, ""include_reg_in_val"": false, ""shuffle"": true}}"
b15a0a581bbb,1,0.5778984878031366,0.0,0.5778984878031366,0.0,0.8,0.0,67.0,0.0,"{""callbacks"": {""early_stopping"": true, ""min_delta"": 0.0, ""mode"": ""auto"", ""monitor"": ""val_loss"", ""patience"": 40, ""restore_best_weights"": true, ""verbose"": 0}, ""cv"": {""k"": 3, ""seed"": 42, ""shuffle"": true}, ""data"": {""train_path"": ""data/MONK/MONK1/monks-1.train""}, ""model"": {""activation"": ""tanh"", ""dropout"": 0.0, ""hidden_units"": [4]}, ""optim"": {""lr"": 0.1, ""momentum"": 0.1, ""name"": ""sgd""}, ""regularizer"": {""l2"": ""1e-1""}, ""seed"": 42, ""split"": {""stratified"": true, ""val_size"": 0.2}, ""training"": {""batch_size"": 16, ""epochs"": 800, ""include_reg_in_val"": false, ""shuffle"": true}}"
7a25f0740676,1,0.577933111823241,0.0,0.577933111823241,0.0,0.88,0.0,50.0,0.0,"{""callbacks"": {""early_stopping"": true, ""min_delta"": 0.0, ""mode"": ""auto"", ""monitor"": ""val_loss"", ""patience"": 40, ""restore_best_weights"": true, ""verbose"": 0}, ""cv"": {""k"": 3, ""seed"": 42, ""shuffle"": true}, ""data"": {""train_path"": ""data/MONK/MONK1/monks-1.train""}, ""model"": {""activation"": ""tanh"", ""dropout"": 0.0, ""hidden_units"": [4]}, ""optim"": {""lr"": 0.01, ""momentum"": 0.9, ""name"": ""sgd""}, ""regularizer"": {""l2"": ""1e-1""}, ""seed"": 42, ""split"": {""stratified"": true, ""val_size"": 0.2}, ""training"": {""batch_size"": 16, ""epochs"": 800, ""include_reg_in_val"": false, ""shuffle"": true}}"
3ff08271a92f,1,0.5784722090289808,0.0,0.5784722090289808,0.0,0.8,0.0,67.0,0.0,"{""callbacks"": {""early_stopping"": true, ""min_delta"": 0.0, ""mode"": ""auto"", ""monitor"": ""val_loss"", ""patience"": 40, ""restore_best_weights"": true, ""verbose"": 0}, ""cv"": {""k"": 3, ""seed"": 42, ""shuffle"": true}, ""data"": {""train_path"": ""data/MONK/MONK1/monks-1.train""}, ""model"": {""activation"": ""tanh"", ""dropout"": 0.0, ""hidden_units"": [4]}, ""optim"": {""lr"": 0.1, ""momentum"": 0.0, ""name"": ""sgd""}, ""regularizer"": {""l2"": ""1e-1""}, ""seed"": 42, ""split"": {""stratified"": true, ""val_size"": 0.2}, ""training"": {""batch_size"": 16, ""epochs"": 800, ""include_reg_in_val"": false, ""shuffle"": true}}"
f170d2d554b0,1,0.5793057149654223,0.0,0.5793057149654223,0.0,0.84,0.0,528.0,0.0,"{""callbacks"": {""early_stopping"": true, ""min_delta"": 0.0, ""mode"": ""auto"", ""monitor"": ""val_loss"", ""patience"": 40, ""restore_best_weights"": true, ""verbose"": 0}, ""cv"": {""k"": 3, ""seed"": 42, ""shuffle"": true}, ""data"": {""train_path"": ""data/MONK/MONK1/monks-1.train""}, ""model"": {""activation"": ""tanh"", ""dropout"": 0.0, ""hidden_units"": [4]}, ""optim"": {""lr"": 0.01, ""momentum"": 0.1, ""name"": ""sgd""}, ""regularizer"": {""l2"": ""1e-1""}, ""seed"": 42, ""split"": {""stratified"": true, ""val_size"": 0.2}, ""training"": {""batch_size"": 16, ""epochs"": 800, ""include_reg_in_val"": false, ""shuffle"": true}}"
53e093bea42f,1,0.5797903943794798,0.0,0.5797903943794798,0.0,0.84,0.0,43.0,0.0,"{""callbacks"": {""early_stopping"": true, ""min_delta"": 0.0, ""mode"": ""auto"", ""monitor"": ""val_loss"", ""patience"": 40, ""restore_best_weights"": true, ""verbose"": 0}, ""cv"": {""k"": 3, ""seed"": 42, ""shuffle"": true}, ""data"": {""train_path"": ""data/MONK/MONK1/monks-1.train""}, ""model"": {""activation"": ""tanh"", ""dropout"": 0.2, ""hidden_units"": [4]}, ""optim"": {""lr"": 0.2, ""momentum"": 0.1, ""name"": ""sgd""}, ""regularizer"": {""l2"": ""1e-1""}, ""seed"": 42, ""split"": {""stratified"": true, ""val_size"": 0.2}, ""training"": {""batch_size"": 16, ""epochs"": 800, ""include_reg_in_val"": false, ""shuffle"": true}}"
b88fb92d9c91,1,0.5799297405962044,0.0,0.5799297405962044,0.0,0.8,0.0,68.0,0.0,"{""callbacks"": {""early_stopping"": true, ""min_delta"": 0.0, ""mode"": ""auto"", ""monitor"": ""val_loss"", ""patience"": 40, ""restore_best_weights"": true, ""verbose"": 0}, ""cv"": {""k"": 3, ""seed"": 42, ""shuffle"": true}, ""data"": {""train_path"": ""data/MONK/MONK1/monks-1.train""}, ""model"": {""activation"": ""tanh"", ""dropout"": 0.2, ""hidden_units"": [8]}, ""optim"": {""lr"": 0.01, ""momentum"": 0.9, ""name"": ""sgd""}, ""regularizer"": {""l2"": ""1e-1""}, ""seed"": 42, ""split"": {""stratified"": true, ""val_size"": 0.2}, ""training"": {""batch_size"": 32, ""epochs"": 800, ""include_reg_in_val"": false, ""shuffle"": true}}"
e94d4833a3c2,1,0.5801420504271693,0.0,0.5801420504271693,0.0,0.84,0.0,43.0,0.0,"{""callbacks"": {""early_stopping"": true, ""min_delta"": 0.0, ""mode"": ""auto"", ""monitor"": ""val_loss"", ""patience"": 40, ""restore_best_weights"": true, ""verbose"": 0}, ""cv"": {""k"": 3, ""seed"": 42, ""shuffle"": true}, ""data"": {""train_path"": ""data/MONK/MONK1/monks-1.train""}, ""model"": {""activation"": ""tanh"", ""dropout"": 0.2, ""hidden_units"": [4]}, ""optim"": {""lr"": 0.2, ""momentum"": 0.0, ""name"": ""sgd""}, ""regularizer"": {""l2"": ""1e-1""}, ""seed"": 42, ""split"": {""stratified"": true, ""val_size"": 0.2}, ""training"": {""batch_size"": 16, ""epochs"": 800, ""include_reg_in_val"": false, ""shuffle"": true}}"
4876b4b8a5ca,1,0.5802618213845954,0.0,0.5802618213845954,0.0,0.84,0.0,800.0,0.0,"{""callbacks"": {""early_stopping"": true, ""min_delta"": 0.0, ""mode"": ""auto"", ""monitor"": ""val_loss"", ""patience"": 40, ""restore_best_weights"": true, ""verbose"": 0}, ""cv"": {""k"": 3, ""seed"": 42, ""shuffle"": true}, ""data"": {""train_path"": ""data/MONK/MONK1/monks-1.train""}, ""model"": {""activation"": ""sigmoid"", ""dropout"": 0.2, ""hidden_units"": [8]}, ""optim"": {""lr"": 0.01, ""momentum"": 0.0, ""name"": ""sgd""}, ""regularizer"": {""l2"": 0.0}, ""seed"": 42, ""split"": {""stratified"": true, ""val_size"": 0.2}, ""training"": {""batch_size"": 16, ""epochs"": 800, ""include_reg_in_val"": false, ""shuffle"": true}}"
c7ea6a42400f,1,0.5803568576712252,0.0,0.5803568576712252,0.0,0.8,0.0,67.0,0.0,"{""callbacks"": {""early_stopping"": true, ""min_delta"": 0.0, ""mode"": ""auto"", ""monitor"": ""val_loss"", ""patience"": 40, ""restore_best_weights"": true, ""verbose"": 0}, ""cv"": {""k"": 3, ""seed"": 42, ""shuffle"": true}, ""data"": {""train_path"": ""data/MONK/MONK1/monks-1.train""}, ""model"": {""activation"": ""tanh"", ""dropout"": 0.2, ""hidden_units"": [8]}, ""optim"": {""lr"": 0.1, ""momentum"": 0.0, ""name"": ""sgd""}, ""regularizer"": {""l2"": ""1e-1""}, ""seed"": 42, ""split"": {""stratified"": true, ""val_size"": 0.2}, ""training"": {""batch_size"": 32, ""epochs"": 800, ""include_reg_in_val"": false, ""shuffle"": true}}"
0d1be3c2f230,1,0.5804232705523125,0.0,0.5804232705523125,0.0,0.84,0.0,48.0,0.0,"{""callbacks"": {""early_stopping"": true, ""min_delta"": 0.0, ""mode"": ""auto"", ""monitor"": ""val_loss"", ""patience"": 40, ""restore_best_weights"": true, ""verbose"": 0}, ""cv"": {""k"": 3, ""seed"": 42, ""shuffle"": true}, ""data"": {""train_path"": ""data/MONK/MONK1/monks-1.train""}, ""model"": {""activation"": ""tanh"", ""dropout"": 0.2, ""hidden_units"": [4]}, ""optim"": {""lr"": 0.2, ""momentum"": 0.1, ""name"": ""sgd""}, ""regularizer"": {""l2"": ""1e-1""}, ""seed"": 42, ""split"": {""stratified"": true, ""val_size"": 0.2}, ""training"": {""batch_size"": 32, ""epochs"": 800, ""include_reg_in_val"": false, ""shuffle"": true}}"
93a1f1a8bc4d,1,0.5808177997702998,0.0,0.5808177997702998,0.0,0.84,0.0,779.0,0.0,"{""callbacks"": {""early_stopping"": true, ""min_delta"": 0.0, ""mode"": ""auto"", ""monitor"": ""val_loss"", ""patience"": 40, ""restore_best_weights"": true, ""verbose"": 0}, ""cv"": {""k"": 3, ""seed"": 42, ""shuffle"": true}, ""data"": {""train_path"": ""data/MONK/MONK1/monks-1.train""}, ""model"": {""activation"": ""tanh"", ""dropout"": 0.2, ""hidden_units"": [8]}, ""optim"": {""lr"": 0.01, ""momentum"": 0.0, ""name"": ""sgd""}, ""regularizer"": {""l2"": ""1e-1""}, ""seed"": 42, ""split"": {""stratified"": true, ""val_size"": 0.2}, ""training"": {""batch_size"": 32, ""epochs"": 800, ""include_reg_in_val"": false, ""shuffle"": true}}"
967a3a78c49f,1,0.5811378055242781,0.0,0.5811378055242781,0.0,0.88,0.0,789.0,0.0,"{""callbacks"": {""early_stopping"": true, ""min_delta"": 0.0, ""mode"": ""auto"", ""monitor"": ""val_loss"", ""patience"": 40, ""restore_best_weights"": true, ""verbose"": 0}, ""cv"": {""k"": 3, ""seed"": 42, ""shuffle"": true}, ""data"": {""train_path"": ""data/MONK/MONK1/monks-1.train""}, ""model"": {""activation"": ""relu"", ""dropout"": 0.2, ""hidden_units"": [4]}, ""optim"": {""lr"": 0.01, ""momentum"": 0.0, ""name"": ""sgd""}, ""regularizer"": {""l2"": ""1e-1""}, ""seed"": 42, ""split"": {""stratified"": true, ""val_size"": 0.2}, ""training"": {""batch_size"": 32, ""epochs"": 800, ""include_reg_in_val"": false, ""shuffle"": true}}"
f3f6fc70e5c4,1,0.5812299199425118,0.0,0.5812299199425118,0.0,0.84,0.0,528.0,0.0,"{""callbacks"": {""early_stopping"": true, ""min_delta"": 0.0, ""mode"": ""auto"", ""monitor"": ""val_loss"", ""patience"": 40, ""restore_best_weights"": true, ""verbose"": 0}, ""cv"": {""k"": 3, ""seed"": 42, ""shuffle"": true}, ""data"": {""train_path"": ""data/MONK/MONK1/monks-1.train""}, ""model"": {""activation"": ""tanh"", ""dropout"": 0.0, ""hidden_units"": [4]}, ""optim"": {""lr"": 0.01, ""momentum"": 0.0, ""name"": ""sgd""}, ""regularizer"": {""l2"": ""1e-1""}, ""seed"": 42, ""split"": {""stratified"": true, ""val_size"": 0.2}, ""training"": {""batch_size"": 16, ""epochs"": 800, ""include_reg_in_val"": false, ""shuffle"": true}}"
aa638b1800f5,1,0.5818971884983011,0.0,0.5818971884983011,0.0,0.84,0.0,48.0,0.0,"{""callbacks"": {""early_stopping"": true, ""min_delta"": 0.0, ""mode"": ""auto"", ""monitor"": ""val_loss"", ""patience"": 40, ""restore_best_weights"": true, ""verbose"": 0}, ""cv"": {""k"": 3, ""seed"": 42, ""shuffle"": true}, ""data"": {""train_path"": ""data/MONK/MONK1/monks-1.train""}, ""model"": {""activation"": ""tanh"", ""dropout"": 0.2, ""hidden_units"": [4]}, ""optim"": {""lr"": 0.2, ""momentum"": 0.0, ""name"": ""sgd""}, ""regularizer"": {""l2"": ""1e-1""}, ""seed"": 42, ""split"": {""stratified"": true, ""val_size"": 0.2}, ""training"": {""batch_size"": 32, ""epochs"": 800, ""include_reg_in_val"": false, ""shuffle"": true}}"
a0122d3dd5a3,1,0.5819134709002419,0.0,0.5819134709002419,0.0,0.84,0.0,528.0,0.0,"{""callbacks"": {""early_stopping"": true, ""min_delta"": 0.0, ""mode"": ""auto"", ""monitor"": ""val_loss"", ""patience"": 40, ""restore_best_weights"": true, ""verbose"": 0}, ""cv"": {""k"": 3, ""seed"": 42, ""shuffle"": true}, ""data"": {""train_path"": ""data/MONK/MONK1/monks-1.train""}, ""model"": {""activation"": ""tanh"", ""dropout"": 0.0, ""hidden_units"": [8]}, ""optim"": {""lr"": 0.01, ""momentum"": 0.1, ""name"": ""sgd""}, ""regularizer"": {""l2"": ""1e-1""}, ""seed"": 42, ""split"": {""stratified"": true, ""val_size"": 0.2}, ""training"": {""batch_size"": 32, ""epochs"": 800, ""include_reg_in_val"": false, ""shuffle"": true}}"
db4697e60ee2,1,0.5822855625665909,0.0,0.5822855625665909,0.0,0.84,0.0,799.0,0.0,"{""callbacks"": {""early_stopping"": true, ""min_delta"": 0.0, ""mode"": ""auto"", ""monitor"": ""val_loss"", ""patience"": 40, ""restore_best_weights"": true, ""verbose"": 0}, ""cv"": {""k"": 3, ""seed"": 42, ""shuffle"": true}, ""data"": {""train_path"": ""data/MONK/MONK1/monks-1.train""}, ""model"": {""activation"": ""sigmoid"", ""dropout"": 0.0, ""hidden_units"": [8]}, ""optim"": {""lr"": 0.01, ""momentum"": 0.0, ""name"": ""sgd""}, ""regularizer"": {""l2"": ""1e-2""}, ""seed"": 42, ""split"": {""stratified"": true, ""val_size"": 0.2}, ""training"": {""batch_size"": 16, ""epochs"": 800, ""include_reg_in_val"": false, ""shuffle"": true}}"
452766e6cc8a,1,0.582795319429095,0.0,0.582795319429095,0.0,0.84,0.0,781.0,0.0,"{""callbacks"": {""early_stopping"": true, ""min_delta"": 0.0, ""mode"": ""auto"", ""monitor"": ""val_loss"", ""patience"": 40, ""restore_best_weights"": true, ""verbose"": 0}, ""cv"": {""k"": 3, ""seed"": 42, ""shuffle"": true}, ""data"": {""train_path"": ""data/MONK/MONK1/monks-1.train""}, ""model"": {""activation"": ""tanh"", ""dropout"": 0.0, ""hidden_units"": [4]}, ""optim"": {""lr"": 0.01, ""momentum"": 0.1, ""name"": ""sgd""}, ""regularizer"": {""l2"": ""1e-1""}, ""seed"": 42, ""split"": {""stratified"": true, ""val_size"": 0.2}, ""training"": {""batch_size"": 32, ""epochs"": 800, ""include_reg_in_val"": false, ""shuffle"": true}}"
d5e025fa9232,1,0.5837264736267093,0.0,0.5837264736267093,0.0,0.84,0.0,67.0,0.0,"{""callbacks"": {""early_stopping"": true, ""min_delta"": 0.0, ""mode"": ""auto"", ""monitor"": ""val_loss"", ""patience"": 40, ""restore_best_weights"": true, ""verbose"": 0}, ""cv"": {""k"": 3, ""seed"": 42, ""shuffle"": true}, ""data"": {""train_path"": ""data/MONK/MONK1/monks-1.train""}, ""model"": {""activation"": ""tanh"", ""dropout"": 0.0, ""hidden_units"": [4]}, ""optim"": {""lr"": 0.1, ""momentum"": 0.1, ""name"": ""sgd""}, ""regularizer"": {""l2"": ""1e-1""}, ""seed"": 42, ""split"": {""stratified"": true, ""val_size"": 0.2}, ""training"": {""batch_size"": 32, ""epochs"": 800, ""include_reg_in_val"": false, ""shuffle"": true}}"
6ded27742c77,1,0.5844505530593218,0.0,0.5844505530593218,0.0,0.84,0.0,63.0,0.0,"{""callbacks"": {""early_stopping"": true, ""min_delta"": 0.0, ""mode"": ""auto"", ""monitor"": ""val_loss"", ""patience"": 40, ""restore_best_weights"": true, ""verbose"": 0}, ""cv"": {""k"": 3, ""seed"": 42, ""shuffle"": true}, ""data"": {""train_path"": ""data/MONK/MONK1/monks-1.train""}, ""model"": {""activation"": ""tanh"", ""dropout"": 0.2, ""hidden_units"": [4]}, ""optim"": {""lr"": 0.01, ""momentum"": 0.9, ""name"": ""sgd""}, ""regularizer"": {""l2"": ""1e-1""}, ""seed"": 42, ""split"": {""stratified"": true, ""val_size"": 0.2}, ""training"": {""batch_size"": 16, ""epochs"": 800, ""include_reg_in_val"": false, ""shuffle"": true}}"
4ec7a72b330f,1,0.5844845139433557,0.0,0.5844845139433557,0.0,0.84,0.0,67.0,0.0,"{""callbacks"": {""early_stopping"": true, ""min_delta"": 0.0, ""mode"": ""auto"", ""monitor"": ""val_loss"", ""patience"": 40, ""restore_best_weights"": true, ""verbose"": 0}, ""cv"": {""k"": 3, ""seed"": 42, ""shuffle"": true}, ""data"": {""train_path"": ""data/MONK/MONK1/monks-1.train""}, ""model"": {""activation"": ""tanh"", ""dropout"": 0.2, ""hidden_units"": [4]}, ""optim"": {""lr"": 0.1, ""momentum"": 0.1, ""name"": ""sgd""}, ""regularizer"": {""l2"": ""1e-1""}, ""seed"": 42, ""split"": {""stratified"": true, ""val_size"": 0.2}, ""training"": {""batch_size"": 16, ""epochs"": 800, ""include_reg_in_val"": false, ""shuffle"": true}}"
8c4be241ab1a,1,0.5849219442286377,0.0,0.5849219442286377,0.0,0.84,0.0,67.0,0.0,"{""callbacks"": {""early_stopping"": true, ""min_delta"": 0.0, ""mode"": ""auto"", ""monitor"": ""val_loss"", ""patience"": 40, ""restore_best_weights"": true, ""verbose"": 0}, ""cv"": {""k"": 3, ""seed"": 42, ""shuffle"": true}, ""data"": {""train_path"": ""data/MONK/MONK1/monks-1.train""}, ""model"": {""activation"": ""tanh"", ""dropout"": 0.2, ""hidden_units"": [4]}, ""optim"": {""lr"": 0.1, ""momentum"": 0.0, ""name"": ""sgd""}, ""regularizer"": {""l2"": ""1e-1""}, ""seed"": 42, ""split"": {""stratified"": true, ""val_size"": 0.2}, ""training"": {""batch_size"": 16, ""epochs"": 800, ""include_reg_in_val"": false, ""shuffle"": true}}"
81f80a2c64f3,1,0.5850682657756535,0.0,0.5850682657756535,0.0,0.84,0.0,781.0,0.0,"{""callbacks"": {""early_stopping"": true, ""min_delta"": 0.0, ""mode"": ""auto"", ""monitor"": ""val_loss"", ""patience"": 40, ""restore_best_weights"": true, ""verbose"": 0}, ""cv"": {""k"": 3, ""seed"": 42, ""shuffle"": true}, ""data"": {""train_path"": ""data/MONK/MONK1/monks-1.train""}, ""model"": {""activation"": ""tanh"", ""dropout"": 0.0, ""hidden_units"": [4]}, ""optim"": {""lr"": 0.01, ""momentum"": 0.0, ""name"": ""sgd""}, ""regularizer"": {""l2"": ""1e-1""}, ""seed"": 42, ""split"": {""stratified"": true, ""val_size"": 0.2}, ""training"": {""batch_size"": 32, ""epochs"": 800, ""include_reg_in_val"": false, ""shuffle"": true}}"
dcccc3ca47d2,1,0.5853722185976175,0.0,0.5853722185976175,0.0,0.84,0.0,799.0,0.0,"{""callbacks"": {""early_stopping"": true, ""min_delta"": 0.0, ""mode"": ""auto"", ""monitor"": ""val_loss"", ""patience"": 40, ""restore_best_weights"": true, ""verbose"": 0}, ""cv"": {""k"": 3, ""seed"": 42, ""shuffle"": true}, ""data"": {""train_path"": ""data/MONK/MONK1/monks-1.train""}, ""model"": {""activation"": ""sigmoid"", ""dropout"": 0.2, ""hidden_units"": [8]}, ""optim"": {""lr"": 0.01, ""momentum"": 0.0, ""name"": ""sgd""}, ""regularizer"": {""l2"": ""1e-3""}, ""seed"": 42, ""split"": {""stratified"": true, ""val_size"": 0.2}, ""training"": {""batch_size"": 16, ""epochs"": 800, ""include_reg_in_val"": false, ""shuffle"": true}}"
3280b5d9e6aa,1,0.5857870833324406,0.0,0.5857870833324406,0.0,0.84,0.0,524.0,0.0,"{""callbacks"": {""early_stopping"": true, ""min_delta"": 0.0, ""mode"": ""auto"", ""monitor"": ""val_loss"", ""patience"": 40, ""restore_best_weights"": true, ""verbose"": 0}, ""cv"": {""k"": 3, ""seed"": 42, ""shuffle"": true}, ""data"": {""train_path"": ""data/MONK/MONK1/monks-1.train""}, ""model"": {""activation"": ""tanh"", ""dropout"": 0.2, ""hidden_units"": [4]}, ""optim"": {""lr"": 0.01, ""momentum"": 0.1, ""name"": ""sgd""}, ""regularizer"": {""l2"": ""1e-1""}, ""seed"": 42, ""split"": {""stratified"": true, ""val_size"": 0.2}, ""training"": {""batch_size"": 16, ""epochs"": 800, ""include_reg_in_val"": false, ""shuffle"": true}}"
f286fff6724a,1,0.5863757834701296,0.0,0.5863757834701296,0.0,0.84,0.0,67.0,0.0,"{""callbacks"": {""early_stopping"": true, ""min_delta"": 0.0, ""mode"": ""auto"", ""monitor"": ""val_loss"", ""patience"": 40, ""restore_best_weights"": true, ""verbose"": 0}, ""cv"": {""k"": 3, ""seed"": 42, ""shuffle"": true}, ""data"": {""train_path"": ""data/MONK/MONK1/monks-1.train""}, ""model"": {""activation"": ""tanh"", ""dropout"": 0.0, ""hidden_units"": [4]}, ""optim"": {""lr"": 0.1, ""momentum"": 0.0, ""name"": ""sgd""}, ""regularizer"": {""l2"": ""1e-1""}, ""seed"": 42, ""split"": {""stratified"": true, ""val_size"": 0.2}, ""training"": {""batch_size"": 32, ""epochs"": 800, ""include_reg_in_val"": false, ""shuffle"": true}}"
73bb66b2af67,1,0.5870343057672006,0.0,0.5870343057672006,0.0,0.84,0.0,68.0,0.0,"{""callbacks"": {""early_stopping"": true, ""min_delta"": 0.0, ""mode"": ""auto"", ""monitor"": ""val_loss"", ""patience"": 40, ""restore_best_weights"": true, ""verbose"": 0}, ""cv"": {""k"": 3, ""seed"": 42, ""shuffle"": true}, ""data"": {""train_path"": ""data/MONK/MONK1/monks-1.train""}, ""model"": {""activation"": ""tanh"", ""dropout"": 0.0, ""hidden_units"": [4]}, ""optim"": {""lr"": 0.01, ""momentum"": 0.9, ""name"": ""sgd""}, ""regularizer"": {""l2"": ""1e-1""}, ""seed"": 42, ""split"": {""stratified"": true, ""val_size"": 0.2}, ""training"": {""batch_size"": 32, ""epochs"": 800, ""include_reg_in_val"": false, ""shuffle"": true}}"
978d16fb32d8,1,0.5877392222461677,0.0,0.5877392222461677,0.0,0.84,0.0,528.0,0.0,"{""callbacks"": {""early_stopping"": true, ""min_delta"": 0.0, ""mode"": ""auto"", ""monitor"": ""val_loss"", ""patience"": 40, ""restore_best_weights"": true, ""verbose"": 0}, ""cv"": {""k"": 3, ""seed"": 42, ""shuffle"": true}, ""data"": {""train_path"": ""data/MONK/MONK1/monks-1.train""}, ""model"": {""activation"": ""tanh"", ""dropout"": 0.2, ""hidden_units"": [4]}, ""optim"": {""lr"": 0.01, ""momentum"": 0.0, ""name"": ""sgd""}, ""regularizer"": {""l2"": ""1e-1""}, ""seed"": 42, ""split"": {""stratified"": true, ""val_size"": 0.2}, ""training"": {""batch_size"": 16, ""epochs"": 800, ""include_reg_in_val"": false, ""shuffle"": true}}"
1025e8b4eddd,1,0.5899170887648517,0.0,0.5899170887648517,0.0,0.84,0.0,785.0,0.0,"{""callbacks"": {""early_stopping"": true, ""min_delta"": 0.0, ""mode"": ""auto"", ""monitor"": ""val_loss"", ""patience"": 40, ""restore_best_weights"": true, ""verbose"": 0}, ""cv"": {""k"": 3, ""seed"": 42, ""shuffle"": true}, ""data"": {""train_path"": ""data/MONK/MONK1/monks-1.train""}, ""model"": {""activation"": ""tanh"", ""dropout"": 0.2, ""hidden_units"": [4]}, ""optim"": {""lr"": 0.01, ""momentum"": 0.1, ""name"": ""sgd""}, ""regularizer"": {""l2"": ""1e-1""}, ""seed"": 42, ""split"": {""stratified"": true, ""val_size"": 0.2}, ""training"": {""batch_size"": 32, ""epochs"": 800, ""include_reg_in_val"": false, ""shuffle"": true}}"
6630edac0de3,1,0.5900989074867239,0.0,0.5900989074867239,0.0,0.84,0.0,67.0,0.0,"{""callbacks"": {""early_stopping"": true, ""min_delta"": 0.0, ""mode"": ""auto"", ""monitor"": ""val_loss"", ""patience"": 40, ""restore_best_weights"": true, ""verbose"": 0}, ""cv"": {""k"": 3, ""seed"": 42, ""shuffle"": true}, ""data"": {""train_path"": ""data/MONK/MONK1/monks-1.train""}, ""model"": {""activation"": ""tanh"", ""dropout"": 0.2, ""hidden_units"": [4]}, ""optim"": {""lr"": 0.1, ""momentum"": 0.1, ""name"": ""sgd""}, ""regularizer"": {""l2"": ""1e-1""}, ""seed"": 42, ""split"": {""stratified"": true, ""val_size"": 0.2}, ""training"": {""batch_size"": 32, ""epochs"": 800, ""include_reg_in_val"": false, ""shuffle"": true}}"
9916e8fae407,1,0.5921108935348546,0.0,0.5921108935348546,0.0,0.84,0.0,791.0,0.0,"{""callbacks"": {""early_stopping"": true, ""min_delta"": 0.0, ""mode"": ""auto"", ""monitor"": ""val_loss"", ""patience"": 40, ""restore_best_weights"": true, ""verbose"": 0}, ""cv"": {""k"": 3, ""seed"": 42, ""shuffle"": true}, ""data"": {""train_path"": ""data/MONK/MONK1/monks-1.train""}, ""model"": {""activation"": ""tanh"", ""dropout"": 0.2, ""hidden_units"": [4]}, ""optim"": {""lr"": 0.01, ""momentum"": 0.0, ""name"": ""sgd""}, ""regularizer"": {""l2"": ""1e-1""}, ""seed"": 42, ""split"": {""stratified"": true, ""val_size"": 0.2}, ""training"": {""batch_size"": 32, ""epochs"": 800, ""include_reg_in_val"": false, ""shuffle"": true}}"
ddf0b71cd13f,1,0.592418308307926,0.0,0.592418308307926,0.0,0.84,0.0,67.0,0.0,"{""callbacks"": {""early_stopping"": true, ""min_delta"": 0.0, ""mode"": ""auto"", ""monitor"": ""val_loss"", ""patience"": 40, ""restore_best_weights"": true, ""verbose"": 0}, ""cv"": {""k"": 3, ""seed"": 42, ""shuffle"": true}, ""data"": {""train_path"": ""data/MONK/MONK1/monks-1.train""}, ""model"": {""activation"": ""tanh"", ""dropout"": 0.2, ""hidden_units"": [4]}, ""optim"": {""lr"": 0.1, ""momentum"": 0.0, ""name"": ""sgd""}, ""regularizer"": {""l2"": ""1e-1""}, ""seed"": 42, ""split"": {""stratified"": true, ""val_size"": 0.2}, ""training"": {""batch_size"": 32, ""epochs"": 800, ""include_reg_in_val"": false, ""shuffle"": true}}"
e5b45b62cb12,1,0.5937223117253049,0.0,0.5937223117253049,0.0,0.84,0.0,68.0,0.0,"{""callbacks"": {""early_stopping"": true, ""min_delta"": 0.0, ""mode"": ""auto"", ""monitor"": ""val_loss"", ""patience"": 40, ""restore_best_weights"": true, ""verbose"": 0}, ""cv"": {""k"": 3, ""seed"": 42, ""shuffle"": true}, ""data"": {""train_path"": ""data/MONK/MONK1/monks-1.train""}, ""model"": {""activation"": ""tanh"", ""dropout"": 0.2, ""hidden_units"": [4]}, ""optim"": {""lr"": 0.01, ""momentum"": 0.9, ""name"": ""sgd""}, ""regularizer"": {""l2"": ""1e-1""}, ""seed"": 42, ""split"": {""stratified"": true, ""val_size"": 0.2}, ""training"": {""batch_size"": 32, ""epochs"": 800, ""include_reg_in_val"": false, ""shuffle"": true}}"
951697dc4145,1,0.5973901388015291,0.0,0.5973901388015291,0.0,0.76,0.0,50.0,0.0,"{""callbacks"": {""early_stopping"": true, ""min_delta"": 0.0, ""mode"": ""auto"", ""monitor"": ""val_loss"", ""patience"": 40, ""restore_best_weights"": true, ""verbose"": 0}, ""cv"": {""k"": 3, ""seed"": 42, ""shuffle"": true}, ""data"": {""train_path"": ""data/MONK/MONK1/monks-1.train""}, ""model"": {""activation"": ""relu"", ""dropout"": 0.2, ""hidden_units"": [8]}, ""optim"": {""lr"": 0.1, ""momentum"": 0.9, ""name"": ""sgd""}, ""regularizer"": {""l2"": ""1e-1""}, ""seed"": 42, ""split"": {""stratified"": true, ""val_size"": 0.2}, ""training"": {""batch_size"": 32, ""epochs"": 800, ""include_reg_in_val"": false, ""shuffle"": true}}"
4c8478845a5b,1,0.599414416380244,0.0,0.599414416380244,0.0,0.84,0.0,799.0,0.0,"{""callbacks"": {""early_stopping"": true, ""min_delta"": 0.0, ""mode"": ""auto"", ""monitor"": ""val_loss"", ""patience"": 40, ""restore_best_weights"": true, ""verbose"": 0}, ""cv"": {""k"": 3, ""seed"": 42, ""shuffle"": true}, ""data"": {""train_path"": ""data/MONK/MONK1/monks-1.train""}, ""model"": {""activation"": ""relu"", ""dropout"": 0.0, ""hidden_units"": [8]}, ""optim"": {""lr"": 0.01, ""momentum"": 0.1, ""name"": ""sgd""}, ""regularizer"": {""l2"": ""1e-1""}, ""seed"": 42, ""split"": {""stratified"": true, ""val_size"": 0.2}, ""training"": {""batch_size"": 32, ""epochs"": 800, ""include_reg_in_val"": false, ""shuffle"": true}}"
40ad4300d3d1,1,0.5998240297755624,0.0,0.5998240297755624,0.0,0.8,0.0,800.0,0.0,"{""callbacks"": {""early_stopping"": true, ""min_delta"": 0.0, ""mode"": ""auto"", ""monitor"": ""val_loss"", ""patience"": 40, ""restore_best_weights"": true, ""verbose"": 0}, ""cv"": {""k"": 3, ""seed"": 42, ""shuffle"": true}, ""data"": {""train_path"": ""data/MONK/MONK1/monks-1.train""}, ""model"": {""activation"": ""sigmoid"", ""dropout"": 0.0, ""hidden_units"": [4]}, ""optim"": {""lr"": 0.01, ""momentum"": 0.1, ""name"": ""sgd""}, ""regularizer"": {""l2"": ""1e-2""}, ""seed"": 42, ""split"": {""stratified"": true, ""val_size"": 0.2}, ""training"": {""batch_size"": 16, ""epochs"": 800, ""include_reg_in_val"": false, ""shuffle"": true}}"
0165941f4386,1,0.6046938405531739,0.0,0.6046938405531739,0.0,0.72,0.0,800.0,0.0,"{""callbacks"": {""early_stopping"": true, ""min_delta"": 0.0, ""mode"": ""auto"", ""monitor"": ""val_loss"", ""patience"": 40, ""restore_best_weights"": true, ""verbose"": 0}, ""cv"": {""k"": 3, ""seed"": 42, ""shuffle"": true}, ""data"": {""train_path"": ""data/MONK/MONK1/monks-1.train""}, ""model"": {""activation"": ""sigmoid"", ""dropout"": 0.2, ""hidden_units"": [4]}, ""optim"": {""lr"": 0.01, ""momentum"": 0.1, ""name"": ""sgd""}, ""regularizer"": {""l2"": 0.0}, ""seed"": 42, ""split"": {""stratified"": true, ""val_size"": 0.2}, ""training"": {""batch_size"": 16, ""epochs"": 800, ""include_reg_in_val"": false, ""shuffle"": true}}"
85f4ada26299,1,0.6092229985576603,0.0,0.6092229985576603,0.0,0.72,0.0,799.0,0.0,"{""callbacks"": {""early_stopping"": true, ""min_delta"": 0.0, ""mode"": ""auto"", ""monitor"": ""val_loss"", ""patience"": 40, ""restore_best_weights"": true, ""verbose"": 0}, ""cv"": {""k"": 3, ""seed"": 42, ""shuffle"": true}, ""data"": {""train_path"": ""data/MONK/MONK1/monks-1.train""}, ""model"": {""activation"": ""sigmoid"", ""dropout"": 0.2, ""hidden_units"": [4]}, ""optim"": {""lr"": 0.01, ""momentum"": 0.1, ""name"": ""sgd""}, ""regularizer"": {""l2"": ""1e-3""}, ""seed"": 42, ""split"": {""stratified"": true, ""val_size"": 0.2}, ""training"": {""batch_size"": 16, ""epochs"": 800, ""include_reg_in_val"": false, ""shuffle"": true}}"
542bd153649d,1,0.6100572438406452,0.0,0.6100572438406452,0.0,0.8,0.0,797.0,0.0,"{""callbacks"": {""early_stopping"": true, ""min_delta"": 0.0, ""mode"": ""auto"", ""monitor"": ""val_loss"", ""patience"": 40, ""restore_best_weights"": true, ""verbose"": 0}, ""cv"": {""k"": 3, ""seed"": 42, ""shuffle"": true}, ""data"": {""train_path"": ""data/MONK/MONK1/monks-1.train""}, ""model"": {""activation"": ""sigmoid"", ""dropout"": 0.0, ""hidden_units"": [8]}, ""optim"": {""lr"": 0.01, ""momentum"": 0.1, ""name"": ""sgd""}, ""regularizer"": {""l2"": 0.0}, ""seed"": 42, ""split"": {""stratified"": true, ""val_size"": 0.2}, ""training"": {""batch_size"": 32, ""epochs"": 800, ""include_reg_in_val"": false, ""shuffle"": true}}"
15ea59bac3c5,1,0.6111597226682368,0.0,0.6111597226682368,0.0,0.84,0.0,799.0,0.0,"{""callbacks"": {""early_stopping"": true, ""min_delta"": 0.0, ""mode"": ""auto"", ""monitor"": ""val_loss"", ""patience"": 40, ""restore_best_weights"": true, ""verbose"": 0}, ""cv"": {""k"": 3, ""seed"": 42, ""shuffle"": true}, ""data"": {""train_path"": ""data/MONK/MONK1/monks-1.train""}, ""model"": {""activation"": ""relu"", ""dropout"": 0.2, ""hidden_units"": [8]}, ""optim"": {""lr"": 0.01, ""momentum"": 0.1, ""name"": ""sgd""}, ""regularizer"": {""l2"": ""1e-1""}, ""seed"": 42, ""split"": {""stratified"": true, ""val_size"": 0.2}, ""training"": {""batch_size"": 32, ""epochs"": 800, ""include_reg_in_val"": false, ""shuffle"": true}}"
d6fa4f5cb98d,1,0.6119583998794534,0.0,0.6119583998794534,0.0,0.84,0.0,32.0,0.0,"{""callbacks"": {""early_stopping"": true, ""min_delta"": 0.0, ""mode"": ""auto"", ""monitor"": ""val_loss"", ""patience"": 40, ""restore_best_weights"": true, ""verbose"": 0}, ""cv"": {""k"": 3, ""seed"": 42, ""shuffle"": true}, ""data"": {""train_path"": ""data/MONK/MONK1/monks-1.train""}, ""model"": {""activation"": ""relu"", ""dropout"": 0.2, ""hidden_units"": [8]}, ""optim"": {""lr"": 0.2, ""momentum"": 0.9, ""name"": ""sgd""}, ""regularizer"": {""l2"": ""1e-1""}, ""seed"": 42, ""split"": {""stratified"": true, ""val_size"": 0.2}, ""training"": {""batch_size"": 16, ""epochs"": 800, ""include_reg_in_val"": false, ""shuffle"": true}}"
c05fe0075881,1,0.6133751090593519,0.0,0.6133751090593519,0.0,0.8,0.0,797.0,0.0,"{""callbacks"": {""early_stopping"": true, ""min_delta"": 0.0, ""mode"": ""auto"", ""monitor"": ""val_loss"", ""patience"": 40, ""restore_best_weights"": true, ""verbose"": 0}, ""cv"": {""k"": 3, ""seed"": 42, ""shuffle"": true}, ""data"": {""train_path"": ""data/MONK/MONK1/monks-1.train""}, ""model"": {""activation"": ""sigmoid"", ""dropout"": 0.0, ""hidden_units"": [8]}, ""optim"": {""lr"": 0.01, ""momentum"": 0.1, ""name"": ""sgd""}, ""regularizer"": {""l2"": ""1e-3""}, ""seed"": 42, ""split"": {""stratified"": true, ""val_size"": 0.2}, ""training"": {""batch_size"": 32, ""epochs"": 800, ""include_reg_in_val"": false, ""shuffle"": true}}"
2440befd9808,1,0.6141614107283896,0.0,0.6141614107283896,0.0,0.84,0.0,799.0,0.0,"{""callbacks"": {""early_stopping"": true, ""min_delta"": 0.0, ""mode"": ""auto"", ""monitor"": ""val_loss"", ""patience"": 40, ""restore_best_weights"": true, ""verbose"": 0}, ""cv"": {""k"": 3, ""seed"": 42, ""shuffle"": true}, ""data"": {""train_path"": ""data/MONK/MONK1/monks-1.train""}, ""model"": {""activation"": ""relu"", ""dropout"": 0.0, ""hidden_units"": [8]}, ""optim"": {""lr"": 0.01, ""momentum"": 0.0, ""name"": ""sgd""}, ""regularizer"": {""l2"": ""1e-1""}, ""seed"": 42, ""split"": {""stratified"": true, ""val_size"": 0.2}, ""training"": {""batch_size"": 32, ""epochs"": 800, ""include_reg_in_val"": false, ""shuffle"": true}}"
c7f07abc985b,1,0.6158047369328876,0.0,0.6158047369328876,0.0,0.8,0.0,799.0,0.0,"{""callbacks"": {""early_stopping"": true, ""min_delta"": 0.0, ""mode"": ""auto"", ""monitor"": ""val_loss"", ""patience"": 40, ""restore_best_weights"": true, ""verbose"": 0}, ""cv"": {""k"": 3, ""seed"": 42, ""shuffle"": true}, ""data"": {""train_path"": ""data/MONK/MONK1/monks-1.train""}, ""model"": {""activation"": ""sigmoid"", ""dropout"": 0.2, ""hidden_units"": [8]}, ""optim"": {""lr"": 0.01, ""momentum"": 0.1, ""name"": ""sgd""}, ""regularizer"": {""l2"": ""1e-2""}, ""seed"": 42, ""split"": {""stratified"": true, ""val_size"": 0.2}, ""training"": {""batch_size"": 16, ""epochs"": 800, ""include_reg_in_val"": false, ""shuffle"": true}}"
0df326ec535c,1,0.6164366919134315,0.0,0.6164366919134315,0.0,0.8,0.0,800.0,0.0,"{""callbacks"": {""early_stopping"": true, ""min_delta"": 0.0, ""mode"": ""auto"", ""monitor"": ""val_loss"", ""patience"": 40, ""restore_best_weights"": true, ""verbose"": 0}, ""cv"": {""k"": 3, ""seed"": 42, ""shuffle"": true}, ""data"": {""train_path"": ""data/MONK/MONK1/monks-1.train""}, ""model"": {""activation"": ""sigmoid"", ""dropout"": 0.0, ""hidden_units"": [4]}, ""optim"": {""lr"": 0.01, ""momentum"": 0.0, ""name"": ""sgd""}, ""regularizer"": {""l2"": ""1e-2""}, ""seed"": 42, ""split"": {""stratified"": true, ""val_size"": 0.2}, ""training"": {""batch_size"": 16, ""epochs"": 800, ""include_reg_in_val"": false, ""shuffle"": true}}"
ffbe7ee8f52c,1,0.6227444128870139,0.0,0.6227444128870139,0.0,0.68,0.0,799.0,0.0,"{""callbacks"": {""early_stopping"": true, ""min_delta"": 0.0, ""mode"": ""auto"", ""monitor"": ""val_loss"", ""patience"": 40, ""restore_best_weights"": true, ""verbose"": 0}, ""cv"": {""k"": 3, ""seed"": 42, ""shuffle"": true}, ""data"": {""train_path"": ""data/MONK/MONK1/monks-1.train""}, ""model"": {""activation"": ""sigmoid"", ""dropout"": 0.2, ""hidden_units"": [4]}, ""optim"": {""lr"": 0.01, ""momentum"": 0.0, ""name"": ""sgd""}, ""regularizer"": {""l2"": 0.0}, ""seed"": 42, ""split"": {""stratified"": true, ""val_size"": 0.2}, ""training"": {""batch_size"": 16, ""epochs"": 800, ""include_reg_in_val"": false, ""shuffle"": true}}"
daccb319d1aa,1,0.6241317002861312,0.0,0.6241317002861312,0.0,0.84,0.0,799.0,0.0,"{""callbacks"": {""early_stopping"": true, ""min_delta"": 0.0, ""mode"": ""auto"", ""monitor"": ""val_loss"", ""patience"": 40, ""restore_best_weights"": true, ""verbose"": 0}, ""cv"": {""k"": 3, ""seed"": 42, ""shuffle"": true}, ""data"": {""train_path"": ""data/MONK/MONK1/monks-1.train""}, ""model"": {""activation"": ""relu"", ""dropout"": 0.2, ""hidden_units"": [8]}, ""optim"": {""lr"": 0.01, ""momentum"": 0.0, ""name"": ""sgd""}, ""regularizer"": {""l2"": ""1e-1""}, ""seed"": 42, ""split"": {""stratified"": true, ""val_size"": 0.2}, ""training"": {""batch_size"": 32, ""epochs"": 800, ""include_reg_in_val"": false, ""shuffle"": true}}"
28c015f9a6ad,1,0.6248547078857112,0.0,0.6248547078857112,0.0,0.72,0.0,797.0,0.0,"{""callbacks"": {""early_stopping"": true, ""min_delta"": 0.0, ""mode"": ""auto"", ""monitor"": ""val_loss"", ""patience"": 40, ""restore_best_weights"": true, ""verbose"": 0}, ""cv"": {""k"": 3, ""seed"": 42, ""shuffle"": true}, ""data"": {""train_path"": ""data/MONK/MONK1/monks-1.train""}, ""model"": {""activation"": ""sigmoid"", ""dropout"": 0.0, ""hidden_units"": [8]}, ""optim"": {""lr"": 0.01, ""momentum"": 0.0, ""name"": ""sgd""}, ""regularizer"": {""l2"": 0.0}, ""seed"": 42, ""split"": {""stratified"": true, ""val_size"": 0.2}, ""training"": {""batch_size"": 32, ""epochs"": 800, ""include_reg_in_val"": false, ""shuffle"": true}}"
331781c12001,1,0.6263395092724199,0.0,0.6263395092724199,0.0,0.68,0.0,799.0,0.0,"{""callbacks"": {""early_stopping"": true, ""min_delta"": 0.0, ""mode"": ""auto"", ""monitor"": ""val_loss"", ""patience"": 40, ""restore_best_weights"": true, ""verbose"": 0}, ""cv"": {""k"": 3, ""seed"": 42, ""shuffle"": true}, ""data"": {""train_path"": ""data/MONK/MONK1/monks-1.train""}, ""model"": {""activation"": ""sigmoid"", ""dropout"": 0.2, ""hidden_units"": [4]}, ""optim"": {""lr"": 0.01, ""momentum"": 0.0, ""name"": ""sgd""}, ""regularizer"": {""l2"": ""1e-3""}, ""seed"": 42, ""split"": {""stratified"": true, ""val_size"": 0.2}, ""training"": {""batch_size"": 16, ""epochs"": 800, ""include_reg_in_val"": false, ""shuffle"": true}}"
780eca461334,1,0.6275110130020441,0.0,0.6275110130020441,0.0,0.72,0.0,797.0,0.0,"{""callbacks"": {""early_stopping"": true, ""min_delta"": 0.0, ""mode"": ""auto"", ""monitor"": ""val_loss"", ""patience"": 40, ""restore_best_weights"": true, ""verbose"": 0}, ""cv"": {""k"": 3, ""seed"": 42, ""shuffle"": true}, ""data"": {""train_path"": ""data/MONK/MONK1/monks-1.train""}, ""model"": {""activation"": ""sigmoid"", ""dropout"": 0.0, ""hidden_units"": [8]}, ""optim"": {""lr"": 0.01, ""momentum"": 0.0, ""name"": ""sgd""}, ""regularizer"": {""l2"": ""1e-3""}, ""seed"": 42, ""split"": {""stratified"": true, ""val_size"": 0.2}, ""training"": {""batch_size"": 32, ""epochs"": 800, ""include_reg_in_val"": false, ""shuffle"": true}}"
29734dbab1ce,1,0.627812839628326,0.0,0.627812839628326,0.0,0.8,0.0,797.0,0.0,"{""callbacks"": {""early_stopping"": true, ""min_delta"": 0.0, ""mode"": ""auto"", ""monitor"": ""val_loss"", ""patience"": 40, ""restore_best_weights"": true, ""verbose"": 0}, ""cv"": {""k"": 3, ""seed"": 42, ""shuffle"": true}, ""data"": {""train_path"": ""data/MONK/MONK1/monks-1.train""}, ""model"": {""activation"": ""sigmoid"", ""dropout"": 0.2, ""hidden_units"": [8]}, ""optim"": {""lr"": 0.01, ""momentum"": 0.0, ""name"": ""sgd""}, ""regularizer"": {""l2"": ""1e-2""}, ""seed"": 42, ""split"": {""stratified"": true, ""val_size"": 0.2}, ""training"": {""batch_size"": 16, ""epochs"": 800, ""include_reg_in_val"": false, ""shuffle"": true}}"
c5b7ba149050,1,0.6399026623531561,0.0,0.6399026623531561,0.0,0.76,0.0,797.0,0.0,"{""callbacks"": {""early_stopping"": true, ""min_delta"": 0.0, ""mode"": ""auto"", ""monitor"": ""val_loss"", ""patience"": 40, ""restore_best_weights"": true, ""verbose"": 0}, ""cv"": {""k"": 3, ""seed"": 42, ""shuffle"": true}, ""data"": {""train_path"": ""data/MONK/MONK1/monks-1.train""}, ""model"": {""activation"": ""sigmoid"", ""dropout"": 0.0, ""hidden_units"": [8]}, ""optim"": {""lr"": 0.01, ""momentum"": 0.1, ""name"": ""sgd""}, ""regularizer"": {""l2"": ""1e-2""}, ""seed"": 42, ""split"": {""stratified"": true, ""val_size"": 0.2}, ""training"": {""batch_size"": 32, ""epochs"": 800, ""include_reg_in_val"": false, ""shuffle"": true}}"
dbb65996c918,1,0.6416280163551569,0.0,0.6416280163551569,0.0,0.76,0.0,14.0,0.0,"{""callbacks"": {""early_stopping"": true, ""min_delta"": 0.0, ""mode"": ""auto"", ""monitor"": ""val_loss"", ""patience"": 40, ""restore_best_weights"": true, ""verbose"": 0}, ""cv"": {""k"": 3, ""seed"": 42, ""shuffle"": true}, ""data"": {""train_path"": ""data/MONK/MONK1/monks-1.train""}, ""model"": {""activation"": ""relu"", ""dropout"": 0.0, ""hidden_units"": [8]}, ""optim"": {""lr"": 0.2, ""momentum"": 0.9, ""name"": ""sgd""}, ""regularizer"": {""l2"": ""1e-1""}, ""seed"": 42, ""split"": {""stratified"": true, ""val_size"": 0.2}, ""training"": {""batch_size"": 32, ""epochs"": 800, ""include_reg_in_val"": false, ""shuffle"": true}}"
086c1d165014,1,0.642662626453394,0.0,0.642662626453394,0.0,0.64,0.0,797.0,0.0,"{""callbacks"": {""early_stopping"": true, ""min_delta"": 0.0, ""mode"": ""auto"", ""monitor"": ""val_loss"", ""patience"": 40, ""restore_best_weights"": true, ""verbose"": 0}, ""cv"": {""k"": 3, ""seed"": 42, ""shuffle"": true}, ""data"": {""train_path"": ""data/MONK/MONK1/monks-1.train""}, ""model"": {""activation"": ""sigmoid"", ""dropout"": 0.0, ""hidden_units"": [4]}, ""optim"": {""lr"": 0.01, ""momentum"": 0.1, ""name"": ""sgd""}, ""regularizer"": {""l2"": 0.0}, ""seed"": 42, ""split"": {""stratified"": true, ""val_size"": 0.2}, ""training"": {""batch_size"": 32, ""epochs"": 800, ""include_reg_in_val"": false, ""shuffle"": true}}"
23089076bac3,1,0.6442366655234443,0.0,0.6442366655234443,0.0,0.64,0.0,797.0,0.0,"{""callbacks"": {""early_stopping"": true, ""min_delta"": 0.0, ""mode"": ""auto"", ""monitor"": ""val_loss"", ""patience"": 40, ""restore_best_weights"": true, ""verbose"": 0}, ""cv"": {""k"": 3, ""seed"": 42, ""shuffle"": true}, ""data"": {""train_path"": ""data/MONK/MONK1/monks-1.train""}, ""model"": {""activation"": ""sigmoid"", ""dropout"": 0.2, ""hidden_units"": [8]}, ""optim"": {""lr"": 0.01, ""momentum"": 0.1, ""name"": ""sgd""}, ""regularizer"": {""l2"": 0.0}, ""seed"": 42, ""split"": {""stratified"": true, ""val_size"": 0.2}, ""training"": {""batch_size"": 32, ""epochs"": 800, ""include_reg_in_val"": false, ""shuffle"": true}}"
78d636d8faf0,1,0.6446416644275039,0.0,0.6446416644275039,0.0,0.64,0.0,797.0,0.0,"{""callbacks"": {""early_stopping"": true, ""min_delta"": 0.0, ""mode"": ""auto"", ""monitor"": ""val_loss"", ""patience"": 40, ""restore_best_weights"": true, ""verbose"": 0}, ""cv"": {""k"": 3, ""seed"": 42, ""shuffle"": true}, ""data"": {""train_path"": ""data/MONK/MONK1/monks-1.train""}, ""model"": {""activation"": ""sigmoid"", ""dropout"": 0.0, ""hidden_units"": [4]}, ""optim"": {""lr"": 0.01, ""momentum"": 0.1, ""name"": ""sgd""}, ""regularizer"": {""l2"": ""1e-3""}, ""seed"": 42, ""split"": {""stratified"": true, ""val_size"": 0.2}, ""training"": {""batch_size"": 32, ""epochs"": 800, ""include_reg_in_val"": false, ""shuffle"": true}}"
06047c972fad,1,0.6458972547047523,0.0,0.6458972547047523,0.0,0.72,0.0,799.0,0.0,"{""callbacks"": {""early_stopping"": true, ""min_delta"": 0.0, ""mode"": ""auto"", ""monitor"": ""val_loss"", ""patience"": 40, ""restore_best_weights"": true, ""verbose"": 0}, ""cv"": {""k"": 3, ""seed"": 42, ""shuffle"": true}, ""data"": {""train_path"": ""data/MONK/MONK1/monks-1.train""}, ""model"": {""activation"": ""sigmoid"", ""dropout"": 0.2, ""hidden_units"": [4]}, ""optim"": {""lr"": 0.01, ""momentum"": 0.1, ""name"": ""sgd""}, ""regularizer"": {""l2"": ""1e-2""}, ""seed"": 42, ""split"": {""stratified"": true, ""val_size"": 0.2}, ""training"": {""batch_size"": 16, ""epochs"": 800, ""include_reg_in_val"": false, ""shuffle"": true}}"
c09357d0b342,1,0.6463842459896866,0.0,0.6463842459896866,0.0,0.64,0.0,797.0,0.0,"{""callbacks"": {""early_stopping"": true, ""min_delta"": 0.0, ""mode"": ""auto"", ""monitor"": ""val_loss"", ""patience"": 40, ""restore_best_weights"": true, ""verbose"": 0}, ""cv"": {""k"": 3, ""seed"": 42, ""shuffle"": true}, ""data"": {""train_path"": ""data/MONK/MONK1/monks-1.train""}, ""model"": {""activation"": ""sigmoid"", ""dropout"": 0.2, ""hidden_units"": [8]}, ""optim"": {""lr"": 0.01, ""momentum"": 0.1, ""name"": ""sgd""}, ""regularizer"": {""l2"": ""1e-3""}, ""seed"": 42, ""split"": {""stratified"": true, ""val_size"": 0.2}, ""training"": {""batch_size"": 32, ""epochs"": 800, ""include_reg_in_val"": false, ""shuffle"": true}}"
2d3ec558b708,1,0.6485867193708803,0.0,0.6485867193708803,0.0,0.72,0.0,797.0,0.0,"{""callbacks"": {""early_stopping"": true, ""min_delta"": 0.0, ""mode"": ""auto"", ""monitor"": ""val_loss"", ""patience"": 40, ""restore_best_weights"": true, ""verbose"": 0}, ""cv"": {""k"": 3, ""seed"": 42, ""shuffle"": true}, ""data"": {""train_path"": ""data/MONK/MONK1/monks-1.train""}, ""model"": {""activation"": ""sigmoid"", ""dropout"": 0.0, ""hidden_units"": [8]}, ""optim"": {""lr"": 0.01, ""momentum"": 0.0, ""name"": ""sgd""}, ""regularizer"": {""l2"": ""1e-2""}, ""seed"": 42, ""split"": {""stratified"": true, ""val_size"": 0.2}, ""training"": {""batch_size"": 32, ""epochs"": 800, ""include_reg_in_val"": false, ""shuffle"": true}}"
43743d5476da,1,0.652228617287861,0.0,0.652228617287861,0.0,0.68,0.0,797.0,0.0,"{""callbacks"": {""early_stopping"": true, ""min_delta"": 0.0, ""mode"": ""auto"", ""monitor"": ""val_loss"", ""patience"": 40, ""restore_best_weights"": true, ""verbose"": 0}, ""cv"": {""k"": 3, ""seed"": 42, ""shuffle"": true}, ""data"": {""train_path"": ""data/MONK/MONK1/monks-1.train""}, ""model"": {""activation"": ""sigmoid"", ""dropout"": 0.0, ""hidden_units"": [4]}, ""optim"": {""lr"": 0.01, ""momentum"": 0.0, ""name"": ""sgd""}, ""regularizer"": {""l2"": 0.0}, ""seed"": 42, ""split"": {""stratified"": true, ""val_size"": 0.2}, ""training"": {""batch_size"": 32, ""epochs"": 800, ""include_reg_in_val"": false, ""shuffle"": true}}"
4cbd6e401ac4,1,0.6529447330468366,0.0,0.6529447330468366,0.0,0.6,0.0,797.0,0.0,"{""callbacks"": {""early_stopping"": true, ""min_delta"": 0.0, ""mode"": ""auto"", ""monitor"": ""val_loss"", ""patience"": 40, ""restore_best_weights"": true, ""verbose"": 0}, ""cv"": {""k"": 3, ""seed"": 42, ""shuffle"": true}, ""data"": {""train_path"": ""data/MONK/MONK1/monks-1.train""}, ""model"": {""activation"": ""sigmoid"", ""dropout"": 0.2, ""hidden_units"": [8]}, ""optim"": {""lr"": 0.01, ""momentum"": 0.0, ""name"": ""sgd""}, ""regularizer"": {""l2"": 0.0}, ""seed"": 42, ""split"": {""stratified"": true, ""val_size"": 0.2}, ""training"": {""batch_size"": 32, ""epochs"": 800, ""include_reg_in_val"": false, ""shuffle"": true}}"
c779b7d9244a,1,0.6537230120878743,0.0,0.6537230120878743,0.0,0.68,0.0,797.0,0.0,"{""callbacks"": {""early_stopping"": true, ""min_delta"": 0.0, ""mode"": ""auto"", ""monitor"": ""val_loss"", ""patience"": 40, ""restore_best_weights"": true, ""verbose"": 0}, ""cv"": {""k"": 3, ""seed"": 42, ""shuffle"": true}, ""data"": {""train_path"": ""data/MONK/MONK1/monks-1.train""}, ""model"": {""activation"": ""sigmoid"", ""dropout"": 0.0, ""hidden_units"": [4]}, ""optim"": {""lr"": 0.01, ""momentum"": 0.0, ""name"": ""sgd""}, ""regularizer"": {""l2"": ""1e-3""}, ""seed"": 42, ""split"": {""stratified"": true, ""val_size"": 0.2}, ""training"": {""batch_size"": 32, ""epochs"": 800, ""include_reg_in_val"": false, ""shuffle"": true}}"
f592f712323e,1,0.6546200450325397,0.0,0.6546200450325397,0.0,0.6,0.0,797.0,0.0,"{""callbacks"": {""early_stopping"": true, ""min_delta"": 0.0, ""mode"": ""auto"", ""monitor"": ""val_loss"", ""patience"": 40, ""restore_best_weights"": true, ""verbose"": 0}, ""cv"": {""k"": 3, ""seed"": 42, ""shuffle"": true}, ""data"": {""train_path"": ""data/MONK/MONK1/monks-1.train""}, ""model"": {""activation"": ""sigmoid"", ""dropout"": 0.2, ""hidden_units"": [8]}, ""optim"": {""lr"": 0.01, ""momentum"": 0.0, ""name"": ""sgd""}, ""regularizer"": {""l2"": ""1e-3""}, ""seed"": 42, ""split"": {""stratified"": true, ""val_size"": 0.2}, ""training"": {""batch_size"": 32, ""epochs"": 800, ""include_reg_in_val"": false, ""shuffle"": true}}"
1eebd94c6e1a,1,0.6548522499462698,0.0,0.6548522499462698,0.0,0.8,0.0,797.0,0.0,"{""callbacks"": {""early_stopping"": true, ""min_delta"": 0.0, ""mode"": ""auto"", ""monitor"": ""val_loss"", ""patience"": 40, ""restore_best_weights"": true, ""verbose"": 0}, ""cv"": {""k"": 3, ""seed"": 42, ""shuffle"": true}, ""data"": {""train_path"": ""data/MONK/MONK1/monks-1.train""}, ""model"": {""activation"": ""sigmoid"", ""dropout"": 0.2, ""hidden_units"": [4]}, ""optim"": {""lr"": 0.01, ""momentum"": 0.0, ""name"": ""sgd""}, ""regularizer"": {""l2"": ""1e-2""}, ""seed"": 42, ""split"": {""stratified"": true, ""val_size"": 0.2}, ""training"": {""batch_size"": 16, ""epochs"": 800, ""include_reg_in_val"": false, ""shuffle"": true}}"
4c20195eb22f,1,0.6605804650377357,0.0,0.6605804650377357,0.0,0.68,0.0,797.0,0.0,"{""callbacks"": {""early_stopping"": true, ""min_delta"": 0.0, ""mode"": ""auto"", ""monitor"": ""val_loss"", ""patience"": 40, ""restore_best_weights"": true, ""verbose"": 0}, ""cv"": {""k"": 3, ""seed"": 42, ""shuffle"": true}, ""data"": {""train_path"": ""data/MONK/MONK1/monks-1.train""}, ""model"": {""activation"": ""sigmoid"", ""dropout"": 0.0, ""hidden_units"": [4]}, ""optim"": {""lr"": 0.01, ""momentum"": 0.1, ""name"": ""sgd""}, ""regularizer"": {""l2"": ""1e-2""}, ""seed"": 42, ""split"": {""stratified"": true, ""val_size"": 0.2}, ""training"": {""batch_size"": 32, ""epochs"": 800, ""include_reg_in_val"": false, ""shuffle"": true}}"
f69cd5b56f73,1,0.6610500384255447,0.0,0.6610500384255447,0.0,0.64,0.0,3.0,0.0,"{""callbacks"": {""early_stopping"": true, ""min_delta"": 0.0, ""mode"": ""auto"", ""monitor"": ""val_loss"", ""patience"": 40, ""restore_best_weights"": true, ""verbose"": 0}, ""cv"": {""k"": 3, ""seed"": 42, ""shuffle"": true}, ""data"": {""train_path"": ""data/MONK/MONK1/monks-1.train""}, ""model"": {""activation"": ""tanh"", ""dropout"": 0.2, ""hidden_units"": [8, 4]}, ""optim"": {""lr"": 0.2, ""momentum"": 0.9, ""name"": ""sgd""}, ""regularizer"": {""l2"": ""1e-1""}, ""seed"": 42, ""split"": {""stratified"": true, ""val_size"": 0.2}, ""training"": {""batch_size"": 16, ""epochs"": 800, ""include_reg_in_val"": false, ""shuffle"": true}}"
973f3b19c5e9,1,0.6631914335999177,0.0,0.6631914335999177,0.0,0.72,0.0,793.0,0.0,"{""callbacks"": {""early_stopping"": true, ""min_delta"": 0.0, ""mode"": ""auto"", ""monitor"": ""val_loss"", ""patience"": 40, ""restore_best_weights"": true, ""verbose"": 0}, ""cv"": {""k"": 3, ""seed"": 42, ""shuffle"": true}, ""data"": {""train_path"": ""data/MONK/MONK1/monks-1.train""}, ""model"": {""activation"": ""sigmoid"", ""dropout"": 0.2, ""hidden_units"": [8]}, ""optim"": {""lr"": 0.01, ""momentum"": 0.1, ""name"": ""sgd""}, ""regularizer"": {""l2"": ""1e-2""}, ""seed"": 42, ""split"": {""stratified"": true, ""val_size"": 0.2}, ""training"": {""batch_size"": 32, ""epochs"": 800, ""include_reg_in_val"": false, ""shuffle"": true}}"
dbe4f0f76c1e,1,0.665811796389422,0.0,0.665811796389422,0.0,0.6,0.0,797.0,0.0,"{""callbacks"": {""early_stopping"": true, ""min_delta"": 0.0, ""mode"": ""auto"", ""monitor"": ""val_loss"", ""patience"": 40, ""restore_best_weights"": true, ""verbose"": 0}, ""cv"": {""k"": 3, ""seed"": 42, ""shuffle"": true}, ""data"": {""train_path"": ""data/MONK/MONK1/monks-1.train""}, ""model"": {""activation"": ""sigmoid"", ""dropout"": 0.0, ""hidden_units"": [4]}, ""optim"": {""lr"": 0.01, ""momentum"": 0.0, ""name"": ""sgd""}, ""regularizer"": {""l2"": ""1e-2""}, ""seed"": 42, ""split"": {""stratified"": true, ""val_size"": 0.2}, ""training"": {""batch_size"": 32, ""epochs"": 800, ""include_reg_in_val"": false, ""shuffle"": true}}"
ebce2c4dac4c,1,0.6658584222450695,0.0,0.6658584222450695,0.0,0.6,0.0,797.0,0.0,"{""callbacks"": {""early_stopping"": true, ""min_delta"": 0.0, ""mode"": ""auto"", ""monitor"": ""val_loss"", ""patience"": 40, ""restore_best_weights"": true, ""verbose"": 0}, ""cv"": {""k"": 3, ""seed"": 42, ""shuffle"": true}, ""data"": {""train_path"": ""data/MONK/MONK1/monks-1.train""}, ""model"": {""activation"": ""sigmoid"", ""dropout"": 0.2, ""hidden_units"": [4]}, ""optim"": {""lr"": 0.01, ""momentum"": 0.1, ""name"": ""sgd""}, ""regularizer"": {""l2"": 0.0}, ""seed"": 42, ""split"": {""stratified"": true, ""val_size"": 0.2}, ""training"": {""batch_size"": 32, ""epochs"": 800, ""include_reg_in_val"": false, ""shuffle"": true}}"
4c471c6f7d16,1,0.6669456864115493,0.0,0.6669456864115493,0.0,0.6,0.0,797.0,0.0,"{""callbacks"": {""early_stopping"": true, ""min_delta"": 0.0, ""mode"": ""auto"", ""monitor"": ""val_loss"", ""patience"": 40, ""restore_best_weights"": true, ""verbose"": 0}, ""cv"": {""k"": 3, ""seed"": 42, ""shuffle"": true}, ""data"": {""train_path"": ""data/MONK/MONK1/monks-1.train""}, ""model"": {""activation"": ""sigmoid"", ""dropout"": 0.2, ""hidden_units"": [4]}, ""optim"": {""lr"": 0.01, ""momentum"": 0.1, ""name"": ""sgd""}, ""regularizer"": {""l2"": ""1e-3""}, ""seed"": 42, ""split"": {""stratified"": true, ""val_size"": 0.2}, ""training"": {""batch_size"": 32, ""epochs"": 800, ""include_reg_in_val"": false, ""shuffle"": true}}"
e98155b1ec63,1,0.6677529973709357,0.0,0.6677529973709357,0.0,0.64,0.0,793.0,0.0,"{""callbacks"": {""early_stopping"": true, ""min_delta"": 0.0, ""mode"": ""auto"", ""monitor"": ""val_loss"", ""patience"": 40, ""restore_best_weights"": true, ""verbose"": 0}, ""cv"": {""k"": 3, ""seed"": 42, ""shuffle"": true}, ""data"": {""train_path"": ""data/MONK/MONK1/monks-1.train""}, ""model"": {""activation"": ""sigmoid"", ""dropout"": 0.2, ""hidden_units"": [8]}, ""optim"": {""lr"": 0.01, ""momentum"": 0.0, ""name"": ""sgd""}, ""regularizer"": {""l2"": ""1e-2""}, ""seed"": 42, ""split"": {""stratified"": true, ""val_size"": 0.2}, ""training"": {""batch_size"": 32, ""epochs"": 800, ""include_reg_in_val"": false, ""shuffle"": true}}"
9016f30c7ea4,1,0.6678895037999686,0.0,0.6678895037999686,0.0,0.52,0.0,4.0,0.0,"{""callbacks"": {""early_stopping"": true, ""min_delta"": 0.0, ""mode"": ""auto"", ""monitor"": ""val_loss"", ""patience"": 40, ""restore_best_weights"": true, ""verbose"": 0}, ""cv"": {""k"": 3, ""seed"": 42, ""shuffle"": true}, ""data"": {""train_path"": ""data/MONK/MONK1/monks-1.train""}, ""model"": {""activation"": ""tanh"", ""dropout"": 0.0, ""hidden_units"": [8, 4]}, ""optim"": {""lr"": 0.2, ""momentum"": 0.9, ""name"": ""sgd""}, ""regularizer"": {""l2"": ""1e-1""}, ""seed"": 42, ""split"": {""stratified"": true, ""val_size"": 0.2}, ""training"": {""batch_size"": 16, ""epochs"": 800, ""include_reg_in_val"": false, ""shuffle"": true}}"
e9b298623355,1,0.6703555726376313,0.0,0.6703555726376313,0.0,0.6,0.0,797.0,0.0,"{""callbacks"": {""early_stopping"": true, ""min_delta"": 0.0, ""mode"": ""auto"", ""monitor"": ""val_loss"", ""patience"": 40, ""restore_best_weights"": true, ""verbose"": 0}, ""cv"": {""k"": 3, ""seed"": 42, ""shuffle"": true}, ""data"": {""train_path"": ""data/MONK/MONK1/monks-1.train""}, ""model"": {""activation"": ""sigmoid"", ""dropout"": 0.2, ""hidden_units"": [4]}, ""optim"": {""lr"": 0.01, ""momentum"": 0.0, ""name"": ""sgd""}, ""regularizer"": {""l2"": 0.0}, ""seed"": 42, ""split"": {""stratified"": true, ""val_size"": 0.2}, ""training"": {""batch_size"": 32, ""epochs"": 800, ""include_reg_in_val"": false, ""shuffle"": true}}"
20b402f69dd6,1,0.6710032779357159,0.0,0.6710032779357159,0.0,0.64,0.0,5.0,0.0,"{""callbacks"": {""early_stopping"": true, ""min_delta"": 0.0, ""mode"": ""auto"", ""monitor"": ""val_loss"", ""patience"": 40, ""restore_best_weights"": true, ""verbose"": 0}, ""cv"": {""k"": 3, ""seed"": 42, ""shuffle"": true}, ""data"": {""train_path"": ""data/MONK/MONK1/monks-1.train""}, ""model"": {""activation"": ""tanh"", ""dropout"": 0.2, ""hidden_units"": [8, 4]}, ""optim"": {""lr"": 0.2, ""momentum"": 0.9, ""name"": ""sgd""}, ""regularizer"": {""l2"": ""1e-1""}, ""seed"": 42, ""split"": {""stratified"": true, ""val_size"": 0.2}, ""training"": {""batch_size"": 32, ""epochs"": 800, ""include_reg_in_val"": false, ""shuffle"": true}}"
9a647e941906,1,0.671021999269991,0.0,0.671021999269991,0.0,0.68,0.0,5.0,0.0,"{""callbacks"": {""early_stopping"": true, ""min_delta"": 0.0, ""mode"": ""auto"", ""monitor"": ""val_loss"", ""patience"": 40, ""restore_best_weights"": true, ""verbose"": 0}, ""cv"": {""k"": 3, ""seed"": 42, ""shuffle"": true}, ""data"": {""train_path"": ""data/MONK/MONK1/monks-1.train""}, ""model"": {""activation"": ""tanh"", ""dropout"": 0.0, ""hidden_units"": [8, 4]}, ""optim"": {""lr"": 0.2, ""momentum"": 0.1, ""name"": ""sgd""}, ""regularizer"": {""l2"": ""1e-1""}, ""seed"": 42, ""split"": {""stratified"": true, ""val_size"": 0.2}, ""training"": {""batch_size"": 32, ""epochs"": 800, ""include_reg_in_val"": false, ""shuffle"": true}}"
a09b1ed5015b,1,0.6711865577585044,0.0,0.6711865577585044,0.0,0.6,0.0,797.0,0.0,"{""callbacks"": {""early_stopping"": true, ""min_delta"": 0.0, ""mode"": ""auto"", ""monitor"": ""val_loss"", ""patience"": 40, ""restore_best_weights"": true, ""verbose"": 0}, ""cv"": {""k"": 3, ""seed"": 42, ""shuffle"": true}, ""data"": {""train_path"": ""data/MONK/MONK1/monks-1.train""}, ""model"": {""activation"": ""sigmoid"", ""dropout"": 0.2, ""hidden_units"": [4]}, ""optim"": {""lr"": 0.01, ""momentum"": 0.0, ""name"": ""sgd""}, ""regularizer"": {""l2"": ""1e-3""}, ""seed"": 42, ""split"": {""stratified"": true, ""val_size"": 0.2}, ""training"": {""batch_size"": 32, ""epochs"": 800, ""include_reg_in_val"": false, ""shuffle"": true}}"
7573d57db7ea,1,0.6719076932169271,0.0,0.6719076932169271,0.0,0.72,0.0,5.0,0.0,"{""callbacks"": {""early_stopping"": true, ""min_delta"": 0.0, ""mode"": ""auto"", ""monitor"": ""val_loss"", ""patience"": 40, ""restore_best_weights"": true, ""verbose"": 0}, ""cv"": {""k"": 3, ""seed"": 42, ""shuffle"": true}, ""data"": {""train_path"": ""data/MONK/MONK1/monks-1.train""}, ""model"": {""activation"": ""tanh"", ""dropout"": 0.0, ""hidden_units"": [8, 4]}, ""optim"": {""lr"": 0.2, ""momentum"": 0.0, ""name"": ""sgd""}, ""regularizer"": {""l2"": ""1e-1""}, ""seed"": 42, ""split"": {""stratified"": true, ""val_size"": 0.2}, ""training"": {""batch_size"": 32, ""epochs"": 800, ""include_reg_in_val"": false, ""shuffle"": true}}"
519193dc7621,1,0.6732338046822115,0.0,0.6732338046822115,0.0,0.64,0.0,2.0,0.0,"{""callbacks"": {""early_stopping"": true, ""min_delta"": 0.0, ""mode"": ""auto"", ""monitor"": ""val_loss"", ""patience"": 40, ""restore_best_weights"": true, ""verbose"": 0}, ""cv"": {""k"": 3, ""seed"": 42, ""shuffle"": true}, ""data"": {""train_path"": ""data/MONK/MONK1/monks-1.train""}, ""model"": {""activation"": ""tanh"", ""dropout"": 0.0, ""hidden_units"": [8, 4]}, ""optim"": {""lr"": 0.1, ""momentum"": 0.9, ""name"": ""sgd""}, ""regularizer"": {""l2"": ""1e-1""}, ""seed"": 42, ""split"": {""stratified"": true, ""val_size"": 0.2}, ""training"": {""batch_size"": 32, ""epochs"": 800, ""include_reg_in_val"": false, ""shuffle"": true}}"
e3a60020e310,1,0.6737026318541982,0.0,0.6737026318541982,0.0,0.64,0.0,12.0,0.0,"{""callbacks"": {""early_stopping"": true, ""min_delta"": 0.0, ""mode"": ""auto"", ""monitor"": ""val_loss"", ""patience"": 40, ""restore_best_weights"": true, ""verbose"": 0}, ""cv"": {""k"": 3, ""seed"": 42, ""shuffle"": true}, ""data"": {""train_path"": ""data/MONK/MONK1/monks-1.train""}, ""model"": {""activation"": ""tanh"", ""dropout"": 0.0, ""hidden_units"": [8, 4]}, ""optim"": {""lr"": 0.01, ""momentum"": 0.9, ""name"": ""sgd""}, ""regularizer"": {""l2"": ""1e-1""}, ""seed"": 42, ""split"": {""stratified"": true, ""val_size"": 0.2}, ""training"": {""batch_size"": 32, ""epochs"": 800, ""include_reg_in_val"": false, ""shuffle"": true}}"
0e16f501e8fc,1,0.673919065337961,0.0,0.673919065337961,0.0,0.6,0.0,14.0,0.0,"{""callbacks"": {""early_stopping"": true, ""min_delta"": 0.0, ""mode"": ""auto"", ""monitor"": ""val_loss"", ""patience"": 40, ""restore_best_weights"": true, ""verbose"": 0}, ""cv"": {""k"": 3, ""seed"": 42, ""shuffle"": true}, ""data"": {""train_path"": ""data/MONK/MONK1/monks-1.train""}, ""model"": {""activation"": ""tanh"", ""dropout"": 0.0, ""hidden_units"": [8, 4]}, ""optim"": {""lr"": 0.1, ""momentum"": 0.0, ""name"": ""sgd""}, ""regularizer"": {""l2"": ""1e-1""}, ""seed"": 42, ""split"": {""stratified"": true, ""val_size"": 0.2}, ""training"": {""batch_size"": 32, ""epochs"": 800, ""include_reg_in_val"": false, ""shuffle"": true}}"
cfc017575ca2,1,0.6740210849832426,0.0,0.6740210849832426,0.0,0.64,0.0,11.0,0.0,"{""callbacks"": {""early_stopping"": true, ""min_delta"": 0.0, ""mode"": ""auto"", ""monitor"": ""val_loss"", ""patience"": 40, ""restore_best_weights"": true, ""verbose"": 0}, ""cv"": {""k"": 3, ""seed"": 42, ""shuffle"": true}, ""data"": {""train_path"": ""data/MONK/MONK1/monks-1.train""}, ""model"": {""activation"": ""tanh"", ""dropout"": 0.0, ""hidden_units"": [8, 4]}, ""optim"": {""lr"": 0.1, ""momentum"": 0.1, ""name"": ""sgd""}, ""regularizer"": {""l2"": ""1e-1""}, ""seed"": 42, ""split"": {""stratified"": true, ""val_size"": 0.2}, ""training"": {""batch_size"": 32, ""epochs"": 800, ""include_reg_in_val"": false, ""shuffle"": true}}"
584b219172a3,1,0.6744175603195077,0.0,0.6744175603195077,0.0,0.64,0.0,7.0,0.0,"{""callbacks"": {""early_stopping"": true, ""min_delta"": 0.0, ""mode"": ""auto"", ""monitor"": ""val_loss"", ""patience"": 40, ""restore_best_weights"": true, ""verbose"": 0}, ""cv"": {""k"": 3, ""seed"": 42, ""shuffle"": true}, ""data"": {""train_path"": ""data/MONK/MONK1/monks-1.train""}, ""model"": {""activation"": ""tanh"", ""dropout"": 0.2, ""hidden_units"": [8, 4]}, ""optim"": {""lr"": 0.2, ""momentum"": 0.1, ""name"": ""sgd""}, ""regularizer"": {""l2"": ""1e-1""}, ""seed"": 42, ""split"": {""stratified"": true, ""val_size"": 0.2}, ""training"": {""batch_size"": 32, ""epochs"": 800, ""include_reg_in_val"": false, ""shuffle"": true}}"
7aabd7f9b4e7,1,0.6745068670821273,0.0,0.6745068670821273,0.0,0.68,0.0,7.0,0.0,"{""callbacks"": {""early_stopping"": true, ""min_delta"": 0.0, ""mode"": ""auto"", ""monitor"": ""val_loss"", ""patience"": 40, ""restore_best_weights"": true, ""verbose"": 0}, ""cv"": {""k"": 3, ""seed"": 42, ""shuffle"": true}, ""data"": {""train_path"": ""data/MONK/MONK1/monks-1.train""}, ""model"": {""activation"": ""tanh"", ""dropout"": 0.2, ""hidden_units"": [8, 4]}, ""optim"": {""lr"": 0.2, ""momentum"": 0.0, ""name"": ""sgd""}, ""regularizer"": {""l2"": ""1e-1""}, ""seed"": 42, ""split"": {""stratified"": true, ""val_size"": 0.2}, ""training"": {""batch_size"": 32, ""epochs"": 800, ""include_reg_in_val"": false, ""shuffle"": true}}"
aa8c644238e3,1,0.6751653052898722,0.0,0.6751653052898722,0.0,0.64,0.0,11.0,0.0,"{""callbacks"": {""early_stopping"": true, ""min_delta"": 0.0, ""mode"": ""auto"", ""monitor"": ""val_loss"", ""patience"": 40, ""restore_best_weights"": true, ""verbose"": 0}, ""cv"": {""k"": 3, ""seed"": 42, ""shuffle"": true}, ""data"": {""train_path"": ""data/MONK/MONK1/monks-1.train""}, ""model"": {""activation"": ""tanh"", ""dropout"": 0.2, ""hidden_units"": [8, 4]}, ""optim"": {""lr"": 0.1, ""momentum"": 0.1, ""name"": ""sgd""}, ""regularizer"": {""l2"": ""1e-1""}, ""seed"": 42, ""split"": {""stratified"": true, ""val_size"": 0.2}, ""training"": {""batch_size"": 32, ""epochs"": 800, ""include_reg_in_val"": false, ""shuffle"": true}}"
e815a895eca4,1,0.6752649220891953,0.0,0.6752649220891953,0.0,0.64,0.0,4.0,0.0,"{""callbacks"": {""early_stopping"": true, ""min_delta"": 0.0, ""mode"": ""auto"", ""monitor"": ""val_loss"", ""patience"": 40, ""restore_best_weights"": true, ""verbose"": 0}, ""cv"": {""k"": 3, ""seed"": 42, ""shuffle"": true}, ""data"": {""train_path"": ""data/MONK/MONK1/monks-1.train""}, ""model"": {""activation"": ""tanh"", ""dropout"": 0.0, ""hidden_units"": [8, 4]}, ""optim"": {""lr"": 0.2, ""momentum"": 0.0, ""name"": ""sgd""}, ""regularizer"": {""l2"": ""1e-1""}, ""seed"": 42, ""split"": {""stratified"": true, ""val_size"": 0.2}, ""training"": {""batch_size"": 16, ""epochs"": 800, ""include_reg_in_val"": false, ""shuffle"": true}}"
9d02b1da2160,1,0.675325061746528,0.0,0.675325061746528,0.0,0.64,0.0,7.0,0.0,"{""callbacks"": {""early_stopping"": true, ""min_delta"": 0.0, ""mode"": ""auto"", ""monitor"": ""val_loss"", ""patience"": 40, ""restore_best_weights"": true, ""verbose"": 0}, ""cv"": {""k"": 3, ""seed"": 42, ""shuffle"": true}, ""data"": {""train_path"": ""data/MONK/MONK1/monks-1.train""}, ""model"": {""activation"": ""tanh"", ""dropout"": 0.0, ""hidden_units"": [8, 4]}, ""optim"": {""lr"": 0.01, ""momentum"": 0.9, ""name"": ""sgd""}, ""regularizer"": {""l2"": ""1e-1""}, ""seed"": 42, ""split"": {""stratified"": true, ""val_size"": 0.2}, ""training"": {""batch_size"": 16, ""epochs"": 800, ""include_reg_in_val"": false, ""shuffle"": true}}"
211127f454a7,1,0.6753361659298222,0.0,0.6753361659298222,0.0,0.64,0.0,17.0,0.0,"{""callbacks"": {""early_stopping"": true, ""min_delta"": 0.0, ""mode"": ""auto"", ""monitor"": ""val_loss"", ""patience"": 40, ""restore_best_weights"": true, ""verbose"": 0}, ""cv"": {""k"": 3, ""seed"": 42, ""shuffle"": true}, ""data"": {""train_path"": ""data/MONK/MONK1/monks-1.train""}, ""model"": {""activation"": ""tanh"", ""dropout"": 0.2, ""hidden_units"": [8, 4]}, ""optim"": {""lr"": 0.1, ""momentum"": 0.0, ""name"": ""sgd""}, ""regularizer"": {""l2"": ""1e-1""}, ""seed"": 42, ""split"": {""stratified"": true, ""val_size"": 0.2}, ""training"": {""batch_size"": 32, ""epochs"": 800, ""include_reg_in_val"": false, ""shuffle"": true}}"
688327c6cd02,1,0.675392741149905,0.0,0.675392741149905,0.0,0.64,0.0,12.0,0.0,"{""callbacks"": {""early_stopping"": true, ""min_delta"": 0.0, ""mode"": ""auto"", ""monitor"": ""val_loss"", ""patience"": 40, ""restore_best_weights"": true, ""verbose"": 0}, ""cv"": {""k"": 3, ""seed"": 42, ""shuffle"": true}, ""data"": {""train_path"": ""data/MONK/MONK1/monks-1.train""}, ""model"": {""activation"": ""tanh"", ""dropout"": 0.2, ""hidden_units"": [8, 4]}, ""optim"": {""lr"": 0.01, ""momentum"": 0.9, ""name"": ""sgd""}, ""regularizer"": {""l2"": ""1e-1""}, ""seed"": 42, ""split"": {""stratified"": true, ""val_size"": 0.2}, ""training"": {""batch_size"": 32, ""epochs"": 800, ""include_reg_in_val"": false, ""shuffle"": true}}"
61bd2465069c,1,0.6756265416940453,0.0,0.6756265416940453,0.0,0.64,0.0,793.0,0.0,"{""callbacks"": {""early_stopping"": true, ""min_delta"": 0.0, ""mode"": ""auto"", ""monitor"": ""val_loss"", ""patience"": 40, ""restore_best_weights"": true, ""verbose"": 0}, ""cv"": {""k"": 3, ""seed"": 42, ""shuffle"": true}, ""data"": {""train_path"": ""data/MONK/MONK1/monks-1.train""}, ""model"": {""activation"": ""sigmoid"", ""dropout"": 0.2, ""hidden_units"": [4]}, ""optim"": {""lr"": 0.01, ""momentum"": 0.1, ""name"": ""sgd""}, ""regularizer"": {""l2"": ""1e-2""}, ""seed"": 42, ""split"": {""stratified"": true, ""val_size"": 0.2}, ""training"": {""batch_size"": 32, ""epochs"": 800, ""include_reg_in_val"": false, ""shuffle"": true}}"
7013ed29a166,1,0.6759408612097899,0.0,0.6759408612097899,0.0,0.64,0.0,5.0,0.0,"{""callbacks"": {""early_stopping"": true, ""min_delta"": 0.0, ""mode"": ""auto"", ""monitor"": ""val_loss"", ""patience"": 40, ""restore_best_weights"": true, ""verbose"": 0}, ""cv"": {""k"": 3, ""seed"": 42, ""shuffle"": true}, ""data"": {""train_path"": ""data/MONK/MONK1/monks-1.train""}, ""model"": {""activation"": ""tanh"", ""dropout"": 0.0, ""hidden_units"": [8, 4]}, ""optim"": {""lr"": 0.2, ""momentum"": 0.9, ""name"": ""sgd""}, ""regularizer"": {""l2"": ""1e-1""}, ""seed"": 42, ""split"": {""stratified"": true, ""val_size"": 0.2}, ""training"": {""batch_size"": 32, ""epochs"": 800, ""include_reg_in_val"": false, ""shuffle"": true}}"
4893303b00d1,1,0.6759913628555714,0.0,0.6759913628555714,0.0,0.64,0.0,4.0,0.0,"{""callbacks"": {""early_stopping"": true, ""min_delta"": 0.0, ""mode"": ""auto"", ""monitor"": ""val_loss"", ""patience"": 40, ""restore_best_weights"": true, ""verbose"": 0}, ""cv"": {""k"": 3, ""seed"": 42, ""shuffle"": true}, ""data"": {""train_path"": ""data/MONK/MONK1/monks-1.train""}, ""model"": {""activation"": ""tanh"", ""dropout"": 0.0, ""hidden_units"": [8, 4]}, ""optim"": {""lr"": 0.2, ""momentum"": 0.1, ""name"": ""sgd""}, ""regularizer"": {""l2"": ""1e-1""}, ""seed"": 42, ""split"": {""stratified"": true, ""val_size"": 0.2}, ""training"": {""batch_size"": 16, ""epochs"": 800, ""include_reg_in_val"": false, ""shuffle"": true}}"
e3b53cb05659,1,0.6764814073461595,0.0,0.6764814073461595,0.0,0.64,0.0,7.0,0.0,"{""callbacks"": {""early_stopping"": true, ""min_delta"": 0.0, ""mode"": ""auto"", ""monitor"": ""val_loss"", ""patience"": 40, ""restore_best_weights"": true, ""verbose"": 0}, ""cv"": {""k"": 3, ""seed"": 42, ""shuffle"": true}, ""data"": {""train_path"": ""data/MONK/MONK1/monks-1.train""}, ""model"": {""activation"": ""tanh"", ""dropout"": 0.0, ""hidden_units"": [8, 4]}, ""optim"": {""lr"": 0.1, ""momentum"": 0.1, ""name"": ""sgd""}, ""regularizer"": {""l2"": ""1e-1""}, ""seed"": 42, ""split"": {""stratified"": true, ""val_size"": 0.2}, ""training"": {""batch_size"": 16, ""epochs"": 800, ""include_reg_in_val"": false, ""shuffle"": true}}"
9ab1916adb0d,1,0.6764988335173489,0.0,0.6764988335173489,0.0,0.64,0.0,7.0,0.0,"{""callbacks"": {""early_stopping"": true, ""min_delta"": 0.0, ""mode"": ""auto"", ""monitor"": ""val_loss"", ""patience"": 40, ""restore_best_weights"": true, ""verbose"": 0}, ""cv"": {""k"": 3, ""seed"": 42, ""shuffle"": true}, ""data"": {""train_path"": ""data/MONK/MONK1/monks-1.train""}, ""model"": {""activation"": ""tanh"", ""dropout"": 0.0, ""hidden_units"": [8, 4]}, ""optim"": {""lr"": 0.1, ""momentum"": 0.0, ""name"": ""sgd""}, ""regularizer"": {""l2"": ""1e-1""}, ""seed"": 42, ""split"": {""stratified"": true, ""val_size"": 0.2}, ""training"": {""batch_size"": 16, ""epochs"": 800, ""include_reg_in_val"": false, ""shuffle"": true}}"
03167e53f7d5,1,0.6776385206159581,0.0,0.6776385206159581,0.0,0.68,0.0,72.0,0.0,"{""callbacks"": {""early_stopping"": true, ""min_delta"": 0.0, ""mode"": ""auto"", ""monitor"": ""val_loss"", ""patience"": 40, ""restore_best_weights"": true, ""verbose"": 0}, ""cv"": {""k"": 3, ""seed"": 42, ""shuffle"": true}, ""data"": {""train_path"": ""data/MONK/MONK1/monks-1.train""}, ""model"": {""activation"": ""tanh"", ""dropout"": 0.0, ""hidden_units"": [8, 4]}, ""optim"": {""lr"": 0.01, ""momentum"": 0.1, ""name"": ""sgd""}, ""regularizer"": {""l2"": ""1e-1""}, ""seed"": 42, ""split"": {""stratified"": true, ""val_size"": 0.2}, ""training"": {""batch_size"": 16, ""epochs"": 800, ""include_reg_in_val"": false, ""shuffle"": true}}"
8e1892740942,1,0.6777112747963175,0.0,0.6777112747963175,0.0,0.64,0.0,123.0,0.0,"{""callbacks"": {""early_stopping"": true, ""min_delta"": 0.0, ""mode"": ""auto"", ""monitor"": ""val_loss"", ""patience"": 40, ""restore_best_weights"": true, ""verbose"": 0}, ""cv"": {""k"": 3, ""seed"": 42, ""shuffle"": true}, ""data"": {""train_path"": ""data/MONK/MONK1/monks-1.train""}, ""model"": {""activation"": ""tanh"", ""dropout"": 0.0, ""hidden_units"": [8, 4]}, ""optim"": {""lr"": 0.01, ""momentum"": 0.1, ""name"": ""sgd""}, ""regularizer"": {""l2"": ""1e-1""}, ""seed"": 42, ""split"": {""stratified"": true, ""val_size"": 0.2}, ""training"": {""batch_size"": 32, ""epochs"": 800, ""include_reg_in_val"": false, ""shuffle"": true}}"
df73065c56ad,1,0.6777703143701446,0.0,0.6777703143701446,0.0,0.68,0.0,77.0,0.0,"{""callbacks"": {""early_stopping"": true, ""min_delta"": 0.0, ""mode"": ""auto"", ""monitor"": ""val_loss"", ""patience"": 40, ""restore_best_weights"": true, ""verbose"": 0}, ""cv"": {""k"": 3, ""seed"": 42, ""shuffle"": true}, ""data"": {""train_path"": ""data/MONK/MONK1/monks-1.train""}, ""model"": {""activation"": ""tanh"", ""dropout"": 0.0, ""hidden_units"": [8, 4]}, ""optim"": {""lr"": 0.01, ""momentum"": 0.0, ""name"": ""sgd""}, ""regularizer"": {""l2"": ""1e-1""}, ""seed"": 42, ""split"": {""stratified"": true, ""val_size"": 0.2}, ""training"": {""batch_size"": 16, ""epochs"": 800, ""include_reg_in_val"": false, ""shuffle"": true}}"
28bcbddbab58,1,0.6778918049212319,0.0,0.6778918049212319,0.0,0.6,0.0,793.0,0.0,"{""callbacks"": {""early_stopping"": true, ""min_delta"": 0.0, ""mode"": ""auto"", ""monitor"": ""val_loss"", ""patience"": 40, ""restore_best_weights"": true, ""verbose"": 0}, ""cv"": {""k"": 3, ""seed"": 42, ""shuffle"": true}, ""data"": {""train_path"": ""data/MONK/MONK1/monks-1.train""}, ""model"": {""activation"": ""sigmoid"", ""dropout"": 0.2, ""hidden_units"": [4]}, ""optim"": {""lr"": 0.01, ""momentum"": 0.0, ""name"": ""sgd""}, ""regularizer"": {""l2"": ""1e-2""}, ""seed"": 42, ""split"": {""stratified"": true, ""val_size"": 0.2}, ""training"": {""batch_size"": 32, ""epochs"": 800, ""include_reg_in_val"": false, ""shuffle"": true}}"
ac75af9fe6c1,1,0.6779172697657202,0.0,0.6779172697657202,0.0,0.64,0.0,123.0,0.0,"{""callbacks"": {""early_stopping"": true, ""min_delta"": 0.0, ""mode"": ""auto"", ""monitor"": ""val_loss"", ""patience"": 40, ""restore_best_weights"": true, ""verbose"": 0}, ""cv"": {""k"": 3, ""seed"": 42, ""shuffle"": true}, ""data"": {""train_path"": ""data/MONK/MONK1/monks-1.train""}, ""model"": {""activation"": ""tanh"", ""dropout"": 0.0, ""hidden_units"": [8, 4]}, ""optim"": {""lr"": 0.01, ""momentum"": 0.0, ""name"": ""sgd""}, ""regularizer"": {""l2"": ""1e-1""}, ""seed"": 42, ""split"": {""stratified"": true, ""val_size"": 0.2}, ""training"": {""batch_size"": 32, ""epochs"": 800, ""include_reg_in_val"": false, ""shuffle"": true}}"
3687c129ed88,1,0.6781018903859597,0.0,0.6781018903859597,0.0,0.68,0.0,10.0,0.0,"{""callbacks"": {""early_stopping"": true, ""min_delta"": 0.0, ""mode"": ""auto"", ""monitor"": ""val_loss"", ""patience"": 40, ""restore_best_weights"": true, ""verbose"": 0}, ""cv"": {""k"": 3, ""seed"": 42, ""shuffle"": true}, ""data"": {""train_path"": ""data/MONK/MONK1/monks-1.train""}, ""model"": {""activation"": ""tanh"", ""dropout"": 0.2, ""hidden_units"": [8, 4]}, ""optim"": {""lr"": 0.1, ""momentum"": 0.0, ""name"": ""sgd""}, ""regularizer"": {""l2"": ""1e-1""}, ""seed"": 42, ""split"": {""stratified"": true, ""val_size"": 0.2}, ""training"": {""batch_size"": 16, ""epochs"": 800, ""include_reg_in_val"": false, ""shuffle"": true}}"
8ff7e0268099,1,0.6781645446743605,0.0,0.6781645446743605,0.0,0.6,0.0,3.0,0.0,"{""callbacks"": {""early_stopping"": true, ""min_delta"": 0.0, ""mode"": ""auto"", ""monitor"": ""val_loss"", ""patience"": 40, ""restore_best_weights"": true, ""verbose"": 0}, ""cv"": {""k"": 3, ""seed"": 42, ""shuffle"": true}, ""data"": {""train_path"": ""data/MONK/MONK1/monks-1.train""}, ""model"": {""activation"": ""tanh"", ""dropout"": 0.2, ""hidden_units"": [8, 4]}, ""optim"": {""lr"": 0.2, ""momentum"": 0.1, ""name"": ""sgd""}, ""regularizer"": {""l2"": ""1e-1""}, ""seed"": 42, ""split"": {""stratified"": true, ""val_size"": 0.2}, ""training"": {""batch_size"": 16, ""epochs"": 800, ""include_reg_in_val"": false, ""shuffle"": true}}"
9fa4dee04d53,1,0.6783267699024599,0.0,0.6783267699024599,0.0,0.6,0.0,8.0,0.0,"{""callbacks"": {""early_stopping"": true, ""min_delta"": 0.0, ""mode"": ""auto"", ""monitor"": ""val_loss"", ""patience"": 40, ""restore_best_weights"": true, ""verbose"": 0}, ""cv"": {""k"": 3, ""seed"": 42, ""shuffle"": true}, ""data"": {""train_path"": ""data/MONK/MONK1/monks-1.train""}, ""model"": {""activation"": ""tanh"", ""dropout"": 0.2, ""hidden_units"": [8, 4]}, ""optim"": {""lr"": 0.01, ""momentum"": 0.9, ""name"": ""sgd""}, ""regularizer"": {""l2"": ""1e-1""}, ""seed"": 42, ""split"": {""stratified"": true, ""val_size"": 0.2}, ""training"": {""batch_size"": 16, ""epochs"": 800, ""include_reg_in_val"": false, ""shuffle"": true}}"
1d5ae2f37f09,1,0.6784281718465721,0.0,0.6784281718465721,0.0,0.6,0.0,4.0,0.0,"{""callbacks"": {""early_stopping"": true, ""min_delta"": 0.0, ""mode"": ""auto"", ""monitor"": ""val_loss"", ""patience"": 40, ""restore_best_weights"": true, ""verbose"": 0}, ""cv"": {""k"": 3, ""seed"": 42, ""shuffle"": true}, ""data"": {""train_path"": ""data/MONK/MONK1/monks-1.train""}, ""model"": {""activation"": ""tanh"", ""dropout"": 0.2, ""hidden_units"": [8, 4]}, ""optim"": {""lr"": 0.2, ""momentum"": 0.0, ""name"": ""sgd""}, ""regularizer"": {""l2"": ""1e-1""}, ""seed"": 42, ""split"": {""stratified"": true, ""val_size"": 0.2}, ""training"": {""batch_size"": 16, ""epochs"": 800, ""include_reg_in_val"": false, ""shuffle"": true}}"
c20e4be2cde7,1,0.6784408803919846,0.0,0.6784408803919846,0.0,0.64,0.0,8.0,0.0,"{""callbacks"": {""early_stopping"": true, ""min_delta"": 0.0, ""mode"": ""auto"", ""monitor"": ""val_loss"", ""patience"": 40, ""restore_best_weights"": true, ""verbose"": 0}, ""cv"": {""k"": 3, ""seed"": 42, ""shuffle"": true}, ""data"": {""train_path"": ""data/MONK/MONK1/monks-1.train""}, ""model"": {""activation"": ""tanh"", ""dropout"": 0.2, ""hidden_units"": [8, 4]}, ""optim"": {""lr"": 0.1, ""momentum"": 0.1, ""name"": ""sgd""}, ""regularizer"": {""l2"": ""1e-1""}, ""seed"": 42, ""split"": {""stratified"": true, ""val_size"": 0.2}, ""training"": {""batch_size"": 16, ""epochs"": 800, ""include_reg_in_val"": false, ""shuffle"": true}}"
ad2ba5d6894b,1,0.6789667204083352,0.0,0.6789667204083352,0.0,0.48,0.0,2.0,0.0,"{""callbacks"": {""early_stopping"": true, ""min_delta"": 0.0, ""mode"": ""auto"", ""monitor"": ""val_loss"", ""patience"": 40, ""restore_best_weights"": true, ""verbose"": 0}, ""cv"": {""k"": 3, ""seed"": 42, ""shuffle"": true}, ""data"": {""train_path"": ""data/MONK/MONK1/monks-1.train""}, ""model"": {""activation"": ""tanh"", ""dropout"": 0.2, ""hidden_units"": [8, 4]}, ""optim"": {""lr"": 0.1, ""momentum"": 0.9, ""name"": ""sgd""}, ""regularizer"": {""l2"": ""1e-1""}, ""seed"": 42, ""split"": {""stratified"": true, ""val_size"": 0.2}, ""training"": {""batch_size"": 32, ""epochs"": 800, ""include_reg_in_val"": false, ""shuffle"": true}}"
377f3231c71e,1,0.6797839906371022,0.0,0.6797839906371022,0.0,0.68,0.0,67.0,0.0,"{""callbacks"": {""early_stopping"": true, ""min_delta"": 0.0, ""mode"": ""auto"", ""monitor"": ""val_loss"", ""patience"": 40, ""restore_best_weights"": true, ""verbose"": 0}, ""cv"": {""k"": 3, ""seed"": 42, ""shuffle"": true}, ""data"": {""train_path"": ""data/MONK/MONK1/monks-1.train""}, ""model"": {""activation"": ""tanh"", ""dropout"": 0.2, ""hidden_units"": [8, 4]}, ""optim"": {""lr"": 0.01, ""momentum"": 0.1, ""name"": ""sgd""}, ""regularizer"": {""l2"": ""1e-1""}, ""seed"": 42, ""split"": {""stratified"": true, ""val_size"": 0.2}, ""training"": {""batch_size"": 16, ""epochs"": 800, ""include_reg_in_val"": false, ""shuffle"": true}}"
1199bc6a749e,1,0.6798667248164275,0.0,0.6798667248164275,0.0,0.64,0.0,123.0,0.0,"{""callbacks"": {""early_stopping"": true, ""min_delta"": 0.0, ""mode"": ""auto"", ""monitor"": ""val_loss"", ""patience"": 40, ""restore_best_weights"": true, ""verbose"": 0}, ""cv"": {""k"": 3, ""seed"": 42, ""shuffle"": true}, ""data"": {""train_path"": ""data/MONK/MONK1/monks-1.train""}, ""model"": {""activation"": ""tanh"", ""dropout"": 0.2, ""hidden_units"": [8, 4]}, ""optim"": {""lr"": 0.01, ""momentum"": 0.1, ""name"": ""sgd""}, ""regularizer"": {""l2"": ""1e-1""}, ""seed"": 42, ""split"": {""stratified"": true, ""val_size"": 0.2}, ""training"": {""batch_size"": 32, ""epochs"": 800, ""include_reg_in_val"": false, ""shuffle"": true}}"
8987e9c53635,1,0.6800133616402542,0.0,0.6800133616402542,0.0,0.68,0.0,72.0,0.0,"{""callbacks"": {""early_stopping"": true, ""min_delta"": 0.0, ""mode"": ""auto"", ""monitor"": ""val_loss"", ""patience"": 40, ""restore_best_weights"": true, ""verbose"": 0}, ""cv"": {""k"": 3, ""seed"": 42, ""shuffle"": true}, ""data"": {""train_path"": ""data/MONK/MONK1/monks-1.train""}, ""model"": {""activation"": ""tanh"", ""dropout"": 0.2, ""hidden_units"": [8, 4]}, ""optim"": {""lr"": 0.01, ""momentum"": 0.0, ""name"": ""sgd""}, ""regularizer"": {""l2"": ""1e-1""}, ""seed"": 42, ""split"": {""stratified"": true, ""val_size"": 0.2}, ""training"": {""batch_size"": 16, ""epochs"": 800, ""include_reg_in_val"": false, ""shuffle"": true}}"
fdbd4ff5d2e7,1,0.6800620229071125,0.0,0.6800620229071125,0.0,0.6,0.0,123.0,0.0,"{""callbacks"": {""early_stopping"": true, ""min_delta"": 0.0, ""mode"": ""auto"", ""monitor"": ""val_loss"", ""patience"": 40, ""restore_best_weights"": true, ""verbose"": 0}, ""cv"": {""k"": 3, ""seed"": 42, ""shuffle"": true}, ""data"": {""train_path"": ""data/MONK/MONK1/monks-1.train""}, ""model"": {""activation"": ""tanh"", ""dropout"": 0.2, ""hidden_units"": [8, 4]}, ""optim"": {""lr"": 0.01, ""momentum"": 0.0, ""name"": ""sgd""}, ""regularizer"": {""l2"": ""1e-1""}, ""seed"": 42, ""split"": {""stratified"": true, ""val_size"": 0.2}, ""training"": {""batch_size"": 32, ""epochs"": 800, ""include_reg_in_val"": false, ""shuffle"": true}}"
cb8987bf7144,1,0.6834850661560293,0.0,0.6834850661560293,0.0,0.52,0.0,1.0,0.0,"{""callbacks"": {""early_stopping"": true, ""min_delta"": 0.0, ""mode"": ""auto"", ""monitor"": ""val_loss"", ""patience"": 40, ""restore_best_weights"": true, ""verbose"": 0}, ""cv"": {""k"": 3, ""seed"": 42, ""shuffle"": true}, ""data"": {""train_path"": ""data/MONK/MONK1/monks-1.train""}, ""model"": {""activation"": ""tanh"", ""dropout"": 0.2, ""hidden_units"": [8, 4]}, ""optim"": {""lr"": 0.1, ""momentum"": 0.9, ""name"": ""sgd""}, ""regularizer"": {""l2"": ""1e-1""}, ""seed"": 42, ""split"": {""stratified"": true, ""val_size"": 0.2}, ""training"": {""batch_size"": 16, ""epochs"": 800, ""include_reg_in_val"": false, ""shuffle"": true}}"
69c6804a6025,1,0.6855792902947491,0.0,0.6855792902947491,0.0,0.6,0.0,1.0,0.0,"{""callbacks"": {""early_stopping"": true, ""min_delta"": 0.0, ""mode"": ""auto"", ""monitor"": ""val_loss"", ""patience"": 40, ""restore_best_weights"": true, ""verbose"": 0}, ""cv"": {""k"": 3, ""seed"": 42, ""shuffle"": true}, ""data"": {""train_path"": ""data/MONK/MONK1/monks-1.train""}, ""model"": {""activation"": ""tanh"", ""dropout"": 0.0, ""hidden_units"": [8, 4]}, ""optim"": {""lr"": 0.1, ""momentum"": 0.9, ""name"": ""sgd""}, ""regularizer"": {""l2"": ""1e-1""}, ""seed"": 42, ""split"": {""stratified"": true, ""val_size"": 0.2}, ""training"": {""batch_size"": 16, ""epochs"": 800, ""include_reg_in_val"": false, ""shuffle"": true}}"
0cb9a6dfaf50,1,0.6887965912520747,0.0,0.6887965912520747,0.0,0.52,0.0,4.0,0.0,"{""callbacks"": {""early_stopping"": true, ""min_delta"": 0.0, ""mode"": ""auto"", ""monitor"": ""val_loss"", ""patience"": 40, ""restore_best_weights"": true, ""verbose"": 0}, ""cv"": {""k"": 3, ""seed"": 42, ""shuffle"": true}, ""data"": {""train_path"": ""data/MONK/MONK1/monks-1.train""}, ""model"": {""activation"": ""relu"", ""dropout"": 0.2, ""hidden_units"": [8, 4]}, ""optim"": {""lr"": 0.01, ""momentum"": 0.9, ""name"": ""sgd""}, ""regularizer"": {""l2"": ""1e-1""}, ""seed"": 42, ""split"": {""stratified"": true, ""val_size"": 0.2}, ""training"": {""batch_size"": 16, ""epochs"": 800, ""include_reg_in_val"": false, ""shuffle"": true}}"
57eb84a257e5,1,0.689351251844366,0.0,0.689351251844366,0.0,0.52,0.0,7.0,0.0,"{""callbacks"": {""early_stopping"": true, ""min_delta"": 0.0, ""mode"": ""auto"", ""monitor"": ""val_loss"", ""patience"": 40, ""restore_best_weights"": true, ""verbose"": 0}, ""cv"": {""k"": 3, ""seed"": 42, ""shuffle"": true}, ""data"": {""train_path"": ""data/MONK/MONK1/monks-1.train""}, ""model"": {""activation"": ""relu"", ""dropout"": 0.2, ""hidden_units"": [8, 4]}, ""optim"": {""lr"": 0.01, ""momentum"": 0.9, ""name"": ""sgd""}, ""regularizer"": {""l2"": ""1e-1""}, ""seed"": 42, ""split"": {""stratified"": true, ""val_size"": 0.2}, ""training"": {""batch_size"": 32, ""epochs"": 800, ""include_reg_in_val"": false, ""shuffle"": true}}"
b110cbe2298d,1,0.6895884988615388,0.0,0.6895884988615388,0.0,0.52,0.0,4.0,0.0,"{""callbacks"": {""early_stopping"": true, ""min_delta"": 0.0, ""mode"": ""auto"", ""monitor"": ""val_loss"", ""patience"": 40, ""restore_best_weights"": true, ""verbose"": 0}, ""cv"": {""k"": 3, ""seed"": 42, ""shuffle"": true}, ""data"": {""train_path"": ""data/MONK/MONK1/monks-1.train""}, ""model"": {""activation"": ""relu"", ""dropout"": 0.0, ""hidden_units"": [8, 4]}, ""optim"": {""lr"": 0.01, ""momentum"": 0.9, ""name"": ""sgd""}, ""regularizer"": {""l2"": ""1e-1""}, ""seed"": 42, ""split"": {""stratified"": true, ""val_size"": 0.2}, ""training"": {""batch_size"": 16, ""epochs"": 800, ""include_reg_in_val"": false, ""shuffle"": true}}"
6139bf664633,1,0.6896902313100557,0.0,0.6896902313100557,0.0,0.52,0.0,8.0,0.0,"{""callbacks"": {""early_stopping"": true, ""min_delta"": 0.0, ""mode"": ""auto"", ""monitor"": ""val_loss"", ""patience"": 40, ""restore_best_weights"": true, ""verbose"": 0}, ""cv"": {""k"": 3, ""seed"": 42, ""shuffle"": true}, ""data"": {""train_path"": ""data/MONK/MONK1/monks-1.train""}, ""model"": {""activation"": ""sigmoid"", ""dropout"": 0.2, ""hidden_units"": [8]}, ""optim"": {""lr"": 0.2, ""momentum"": 0.9, ""name"": ""sgd""}, ""regularizer"": {""l2"": ""1e-1""}, ""seed"": 42, ""split"": {""stratified"": true, ""val_size"": 0.2}, ""training"": {""batch_size"": 32, ""epochs"": 800, ""include_reg_in_val"": false, ""shuffle"": true}}"
7e2bdea7d03d,1,0.6897507616918466,0.0,0.6897507616918466,0.0,0.52,0.0,7.0,0.0,"{""callbacks"": {""early_stopping"": true, ""min_delta"": 0.0, ""mode"": ""auto"", ""monitor"": ""val_loss"", ""patience"": 40, ""restore_best_weights"": true, ""verbose"": 0}, ""cv"": {""k"": 3, ""seed"": 42, ""shuffle"": true}, ""data"": {""train_path"": ""data/MONK/MONK1/monks-1.train""}, ""model"": {""activation"": ""relu"", ""dropout"": 0.0, ""hidden_units"": [8, 4]}, ""optim"": {""lr"": 0.01, ""momentum"": 0.9, ""name"": ""sgd""}, ""regularizer"": {""l2"": ""1e-1""}, ""seed"": 42, ""split"": {""stratified"": true, ""val_size"": 0.2}, ""training"": {""batch_size"": 32, ""epochs"": 800, ""include_reg_in_val"": false, ""shuffle"": true}}"
a4f2f9fca738,1,0.6897645462952599,0.0,0.6897645462952599,0.0,0.52,0.0,7.0,0.0,"{""callbacks"": {""early_stopping"": true, ""min_delta"": 0.0, ""mode"": ""auto"", ""monitor"": ""val_loss"", ""patience"": 40, ""restore_best_weights"": true, ""verbose"": 0}, ""cv"": {""k"": 3, ""seed"": 42, ""shuffle"": true}, ""data"": {""train_path"": ""data/MONK/MONK1/monks-1.train""}, ""model"": {""activation"": ""sigmoid"", ""dropout"": 0.2, ""hidden_units"": [4]}, ""optim"": {""lr"": 0.2, ""momentum"": 0.9, ""name"": ""sgd""}, ""regularizer"": {""l2"": ""1e-1""}, ""seed"": 42, ""split"": {""stratified"": true, ""val_size"": 0.2}, ""training"": {""batch_size"": 32, ""epochs"": 800, ""include_reg_in_val"": false, ""shuffle"": true}}"
08771834931f,1,0.6898535560701169,0.0,0.6898535560701169,0.0,0.48,0.0,4.0,0.0,"{""callbacks"": {""early_stopping"": true, ""min_delta"": 0.0, ""mode"": ""auto"", ""monitor"": ""val_loss"", ""patience"": 40, ""restore_best_weights"": true, ""verbose"": 0}, ""cv"": {""k"": 3, ""seed"": 42, ""shuffle"": true}, ""data"": {""train_path"": ""data/MONK/MONK1/monks-1.train""}, ""model"": {""activation"": ""sigmoid"", ""dropout"": 0.0, ""hidden_units"": [4]}, ""optim"": {""lr"": 0.2, ""momentum"": 0.1, ""name"": ""sgd""}, ""regularizer"": {""l2"": ""1e-1""}, ""seed"": 42, ""split"": {""stratified"": true, ""val_size"": 0.2}, ""training"": {""batch_size"": 16, ""epochs"": 800, ""include_reg_in_val"": false, ""shuffle"": true}}"
9d9afba21a9c,1,0.689858963075647,0.0,0.689858963075647,0.0,0.52,0.0,8.0,0.0,"{""callbacks"": {""early_stopping"": true, ""min_delta"": 0.0, ""mode"": ""auto"", ""monitor"": ""val_loss"", ""patience"": 40, ""restore_best_weights"": true, ""verbose"": 0}, ""cv"": {""k"": 3, ""seed"": 42, ""shuffle"": true}, ""data"": {""train_path"": ""data/MONK/MONK1/monks-1.train""}, ""model"": {""activation"": ""sigmoid"", ""dropout"": 0.0, ""hidden_units"": [4]}, ""optim"": {""lr"": 0.2, ""momentum"": 0.1, ""name"": ""sgd""}, ""regularizer"": {""l2"": ""1e-1""}, ""seed"": 42, ""split"": {""stratified"": true, ""val_size"": 0.2}, ""training"": {""batch_size"": 32, ""epochs"": 800, ""include_reg_in_val"": false, ""shuffle"": true}}"
efb2c7cf2d3e,1,0.689865284085448,0.0,0.689865284085448,0.0,0.52,0.0,8.0,0.0,"{""callbacks"": {""early_stopping"": true, ""min_delta"": 0.0, ""mode"": ""auto"", ""monitor"": ""val_loss"", ""patience"": 40, ""restore_best_weights"": true, ""verbose"": 0}, ""cv"": {""k"": 3, ""seed"": 42, ""shuffle"": true}, ""data"": {""train_path"": ""data/MONK/MONK1/monks-1.train""}, ""model"": {""activation"": ""sigmoid"", ""dropout"": 0.0, ""hidden_units"": [4]}, ""optim"": {""lr"": 0.2, ""momentum"": 0.0, ""name"": ""sgd""}, ""regularizer"": {""l2"": ""1e-1""}, ""seed"": 42, ""split"": {""stratified"": true, ""val_size"": 0.2}, ""training"": {""batch_size"": 32, ""epochs"": 800, ""include_reg_in_val"": false, ""shuffle"": true}}"
3aaddc88a221,1,0.6898883192377963,0.0,0.6898883192377963,0.0,0.48,0.0,4.0,0.0,"{""callbacks"": {""early_stopping"": true, ""min_delta"": 0.0, ""mode"": ""auto"", ""monitor"": ""val_loss"", ""patience"": 40, ""restore_best_weights"": true, ""verbose"": 0}, ""cv"": {""k"": 3, ""seed"": 42, ""shuffle"": true}, ""data"": {""train_path"": ""data/MONK/MONK1/monks-1.train""}, ""model"": {""activation"": ""sigmoid"", ""dropout"": 0.0, ""hidden_units"": [4]}, ""optim"": {""lr"": 0.2, ""momentum"": 0.0, ""name"": ""sgd""}, ""regularizer"": {""l2"": ""1e-1""}, ""seed"": 42, ""split"": {""stratified"": true, ""val_size"": 0.2}, ""training"": {""batch_size"": 16, ""epochs"": 800, ""include_reg_in_val"": false, ""shuffle"": true}}"
d52d964619c4,1,0.6899215062107293,0.0,0.6899215062107293,0.0,0.48,0.0,10.0,0.0,"{""callbacks"": {""early_stopping"": true, ""min_delta"": 0.0, ""mode"": ""auto"", ""monitor"": ""val_loss"", ""patience"": 40, ""restore_best_weights"": true, ""verbose"": 0}, ""cv"": {""k"": 3, ""seed"": 42, ""shuffle"": true}, ""data"": {""train_path"": ""data/MONK/MONK1/monks-1.train""}, ""model"": {""activation"": ""sigmoid"", ""dropout"": 0.0, ""hidden_units"": [4]}, ""optim"": {""lr"": 0.01, ""momentum"": 0.9, ""name"": ""sgd""}, ""regularizer"": {""l2"": ""1e-1""}, ""seed"": 42, ""split"": {""stratified"": true, ""val_size"": 0.2}, ""training"": {""batch_size"": 16, ""epochs"": 800, ""include_reg_in_val"": false, ""shuffle"": true}}"
3d383c47a8a7,1,0.6899251684186852,0.0,0.6899251684186852,0.0,0.52,0.0,4.0,0.0,"{""callbacks"": {""early_stopping"": true, ""min_delta"": 0.0, ""mode"": ""auto"", ""monitor"": ""val_loss"", ""patience"": 40, ""restore_best_weights"": true, ""verbose"": 0}, ""cv"": {""k"": 3, ""seed"": 42, ""shuffle"": true}, ""data"": {""train_path"": ""data/MONK/MONK1/monks-1.train""}, ""model"": {""activation"": ""sigmoid"", ""dropout"": 0.2, ""hidden_units"": [4]}, ""optim"": {""lr"": 0.2, ""momentum"": 0.9, ""name"": ""sgd""}, ""regularizer"": {""l2"": ""1e-1""}, ""seed"": 42, ""split"": {""stratified"": true, ""val_size"": 0.2}, ""training"": {""batch_size"": 16, ""epochs"": 800, ""include_reg_in_val"": false, ""shuffle"": true}}"
fd4cf31a7001,1,0.6899609645612452,0.0,0.6899609645612452,0.0,0.48,0.0,20.0,0.0,"{""callbacks"": {""early_stopping"": true, ""min_delta"": 0.0, ""mode"": ""auto"", ""monitor"": ""val_loss"", ""patience"": 40, ""restore_best_weights"": true, ""verbose"": 0}, ""cv"": {""k"": 3, ""seed"": 42, ""shuffle"": true}, ""data"": {""train_path"": ""data/MONK/MONK1/monks-1.train""}, ""model"": {""activation"": ""sigmoid"", ""dropout"": 0.0, ""hidden_units"": [4]}, ""optim"": {""lr"": 0.01, ""momentum"": 0.9, ""name"": ""sgd""}, ""regularizer"": {""l2"": ""1e-1""}, ""seed"": 42, ""split"": {""stratified"": true, ""val_size"": 0.2}, ""training"": {""batch_size"": 32, ""epochs"": 800, ""include_reg_in_val"": false, ""shuffle"": true}}"
76d778849e9f,1,0.689988973784975,0.0,0.689988973784975,0.0,0.48,0.0,15.0,0.0,"{""callbacks"": {""early_stopping"": true, ""min_delta"": 0.0, ""mode"": ""auto"", ""monitor"": ""val_loss"", ""patience"": 40, ""restore_best_weights"": true, ""verbose"": 0}, ""cv"": {""k"": 3, ""seed"": 42, ""shuffle"": true}, ""data"": {""train_path"": ""data/MONK/MONK1/monks-1.train""}, ""model"": {""activation"": ""sigmoid"", ""dropout"": 0.0, ""hidden_units"": [4]}, ""optim"": {""lr"": 0.1, ""momentum"": 0.1, ""name"": ""sgd""}, ""regularizer"": {""l2"": ""1e-1""}, ""seed"": 42, ""split"": {""stratified"": true, ""val_size"": 0.2}, ""training"": {""batch_size"": 32, ""epochs"": 800, ""include_reg_in_val"": false, ""shuffle"": true}}"
4dcc7db22549,1,0.6900303312708058,0.0,0.6900303312708058,0.0,0.52,0.0,15.0,0.0,"{""callbacks"": {""early_stopping"": true, ""min_delta"": 0.0, ""mode"": ""auto"", ""monitor"": ""val_loss"", ""patience"": 40, ""restore_best_weights"": true, ""verbose"": 0}, ""cv"": {""k"": 3, ""seed"": 42, ""shuffle"": true}, ""data"": {""train_path"": ""data/MONK/MONK1/monks-1.train""}, ""model"": {""activation"": ""sigmoid"", ""dropout"": 0.0, ""hidden_units"": [4]}, ""optim"": {""lr"": 0.1, ""momentum"": 0.0, ""name"": ""sgd""}, ""regularizer"": {""l2"": ""1e-1""}, ""seed"": 42, ""split"": {""stratified"": true, ""val_size"": 0.2}, ""training"": {""batch_size"": 32, ""epochs"": 800, ""include_reg_in_val"": false, ""shuffle"": true}}"
9e8cf0376518,1,0.6900872538696635,0.0,0.6900872538696635,0.0,0.52,0.0,11.0,0.0,"{""callbacks"": {""early_stopping"": true, ""min_delta"": 0.0, ""mode"": ""auto"", ""monitor"": ""val_loss"", ""patience"": 40, ""restore_best_weights"": true, ""verbose"": 0}, ""cv"": {""k"": 3, ""seed"": 42, ""shuffle"": true}, ""data"": {""train_path"": ""data/MONK/MONK1/monks-1.train""}, ""model"": {""activation"": ""sigmoid"", ""dropout"": 0.0, ""hidden_units"": [4]}, ""optim"": {""lr"": 0.1, ""momentum"": 0.0, ""name"": ""sgd""}, ""regularizer"": {""l2"": ""1e-1""}, ""seed"": 42, ""split"": {""stratified"": true, ""val_size"": 0.2}, ""training"": {""batch_size"": 16, ""epochs"": 800, ""include_reg_in_val"": false, ""shuffle"": true}}"
9702e1223b38,1,0.6900965290626906,0.0,0.6900965290626906,0.0,0.52,0.0,1.0,0.0,"{""callbacks"": {""early_stopping"": true, ""min_delta"": 0.0, ""mode"": ""auto"", ""monitor"": ""val_loss"", ""patience"": 40, ""restore_best_weights"": true, ""verbose"": 0}, ""cv"": {""k"": 3, ""seed"": 42, ""shuffle"": true}, ""data"": {""train_path"": ""data/MONK/MONK1/monks-1.train""}, ""model"": {""activation"": ""relu"", ""dropout"": 0.0, ""hidden_units"": [8, 4]}, ""optim"": {""lr"": 0.2, ""momentum"": 0.9, ""name"": ""sgd""}, ""regularizer"": {""l2"": ""1e-1""}, ""seed"": 42, ""split"": {""stratified"": true, ""val_size"": 0.2}, ""training"": {""batch_size"": 32, ""epochs"": 800, ""include_reg_in_val"": false, ""shuffle"": true}}"
116951772d55,1,0.6901383068499731,0.0,0.6901383068499731,0.0,0.52,0.0,10.0,0.0,"{""callbacks"": {""early_stopping"": true, ""min_delta"": 0.0, ""mode"": ""auto"", ""monitor"": ""val_loss"", ""patience"": 40, ""restore_best_weights"": true, ""verbose"": 0}, ""cv"": {""k"": 3, ""seed"": 42, ""shuffle"": true}, ""data"": {""train_path"": ""data/MONK/MONK1/monks-1.train""}, ""model"": {""activation"": ""sigmoid"", ""dropout"": 0.0, ""hidden_units"": [4]}, ""optim"": {""lr"": 0.1, ""momentum"": 0.1, ""name"": ""sgd""}, ""regularizer"": {""l2"": ""1e-1""}, ""seed"": 42, ""split"": {""stratified"": true, ""val_size"": 0.2}, ""training"": {""batch_size"": 16, ""epochs"": 800, ""include_reg_in_val"": false, ""shuffle"": true}}"
7cf8b6c29c25,1,0.6902021427484556,0.0,0.6902021427484556,0.0,0.48,0.0,160.0,0.0,"{""callbacks"": {""early_stopping"": true, ""min_delta"": 0.0, ""mode"": ""auto"", ""monitor"": ""val_loss"", ""patience"": 40, ""restore_best_weights"": true, ""verbose"": 0}, ""cv"": {""k"": 3, ""seed"": 42, ""shuffle"": true}, ""data"": {""train_path"": ""data/MONK/MONK1/monks-1.train""}, ""model"": {""activation"": ""sigmoid"", ""dropout"": 0.0, ""hidden_units"": [4]}, ""optim"": {""lr"": 0.01, ""momentum"": 0.1, ""name"": ""sgd""}, ""regularizer"": {""l2"": ""1e-1""}, ""seed"": 42, ""split"": {""stratified"": true, ""val_size"": 0.2}, ""training"": {""batch_size"": 32, ""epochs"": 800, ""include_reg_in_val"": false, ""shuffle"": true}}"
c1a3b5651e7e,1,0.6902130507572725,0.0,0.6902130507572725,0.0,0.52,0.0,162.0,0.0,"{""callbacks"": {""early_stopping"": true, ""min_delta"": 0.0, ""mode"": ""auto"", ""monitor"": ""val_loss"", ""patience"": 40, ""restore_best_weights"": true, ""verbose"": 0}, ""cv"": {""k"": 3, ""seed"": 42, ""shuffle"": true}, ""data"": {""train_path"": ""data/MONK/MONK1/monks-1.train""}, ""model"": {""activation"": ""sigmoid"", ""dropout"": 0.0, ""hidden_units"": [4]}, ""optim"": {""lr"": 0.01, ""momentum"": 0.0, ""name"": ""sgd""}, ""regularizer"": {""l2"": ""1e-1""}, ""seed"": 42, ""split"": {""stratified"": true, ""val_size"": 0.2}, ""training"": {""batch_size"": 32, ""epochs"": 800, ""include_reg_in_val"": false, ""shuffle"": true}}"
30ae654eb087,1,0.6902510077419554,0.0,0.6902510077419554,0.0,0.48,0.0,89.0,0.0,"{""callbacks"": {""early_stopping"": true, ""min_delta"": 0.0, ""mode"": ""auto"", ""monitor"": ""val_loss"", ""patience"": 40, ""restore_best_weights"": true, ""verbose"": 0}, ""cv"": {""k"": 3, ""seed"": 42, ""shuffle"": true}, ""data"": {""train_path"": ""data/MONK/MONK1/monks-1.train""}, ""model"": {""activation"": ""sigmoid"", ""dropout"": 0.0, ""hidden_units"": [4]}, ""optim"": {""lr"": 0.01, ""momentum"": 0.1, ""name"": ""sgd""}, ""regularizer"": {""l2"": ""1e-1""}, ""seed"": 42, ""split"": {""stratified"": true, ""val_size"": 0.2}, ""training"": {""batch_size"": 16, ""epochs"": 800, ""include_reg_in_val"": false, ""shuffle"": true}}"
56475620d6b3,1,0.6902979641765574,0.0,0.6902979641765574,0.0,0.44,0.0,89.0,0.0,"{""callbacks"": {""early_stopping"": true, ""min_delta"": 0.0, ""mode"": ""auto"", ""monitor"": ""val_loss"", ""patience"": 40, ""restore_best_weights"": true, ""verbose"": 0}, ""cv"": {""k"": 3, ""seed"": 42, ""shuffle"": true}, ""data"": {""train_path"": ""data/MONK/MONK1/monks-1.train""}, ""model"": {""activation"": ""sigmoid"", ""dropout"": 0.0, ""hidden_units"": [4]}, ""optim"": {""lr"": 0.01, ""momentum"": 0.0, ""name"": ""sgd""}, ""regularizer"": {""l2"": ""1e-1""}, ""seed"": 42, ""split"": {""stratified"": true, ""val_size"": 0.2}, ""training"": {""batch_size"": 16, ""epochs"": 800, ""include_reg_in_val"": false, ""shuffle"": true}}"
45fea1f33e4b,1,0.6903307061016116,0.0,0.6903307061016116,0.0,0.52,0.0,150.0,0.0,"{""callbacks"": {""early_stopping"": true, ""min_delta"": 0.0, ""mode"": ""auto"", ""monitor"": ""val_loss"", ""patience"": 40, ""restore_best_weights"": true, ""verbose"": 0}, ""cv"": {""k"": 3, ""seed"": 42, ""shuffle"": true}, ""data"": {""train_path"": ""data/MONK/MONK1/monks-1.train""}, ""model"": {""activation"": ""sigmoid"", ""dropout"": 0.2, ""hidden_units"": [8, 4]}, ""optim"": {""lr"": 0.2, ""momentum"": 0.1, ""name"": ""sgd""}, ""regularizer"": {""l2"": ""1e-3""}, ""seed"": 42, ""split"": {""stratified"": true, ""val_size"": 0.2}, ""training"": {""batch_size"": 32, ""epochs"": 800, ""include_reg_in_val"": false, ""shuffle"": true}}"
333e2e3387dc,1,0.6903753291490644,0.0,0.6903753291490644,0.0,0.6,0.0,9.0,0.0,"{""callbacks"": {""early_stopping"": true, ""min_delta"": 0.0, ""mode"": ""auto"", ""monitor"": ""val_loss"", ""patience"": 40, ""restore_best_weights"": true, ""verbose"": 0}, ""cv"": {""k"": 3, ""seed"": 42, ""shuffle"": true}, ""data"": {""train_path"": ""data/MONK/MONK1/monks-1.train""}, ""model"": {""activation"": ""relu"", ""dropout"": 0.2, ""hidden_units"": [8, 4]}, ""optim"": {""lr"": 0.1, ""momentum"": 0.1, ""name"": ""sgd""}, ""regularizer"": {""l2"": ""1e-1""}, ""seed"": 42, ""split"": {""stratified"": true, ""val_size"": 0.2}, ""training"": {""batch_size"": 32, ""epochs"": 800, ""include_reg_in_val"": false, ""shuffle"": true}}"
006680bab594,1,0.690416043482849,0.0,0.690416043482849,0.0,0.56,0.0,85.0,0.0,"{""callbacks"": {""early_stopping"": true, ""min_delta"": 0.0, ""mode"": ""auto"", ""monitor"": ""val_loss"", ""patience"": 40, ""restore_best_weights"": true, ""verbose"": 0}, ""cv"": {""k"": 3, ""seed"": 42, ""shuffle"": true}, ""data"": {""train_path"": ""data/MONK/MONK1/monks-1.train""}, ""model"": {""activation"": ""relu"", ""dropout"": 0.2, ""hidden_units"": [8, 4]}, ""optim"": {""lr"": 0.01, ""momentum"": 0.1, ""name"": ""sgd""}, ""regularizer"": {""l2"": ""1e-1""}, ""seed"": 42, ""split"": {""stratified"": true, ""val_size"": 0.2}, ""training"": {""batch_size"": 32, ""epochs"": 800, ""include_reg_in_val"": false, ""shuffle"": true}}"
49716d8b293f,1,0.6904361185101797,0.0,0.6904361185101797,0.0,0.48,0.0,177.0,0.0,"{""callbacks"": {""early_stopping"": true, ""min_delta"": 0.0, ""mode"": ""auto"", ""monitor"": ""val_loss"", ""patience"": 40, ""restore_best_weights"": true, ""verbose"": 0}, ""cv"": {""k"": 3, ""seed"": 42, ""shuffle"": true}, ""data"": {""train_path"": ""data/MONK/MONK1/monks-1.train""}, ""model"": {""activation"": ""sigmoid"", ""dropout"": 0.2, ""hidden_units"": [4]}, ""optim"": {""lr"": 0.01, ""momentum"": 0.0, ""name"": ""sgd""}, ""regularizer"": {""l2"": ""1e-1""}, ""seed"": 42, ""split"": {""stratified"": true, ""val_size"": 0.2}, ""training"": {""batch_size"": 32, ""epochs"": 800, ""include_reg_in_val"": false, ""shuffle"": true}}"
fd73a2f6fc7d,1,0.6904642874279989,0.0,0.6904642874279989,0.0,0.52,0.0,86.0,0.0,"{""callbacks"": {""early_stopping"": true, ""min_delta"": 0.0, ""mode"": ""auto"", ""monitor"": ""val_loss"", ""patience"": 40, ""restore_best_weights"": true, ""verbose"": 0}, ""cv"": {""k"": 3, ""seed"": 42, ""shuffle"": true}, ""data"": {""train_path"": ""data/MONK/MONK1/monks-1.train""}, ""model"": {""activation"": ""sigmoid"", ""dropout"": 0.2, ""hidden_units"": [4]}, ""optim"": {""lr"": 0.01, ""momentum"": 0.1, ""name"": ""sgd""}, ""regularizer"": {""l2"": ""1e-1""}, ""seed"": 42, ""split"": {""stratified"": true, ""val_size"": 0.2}, ""training"": {""batch_size"": 16, ""epochs"": 800, ""include_reg_in_val"": false, ""shuffle"": true}}"
25e8a747fb8c,1,0.6904690284478945,0.0,0.6904690284478945,0.0,0.52,0.0,161.0,0.0,"{""callbacks"": {""early_stopping"": true, ""min_delta"": 0.0, ""mode"": ""auto"", ""monitor"": ""val_loss"", ""patience"": 40, ""restore_best_weights"": true, ""verbose"": 0}, ""cv"": {""k"": 3, ""seed"": 42, ""shuffle"": true}, ""data"": {""train_path"": ""data/MONK/MONK1/monks-1.train""}, ""model"": {""activation"": ""sigmoid"", ""dropout"": 0.2, ""hidden_units"": [4]}, ""optim"": {""lr"": 0.01, ""momentum"": 0.1, ""name"": ""sgd""}, ""regularizer"": {""l2"": ""1e-1""}, ""seed"": 42, ""split"": {""stratified"": true, ""val_size"": 0.2}, ""training"": {""batch_size"": 32, ""epochs"": 800, ""include_reg_in_val"": false, ""shuffle"": true}}"
61d4b8715b17,1,0.6904847458627735,0.0,0.6904847458627735,0.0,0.52,0.0,89.0,0.0,"{""callbacks"": {""early_stopping"": true, ""min_delta"": 0.0, ""mode"": ""auto"", ""monitor"": ""val_loss"", ""patience"": 40, ""restore_best_weights"": true, ""verbose"": 0}, ""cv"": {""k"": 3, ""seed"": 42, ""shuffle"": true}, ""data"": {""train_path"": ""data/MONK/MONK1/monks-1.train""}, ""model"": {""activation"": ""sigmoid"", ""dropout"": 0.2, ""hidden_units"": [4]}, ""optim"": {""lr"": 0.01, ""momentum"": 0.0, ""name"": ""sgd""}, ""regularizer"": {""l2"": ""1e-1""}, ""seed"": 42, ""split"": {""stratified"": true, ""val_size"": 0.2}, ""training"": {""batch_size"": 16, ""epochs"": 800, ""include_reg_in_val"": false, ""shuffle"": true}}"
17b15ed0f1d9,1,0.6904876566326871,0.0,0.6904876566326871,0.0,0.6,0.0,87.0,0.0,"{""callbacks"": {""early_stopping"": true, ""min_delta"": 0.0, ""mode"": ""auto"", ""monitor"": ""val_loss"", ""patience"": 40, ""restore_best_weights"": true, ""verbose"": 0}, ""cv"": {""k"": 3, ""seed"": 42, ""shuffle"": true}, ""data"": {""train_path"": ""data/MONK/MONK1/monks-1.train""}, ""model"": {""activation"": ""relu"", ""dropout"": 0.2, ""hidden_units"": [8, 4]}, ""optim"": {""lr"": 0.01, ""momentum"": 0.0, ""name"": ""sgd""}, ""regularizer"": {""l2"": ""1e-1""}, ""seed"": 42, ""split"": {""stratified"": true, ""val_size"": 0.2}, ""training"": {""batch_size"": 32, ""epochs"": 800, ""include_reg_in_val"": false, ""shuffle"": true}}"
6fda773ee08c,1,0.6904960258782787,0.0,0.6904960258782787,0.0,0.52,0.0,50.0,0.0,"{""callbacks"": {""early_stopping"": true, ""min_delta"": 0.0, ""mode"": ""auto"", ""monitor"": ""val_loss"", ""patience"": 40, ""restore_best_weights"": true, ""verbose"": 0}, ""cv"": {""k"": 3, ""seed"": 42, ""shuffle"": true}, ""data"": {""train_path"": ""data/MONK/MONK1/monks-1.train""}, ""model"": {""activation"": ""sigmoid"", ""dropout"": 0.2, ""hidden_units"": [8]}, ""optim"": {""lr"": 0.1, ""momentum"": 0.9, ""name"": ""sgd""}, ""regularizer"": {""l2"": ""1e-1""}, ""seed"": 42, ""split"": {""stratified"": true, ""val_size"": 0.2}, ""training"": {""batch_size"": 32, ""epochs"": 800, ""include_reg_in_val"": false, ""shuffle"": true}}"
2319dc951b1c,1,0.6905372221101803,0.0,0.6905372221101803,0.0,0.52,0.0,10.0,0.0,"{""callbacks"": {""early_stopping"": true, ""min_delta"": 0.0, ""mode"": ""auto"", ""monitor"": ""val_loss"", ""patience"": 40, ""restore_best_weights"": true, ""verbose"": 0}, ""cv"": {""k"": 3, ""seed"": 42, ""shuffle"": true}, ""data"": {""train_path"": ""data/MONK/MONK1/monks-1.train""}, ""model"": {""activation"": ""relu"", ""dropout"": 0.2, ""hidden_units"": [8, 4]}, ""optim"": {""lr"": 0.1, ""momentum"": 0.0, ""name"": ""sgd""}, ""regularizer"": {""l2"": ""1e-1""}, ""seed"": 42, ""split"": {""stratified"": true, ""val_size"": 0.2}, ""training"": {""batch_size"": 32, ""epochs"": 800, ""include_reg_in_val"": false, ""shuffle"": true}}"
7fc21443edc4,1,0.6905395906858816,0.0,0.6905395906858816,0.0,0.52,0.0,5.0,0.0,"{""callbacks"": {""early_stopping"": true, ""min_delta"": 0.0, ""mode"": ""auto"", ""monitor"": ""val_loss"", ""patience"": 40, ""restore_best_weights"": true, ""verbose"": 0}, ""cv"": {""k"": 3, ""seed"": 42, ""shuffle"": true}, ""data"": {""train_path"": ""data/MONK/MONK1/monks-1.train""}, ""model"": {""activation"": ""sigmoid"", ""dropout"": 0.0, ""hidden_units"": [4]}, ""optim"": {""lr"": 0.1, ""momentum"": 0.9, ""name"": ""sgd""}, ""regularizer"": {""l2"": ""1e-1""}, ""seed"": 42, ""split"": {""stratified"": true, ""val_size"": 0.2}, ""training"": {""batch_size"": 32, ""epochs"": 800, ""include_reg_in_val"": false, ""shuffle"": true}}"
8423a2817777,1,0.6905772489520194,0.0,0.6905772489520194,0.0,0.56,0.0,44.0,0.0,"{""callbacks"": {""early_stopping"": true, ""min_delta"": 0.0, ""mode"": ""auto"", ""monitor"": ""val_loss"", ""patience"": 40, ""restore_best_weights"": true, ""verbose"": 0}, ""cv"": {""k"": 3, ""seed"": 42, ""shuffle"": true}, ""data"": {""train_path"": ""data/MONK/MONK1/monks-1.train""}, ""model"": {""activation"": ""relu"", ""dropout"": 0.2, ""hidden_units"": [8, 4]}, ""optim"": {""lr"": 0.01, ""momentum"": 0.1, ""name"": ""sgd""}, ""regularizer"": {""l2"": ""1e-1""}, ""seed"": 42, ""split"": {""stratified"": true, ""val_size"": 0.2}, ""training"": {""batch_size"": 16, ""epochs"": 800, ""include_reg_in_val"": false, ""shuffle"": true}}"
21d436f570eb,1,0.69060097482076,0.0,0.69060097482076,0.0,0.52,0.0,11.0,0.0,"{""callbacks"": {""early_stopping"": true, ""min_delta"": 0.0, ""mode"": ""auto"", ""monitor"": ""val_loss"", ""patience"": 40, ""restore_best_weights"": true, ""verbose"": 0}, ""cv"": {""k"": 3, ""seed"": 42, ""shuffle"": true}, ""data"": {""train_path"": ""data/MONK/MONK1/monks-1.train""}, ""model"": {""activation"": ""sigmoid"", ""dropout"": 0.2, ""hidden_units"": [4]}, ""optim"": {""lr"": 0.1, ""momentum"": 0.1, ""name"": ""sgd""}, ""regularizer"": {""l2"": ""1e-1""}, ""seed"": 42, ""split"": {""stratified"": true, ""val_size"": 0.2}, ""training"": {""batch_size"": 32, ""epochs"": 800, ""include_reg_in_val"": false, ""shuffle"": true}}"
041351c12dd2,1,0.6906252295590822,0.0,0.6906252295590822,0.0,0.52,0.0,14.0,0.0,"{""callbacks"": {""early_stopping"": true, ""min_delta"": 0.0, ""mode"": ""auto"", ""monitor"": ""val_loss"", ""patience"": 40, ""restore_best_weights"": true, ""verbose"": 0}, ""cv"": {""k"": 3, ""seed"": 42, ""shuffle"": true}, ""data"": {""train_path"": ""data/MONK/MONK1/monks-1.train""}, ""model"": {""activation"": ""sigmoid"", ""dropout"": 0.2, ""hidden_units"": [4]}, ""optim"": {""lr"": 0.1, ""momentum"": 0.0, ""name"": ""sgd""}, ""regularizer"": {""l2"": ""1e-1""}, ""seed"": 42, ""split"": {""stratified"": true, ""val_size"": 0.2}, ""training"": {""batch_size"": 32, ""epochs"": 800, ""include_reg_in_val"": false, ""shuffle"": true}}"
9352b5d627da,1,0.690692880368461,0.0,0.690692880368461,0.0,0.52,0.0,10.0,0.0,"{""callbacks"": {""early_stopping"": true, ""min_delta"": 0.0, ""mode"": ""auto"", ""monitor"": ""val_loss"", ""patience"": 40, ""restore_best_weights"": true, ""verbose"": 0}, ""cv"": {""k"": 3, ""seed"": 42, ""shuffle"": true}, ""data"": {""train_path"": ""data/MONK/MONK1/monks-1.train""}, ""model"": {""activation"": ""sigmoid"", ""dropout"": 0.2, ""hidden_units"": [4]}, ""optim"": {""lr"": 0.2, ""momentum"": 0.0, ""name"": ""sgd""}, ""regularizer"": {""l2"": ""1e-1""}, ""seed"": 42, ""split"": {""stratified"": true, ""val_size"": 0.2}, ""training"": {""batch_size"": 32, ""epochs"": 800, ""include_reg_in_val"": false, ""shuffle"": true}}"
93f601660cd5,1,0.6906938414813912,0.0,0.6906938414813912,0.0,0.48,0.0,20.0,0.0,"{""callbacks"": {""early_stopping"": true, ""min_delta"": 0.0, ""mode"": ""auto"", ""monitor"": ""val_loss"", ""patience"": 40, ""restore_best_weights"": true, ""verbose"": 0}, ""cv"": {""k"": 3, ""seed"": 42, ""shuffle"": true}, ""data"": {""train_path"": ""data/MONK/MONK1/monks-1.train""}, ""model"": {""activation"": ""sigmoid"", ""dropout"": 0.2, ""hidden_units"": [4]}, ""optim"": {""lr"": 0.01, ""momentum"": 0.9, ""name"": ""sgd""}, ""regularizer"": {""l2"": ""1e-1""}, ""seed"": 42, ""split"": {""stratified"": true, ""val_size"": 0.2}, ""training"": {""batch_size"": 32, ""epochs"": 800, ""include_reg_in_val"": false, ""shuffle"": true}}"
97d0699de8bc,1,0.6907047159631583,0.0,0.6907047159631583,0.0,0.56,0.0,49.0,0.0,"{""callbacks"": {""early_stopping"": true, ""min_delta"": 0.0, ""mode"": ""auto"", ""monitor"": ""val_loss"", ""patience"": 40, ""restore_best_weights"": true, ""verbose"": 0}, ""cv"": {""k"": 3, ""seed"": 42, ""shuffle"": true}, ""data"": {""train_path"": ""data/MONK/MONK1/monks-1.train""}, ""model"": {""activation"": ""relu"", ""dropout"": 0.2, ""hidden_units"": [8, 4]}, ""optim"": {""lr"": 0.01, ""momentum"": 0.0, ""name"": ""sgd""}, ""regularizer"": {""l2"": ""1e-1""}, ""seed"": 42, ""split"": {""stratified"": true, ""val_size"": 0.2}, ""training"": {""batch_size"": 16, ""epochs"": 800, ""include_reg_in_val"": false, ""shuffle"": true}}"
14c00413cb33,1,0.6907126949183373,0.0,0.6907126949183373,0.0,0.52,0.0,11.0,0.0,"{""callbacks"": {""early_stopping"": true, ""min_delta"": 0.0, ""mode"": ""auto"", ""monitor"": ""val_loss"", ""patience"": 40, ""restore_best_weights"": true, ""verbose"": 0}, ""cv"": {""k"": 3, ""seed"": 42, ""shuffle"": true}, ""data"": {""train_path"": ""data/MONK/MONK1/monks-1.train""}, ""model"": {""activation"": ""sigmoid"", ""dropout"": 0.2, ""hidden_units"": [4]}, ""optim"": {""lr"": 0.01, ""momentum"": 0.9, ""name"": ""sgd""}, ""regularizer"": {""l2"": ""1e-1""}, ""seed"": 42, ""split"": {""stratified"": true, ""val_size"": 0.2}, ""training"": {""batch_size"": 16, ""epochs"": 800, ""include_reg_in_val"": false, ""shuffle"": true}}"
a4a9d2e307d9,1,0.6907874769425271,0.0,0.6907874769425271,0.0,0.52,0.0,150.0,0.0,"{""callbacks"": {""early_stopping"": true, ""min_delta"": 0.0, ""mode"": ""auto"", ""monitor"": ""val_loss"", ""patience"": 40, ""restore_best_weights"": true, ""verbose"": 0}, ""cv"": {""k"": 3, ""seed"": 42, ""shuffle"": true}, ""data"": {""train_path"": ""data/MONK/MONK1/monks-1.train""}, ""model"": {""activation"": ""sigmoid"", ""dropout"": 0.2, ""hidden_units"": [8, 4]}, ""optim"": {""lr"": 0.2, ""momentum"": 0.0, ""name"": ""sgd""}, ""regularizer"": {""l2"": ""1e-3""}, ""seed"": 42, ""split"": {""stratified"": true, ""val_size"": 0.2}, ""training"": {""batch_size"": 32, ""epochs"": 800, ""include_reg_in_val"": false, ""shuffle"": true}}"
3fbdba6aa904,1,0.6907965866723422,0.0,0.6907965866723422,0.0,0.52,0.0,10.0,0.0,"{""callbacks"": {""early_stopping"": true, ""min_delta"": 0.0, ""mode"": ""auto"", ""monitor"": ""val_loss"", ""patience"": 40, ""restore_best_weights"": true, ""verbose"": 0}, ""cv"": {""k"": 3, ""seed"": 42, ""shuffle"": true}, ""data"": {""train_path"": ""data/MONK/MONK1/monks-1.train""}, ""model"": {""activation"": ""sigmoid"", ""dropout"": 0.2, ""hidden_units"": [4]}, ""optim"": {""lr"": 0.2, ""momentum"": 0.1, ""name"": ""sgd""}, ""regularizer"": {""l2"": ""1e-1""}, ""seed"": 42, ""split"": {""stratified"": true, ""val_size"": 0.2}, ""training"": {""batch_size"": 32, ""epochs"": 800, ""include_reg_in_val"": false, ""shuffle"": true}}"
bf96527e108b,1,0.6908015637133147,0.0,0.6908015637133147,0.0,0.52,0.0,15.0,0.0,"{""callbacks"": {""early_stopping"": true, ""min_delta"": 0.0, ""mode"": ""auto"", ""monitor"": ""val_loss"", ""patience"": 40, ""restore_best_weights"": true, ""verbose"": 0}, ""cv"": {""k"": 3, ""seed"": 42, ""shuffle"": true}, ""data"": {""train_path"": ""data/MONK/MONK1/monks-1.train""}, ""model"": {""activation"": ""sigmoid"", ""dropout"": 0.0, ""hidden_units"": [8]}, ""optim"": {""lr"": 0.01, ""momentum"": 0.9, ""name"": ""sgd""}, ""regularizer"": {""l2"": ""1e-1""}, ""seed"": 42, ""split"": {""stratified"": true, ""val_size"": 0.2}, ""training"": {""batch_size"": 16, ""epochs"": 800, ""include_reg_in_val"": false, ""shuffle"": true}}"
1b4974387813,1,0.6908073304849333,0.0,0.6908073304849333,0.0,0.52,0.0,11.0,0.0,"{""callbacks"": {""early_stopping"": true, ""min_delta"": 0.0, ""mode"": ""auto"", ""monitor"": ""val_loss"", ""patience"": 40, ""restore_best_weights"": true, ""verbose"": 0}, ""cv"": {""k"": 3, ""seed"": 42, ""shuffle"": true}, ""data"": {""train_path"": ""data/MONK/MONK1/monks-1.train""}, ""model"": {""activation"": ""sigmoid"", ""dropout"": 0.2, ""hidden_units"": [4]}, ""optim"": {""lr"": 0.1, ""momentum"": 0.0, ""name"": ""sgd""}, ""regularizer"": {""l2"": ""1e-1""}, ""seed"": 42, ""split"": {""stratified"": true, ""val_size"": 0.2}, ""training"": {""batch_size"": 16, ""epochs"": 800, ""include_reg_in_val"": false, ""shuffle"": true}}"
59460ae028a5,1,0.6908101576063589,0.0,0.6908101576063589,0.0,0.52,0.0,31.0,0.0,"{""callbacks"": {""early_stopping"": true, ""min_delta"": 0.0, ""mode"": ""auto"", ""monitor"": ""val_loss"", ""patience"": 40, ""restore_best_weights"": true, ""verbose"": 0}, ""cv"": {""k"": 3, ""seed"": 42, ""shuffle"": true}, ""data"": {""train_path"": ""data/MONK/MONK1/monks-1.train""}, ""model"": {""activation"": ""sigmoid"", ""dropout"": 0.0, ""hidden_units"": [8]}, ""optim"": {""lr"": 0.01, ""momentum"": 0.9, ""name"": ""sgd""}, ""regularizer"": {""l2"": ""1e-1""}, ""seed"": 42, ""split"": {""stratified"": true, ""val_size"": 0.2}, ""training"": {""batch_size"": 32, ""epochs"": 800, ""include_reg_in_val"": false, ""shuffle"": true}}"
19826a468a26,1,0.6908170425762219,0.0,0.6908170425762219,0.0,0.52,0.0,1.0,0.0,"{""callbacks"": {""early_stopping"": true, ""min_delta"": 0.0, ""mode"": ""auto"", ""monitor"": ""val_loss"", ""patience"": 40, ""restore_best_weights"": true, ""verbose"": 0}, ""cv"": {""k"": 3, ""seed"": 42, ""shuffle"": true}, ""data"": {""train_path"": ""data/MONK/MONK1/monks-1.train""}, ""model"": {""activation"": ""relu"", ""dropout"": 0.2, ""hidden_units"": [8, 4]}, ""optim"": {""lr"": 0.2, ""momentum"": 0.9, ""name"": ""sgd""}, ""regularizer"": {""l2"": ""1e-1""}, ""seed"": 42, ""split"": {""stratified"": true, ""val_size"": 0.2}, ""training"": {""batch_size"": 32, ""epochs"": 800, ""include_reg_in_val"": false, ""shuffle"": true}}"
f137d268fea5,1,0.6908414990623625,0.0,0.6908414990623625,0.0,0.52,0.0,162.0,0.0,"{""callbacks"": {""early_stopping"": true, ""min_delta"": 0.0, ""mode"": ""auto"", ""monitor"": ""val_loss"", ""patience"": 40, ""restore_best_weights"": true, ""verbose"": 0}, ""cv"": {""k"": 3, ""seed"": 42, ""shuffle"": true}, ""data"": {""train_path"": ""data/MONK/MONK1/monks-1.train""}, ""model"": {""activation"": ""sigmoid"", ""dropout"": 0.2, ""hidden_units"": [8, 4]}, ""optim"": {""lr"": 0.1, ""momentum"": 0.1, ""name"": ""sgd""}, ""regularizer"": {""l2"": ""1e-3""}, ""seed"": 42, ""split"": {""stratified"": true, ""val_size"": 0.2}, ""training"": {""batch_size"": 16, ""epochs"": 800, ""include_reg_in_val"": false, ""shuffle"": true}}"
79004193f820,1,0.6908640377889299,0.0,0.6908640377889299,0.0,0.48,0.0,8.0,0.0,"{""callbacks"": {""early_stopping"": true, ""min_delta"": 0.0, ""mode"": ""auto"", ""monitor"": ""val_loss"", ""patience"": 40, ""restore_best_weights"": true, ""verbose"": 0}, ""cv"": {""k"": 3, ""seed"": 42, ""shuffle"": true}, ""data"": {""train_path"": ""data/MONK/MONK1/monks-1.train""}, ""model"": {""activation"": ""sigmoid"", ""dropout"": 0.2, ""hidden_units"": [4]}, ""optim"": {""lr"": 0.1, ""momentum"": 0.1, ""name"": ""sgd""}, ""regularizer"": {""l2"": ""1e-1""}, ""seed"": 42, ""split"": {""stratified"": true, ""val_size"": 0.2}, ""training"": {""batch_size"": 16, ""epochs"": 800, ""include_reg_in_val"": false, ""shuffle"": true}}"
1eb8ba58ce4b,1,0.6908705285974744,0.0,0.6908705285974744,0.0,0.52,0.0,2.0,0.0,"{""callbacks"": {""early_stopping"": true, ""min_delta"": 0.0, ""mode"": ""auto"", ""monitor"": ""val_loss"", ""patience"": 40, ""restore_best_weights"": true, ""verbose"": 0}, ""cv"": {""k"": 3, ""seed"": 42, ""shuffle"": true}, ""data"": {""train_path"": ""data/MONK/MONK1/monks-1.train""}, ""model"": {""activation"": ""relu"", ""dropout"": 0.2, ""hidden_units"": [8, 4]}, ""optim"": {""lr"": 0.2, ""momentum"": 0.1, ""name"": ""sgd""}, ""regularizer"": {""l2"": ""1e-1""}, ""seed"": 42, ""split"": {""stratified"": true, ""val_size"": 0.2}, ""training"": {""batch_size"": 16, ""epochs"": 800, ""include_reg_in_val"": false, ""shuffle"": true}}"
52069c6b94e7,1,0.6908855780055579,0.0,0.6908855780055579,0.0,0.52,0.0,14.0,0.0,"{""callbacks"": {""early_stopping"": true, ""min_delta"": 0.0, ""mode"": ""auto"", ""monitor"": ""val_loss"", ""patience"": 40, ""restore_best_weights"": true, ""verbose"": 0}, ""cv"": {""k"": 3, ""seed"": 42, ""shuffle"": true}, ""data"": {""train_path"": ""data/MONK/MONK1/monks-1.train""}, ""model"": {""activation"": ""sigmoid"", ""dropout"": 0.0, ""hidden_units"": [8]}, ""optim"": {""lr"": 0.2, ""momentum"": 0.0, ""name"": ""sgd""}, ""regularizer"": {""l2"": ""1e-1""}, ""seed"": 42, ""split"": {""stratified"": true, ""val_size"": 0.2}, ""training"": {""batch_size"": 32, ""epochs"": 800, ""include_reg_in_val"": false, ""shuffle"": true}}"
147146508d61,1,0.6909022714343636,0.0,0.6909022714343636,0.0,0.52,0.0,14.0,0.0,"{""callbacks"": {""early_stopping"": true, ""min_delta"": 0.0, ""mode"": ""auto"", ""monitor"": ""val_loss"", ""patience"": 40, ""restore_best_weights"": true, ""verbose"": 0}, ""cv"": {""k"": 3, ""seed"": 42, ""shuffle"": true}, ""data"": {""train_path"": ""data/MONK/MONK1/monks-1.train""}, ""model"": {""activation"": ""sigmoid"", ""dropout"": 0.0, ""hidden_units"": [8]}, ""optim"": {""lr"": 0.2, ""momentum"": 0.1, ""name"": ""sgd""}, ""regularizer"": {""l2"": ""1e-1""}, ""seed"": 42, ""split"": {""stratified"": true, ""val_size"": 0.2}, ""training"": {""batch_size"": 32, ""epochs"": 800, ""include_reg_in_val"": false, ""shuffle"": true}}"
3225382ccd2d,1,0.6909121173237692,0.0,0.6909121173237692,0.0,0.48,0.0,4.0,0.0,"{""callbacks"": {""early_stopping"": true, ""min_delta"": 0.0, ""mode"": ""auto"", ""monitor"": ""val_loss"", ""patience"": 40, ""restore_best_weights"": true, ""verbose"": 0}, ""cv"": {""k"": 3, ""seed"": 42, ""shuffle"": true}, ""data"": {""train_path"": ""data/MONK/MONK1/monks-1.train""}, ""model"": {""activation"": ""sigmoid"", ""dropout"": 0.2, ""hidden_units"": [4]}, ""optim"": {""lr"": 0.2, ""momentum"": 0.0, ""name"": ""sgd""}, ""regularizer"": {""l2"": ""1e-1""}, ""seed"": 42, ""split"": {""stratified"": true, ""val_size"": 0.2}, ""training"": {""batch_size"": 16, ""epochs"": 800, ""include_reg_in_val"": false, ""shuffle"": true}}"
b5a82a7db3f2,1,0.6909217397121822,0.0,0.6909217397121822,0.0,0.52,0.0,4.0,0.0,"{""callbacks"": {""early_stopping"": true, ""min_delta"": 0.0, ""mode"": ""auto"", ""monitor"": ""val_loss"", ""patience"": 40, ""restore_best_weights"": true, ""verbose"": 0}, ""cv"": {""k"": 3, ""seed"": 42, ""shuffle"": true}, ""data"": {""train_path"": ""data/MONK/MONK1/monks-1.train""}, ""model"": {""activation"": ""sigmoid"", ""dropout"": 0.2, ""hidden_units"": [4]}, ""optim"": {""lr"": 0.2, ""momentum"": 0.1, ""name"": ""sgd""}, ""regularizer"": {""l2"": ""1e-1""}, ""seed"": 42, ""split"": {""stratified"": true, ""val_size"": 0.2}, ""training"": {""batch_size"": 16, ""epochs"": 800, ""include_reg_in_val"": false, ""shuffle"": true}}"
da5c6a1b9d96,1,0.6909395375068641,0.0,0.6909395375068641,0.0,0.52,0.0,10.0,0.0,"{""callbacks"": {""early_stopping"": true, ""min_delta"": 0.0, ""mode"": ""auto"", ""monitor"": ""val_loss"", ""patience"": 40, ""restore_best_weights"": true, ""verbose"": 0}, ""cv"": {""k"": 3, ""seed"": 42, ""shuffle"": true}, ""data"": {""train_path"": ""data/MONK/MONK1/monks-1.train""}, ""model"": {""activation"": ""sigmoid"", ""dropout"": 0.0, ""hidden_units"": [8]}, ""optim"": {""lr"": 0.2, ""momentum"": 0.0, ""name"": ""sgd""}, ""regularizer"": {""l2"": ""1e-1""}, ""seed"": 42, ""split"": {""stratified"": true, ""val_size"": 0.2}, ""training"": {""batch_size"": 16, ""epochs"": 800, ""include_reg_in_val"": false, ""shuffle"": true}}"
df43c91e5bfc,1,0.6909440560273902,0.0,0.6909440560273902,0.0,0.52,0.0,7.0,0.0,"{""callbacks"": {""early_stopping"": true, ""min_delta"": 0.0, ""mode"": ""auto"", ""monitor"": ""val_loss"", ""patience"": 40, ""restore_best_weights"": true, ""verbose"": 0}, ""cv"": {""k"": 3, ""seed"": 42, ""shuffle"": true}, ""data"": {""train_path"": ""data/MONK/MONK1/monks-1.train""}, ""model"": {""activation"": ""sigmoid"", ""dropout"": 0.2, ""hidden_units"": [8]}, ""optim"": {""lr"": 0.2, ""momentum"": 0.9, ""name"": ""sgd""}, ""regularizer"": {""l2"": ""1e-1""}, ""seed"": 42, ""split"": {""stratified"": true, ""val_size"": 0.2}, ""training"": {""batch_size"": 16, ""epochs"": 800, ""include_reg_in_val"": false, ""shuffle"": true}}"
796160acb332,1,0.6909666011402352,0.0,0.6909666011402352,0.0,0.52,0.0,17.0,0.0,"{""callbacks"": {""early_stopping"": true, ""min_delta"": 0.0, ""mode"": ""auto"", ""monitor"": ""val_loss"", ""patience"": 40, ""restore_best_weights"": true, ""verbose"": 0}, ""cv"": {""k"": 3, ""seed"": 42, ""shuffle"": true}, ""data"": {""train_path"": ""data/MONK/MONK1/monks-1.train""}, ""model"": {""activation"": ""sigmoid"", ""dropout"": 0.0, ""hidden_units"": [8]}, ""optim"": {""lr"": 0.1, ""momentum"": 0.1, ""name"": ""sgd""}, ""regularizer"": {""l2"": ""1e-1""}, ""seed"": 42, ""split"": {""stratified"": true, ""val_size"": 0.2}, ""training"": {""batch_size"": 16, ""epochs"": 800, ""include_reg_in_val"": false, ""shuffle"": true}}"
6450ec6b821c,1,0.6909816883319705,0.0,0.6909816883319705,0.0,0.52,0.0,17.0,0.0,"{""callbacks"": {""early_stopping"": true, ""min_delta"": 0.0, ""mode"": ""auto"", ""monitor"": ""val_loss"", ""patience"": 40, ""restore_best_weights"": true, ""verbose"": 0}, ""cv"": {""k"": 3, ""seed"": 42, ""shuffle"": true}, ""data"": {""train_path"": ""data/MONK/MONK1/monks-1.train""}, ""model"": {""activation"": ""sigmoid"", ""dropout"": 0.0, ""hidden_units"": [8]}, ""optim"": {""lr"": 0.1, ""momentum"": 0.0, ""name"": ""sgd""}, ""regularizer"": {""l2"": ""1e-1""}, ""seed"": 42, ""split"": {""stratified"": true, ""val_size"": 0.2}, ""training"": {""batch_size"": 16, ""epochs"": 800, ""include_reg_in_val"": false, ""shuffle"": true}}"
2a5f4a7f6c78,1,0.6909817367429469,0.0,0.6909817367429469,0.0,0.6,0.0,7.0,0.0,"{""callbacks"": {""early_stopping"": true, ""min_delta"": 0.0, ""mode"": ""auto"", ""monitor"": ""val_loss"", ""patience"": 40, ""restore_best_weights"": true, ""verbose"": 0}, ""cv"": {""k"": 3, ""seed"": 42, ""shuffle"": true}, ""data"": {""train_path"": ""data/MONK/MONK1/monks-1.train""}, ""model"": {""activation"": ""relu"", ""dropout"": 0.2, ""hidden_units"": [8, 4]}, ""optim"": {""lr"": 0.1, ""momentum"": 0.0, ""name"": ""sgd""}, ""regularizer"": {""l2"": ""1e-1""}, ""seed"": 42, ""split"": {""stratified"": true, ""val_size"": 0.2}, ""training"": {""batch_size"": 16, ""epochs"": 800, ""include_reg_in_val"": false, ""shuffle"": true}}"
2b0f4cff9c8b,1,0.6910213638561483,0.0,0.6910213638561483,0.0,0.52,0.0,29.0,0.0,"{""callbacks"": {""early_stopping"": true, ""min_delta"": 0.0, ""mode"": ""auto"", ""monitor"": ""val_loss"", ""patience"": 40, ""restore_best_weights"": true, ""verbose"": 0}, ""cv"": {""k"": 3, ""seed"": 42, ""shuffle"": true}, ""data"": {""train_path"": ""data/MONK/MONK1/monks-1.train""}, ""model"": {""activation"": ""sigmoid"", ""dropout"": 0.0, ""hidden_units"": [8]}, ""optim"": {""lr"": 0.1, ""momentum"": 0.1, ""name"": ""sgd""}, ""regularizer"": {""l2"": ""1e-1""}, ""seed"": 42, ""split"": {""stratified"": true, ""val_size"": 0.2}, ""training"": {""batch_size"": 32, ""epochs"": 800, ""include_reg_in_val"": false, ""shuffle"": true}}"
66f428aab2bd,1,0.6910270798261522,0.0,0.6910270798261522,0.0,0.52,0.0,29.0,0.0,"{""callbacks"": {""early_stopping"": true, ""min_delta"": 0.0, ""mode"": ""auto"", ""monitor"": ""val_loss"", ""patience"": 40, ""restore_best_weights"": true, ""verbose"": 0}, ""cv"": {""k"": 3, ""seed"": 42, ""shuffle"": true}, ""data"": {""train_path"": ""data/MONK/MONK1/monks-1.train""}, ""model"": {""activation"": ""sigmoid"", ""dropout"": 0.0, ""hidden_units"": [8]}, ""optim"": {""lr"": 0.1, ""momentum"": 0.0, ""name"": ""sgd""}, ""regularizer"": {""l2"": ""1e-1""}, ""seed"": 42, ""split"": {""stratified"": true, ""val_size"": 0.2}, ""training"": {""batch_size"": 32, ""epochs"": 800, ""include_reg_in_val"": false, ""shuffle"": true}}"
b7050e9972ae,1,0.6910522074755415,0.0,0.6910522074755415,0.0,0.52,0.0,10.0,0.0,"{""callbacks"": {""early_stopping"": true, ""min_delta"": 0.0, ""mode"": ""auto"", ""monitor"": ""val_loss"", ""patience"": 40, ""restore_best_weights"": true, ""verbose"": 0}, ""cv"": {""k"": 3, ""seed"": 42, ""shuffle"": true}, ""data"": {""train_path"": ""data/MONK/MONK1/monks-1.train""}, ""model"": {""activation"": ""sigmoid"", ""dropout"": 0.0, ""hidden_units"": [8]}, ""optim"": {""lr"": 0.2, ""momentum"": 0.1, ""name"": ""sgd""}, ""regularizer"": {""l2"": ""1e-1""}, ""seed"": 42, ""split"": {""stratified"": true, ""val_size"": 0.2}, ""training"": {""batch_size"": 16, ""epochs"": 800, ""include_reg_in_val"": false, ""shuffle"": true}}"
698aa534fa18,1,0.6910741942445472,0.0,0.6910741942445472,0.0,0.52,0.0,1.0,0.0,"{""callbacks"": {""early_stopping"": true, ""min_delta"": 0.0, ""mode"": ""auto"", ""monitor"": ""val_loss"", ""patience"": 40, ""restore_best_weights"": true, ""verbose"": 0}, ""cv"": {""k"": 3, ""seed"": 42, ""shuffle"": true}, ""data"": {""train_path"": ""data/MONK/MONK1/monks-1.train""}, ""model"": {""activation"": ""relu"", ""dropout"": 0.0, ""hidden_units"": [8, 4]}, ""optim"": {""lr"": 0.1, ""momentum"": 0.9, ""name"": ""sgd""}, ""regularizer"": {""l2"": ""1e-1""}, ""seed"": 42, ""split"": {""stratified"": true, ""val_size"": 0.2}, ""training"": {""batch_size"": 16, ""epochs"": 800, ""include_reg_in_val"": false, ""shuffle"": true}}"
c16fba3b7468,1,0.6910870140964883,0.0,0.6910870140964883,0.0,0.52,0.0,15.0,0.0,"{""callbacks"": {""early_stopping"": true, ""min_delta"": 0.0, ""mode"": ""auto"", ""monitor"": ""val_loss"", ""patience"": 40, ""restore_best_weights"": true, ""verbose"": 0}, ""cv"": {""k"": 3, ""seed"": 42, ""shuffle"": true}, ""data"": {""train_path"": ""data/MONK/MONK1/monks-1.train""}, ""model"": {""activation"": ""sigmoid"", ""dropout"": 0.2, ""hidden_units"": [8]}, ""optim"": {""lr"": 0.01, ""momentum"": 0.9, ""name"": ""sgd""}, ""regularizer"": {""l2"": ""1e-1""}, ""seed"": 42, ""split"": {""stratified"": true, ""val_size"": 0.2}, ""training"": {""batch_size"": 16, ""epochs"": 800, ""include_reg_in_val"": false, ""shuffle"": true}}"
bf93ed729f0b,1,0.6911563833385269,0.0,0.6911563833385269,0.0,0.48,0.0,4.0,0.0,"{""callbacks"": {""early_stopping"": true, ""min_delta"": 0.0, ""mode"": ""auto"", ""monitor"": ""val_loss"", ""patience"": 40, ""restore_best_weights"": true, ""verbose"": 0}, ""cv"": {""k"": 3, ""seed"": 42, ""shuffle"": true}, ""data"": {""train_path"": ""data/MONK/MONK1/monks-1.train""}, ""model"": {""activation"": ""relu"", ""dropout"": 0.2, ""hidden_units"": [8, 4]}, ""optim"": {""lr"": 0.1, ""momentum"": 0.1, ""name"": ""sgd""}, ""regularizer"": {""l2"": ""1e-1""}, ""seed"": 42, ""split"": {""stratified"": true, ""val_size"": 0.2}, ""training"": {""batch_size"": 16, ""epochs"": 800, ""include_reg_in_val"": false, ""shuffle"": true}}"
80a8db83c8c6,1,0.6911713723661106,0.0,0.6911713723661106,0.0,0.52,0.0,160.0,0.0,"{""callbacks"": {""early_stopping"": true, ""min_delta"": 0.0, ""mode"": ""auto"", ""monitor"": ""val_loss"", ""patience"": 40, ""restore_best_weights"": true, ""verbose"": 0}, ""cv"": {""k"": 3, ""seed"": 42, ""shuffle"": true}, ""data"": {""train_path"": ""data/MONK/MONK1/monks-1.train""}, ""model"": {""activation"": ""sigmoid"", ""dropout"": 0.0, ""hidden_units"": [8]}, ""optim"": {""lr"": 0.01, ""momentum"": 0.1, ""name"": ""sgd""}, ""regularizer"": {""l2"": ""1e-1""}, ""seed"": 42, ""split"": {""stratified"": true, ""val_size"": 0.2}, ""training"": {""batch_size"": 16, ""epochs"": 800, ""include_reg_in_val"": false, ""shuffle"": true}}"
c2a3f2ebb129,1,0.6911721547123804,0.0,0.6911721547123804,0.0,0.52,0.0,151.0,0.0,"{""callbacks"": {""early_stopping"": true, ""min_delta"": 0.0, ""mode"": ""auto"", ""monitor"": ""val_loss"", ""patience"": 40, ""restore_best_weights"": true, ""verbose"": 0}, ""cv"": {""k"": 3, ""seed"": 42, ""shuffle"": true}, ""data"": {""train_path"": ""data/MONK/MONK1/monks-1.train""}, ""model"": {""activation"": ""sigmoid"", ""dropout"": 0.2, ""hidden_units"": [8, 4]}, ""optim"": {""lr"": 0.1, ""momentum"": 0.0, ""name"": ""sgd""}, ""regularizer"": {""l2"": ""1e-3""}, ""seed"": 42, ""split"": {""stratified"": true, ""val_size"": 0.2}, ""training"": {""batch_size"": 16, ""epochs"": 800, ""include_reg_in_val"": false, ""shuffle"": true}}"
04b03f56e636,1,0.691208074208478,0.0,0.691208074208478,0.0,0.52,0.0,10.0,0.0,"{""callbacks"": {""early_stopping"": true, ""min_delta"": 0.0, ""mode"": ""auto"", ""monitor"": ""val_loss"", ""patience"": 40, ""restore_best_weights"": true, ""verbose"": 0}, ""cv"": {""k"": 3, ""seed"": 42, ""shuffle"": true}, ""data"": {""train_path"": ""data/MONK/MONK1/monks-1.train""}, ""model"": {""activation"": ""sigmoid"", ""dropout"": 0.2, ""hidden_units"": [8]}, ""optim"": {""lr"": 0.2, ""momentum"": 0.0, ""name"": ""sgd""}, ""regularizer"": {""l2"": ""1e-1""}, ""seed"": 42, ""split"": {""stratified"": true, ""val_size"": 0.2}, ""training"": {""batch_size"": 16, ""epochs"": 800, ""include_reg_in_val"": false, ""shuffle"": true}}"
5b3152d584e5,1,0.6912117725795887,0.0,0.6912117725795887,0.0,0.52,0.0,162.0,0.0,"{""callbacks"": {""early_stopping"": true, ""min_delta"": 0.0, ""mode"": ""auto"", ""monitor"": ""val_loss"", ""patience"": 40, ""restore_best_weights"": true, ""verbose"": 0}, ""cv"": {""k"": 3, ""seed"": 42, ""shuffle"": true}, ""data"": {""train_path"": ""data/MONK/MONK1/monks-1.train""}, ""model"": {""activation"": ""sigmoid"", ""dropout"": 0.2, ""hidden_units"": [8, 4]}, ""optim"": {""lr"": 0.01, ""momentum"": 0.9, ""name"": ""sgd""}, ""regularizer"": {""l2"": ""1e-3""}, ""seed"": 42, ""split"": {""stratified"": true, ""val_size"": 0.2}, ""training"": {""batch_size"": 16, ""epochs"": 800, ""include_reg_in_val"": false, ""shuffle"": true}}"
891a26fad9a0,1,0.6912124227593541,0.0,0.6912124227593541,0.0,0.52,0.0,160.0,0.0,"{""callbacks"": {""early_stopping"": true, ""min_delta"": 0.0, ""mode"": ""auto"", ""monitor"": ""val_loss"", ""patience"": 40, ""restore_best_weights"": true, ""verbose"": 0}, ""cv"": {""k"": 3, ""seed"": 42, ""shuffle"": true}, ""data"": {""train_path"": ""data/MONK/MONK1/monks-1.train""}, ""model"": {""activation"": ""sigmoid"", ""dropout"": 0.0, ""hidden_units"": [8]}, ""optim"": {""lr"": 0.01, ""momentum"": 0.0, ""name"": ""sgd""}, ""regularizer"": {""l2"": ""1e-1""}, ""seed"": 42, ""split"": {""stratified"": true, ""val_size"": 0.2}, ""training"": {""batch_size"": 16, ""epochs"": 800, ""include_reg_in_val"": false, ""shuffle"": true}}"
534242b5c2eb,1,0.6912317149172031,0.0,0.6912317149172031,0.0,0.52,0.0,7.0,0.0,"{""callbacks"": {""early_stopping"": true, ""min_delta"": 0.0, ""mode"": ""auto"", ""monitor"": ""val_loss"", ""patience"": 40, ""restore_best_weights"": true, ""verbose"": 0}, ""cv"": {""k"": 3, ""seed"": 42, ""shuffle"": true}, ""data"": {""train_path"": ""data/MONK/MONK1/monks-1.train""}, ""model"": {""activation"": ""sigmoid"", ""dropout"": 0.2, ""hidden_units"": [8, 4]}, ""optim"": {""lr"": 0.2, ""momentum"": 0.9, ""name"": ""sgd""}, ""regularizer"": {""l2"": ""1e-2""}, ""seed"": 42, ""split"": {""stratified"": true, ""val_size"": 0.2}, ""training"": {""batch_size"": 16, ""epochs"": 800, ""include_reg_in_val"": false, ""shuffle"": true}}"
1355cbb6a70d,1,0.6912535500603926,0.0,0.6912535500603926,0.0,0.52,0.0,14.0,0.0,"{""callbacks"": {""early_stopping"": true, ""min_delta"": 0.0, ""mode"": ""auto"", ""monitor"": ""val_loss"", ""patience"": 40, ""restore_best_weights"": true, ""verbose"": 0}, ""cv"": {""k"": 3, ""seed"": 42, ""shuffle"": true}, ""data"": {""train_path"": ""data/MONK/MONK1/monks-1.train""}, ""model"": {""activation"": ""sigmoid"", ""dropout"": 0.2, ""hidden_units"": [8]}, ""optim"": {""lr"": 0.2, ""momentum"": 0.0, ""name"": ""sgd""}, ""regularizer"": {""l2"": ""1e-1""}, ""seed"": 42, ""split"": {""stratified"": true, ""val_size"": 0.2}, ""training"": {""batch_size"": 32, ""epochs"": 800, ""include_reg_in_val"": false, ""shuffle"": true}}"
027eb0e5192d,1,0.6912572509585069,0.0,0.6912572509585069,0.0,0.52,0.0,7.0,0.0,"{""callbacks"": {""early_stopping"": true, ""min_delta"": 0.0, ""mode"": ""auto"", ""monitor"": ""val_loss"", ""patience"": 40, ""restore_best_weights"": true, ""verbose"": 0}, ""cv"": {""k"": 3, ""seed"": 42, ""shuffle"": true}, ""data"": {""train_path"": ""data/MONK/MONK1/monks-1.train""}, ""model"": {""activation"": ""relu"", ""dropout"": 0.2, ""hidden_units"": [8, 4]}, ""optim"": {""lr"": 0.2, ""momentum"": 0.0, ""name"": ""sgd""}, ""regularizer"": {""l2"": ""1e-1""}, ""seed"": 42, ""split"": {""stratified"": true, ""val_size"": 0.2}, ""training"": {""batch_size"": 32, ""epochs"": 800, ""include_reg_in_val"": false, ""shuffle"": true}}"
48db3cd3359d,1,0.6912614074422535,0.0,0.6912614074422535,0.0,0.52,0.0,24.0,0.0,"{""callbacks"": {""early_stopping"": true, ""min_delta"": 0.0, ""mode"": ""auto"", ""monitor"": ""val_loss"", ""patience"": 40, ""restore_best_weights"": true, ""verbose"": 0}, ""cv"": {""k"": 3, ""seed"": 42, ""shuffle"": true}, ""data"": {""train_path"": ""data/MONK/MONK1/monks-1.train""}, ""model"": {""activation"": ""sigmoid"", ""dropout"": 0.2, ""hidden_units"": [8]}, ""optim"": {""lr"": 0.01, ""momentum"": 0.9, ""name"": ""sgd""}, ""regularizer"": {""l2"": ""1e-1""}, ""seed"": 42, ""split"": {""stratified"": true, ""val_size"": 0.2}, ""training"": {""batch_size"": 32, ""epochs"": 800, ""include_reg_in_val"": false, ""shuffle"": true}}"
a7ad47e134b9,1,0.6912635389775482,0.0,0.6912635389775482,0.0,0.52,0.0,10.0,0.0,"{""callbacks"": {""early_stopping"": true, ""min_delta"": 0.0, ""mode"": ""auto"", ""monitor"": ""val_loss"", ""patience"": 40, ""restore_best_weights"": true, ""verbose"": 0}, ""cv"": {""k"": 3, ""seed"": 42, ""shuffle"": true}, ""data"": {""train_path"": ""data/MONK/MONK1/monks-1.train""}, ""model"": {""activation"": ""sigmoid"", ""dropout"": 0.2, ""hidden_units"": [8]}, ""optim"": {""lr"": 0.2, ""momentum"": 0.1, ""name"": ""sgd""}, ""regularizer"": {""l2"": ""1e-1""}, ""seed"": 42, ""split"": {""stratified"": true, ""val_size"": 0.2}, ""training"": {""batch_size"": 16, ""epochs"": 800, ""include_reg_in_val"": false, ""shuffle"": true}}"
86ae8e9f1ae4,1,0.6912668479266993,0.0,0.6912668479266993,0.0,0.52,0.0,14.0,0.0,"{""callbacks"": {""early_stopping"": true, ""min_delta"": 0.0, ""mode"": ""auto"", ""monitor"": ""val_loss"", ""patience"": 40, ""restore_best_weights"": true, ""verbose"": 0}, ""cv"": {""k"": 3, ""seed"": 42, ""shuffle"": true}, ""data"": {""train_path"": ""data/MONK/MONK1/monks-1.train""}, ""model"": {""activation"": ""sigmoid"", ""dropout"": 0.2, ""hidden_units"": [8]}, ""optim"": {""lr"": 0.2, ""momentum"": 0.1, ""name"": ""sgd""}, ""regularizer"": {""l2"": ""1e-1""}, ""seed"": 42, ""split"": {""stratified"": true, ""val_size"": 0.2}, ""training"": {""batch_size"": 32, ""epochs"": 800, ""include_reg_in_val"": false, ""shuffle"": true}}"
d17bf8171539,1,0.6912893798178351,0.0,0.6912893798178351,0.0,0.52,0.0,3.0,0.0,"{""callbacks"": {""early_stopping"": true, ""min_delta"": 0.0, ""mode"": ""auto"", ""monitor"": ""val_loss"", ""patience"": 40, ""restore_best_weights"": true, ""verbose"": 0}, ""cv"": {""k"": 3, ""seed"": 42, ""shuffle"": true}, ""data"": {""train_path"": ""data/MONK/MONK1/monks-1.train""}, ""model"": {""activation"": ""sigmoid"", ""dropout"": 0.0, ""hidden_units"": [4]}, ""optim"": {""lr"": 0.1, ""momentum"": 0.9, ""name"": ""sgd""}, ""regularizer"": {""l2"": ""1e-1""}, ""seed"": 42, ""split"": {""stratified"": true, ""val_size"": 0.2}, ""training"": {""batch_size"": 16, ""epochs"": 800, ""include_reg_in_val"": false, ""shuffle"": true}}"
e3ecb4dcba2e,1,0.6913231514868678,0.0,0.6913231514868678,0.0,0.56,0.0,49.0,0.0,"{""callbacks"": {""early_stopping"": true, ""min_delta"": 0.0, ""mode"": ""auto"", ""monitor"": ""val_loss"", ""patience"": 40, ""restore_best_weights"": true, ""verbose"": 0}, ""cv"": {""k"": 3, ""seed"": 42, ""shuffle"": true}, ""data"": {""train_path"": ""data/MONK/MONK1/monks-1.train""}, ""model"": {""activation"": ""relu"", ""dropout"": 0.0, ""hidden_units"": [8, 4]}, ""optim"": {""lr"": 0.01, ""momentum"": 0.1, ""name"": ""sgd""}, ""regularizer"": {""l2"": ""1e-1""}, ""seed"": 42, ""split"": {""stratified"": true, ""val_size"": 0.2}, ""training"": {""batch_size"": 16, ""epochs"": 800, ""include_reg_in_val"": false, ""shuffle"": true}}"
28488d6daeee,1,0.6913277099381843,0.0,0.6913277099381843,0.0,0.52,0.0,21.0,0.0,"{""callbacks"": {""early_stopping"": true, ""min_delta"": 0.0, ""mode"": ""auto"", ""monitor"": ""val_loss"", ""patience"": 40, ""restore_best_weights"": true, ""verbose"": 0}, ""cv"": {""k"": 3, ""seed"": 42, ""shuffle"": true}, ""data"": {""train_path"": ""data/MONK/MONK1/monks-1.train""}, ""model"": {""activation"": ""sigmoid"", ""dropout"": 0.2, ""hidden_units"": [8]}, ""optim"": {""lr"": 0.1, ""momentum"": 0.0, ""name"": ""sgd""}, ""regularizer"": {""l2"": ""1e-1""}, ""seed"": 42, ""split"": {""stratified"": true, ""val_size"": 0.2}, ""training"": {""batch_size"": 16, ""epochs"": 800, ""include_reg_in_val"": false, ""shuffle"": true}}"
3e85c150f09f,1,0.6913310564759746,0.0,0.6913310564759746,0.0,0.52,0.0,14.0,0.0,"{""callbacks"": {""early_stopping"": true, ""min_delta"": 0.0, ""mode"": ""auto"", ""monitor"": ""val_loss"", ""patience"": 40, ""restore_best_weights"": true, ""verbose"": 0}, ""cv"": {""k"": 3, ""seed"": 42, ""shuffle"": true}, ""data"": {""train_path"": ""data/MONK/MONK1/monks-1.train""}, ""model"": {""activation"": ""sigmoid"", ""dropout"": 0.2, ""hidden_units"": [8]}, ""optim"": {""lr"": 0.1, ""momentum"": 0.1, ""name"": ""sgd""}, ""regularizer"": {""l2"": ""1e-1""}, ""seed"": 42, ""split"": {""stratified"": true, ""val_size"": 0.2}, ""training"": {""batch_size"": 16, ""epochs"": 800, ""include_reg_in_val"": false, ""shuffle"": true}}"
119b7a3a5752,1,0.6913385299032407,0.0,0.6913385299032407,0.0,0.52,0.0,2.0,0.0,"{""callbacks"": {""early_stopping"": true, ""min_delta"": 0.0, ""mode"": ""auto"", ""monitor"": ""val_loss"", ""patience"": 40, ""restore_best_weights"": true, ""verbose"": 0}, ""cv"": {""k"": 3, ""seed"": 42, ""shuffle"": true}, ""data"": {""train_path"": ""data/MONK/MONK1/monks-1.train""}, ""model"": {""activation"": ""relu"", ""dropout"": 0.2, ""hidden_units"": [8, 4]}, ""optim"": {""lr"": 0.2, ""momentum"": 0.0, ""name"": ""sgd""}, ""regularizer"": {""l2"": ""1e-1""}, ""seed"": 42, ""split"": {""stratified"": true, ""val_size"": 0.2}, ""training"": {""batch_size"": 16, ""epochs"": 800, ""include_reg_in_val"": false, ""shuffle"": true}}"
913bd2b077b2,1,0.691352805252707,0.0,0.691352805252707,0.0,0.56,0.0,86.0,0.0,"{""callbacks"": {""early_stopping"": true, ""min_delta"": 0.0, ""mode"": ""auto"", ""monitor"": ""val_loss"", ""patience"": 40, ""restore_best_weights"": true, ""verbose"": 0}, ""cv"": {""k"": 3, ""seed"": 42, ""shuffle"": true}, ""data"": {""train_path"": ""data/MONK/MONK1/monks-1.train""}, ""model"": {""activation"": ""relu"", ""dropout"": 0.0, ""hidden_units"": [8, 4]}, ""optim"": {""lr"": 0.01, ""momentum"": 0.1, ""name"": ""sgd""}, ""regularizer"": {""l2"": ""1e-1""}, ""seed"": 42, ""split"": {""stratified"": true, ""val_size"": 0.2}, ""training"": {""batch_size"": 32, ""epochs"": 800, ""include_reg_in_val"": false, ""shuffle"": true}}"
dbe9719aa9a4,1,0.6913584890304889,0.0,0.6913584890304889,0.0,0.52,0.0,4.0,0.0,"{""callbacks"": {""early_stopping"": true, ""min_delta"": 0.0, ""mode"": ""auto"", ""monitor"": ""val_loss"", ""patience"": 40, ""restore_best_weights"": true, ""verbose"": 0}, ""cv"": {""k"": 3, ""seed"": 42, ""shuffle"": true}, ""data"": {""train_path"": ""data/MONK/MONK1/monks-1.train""}, ""model"": {""activation"": ""relu"", ""dropout"": 0.2, ""hidden_units"": [8, 4]}, ""optim"": {""lr"": 0.2, ""momentum"": 0.1, ""name"": ""sgd""}, ""regularizer"": {""l2"": ""1e-1""}, ""seed"": 42, ""split"": {""stratified"": true, ""val_size"": 0.2}, ""training"": {""batch_size"": 32, ""epochs"": 800, ""include_reg_in_val"": false, ""shuffle"": true}}"
4d5eb78ef0a9,1,0.6913914454427195,0.0,0.6913914454427195,0.0,0.52,0.0,21.0,0.0,"{""callbacks"": {""early_stopping"": true, ""min_delta"": 0.0, ""mode"": ""auto"", ""monitor"": ""val_loss"", ""patience"": 40, ""restore_best_weights"": true, ""verbose"": 0}, ""cv"": {""k"": 3, ""seed"": 42, ""shuffle"": true}, ""data"": {""train_path"": ""data/MONK/MONK1/monks-1.train""}, ""model"": {""activation"": ""sigmoid"", ""dropout"": 0.2, ""hidden_units"": [8]}, ""optim"": {""lr"": 0.1, ""momentum"": 0.1, ""name"": ""sgd""}, ""regularizer"": {""l2"": ""1e-1""}, ""seed"": 42, ""split"": {""stratified"": true, ""val_size"": 0.2}, ""training"": {""batch_size"": 32, ""epochs"": 800, ""include_reg_in_val"": false, ""shuffle"": true}}"
5ea1e302d639,1,0.6914509322175931,0.0,0.6914509322175931,0.0,0.52,0.0,257.0,0.0,"{""callbacks"": {""early_stopping"": true, ""min_delta"": 0.0, ""mode"": ""auto"", ""monitor"": ""val_loss"", ""patience"": 40, ""restore_best_weights"": true, ""verbose"": 0}, ""cv"": {""k"": 3, ""seed"": 42, ""shuffle"": true}, ""data"": {""train_path"": ""data/MONK/MONK1/monks-1.train""}, ""model"": {""activation"": ""sigmoid"", ""dropout"": 0.0, ""hidden_units"": [8]}, ""optim"": {""lr"": 0.01, ""momentum"": 0.1, ""name"": ""sgd""}, ""regularizer"": {""l2"": ""1e-1""}, ""seed"": 42, ""split"": {""stratified"": true, ""val_size"": 0.2}, ""training"": {""batch_size"": 32, ""epochs"": 800, ""include_reg_in_val"": false, ""shuffle"": true}}"
670d37d706dc,1,0.6914572823178696,0.0,0.6914572823178696,0.0,0.52,0.0,1.0,0.0,"{""callbacks"": {""early_stopping"": true, ""min_delta"": 0.0, ""mode"": ""auto"", ""monitor"": ""val_loss"", ""patience"": 40, ""restore_best_weights"": true, ""verbose"": 0}, ""cv"": {""k"": 3, ""seed"": 42, ""shuffle"": true}, ""data"": {""train_path"": ""data/MONK/MONK1/monks-1.train""}, ""model"": {""activation"": ""relu"", ""dropout"": 0.2, ""hidden_units"": [8, 4]}, ""optim"": {""lr"": 0.1, ""momentum"": 0.9, ""name"": ""sgd""}, ""regularizer"": {""l2"": ""1e-1""}, ""seed"": 42, ""split"": {""stratified"": true, ""val_size"": 0.2}, ""training"": {""batch_size"": 16, ""epochs"": 800, ""include_reg_in_val"": false, ""shuffle"": true}}"
8ab8c5409048,1,0.6914597713997611,0.0,0.6914597713997611,0.0,0.56,0.0,54.0,0.0,"{""callbacks"": {""early_stopping"": true, ""min_delta"": 0.0, ""mode"": ""auto"", ""monitor"": ""val_loss"", ""patience"": 40, ""restore_best_weights"": true, ""verbose"": 0}, ""cv"": {""k"": 3, ""seed"": 42, ""shuffle"": true}, ""data"": {""train_path"": ""data/MONK/MONK1/monks-1.train""}, ""model"": {""activation"": ""relu"", ""dropout"": 0.0, ""hidden_units"": [8, 4]}, ""optim"": {""lr"": 0.01, ""momentum"": 0.0, ""name"": ""sgd""}, ""regularizer"": {""l2"": ""1e-1""}, ""seed"": 42, ""split"": {""stratified"": true, ""val_size"": 0.2}, ""training"": {""batch_size"": 16, ""epochs"": 800, ""include_reg_in_val"": false, ""shuffle"": true}}"
e0df31e287de,1,0.6914752539716933,0.0,0.6914752539716933,0.0,0.52,0.0,11.0,0.0,"{""callbacks"": {""early_stopping"": true, ""min_delta"": 0.0, ""mode"": ""auto"", ""monitor"": ""val_loss"", ""patience"": 40, ""restore_best_weights"": true, ""verbose"": 0}, ""cv"": {""k"": 3, ""seed"": 42, ""shuffle"": true}, ""data"": {""train_path"": ""data/MONK/MONK1/monks-1.train""}, ""model"": {""activation"": ""relu"", ""dropout"": 0.0, ""hidden_units"": [8, 4]}, ""optim"": {""lr"": 0.1, ""momentum"": 0.0, ""name"": ""sgd""}, ""regularizer"": {""l2"": ""1e-1""}, ""seed"": 42, ""split"": {""stratified"": true, ""val_size"": 0.2}, ""training"": {""batch_size"": 32, ""epochs"": 800, ""include_reg_in_val"": false, ""shuffle"": true}}"
c988472ca31f,1,0.6914768106814774,0.0,0.6914768106814774,0.0,0.56,0.0,7.0,0.0,"{""callbacks"": {""early_stopping"": true, ""min_delta"": 0.0, ""mode"": ""auto"", ""monitor"": ""val_loss"", ""patience"": 40, ""restore_best_weights"": true, ""verbose"": 0}, ""cv"": {""k"": 3, ""seed"": 42, ""shuffle"": true}, ""data"": {""train_path"": ""data/MONK/MONK1/monks-1.train""}, ""model"": {""activation"": ""relu"", ""dropout"": 0.0, ""hidden_units"": [8, 4]}, ""optim"": {""lr"": 0.1, ""momentum"": 0.0, ""name"": ""sgd""}, ""regularizer"": {""l2"": ""1e-1""}, ""seed"": 42, ""split"": {""stratified"": true, ""val_size"": 0.2}, ""training"": {""batch_size"": 16, ""epochs"": 800, ""include_reg_in_val"": false, ""shuffle"": true}}"
1406624149ac,1,0.6914785034275266,0.0,0.6914785034275266,0.0,0.56,0.0,87.0,0.0,"{""callbacks"": {""early_stopping"": true, ""min_delta"": 0.0, ""mode"": ""auto"", ""monitor"": ""val_loss"", ""patience"": 40, ""restore_best_weights"": true, ""verbose"": 0}, ""cv"": {""k"": 3, ""seed"": 42, ""shuffle"": true}, ""data"": {""train_path"": ""data/MONK/MONK1/monks-1.train""}, ""model"": {""activation"": ""relu"", ""dropout"": 0.0, ""hidden_units"": [8, 4]}, ""optim"": {""lr"": 0.01, ""momentum"": 0.0, ""name"": ""sgd""}, ""regularizer"": {""l2"": ""1e-1""}, ""seed"": 42, ""split"": {""stratified"": true, ""val_size"": 0.2}, ""training"": {""batch_size"": 32, ""epochs"": 800, ""include_reg_in_val"": false, ""shuffle"": true}}"
f2d4a41237b2,1,0.6915180052464853,0.0,0.6915180052464853,0.0,0.52,0.0,7.0,0.0,"{""callbacks"": {""early_stopping"": true, ""min_delta"": 0.0, ""mode"": ""auto"", ""monitor"": ""val_loss"", ""patience"": 40, ""restore_best_weights"": true, ""verbose"": 0}, ""cv"": {""k"": 3, ""seed"": 42, ""shuffle"": true}, ""data"": {""train_path"": ""data/MONK/MONK1/monks-1.train""}, ""model"": {""activation"": ""relu"", ""dropout"": 0.0, ""hidden_units"": [8, 4]}, ""optim"": {""lr"": 0.2, ""momentum"": 0.1, ""name"": ""sgd""}, ""regularizer"": {""l2"": ""1e-1""}, ""seed"": 42, ""split"": {""stratified"": true, ""val_size"": 0.2}, ""training"": {""batch_size"": 32, ""epochs"": 800, ""include_reg_in_val"": false, ""shuffle"": true}}"
22e3b3363277,1,0.6915420499484766,0.0,0.6915420499484766,0.0,0.52,0.0,5.0,0.0,"{""callbacks"": {""early_stopping"": true, ""min_delta"": 0.0, ""mode"": ""auto"", ""monitor"": ""val_loss"", ""patience"": 40, ""restore_best_weights"": true, ""verbose"": 0}, ""cv"": {""k"": 3, ""seed"": 42, ""shuffle"": true}, ""data"": {""train_path"": ""data/MONK/MONK1/monks-1.train""}, ""model"": {""activation"": ""sigmoid"", ""dropout"": 0.2, ""hidden_units"": [4]}, ""optim"": {""lr"": 0.1, ""momentum"": 0.9, ""name"": ""sgd""}, ""regularizer"": {""l2"": ""1e-1""}, ""seed"": 42, ""split"": {""stratified"": true, ""val_size"": 0.2}, ""training"": {""batch_size"": 32, ""epochs"": 800, ""include_reg_in_val"": false, ""shuffle"": true}}"
e1bef3144886,1,0.6915430436797813,0.0,0.6915430436797813,0.0,0.52,0.0,16.0,0.0,"{""callbacks"": {""early_stopping"": true, ""min_delta"": 0.0, ""mode"": ""auto"", ""monitor"": ""val_loss"", ""patience"": 40, ""restore_best_weights"": true, ""verbose"": 0}, ""cv"": {""k"": 3, ""seed"": 42, ""shuffle"": true}, ""data"": {""train_path"": ""data/MONK/MONK1/monks-1.train""}, ""model"": {""activation"": ""sigmoid"", ""dropout"": 0.2, ""hidden_units"": [8]}, ""optim"": {""lr"": 0.1, ""momentum"": 0.9, ""name"": ""sgd""}, ""regularizer"": {""l2"": ""1e-1""}, ""seed"": 42, ""split"": {""stratified"": true, ""val_size"": 0.2}, ""training"": {""batch_size"": 16, ""epochs"": 800, ""include_reg_in_val"": false, ""shuffle"": true}}"
7f4f041f5dfd,1,0.6915498173350498,0.0,0.6915498173350498,0.0,0.52,0.0,257.0,0.0,"{""callbacks"": {""early_stopping"": true, ""min_delta"": 0.0, ""mode"": ""auto"", ""monitor"": ""val_loss"", ""patience"": 40, ""restore_best_weights"": true, ""verbose"": 0}, ""cv"": {""k"": 3, ""seed"": 42, ""shuffle"": true}, ""data"": {""train_path"": ""data/MONK/MONK1/monks-1.train""}, ""model"": {""activation"": ""sigmoid"", ""dropout"": 0.0, ""hidden_units"": [8]}, ""optim"": {""lr"": 0.01, ""momentum"": 0.0, ""name"": ""sgd""}, ""regularizer"": {""l2"": ""1e-1""}, ""seed"": 42, ""split"": {""stratified"": true, ""val_size"": 0.2}, ""training"": {""batch_size"": 32, ""epochs"": 800, ""include_reg_in_val"": false, ""shuffle"": true}}"
4239b74fa9d6,1,0.6915514460439408,0.0,0.6915514460439408,0.0,0.52,0.0,4.0,0.0,"{""callbacks"": {""early_stopping"": true, ""min_delta"": 0.0, ""mode"": ""auto"", ""monitor"": ""val_loss"", ""patience"": 40, ""restore_best_weights"": true, ""verbose"": 0}, ""cv"": {""k"": 3, ""seed"": 42, ""shuffle"": true}, ""data"": {""train_path"": ""data/MONK/MONK1/monks-1.train""}, ""model"": {""activation"": ""relu"", ""dropout"": 0.0, ""hidden_units"": [8, 4]}, ""optim"": {""lr"": 0.2, ""momentum"": 0.0, ""name"": ""sgd""}, ""regularizer"": {""l2"": ""1e-1""}, ""seed"": 42, ""split"": {""stratified"": true, ""val_size"": 0.2}, ""training"": {""batch_size"": 16, ""epochs"": 800, ""include_reg_in_val"": false, ""shuffle"": true}}"
498a85f98c89,1,0.6915634432571776,0.0,0.6915634432571776,0.0,0.52,0.0,22.0,0.0,"{""callbacks"": {""early_stopping"": true, ""min_delta"": 0.0, ""mode"": ""auto"", ""monitor"": ""val_loss"", ""patience"": 40, ""restore_best_weights"": true, ""verbose"": 0}, ""cv"": {""k"": 3, ""seed"": 42, ""shuffle"": true}, ""data"": {""train_path"": ""data/MONK/MONK1/monks-1.train""}, ""model"": {""activation"": ""sigmoid"", ""dropout"": 0.2, ""hidden_units"": [8]}, ""optim"": {""lr"": 0.1, ""momentum"": 0.0, ""name"": ""sgd""}, ""regularizer"": {""l2"": ""1e-1""}, ""seed"": 42, ""split"": {""stratified"": true, ""val_size"": 0.2}, ""training"": {""batch_size"": 32, ""epochs"": 800, ""include_reg_in_val"": false, ""shuffle"": true}}"
514fbbe29019,1,0.6916010693217757,0.0,0.6916010693217757,0.0,0.52,0.0,11.0,0.0,"{""callbacks"": {""early_stopping"": true, ""min_delta"": 0.0, ""mode"": ""auto"", ""monitor"": ""val_loss"", ""patience"": 40, ""restore_best_weights"": true, ""verbose"": 0}, ""cv"": {""k"": 3, ""seed"": 42, ""shuffle"": true}, ""data"": {""train_path"": ""data/MONK/MONK1/monks-1.train""}, ""model"": {""activation"": ""relu"", ""dropout"": 0.0, ""hidden_units"": [8, 4]}, ""optim"": {""lr"": 0.1, ""momentum"": 0.1, ""name"": ""sgd""}, ""regularizer"": {""l2"": ""1e-1""}, ""seed"": 42, ""split"": {""stratified"": true, ""val_size"": 0.2}, ""training"": {""batch_size"": 32, ""epochs"": 800, ""include_reg_in_val"": false, ""shuffle"": true}}"
6bb216d33076,1,0.6916160715578278,0.0,0.6916160715578278,0.0,0.52,0.0,160.0,0.0,"{""callbacks"": {""early_stopping"": true, ""min_delta"": 0.0, ""mode"": ""auto"", ""monitor"": ""val_loss"", ""patience"": 40, ""restore_best_weights"": true, ""verbose"": 0}, ""cv"": {""k"": 3, ""seed"": 42, ""shuffle"": true}, ""data"": {""train_path"": ""data/MONK/MONK1/monks-1.train""}, ""model"": {""activation"": ""sigmoid"", ""dropout"": 0.2, ""hidden_units"": [8]}, ""optim"": {""lr"": 0.01, ""momentum"": 0.1, ""name"": ""sgd""}, ""regularizer"": {""l2"": ""1e-1""}, ""seed"": 42, ""split"": {""stratified"": true, ""val_size"": 0.2}, ""training"": {""batch_size"": 16, ""epochs"": 800, ""include_reg_in_val"": false, ""shuffle"": true}}"
ae2b3f1ef749,1,0.6916367254141701,0.0,0.6916367254141701,0.0,0.52,0.0,160.0,0.0,"{""callbacks"": {""early_stopping"": true, ""min_delta"": 0.0, ""mode"": ""auto"", ""monitor"": ""val_loss"", ""patience"": 40, ""restore_best_weights"": true, ""verbose"": 0}, ""cv"": {""k"": 3, ""seed"": 42, ""shuffle"": true}, ""data"": {""train_path"": ""data/MONK/MONK1/monks-1.train""}, ""model"": {""activation"": ""sigmoid"", ""dropout"": 0.2, ""hidden_units"": [8]}, ""optim"": {""lr"": 0.01, ""momentum"": 0.0, ""name"": ""sgd""}, ""regularizer"": {""l2"": ""1e-1""}, ""seed"": 42, ""split"": {""stratified"": true, ""val_size"": 0.2}, ""training"": {""batch_size"": 16, ""epochs"": 800, ""include_reg_in_val"": false, ""shuffle"": true}}"
05191c05b46a,1,0.6916466146062846,0.0,0.6916466146062846,0.0,0.52,0.0,4.0,0.0,"{""callbacks"": {""early_stopping"": true, ""min_delta"": 0.0, ""mode"": ""auto"", ""monitor"": ""val_loss"", ""patience"": 40, ""restore_best_weights"": true, ""verbose"": 0}, ""cv"": {""k"": 3, ""seed"": 42, ""shuffle"": true}, ""data"": {""train_path"": ""data/MONK/MONK1/monks-1.train""}, ""model"": {""activation"": ""relu"", ""dropout"": 0.0, ""hidden_units"": [8, 4]}, ""optim"": {""lr"": 0.2, ""momentum"": 0.1, ""name"": ""sgd""}, ""regularizer"": {""l2"": ""1e-1""}, ""seed"": 42, ""split"": {""stratified"": true, ""val_size"": 0.2}, ""training"": {""batch_size"": 16, ""epochs"": 800, ""include_reg_in_val"": false, ""shuffle"": true}}"
d30ab0d2465f,1,0.6916506137696448,0.0,0.6916506137696448,0.0,0.52,0.0,7.0,0.0,"{""callbacks"": {""early_stopping"": true, ""min_delta"": 0.0, ""mode"": ""auto"", ""monitor"": ""val_loss"", ""patience"": 40, ""restore_best_weights"": true, ""verbose"": 0}, ""cv"": {""k"": 3, ""seed"": 42, ""shuffle"": true}, ""data"": {""train_path"": ""data/MONK/MONK1/monks-1.train""}, ""model"": {""activation"": ""relu"", ""dropout"": 0.0, ""hidden_units"": [8, 4]}, ""optim"": {""lr"": 0.1, ""momentum"": 0.1, ""name"": ""sgd""}, ""regularizer"": {""l2"": ""1e-1""}, ""seed"": 42, ""split"": {""stratified"": true, ""val_size"": 0.2}, ""training"": {""batch_size"": 16, ""epochs"": 800, ""include_reg_in_val"": false, ""shuffle"": true}}"
f54a787fa9ca,1,0.6916777203472848,0.0,0.6916777203472848,0.0,0.52,0.0,9.0,0.0,"{""callbacks"": {""early_stopping"": true, ""min_delta"": 0.0, ""mode"": ""auto"", ""monitor"": ""val_loss"", ""patience"": 40, ""restore_best_weights"": true, ""verbose"": 0}, ""cv"": {""k"": 3, ""seed"": 42, ""shuffle"": true}, ""data"": {""train_path"": ""data/MONK/MONK1/monks-1.train""}, ""model"": {""activation"": ""sigmoid"", ""dropout"": 0.2, ""hidden_units"": [8, 4]}, ""optim"": {""lr"": 0.2, ""momentum"": 0.9, ""name"": ""sgd""}, ""regularizer"": {""l2"": ""1e-2""}, ""seed"": 42, ""split"": {""stratified"": true, ""val_size"": 0.2}, ""training"": {""batch_size"": 32, ""epochs"": 800, ""include_reg_in_val"": false, ""shuffle"": true}}"
5c48059390bc,1,0.6916779253306217,0.0,0.6916779253306217,0.0,0.52,0.0,7.0,0.0,"{""callbacks"": {""early_stopping"": true, ""min_delta"": 0.0, ""mode"": ""auto"", ""monitor"": ""val_loss"", ""patience"": 40, ""restore_best_weights"": true, ""verbose"": 0}, ""cv"": {""k"": 3, ""seed"": 42, ""shuffle"": true}, ""data"": {""train_path"": ""data/MONK/MONK1/monks-1.train""}, ""model"": {""activation"": ""relu"", ""dropout"": 0.0, ""hidden_units"": [8, 4]}, ""optim"": {""lr"": 0.2, ""momentum"": 0.0, ""name"": ""sgd""}, ""regularizer"": {""l2"": ""1e-1""}, ""seed"": 42, ""split"": {""stratified"": true, ""val_size"": 0.2}, ""training"": {""batch_size"": 32, ""epochs"": 800, ""include_reg_in_val"": false, ""shuffle"": true}}"
fd9753eec835,1,0.6917612074931495,0.0,0.6917612074931495,0.0,0.8,0.0,6.0,0.0,"{""callbacks"": {""early_stopping"": true, ""min_delta"": 0.0, ""mode"": ""auto"", ""monitor"": ""val_loss"", ""patience"": 40, ""restore_best_weights"": true, ""verbose"": 0}, ""cv"": {""k"": 3, ""seed"": 42, ""shuffle"": true}, ""data"": {""train_path"": ""data/MONK/MONK1/monks-1.train""}, ""model"": {""activation"": ""sigmoid"", ""dropout"": 0.2, ""hidden_units"": [4]}, ""optim"": {""lr"": 0.1, ""momentum"": 0.9, ""name"": ""sgd""}, ""regularizer"": {""l2"": ""1e-1""}, ""seed"": 42, ""split"": {""stratified"": true, ""val_size"": 0.2}, ""training"": {""batch_size"": 16, ""epochs"": 800, ""include_reg_in_val"": false, ""shuffle"": true}}"
fd580f95f404,1,0.6917706826423565,0.0,0.6917706826423565,0.0,0.52,0.0,163.0,0.0,"{""callbacks"": {""early_stopping"": true, ""min_delta"": 0.0, ""mode"": ""auto"", ""monitor"": ""val_loss"", ""patience"": 40, ""restore_best_weights"": true, ""verbose"": 0}, ""cv"": {""k"": 3, ""seed"": 42, ""shuffle"": true}, ""data"": {""train_path"": ""data/MONK/MONK1/monks-1.train""}, ""model"": {""activation"": ""sigmoid"", ""dropout"": 0.2, ""hidden_units"": [8, 4]}, ""optim"": {""lr"": 0.1, ""momentum"": 0.1, ""name"": ""sgd""}, ""regularizer"": {""l2"": 0.0}, ""seed"": 42, ""split"": {""stratified"": true, ""val_size"": 0.2}, ""training"": {""batch_size"": 32, ""epochs"": 800, ""include_reg_in_val"": false, ""shuffle"": true}}"
f110f21b6db4,1,0.6917924390355585,0.0,0.6917924390355585,0.0,0.52,0.0,257.0,0.0,"{""callbacks"": {""early_stopping"": true, ""min_delta"": 0.0, ""mode"": ""auto"", ""monitor"": ""val_loss"", ""patience"": 40, ""restore_best_weights"": true, ""verbose"": 0}, ""cv"": {""k"": 3, ""seed"": 42, ""shuffle"": true}, ""data"": {""train_path"": ""data/MONK/MONK1/monks-1.train""}, ""model"": {""activation"": ""sigmoid"", ""dropout"": 0.2, ""hidden_units"": [8]}, ""optim"": {""lr"": 0.01, ""momentum"": 0.1, ""name"": ""sgd""}, ""regularizer"": {""l2"": ""1e-1""}, ""seed"": 42, ""split"": {""stratified"": true, ""val_size"": 0.2}, ""training"": {""batch_size"": 32, ""epochs"": 800, ""include_reg_in_val"": false, ""shuffle"": true}}"
fbef3cb5ca5f,1,0.6918266360720282,0.0,0.6918266360720282,0.0,0.52,0.0,11.0,0.0,"{""callbacks"": {""early_stopping"": true, ""min_delta"": 0.0, ""mode"": ""auto"", ""monitor"": ""val_loss"", ""patience"": 40, ""restore_best_weights"": true, ""verbose"": 0}, ""cv"": {""k"": 3, ""seed"": 42, ""shuffle"": true}, ""data"": {""train_path"": ""data/MONK/MONK1/monks-1.train""}, ""model"": {""activation"": ""sigmoid"", ""dropout"": 0.2, ""hidden_units"": [8, 4]}, ""optim"": {""lr"": 0.1, ""momentum"": 0.9, ""name"": ""sgd""}, ""regularizer"": {""l2"": ""1e-2""}, ""seed"": 42, ""split"": {""stratified"": true, ""val_size"": 0.2}, ""training"": {""batch_size"": 16, ""epochs"": 800, ""include_reg_in_val"": false, ""shuffle"": true}}"
58f1484462dc,1,0.6918665613772492,0.0,0.6918665613772492,0.0,0.52,0.0,257.0,0.0,"{""callbacks"": {""early_stopping"": true, ""min_delta"": 0.0, ""mode"": ""auto"", ""monitor"": ""val_loss"", ""patience"": 40, ""restore_best_weights"": true, ""verbose"": 0}, ""cv"": {""k"": 3, ""seed"": 42, ""shuffle"": true}, ""data"": {""train_path"": ""data/MONK/MONK1/monks-1.train""}, ""model"": {""activation"": ""sigmoid"", ""dropout"": 0.2, ""hidden_units"": [8]}, ""optim"": {""lr"": 0.01, ""momentum"": 0.0, ""name"": ""sgd""}, ""regularizer"": {""l2"": ""1e-1""}, ""seed"": 42, ""split"": {""stratified"": true, ""val_size"": 0.2}, ""training"": {""batch_size"": 32, ""epochs"": 800, ""include_reg_in_val"": false, ""shuffle"": true}}"
1986530221de,1,0.6918891174388507,0.0,0.6918891174388507,0.0,0.52,0.0,163.0,0.0,"{""callbacks"": {""early_stopping"": true, ""min_delta"": 0.0, ""mode"": ""auto"", ""monitor"": ""val_loss"", ""patience"": 40, ""restore_best_weights"": true, ""verbose"": 0}, ""cv"": {""k"": 3, ""seed"": 42, ""shuffle"": true}, ""data"": {""train_path"": ""data/MONK/MONK1/monks-1.train""}, ""model"": {""activation"": ""sigmoid"", ""dropout"": 0.2, ""hidden_units"": [8, 4]}, ""optim"": {""lr"": 0.1, ""momentum"": 0.0, ""name"": ""sgd""}, ""regularizer"": {""l2"": 0.0}, ""seed"": 42, ""split"": {""stratified"": true, ""val_size"": 0.2}, ""training"": {""batch_size"": 32, ""epochs"": 800, ""include_reg_in_val"": false, ""shuffle"": true}}"
82a37b1446d8,1,0.6918932537875621,0.0,0.6918932537875621,0.0,0.52,0.0,18.0,0.0,"{""callbacks"": {""early_stopping"": true, ""min_delta"": 0.0, ""mode"": ""auto"", ""monitor"": ""val_loss"", ""patience"": 40, ""restore_best_weights"": true, ""verbose"": 0}, ""cv"": {""k"": 3, ""seed"": 42, ""shuffle"": true}, ""data"": {""train_path"": ""data/MONK/MONK1/monks-1.train""}, ""model"": {""activation"": ""sigmoid"", ""dropout"": 0.2, ""hidden_units"": [8, 4]}, ""optim"": {""lr"": 0.1, ""momentum"": 0.9, ""name"": ""sgd""}, ""regularizer"": {""l2"": ""1e-2""}, ""seed"": 42, ""split"": {""stratified"": true, ""val_size"": 0.2}, ""training"": {""batch_size"": 32, ""epochs"": 800, ""include_reg_in_val"": false, ""shuffle"": true}}"
b1a1d72788dd,1,0.6918986903651383,0.0,0.6918986903651383,0.0,0.52,0.0,165.0,0.0,"{""callbacks"": {""early_stopping"": true, ""min_delta"": 0.0, ""mode"": ""auto"", ""monitor"": ""val_loss"", ""patience"": 40, ""restore_best_weights"": true, ""verbose"": 0}, ""cv"": {""k"": 3, ""seed"": 42, ""shuffle"": true}, ""data"": {""train_path"": ""data/MONK/MONK1/monks-1.train""}, ""model"": {""activation"": ""sigmoid"", ""dropout"": 0.2, ""hidden_units"": [8, 4]}, ""optim"": {""lr"": 0.01, ""momentum"": 0.9, ""name"": ""sgd""}, ""regularizer"": {""l2"": 0.0}, ""seed"": 42, ""split"": {""stratified"": true, ""val_size"": 0.2}, ""training"": {""batch_size"": 32, ""epochs"": 800, ""include_reg_in_val"": false, ""shuffle"": true}}"
aa3be192126b,1,0.6919252158317747,0.0,0.6919252158317747,0.0,0.52,0.0,163.0,0.0,"{""callbacks"": {""early_stopping"": true, ""min_delta"": 0.0, ""mode"": ""auto"", ""monitor"": ""val_loss"", ""patience"": 40, ""restore_best_weights"": true, ""verbose"": 0}, ""cv"": {""k"": 3, ""seed"": 42, ""shuffle"": true}, ""data"": {""train_path"": ""data/MONK/MONK1/monks-1.train""}, ""model"": {""activation"": ""sigmoid"", ""dropout"": 0.2, ""hidden_units"": [8, 4]}, ""optim"": {""lr"": 0.1, ""momentum"": 0.1, ""name"": ""sgd""}, ""regularizer"": {""l2"": ""1e-3""}, ""seed"": 42, ""split"": {""stratified"": true, ""val_size"": 0.2}, ""training"": {""batch_size"": 32, ""epochs"": 800, ""include_reg_in_val"": false, ""shuffle"": true}}"
5c0e69c5149e,1,0.692001568756752,0.0,0.692001568756752,0.0,0.52,0.0,152.0,0.0,"{""callbacks"": {""early_stopping"": true, ""min_delta"": 0.0, ""mode"": ""auto"", ""monitor"": ""val_loss"", ""patience"": 40, ""restore_best_weights"": true, ""verbose"": 0}, ""cv"": {""k"": 3, ""seed"": 42, ""shuffle"": true}, ""data"": {""train_path"": ""data/MONK/MONK1/monks-1.train""}, ""model"": {""activation"": ""sigmoid"", ""dropout"": 0.2, ""hidden_units"": [8, 4]}, ""optim"": {""lr"": 0.01, ""momentum"": 0.9, ""name"": ""sgd""}, ""regularizer"": {""l2"": ""1e-3""}, ""seed"": 42, ""split"": {""stratified"": true, ""val_size"": 0.2}, ""training"": {""batch_size"": 32, ""epochs"": 800, ""include_reg_in_val"": false, ""shuffle"": true}}"
c516c6784081,1,0.6920047628722271,0.0,0.6920047628722271,0.0,0.52,0.0,163.0,0.0,"{""callbacks"": {""early_stopping"": true, ""min_delta"": 0.0, ""mode"": ""auto"", ""monitor"": ""val_loss"", ""patience"": 40, ""restore_best_weights"": true, ""verbose"": 0}, ""cv"": {""k"": 3, ""seed"": 42, ""shuffle"": true}, ""data"": {""train_path"": ""data/MONK/MONK1/monks-1.train""}, ""model"": {""activation"": ""sigmoid"", ""dropout"": 0.2, ""hidden_units"": [8, 4]}, ""optim"": {""lr"": 0.1, ""momentum"": 0.0, ""name"": ""sgd""}, ""regularizer"": {""l2"": ""1e-3""}, ""seed"": 42, ""split"": {""stratified"": true, ""val_size"": 0.2}, ""training"": {""batch_size"": 32, ""epochs"": 800, ""include_reg_in_val"": false, ""shuffle"": true}}"
f47e965d3167,1,0.6920165724555984,0.0,0.6920165724555984,0.0,0.52,0.0,2.0,0.0,"{""callbacks"": {""early_stopping"": true, ""min_delta"": 0.0, ""mode"": ""auto"", ""monitor"": ""val_loss"", ""patience"": 40, ""restore_best_weights"": true, ""verbose"": 0}, ""cv"": {""k"": 3, ""seed"": 42, ""shuffle"": true}, ""data"": {""train_path"": ""data/MONK/MONK1/monks-1.train""}, ""model"": {""activation"": ""sigmoid"", ""dropout"": 0.0, ""hidden_units"": [4]}, ""optim"": {""lr"": 0.2, ""momentum"": 0.9, ""name"": ""sgd""}, ""regularizer"": {""l2"": ""1e-1""}, ""seed"": 42, ""split"": {""stratified"": true, ""val_size"": 0.2}, ""training"": {""batch_size"": 16, ""epochs"": 800, ""include_reg_in_val"": false, ""shuffle"": true}}"
e4e37100060a,1,0.6920653770133168,0.0,0.6920653770133168,0.0,0.52,0.0,66.0,0.0,"{""callbacks"": {""early_stopping"": true, ""min_delta"": 0.0, ""mode"": ""auto"", ""monitor"": ""val_loss"", ""patience"": 40, ""restore_best_weights"": true, ""verbose"": 0}, ""cv"": {""k"": 3, ""seed"": 42, ""shuffle"": true}, ""data"": {""train_path"": ""data/MONK/MONK1/monks-1.train""}, ""model"": {""activation"": ""sigmoid"", ""dropout"": 0.0, ""hidden_units"": [8, 4]}, ""optim"": {""lr"": 0.2, ""momentum"": 0.1, ""name"": ""sgd""}, ""regularizer"": {""l2"": ""1e-2""}, ""seed"": 42, ""split"": {""stratified"": true, ""val_size"": 0.2}, ""training"": {""batch_size"": 32, ""epochs"": 800, ""include_reg_in_val"": false, ""shuffle"": true}}"
13b65c7fce3f,1,0.6920735304314107,0.0,0.6920735304314107,0.0,0.52,0.0,44.0,0.0,"{""callbacks"": {""early_stopping"": true, ""min_delta"": 0.0, ""mode"": ""auto"", ""monitor"": ""val_loss"", ""patience"": 40, ""restore_best_weights"": true, ""verbose"": 0}, ""cv"": {""k"": 3, ""seed"": 42, ""shuffle"": true}, ""data"": {""train_path"": ""data/MONK/MONK1/monks-1.train""}, ""model"": {""activation"": ""sigmoid"", ""dropout"": 0.0, ""hidden_units"": [8, 4]}, ""optim"": {""lr"": 0.2, ""momentum"": 0.1, ""name"": ""sgd""}, ""regularizer"": {""l2"": ""1e-2""}, ""seed"": 42, ""split"": {""stratified"": true, ""val_size"": 0.2}, ""training"": {""batch_size"": 16, ""epochs"": 800, ""include_reg_in_val"": false, ""shuffle"": true}}"
516d88776e25,1,0.6920742416981728,0.0,0.6920742416981728,0.0,0.52,0.0,44.0,0.0,"{""callbacks"": {""early_stopping"": true, ""min_delta"": 0.0, ""mode"": ""auto"", ""monitor"": ""val_loss"", ""patience"": 40, ""restore_best_weights"": true, ""verbose"": 0}, ""cv"": {""k"": 3, ""seed"": 42, ""shuffle"": true}, ""data"": {""train_path"": ""data/MONK/MONK1/monks-1.train""}, ""model"": {""activation"": ""sigmoid"", ""dropout"": 0.0, ""hidden_units"": [8, 4]}, ""optim"": {""lr"": 0.2, ""momentum"": 0.0, ""name"": ""sgd""}, ""regularizer"": {""l2"": ""1e-2""}, ""seed"": 42, ""split"": {""stratified"": true, ""val_size"": 0.2}, ""training"": {""batch_size"": 16, ""epochs"": 800, ""include_reg_in_val"": false, ""shuffle"": true}}"
d61e61e3ac23,1,0.6920747926424059,0.0,0.6920747926424059,0.0,0.52,0.0,84.0,0.0,"{""callbacks"": {""early_stopping"": true, ""min_delta"": 0.0, ""mode"": ""auto"", ""monitor"": ""val_loss"", ""patience"": 40, ""restore_best_weights"": true, ""verbose"": 0}, ""cv"": {""k"": 3, ""seed"": 42, ""shuffle"": true}, ""data"": {""train_path"": ""data/MONK/MONK1/monks-1.train""}, ""model"": {""activation"": ""sigmoid"", ""dropout"": 0.0, ""hidden_units"": [8, 4]}, ""optim"": {""lr"": 0.1, ""momentum"": 0.1, ""name"": ""sgd""}, ""regularizer"": {""l2"": ""1e-2""}, ""seed"": 42, ""split"": {""stratified"": true, ""val_size"": 0.2}, ""training"": {""batch_size"": 16, ""epochs"": 800, ""include_reg_in_val"": false, ""shuffle"": true}}"
0a11c7f02b3c,1,0.6920757965554862,0.0,0.6920757965554862,0.0,0.52,0.0,89.0,0.0,"{""callbacks"": {""early_stopping"": true, ""min_delta"": 0.0, ""mode"": ""auto"", ""monitor"": ""val_loss"", ""patience"": 40, ""restore_best_weights"": true, ""verbose"": 0}, ""cv"": {""k"": 3, ""seed"": 42, ""shuffle"": true}, ""data"": {""train_path"": ""data/MONK/MONK1/monks-1.train""}, ""model"": {""activation"": ""sigmoid"", ""dropout"": 0.0, ""hidden_units"": [8, 4]}, ""optim"": {""lr"": 0.01, ""momentum"": 0.9, ""name"": ""sgd""}, ""regularizer"": {""l2"": ""1e-2""}, ""seed"": 42, ""split"": {""stratified"": true, ""val_size"": 0.2}, ""training"": {""batch_size"": 16, ""epochs"": 800, ""include_reg_in_val"": false, ""shuffle"": true}}"
a4f4d7081b27,1,0.6920805944561205,0.0,0.6920805944561205,0.0,0.52,0.0,84.0,0.0,"{""callbacks"": {""early_stopping"": true, ""min_delta"": 0.0, ""mode"": ""auto"", ""monitor"": ""val_loss"", ""patience"": 40, ""restore_best_weights"": true, ""verbose"": 0}, ""cv"": {""k"": 3, ""seed"": 42, ""shuffle"": true}, ""data"": {""train_path"": ""data/MONK/MONK1/monks-1.train""}, ""model"": {""activation"": ""sigmoid"", ""dropout"": 0.0, ""hidden_units"": [8, 4]}, ""optim"": {""lr"": 0.1, ""momentum"": 0.0, ""name"": ""sgd""}, ""regularizer"": {""l2"": ""1e-2""}, ""seed"": 42, ""split"": {""stratified"": true, ""val_size"": 0.2}, ""training"": {""batch_size"": 16, ""epochs"": 800, ""include_reg_in_val"": false, ""shuffle"": true}}"
8d606c1eef5e,1,0.6920863576904961,0.0,0.6920863576904961,0.0,0.52,0.0,76.0,0.0,"{""callbacks"": {""early_stopping"": true, ""min_delta"": 0.0, ""mode"": ""auto"", ""monitor"": ""val_loss"", ""patience"": 40, ""restore_best_weights"": true, ""verbose"": 0}, ""cv"": {""k"": 3, ""seed"": 42, ""shuffle"": true}, ""data"": {""train_path"": ""data/MONK/MONK1/monks-1.train""}, ""model"": {""activation"": ""sigmoid"", ""dropout"": 0.0, ""hidden_units"": [8, 4]}, ""optim"": {""lr"": 0.2, ""momentum"": 0.0, ""name"": ""sgd""}, ""regularizer"": {""l2"": ""1e-2""}, ""seed"": 42, ""split"": {""stratified"": true, ""val_size"": 0.2}, ""training"": {""batch_size"": 32, ""epochs"": 800, ""include_reg_in_val"": false, ""shuffle"": true}}"
4df3fde73321,1,0.6920889533659859,0.0,0.6920889533659859,0.0,0.52,0.0,158.0,0.0,"{""callbacks"": {""early_stopping"": true, ""min_delta"": 0.0, ""mode"": ""auto"", ""monitor"": ""val_loss"", ""patience"": 40, ""restore_best_weights"": true, ""verbose"": 0}, ""cv"": {""k"": 3, ""seed"": 42, ""shuffle"": true}, ""data"": {""train_path"": ""data/MONK/MONK1/monks-1.train""}, ""model"": {""activation"": ""sigmoid"", ""dropout"": 0.0, ""hidden_units"": [8, 4]}, ""optim"": {""lr"": 0.01, ""momentum"": 0.9, ""name"": ""sgd""}, ""regularizer"": {""l2"": ""1e-2""}, ""seed"": 42, ""split"": {""stratified"": true, ""val_size"": 0.2}, ""training"": {""batch_size"": 32, ""epochs"": 800, ""include_reg_in_val"": false, ""shuffle"": true}}"
24d397ef3539,1,0.6920889560533703,0.0,0.6920889560533703,0.0,0.52,0.0,18.0,0.0,"{""callbacks"": {""early_stopping"": true, ""min_delta"": 0.0, ""mode"": ""auto"", ""monitor"": ""val_loss"", ""patience"": 40, ""restore_best_weights"": true, ""verbose"": 0}, ""cv"": {""k"": 3, ""seed"": 42, ""shuffle"": true}, ""data"": {""train_path"": ""data/MONK/MONK1/monks-1.train""}, ""model"": {""activation"": ""sigmoid"", ""dropout"": 0.0, ""hidden_units"": [8, 4]}, ""optim"": {""lr"": 0.1, ""momentum"": 0.9, ""name"": ""sgd""}, ""regularizer"": {""l2"": ""1e-2""}, ""seed"": 42, ""split"": {""stratified"": true, ""val_size"": 0.2}, ""training"": {""batch_size"": 32, ""epochs"": 800, ""include_reg_in_val"": false, ""shuffle"": true}}"
add43ffb0f1a,1,0.6921349795549477,0.0,0.6921349795549477,0.0,0.52,0.0,7.0,0.0,"{""callbacks"": {""early_stopping"": true, ""min_delta"": 0.0, ""mode"": ""auto"", ""monitor"": ""val_loss"", ""patience"": 40, ""restore_best_weights"": true, ""verbose"": 0}, ""cv"": {""k"": 3, ""seed"": 42, ""shuffle"": true}, ""data"": {""train_path"": ""data/MONK/MONK1/monks-1.train""}, ""model"": {""activation"": ""sigmoid"", ""dropout"": 0.0, ""hidden_units"": [8, 4]}, ""optim"": {""lr"": 0.2, ""momentum"": 0.9, ""name"": ""sgd""}, ""regularizer"": {""l2"": ""1e-2""}, ""seed"": 42, ""split"": {""stratified"": true, ""val_size"": 0.2}, ""training"": {""batch_size"": 32, ""epochs"": 800, ""include_reg_in_val"": false, ""shuffle"": true}}"
b323450e5cab,1,0.6921597676836404,0.0,0.6921597676836404,0.0,0.52,0.0,4.0,0.0,"{""callbacks"": {""early_stopping"": true, ""min_delta"": 0.0, ""mode"": ""auto"", ""monitor"": ""val_loss"", ""patience"": 40, ""restore_best_weights"": true, ""verbose"": 0}, ""cv"": {""k"": 3, ""seed"": 42, ""shuffle"": true}, ""data"": {""train_path"": ""data/MONK/MONK1/monks-1.train""}, ""model"": {""activation"": ""sigmoid"", ""dropout"": 0.0, ""hidden_units"": [8, 4]}, ""optim"": {""lr"": 0.2, ""momentum"": 0.9, ""name"": ""sgd""}, ""regularizer"": {""l2"": ""1e-2""}, ""seed"": 42, ""split"": {""stratified"": true, ""val_size"": 0.2}, ""training"": {""batch_size"": 16, ""epochs"": 800, ""include_reg_in_val"": false, ""shuffle"": true}}"
0fa5bf974cb5,1,0.6921613922289883,0.0,0.6921613922289883,0.0,0.52,0.0,8.0,0.0,"{""callbacks"": {""early_stopping"": true, ""min_delta"": 0.0, ""mode"": ""auto"", ""monitor"": ""val_loss"", ""patience"": 40, ""restore_best_weights"": true, ""verbose"": 0}, ""cv"": {""k"": 3, ""seed"": 42, ""shuffle"": true}, ""data"": {""train_path"": ""data/MONK/MONK1/monks-1.train""}, ""model"": {""activation"": ""sigmoid"", ""dropout"": 0.0, ""hidden_units"": [8, 4]}, ""optim"": {""lr"": 0.1, ""momentum"": 0.9, ""name"": ""sgd""}, ""regularizer"": {""l2"": ""1e-2""}, ""seed"": 42, ""split"": {""stratified"": true, ""val_size"": 0.2}, ""training"": {""batch_size"": 16, ""epochs"": 800, ""include_reg_in_val"": false, ""shuffle"": true}}"
d710e6d45251,1,0.6922505054998517,0.0,0.6922505054998517,0.0,0.52,0.0,84.0,0.0,"{""callbacks"": {""early_stopping"": true, ""min_delta"": 0.0, ""mode"": ""auto"", ""monitor"": ""val_loss"", ""patience"": 40, ""restore_best_weights"": true, ""verbose"": 0}, ""cv"": {""k"": 3, ""seed"": 42, ""shuffle"": true}, ""data"": {""train_path"": ""data/MONK/MONK1/monks-1.train""}, ""model"": {""activation"": ""sigmoid"", ""dropout"": 0.0, ""hidden_units"": [8, 4]}, ""optim"": {""lr"": 0.1, ""momentum"": 0.1, ""name"": ""sgd""}, ""regularizer"": {""l2"": ""1e-2""}, ""seed"": 42, ""split"": {""stratified"": true, ""val_size"": 0.2}, ""training"": {""batch_size"": 32, ""epochs"": 800, ""include_reg_in_val"": false, ""shuffle"": true}}"
aa7dd917a209,1,0.692288324243584,0.0,0.692288324243584,0.0,0.52,0.0,57.0,0.0,"{""callbacks"": {""early_stopping"": true, ""min_delta"": 0.0, ""mode"": ""auto"", ""monitor"": ""val_loss"", ""patience"": 40, ""restore_best_weights"": true, ""verbose"": 0}, ""cv"": {""k"": 3, ""seed"": 42, ""shuffle"": true}, ""data"": {""train_path"": ""data/MONK/MONK1/monks-1.train""}, ""model"": {""activation"": ""sigmoid"", ""dropout"": 0.2, ""hidden_units"": [8, 4]}, ""optim"": {""lr"": 0.2, ""momentum"": 0.1, ""name"": ""sgd""}, ""regularizer"": {""l2"": ""1e-2""}, ""seed"": 42, ""split"": {""stratified"": true, ""val_size"": 0.2}, ""training"": {""batch_size"": 16, ""epochs"": 800, ""include_reg_in_val"": false, ""shuffle"": true}}"
ca6fec67f8fc,1,0.6922979579254144,0.0,0.6922979579254144,0.0,0.52,0.0,54.0,0.0,"{""callbacks"": {""early_stopping"": true, ""min_delta"": 0.0, ""mode"": ""auto"", ""monitor"": ""val_loss"", ""patience"": 40, ""restore_best_weights"": true, ""verbose"": 0}, ""cv"": {""k"": 3, ""seed"": 42, ""shuffle"": true}, ""data"": {""train_path"": ""data/MONK/MONK1/monks-1.train""}, ""model"": {""activation"": ""sigmoid"", ""dropout"": 0.2, ""hidden_units"": [8, 4]}, ""optim"": {""lr"": 0.2, ""momentum"": 0.0, ""name"": ""sgd""}, ""regularizer"": {""l2"": ""1e-2""}, ""seed"": 42, ""split"": {""stratified"": true, ""val_size"": 0.2}, ""training"": {""batch_size"": 16, ""epochs"": 800, ""include_reg_in_val"": false, ""shuffle"": true}}"
7c913ae57d32,1,0.6923050073415464,0.0,0.6923050073415464,0.0,0.52,0.0,84.0,0.0,"{""callbacks"": {""early_stopping"": true, ""min_delta"": 0.0, ""mode"": ""auto"", ""monitor"": ""val_loss"", ""patience"": 40, ""restore_best_weights"": true, ""verbose"": 0}, ""cv"": {""k"": 3, ""seed"": 42, ""shuffle"": true}, ""data"": {""train_path"": ""data/MONK/MONK1/monks-1.train""}, ""model"": {""activation"": ""sigmoid"", ""dropout"": 0.0, ""hidden_units"": [8, 4]}, ""optim"": {""lr"": 0.1, ""momentum"": 0.0, ""name"": ""sgd""}, ""regularizer"": {""l2"": ""1e-2""}, ""seed"": 42, ""split"": {""stratified"": true, ""val_size"": 0.2}, ""training"": {""batch_size"": 32, ""epochs"": 800, ""include_reg_in_val"": false, ""shuffle"": true}}"
0ce73b09a4bd,1,0.6923096454093722,0.0,0.6923096454093722,0.0,0.52,0.0,71.0,0.0,"{""callbacks"": {""early_stopping"": true, ""min_delta"": 0.0, ""mode"": ""auto"", ""monitor"": ""val_loss"", ""patience"": 40, ""restore_best_weights"": true, ""verbose"": 0}, ""cv"": {""k"": 3, ""seed"": 42, ""shuffle"": true}, ""data"": {""train_path"": ""data/MONK/MONK1/monks-1.train""}, ""model"": {""activation"": ""sigmoid"", ""dropout"": 0.2, ""hidden_units"": [8, 4]}, ""optim"": {""lr"": 0.1, ""momentum"": 0.1, ""name"": ""sgd""}, ""regularizer"": {""l2"": ""1e-2""}, ""seed"": 42, ""split"": {""stratified"": true, ""val_size"": 0.2}, ""training"": {""batch_size"": 16, ""epochs"": 800, ""include_reg_in_val"": false, ""shuffle"": true}}"
2f26e21fde4e,1,0.6923120485619644,0.0,0.6923120485619644,0.0,0.52,0.0,121.0,0.0,"{""callbacks"": {""early_stopping"": true, ""min_delta"": 0.0, ""mode"": ""auto"", ""monitor"": ""val_loss"", ""patience"": 40, ""restore_best_weights"": true, ""verbose"": 0}, ""cv"": {""k"": 3, ""seed"": 42, ""shuffle"": true}, ""data"": {""train_path"": ""data/MONK/MONK1/monks-1.train""}, ""model"": {""activation"": ""sigmoid"", ""dropout"": 0.2, ""hidden_units"": [8, 4]}, ""optim"": {""lr"": 0.01, ""momentum"": 0.9, ""name"": ""sgd""}, ""regularizer"": {""l2"": ""1e-2""}, ""seed"": 42, ""split"": {""stratified"": true, ""val_size"": 0.2}, ""training"": {""batch_size"": 16, ""epochs"": 800, ""include_reg_in_val"": false, ""shuffle"": true}}"
26cc8e8746de,1,0.6923131415560901,0.0,0.6923131415560901,0.0,0.52,0.0,124.0,0.0,"{""callbacks"": {""early_stopping"": true, ""min_delta"": 0.0, ""mode"": ""auto"", ""monitor"": ""val_loss"", ""patience"": 40, ""restore_best_weights"": true, ""verbose"": 0}, ""cv"": {""k"": 3, ""seed"": 42, ""shuffle"": true}, ""data"": {""train_path"": ""data/MONK/MONK1/monks-1.train""}, ""model"": {""activation"": ""sigmoid"", ""dropout"": 0.2, ""hidden_units"": [8, 4]}, ""optim"": {""lr"": 0.1, ""momentum"": 0.0, ""name"": ""sgd""}, ""regularizer"": {""l2"": ""1e-2""}, ""seed"": 42, ""split"": {""stratified"": true, ""val_size"": 0.2}, ""training"": {""batch_size"": 16, ""epochs"": 800, ""include_reg_in_val"": false, ""shuffle"": true}}"
82e4dec88dd9,1,0.6923181573571029,0.0,0.6923181573571029,0.0,0.52,0.0,66.0,0.0,"{""callbacks"": {""early_stopping"": true, ""min_delta"": 0.0, ""mode"": ""auto"", ""monitor"": ""val_loss"", ""patience"": 40, ""restore_best_weights"": true, ""verbose"": 0}, ""cv"": {""k"": 3, ""seed"": 42, ""shuffle"": true}, ""data"": {""train_path"": ""data/MONK/MONK1/monks-1.train""}, ""model"": {""activation"": ""sigmoid"", ""dropout"": 0.2, ""hidden_units"": [8, 4]}, ""optim"": {""lr"": 0.2, ""momentum"": 0.1, ""name"": ""sgd""}, ""regularizer"": {""l2"": ""1e-2""}, ""seed"": 42, ""split"": {""stratified"": true, ""val_size"": 0.2}, ""training"": {""batch_size"": 32, ""epochs"": 800, ""include_reg_in_val"": false, ""shuffle"": true}}"
e1a1221a5b24,1,0.6923245925101225,0.0,0.6923245925101225,0.0,0.52,0.0,76.0,0.0,"{""callbacks"": {""early_stopping"": true, ""min_delta"": 0.0, ""mode"": ""auto"", ""monitor"": ""val_loss"", ""patience"": 40, ""restore_best_weights"": true, ""verbose"": 0}, ""cv"": {""k"": 3, ""seed"": 42, ""shuffle"": true}, ""data"": {""train_path"": ""data/MONK/MONK1/monks-1.train""}, ""model"": {""activation"": ""sigmoid"", ""dropout"": 0.2, ""hidden_units"": [8, 4]}, ""optim"": {""lr"": 0.2, ""momentum"": 0.0, ""name"": ""sgd""}, ""regularizer"": {""l2"": ""1e-2""}, ""seed"": 42, ""split"": {""stratified"": true, ""val_size"": 0.2}, ""training"": {""batch_size"": 32, ""epochs"": 800, ""include_reg_in_val"": false, ""shuffle"": true}}"
e9e9973cc408,1,0.6923254973284805,0.0,0.6923254973284805,0.0,0.52,0.0,7.0,0.0,"{""callbacks"": {""early_stopping"": true, ""min_delta"": 0.0, ""mode"": ""auto"", ""monitor"": ""val_loss"", ""patience"": 40, ""restore_best_weights"": true, ""verbose"": 0}, ""cv"": {""k"": 3, ""seed"": 42, ""shuffle"": true}, ""data"": {""train_path"": ""data/MONK/MONK1/monks-1.train""}, ""model"": {""activation"": ""sigmoid"", ""dropout"": 0.0, ""hidden_units"": [8]}, ""optim"": {""lr"": 0.2, ""momentum"": 0.9, ""name"": ""sgd""}, ""regularizer"": {""l2"": ""1e-1""}, ""seed"": 42, ""split"": {""stratified"": true, ""val_size"": 0.2}, ""training"": {""batch_size"": 16, ""epochs"": 800, ""include_reg_in_val"": false, ""shuffle"": true}}"
95b18f13e6b9,1,0.6923282069506834,0.0,0.6923282069506834,0.0,0.52,0.0,151.0,0.0,"{""callbacks"": {""early_stopping"": true, ""min_delta"": 0.0, ""mode"": ""auto"", ""monitor"": ""val_loss"", ""patience"": 40, ""restore_best_weights"": true, ""verbose"": 0}, ""cv"": {""k"": 3, ""seed"": 42, ""shuffle"": true}, ""data"": {""train_path"": ""data/MONK/MONK1/monks-1.train""}, ""model"": {""activation"": ""sigmoid"", ""dropout"": 0.2, ""hidden_units"": [8, 4]}, ""optim"": {""lr"": 0.1, ""momentum"": 0.0, ""name"": ""sgd""}, ""regularizer"": {""l2"": ""1e-2""}, ""seed"": 42, ""split"": {""stratified"": true, ""val_size"": 0.2}, ""training"": {""batch_size"": 32, ""epochs"": 800, ""include_reg_in_val"": false, ""shuffle"": true}}"
e2e1062adce2,1,0.6923305577463077,0.0,0.6923305577463077,0.0,0.52,0.0,4.0,0.0,"{""callbacks"": {""early_stopping"": true, ""min_delta"": 0.0, ""mode"": ""auto"", ""monitor"": ""val_loss"", ""patience"": 40, ""restore_best_weights"": true, ""verbose"": 0}, ""cv"": {""k"": 3, ""seed"": 42, ""shuffle"": true}, ""data"": {""train_path"": ""data/MONK/MONK1/monks-1.train""}, ""model"": {""activation"": ""sigmoid"", ""dropout"": 0.0, ""hidden_units"": [8, 4]}, ""optim"": {""lr"": 0.2, ""momentum"": 0.9, ""name"": ""sgd""}, ""regularizer"": {""l2"": ""1e-1""}, ""seed"": 42, ""split"": {""stratified"": true, ""val_size"": 0.2}, ""training"": {""batch_size"": 16, ""epochs"": 800, ""include_reg_in_val"": false, ""shuffle"": true}}"
f2a24fee9d98,1,0.6923319191993167,0.0,0.6923319191993167,0.0,0.52,0.0,165.0,0.0,"{""callbacks"": {""early_stopping"": true, ""min_delta"": 0.0, ""mode"": ""auto"", ""monitor"": ""val_loss"", ""patience"": 40, ""restore_best_weights"": true, ""verbose"": 0}, ""cv"": {""k"": 3, ""seed"": 42, ""shuffle"": true}, ""data"": {""train_path"": ""data/MONK/MONK1/monks-1.train""}, ""model"": {""activation"": ""sigmoid"", ""dropout"": 0.2, ""hidden_units"": [8, 4]}, ""optim"": {""lr"": 0.01, ""momentum"": 0.9, ""name"": ""sgd""}, ""regularizer"": {""l2"": ""1e-2""}, ""seed"": 42, ""split"": {""stratified"": true, ""val_size"": 0.2}, ""training"": {""batch_size"": 32, ""epochs"": 800, ""include_reg_in_val"": false, ""shuffle"": true}}"
f5c9509f9543,1,0.692344806065379,0.0,0.692344806065379,0.0,0.52,0.0,43.0,0.0,"{""callbacks"": {""early_stopping"": true, ""min_delta"": 0.0, ""mode"": ""auto"", ""monitor"": ""val_loss"", ""patience"": 40, ""restore_best_weights"": true, ""verbose"": 0}, ""cv"": {""k"": 3, ""seed"": 42, ""shuffle"": true}, ""data"": {""train_path"": ""data/MONK/MONK1/monks-1.train""}, ""model"": {""activation"": ""sigmoid"", ""dropout"": 0.0, ""hidden_units"": [4]}, ""optim"": {""lr"": 0.2, ""momentum"": 0.9, ""name"": ""sgd""}, ""regularizer"": {""l2"": ""1e-1""}, ""seed"": 42, ""split"": {""stratified"": true, ""val_size"": 0.2}, ""training"": {""batch_size"": 32, ""epochs"": 800, ""include_reg_in_val"": false, ""shuffle"": true}}"
40677309798c,1,0.6923470040833185,0.0,0.6923470040833185,0.0,0.52,0.0,87.0,0.0,"{""callbacks"": {""early_stopping"": true, ""min_delta"": 0.0, ""mode"": ""auto"", ""monitor"": ""val_loss"", ""patience"": 40, ""restore_best_weights"": true, ""verbose"": 0}, ""cv"": {""k"": 3, ""seed"": 42, ""shuffle"": true}, ""data"": {""train_path"": ""data/MONK/MONK1/monks-1.train""}, ""model"": {""activation"": ""sigmoid"", ""dropout"": 0.2, ""hidden_units"": [8, 4]}, ""optim"": {""lr"": 0.2, ""momentum"": 0.1, ""name"": ""sgd""}, ""regularizer"": {""l2"": ""1e-1""}, ""seed"": 42, ""split"": {""stratified"": true, ""val_size"": 0.2}, ""training"": {""batch_size"": 32, ""epochs"": 800, ""include_reg_in_val"": false, ""shuffle"": true}}"
d5d1a7009c09,1,0.6923470280905071,0.0,0.6923470280905071,0.0,0.52,0.0,8.0,0.0,"{""callbacks"": {""early_stopping"": true, ""min_delta"": 0.0, ""mode"": ""auto"", ""monitor"": ""val_loss"", ""patience"": 40, ""restore_best_weights"": true, ""verbose"": 0}, ""cv"": {""k"": 3, ""seed"": 42, ""shuffle"": true}, ""data"": {""train_path"": ""data/MONK/MONK1/monks-1.train""}, ""model"": {""activation"": ""sigmoid"", ""dropout"": 0.0, ""hidden_units"": [8, 4]}, ""optim"": {""lr"": 0.1, ""momentum"": 0.9, ""name"": ""sgd""}, ""regularizer"": {""l2"": ""1e-1""}, ""seed"": 42, ""split"": {""stratified"": true, ""val_size"": 0.2}, ""training"": {""batch_size"": 16, ""epochs"": 800, ""include_reg_in_val"": false, ""shuffle"": true}}"
d391c39a1427,1,0.692347063214833,0.0,0.692347063214833,0.0,0.52,0.0,45.0,0.0,"{""callbacks"": {""early_stopping"": true, ""min_delta"": 0.0, ""mode"": ""auto"", ""monitor"": ""val_loss"", ""patience"": 40, ""restore_best_weights"": true, ""verbose"": 0}, ""cv"": {""k"": 3, ""seed"": 42, ""shuffle"": true}, ""data"": {""train_path"": ""data/MONK/MONK1/monks-1.train""}, ""model"": {""activation"": ""sigmoid"", ""dropout"": 0.0, ""hidden_units"": [8, 4]}, ""optim"": {""lr"": 0.2, ""momentum"": 0.1, ""name"": ""sgd""}, ""regularizer"": {""l2"": ""1e-1""}, ""seed"": 42, ""split"": {""stratified"": true, ""val_size"": 0.2}, ""training"": {""batch_size"": 16, ""epochs"": 800, ""include_reg_in_val"": false, ""shuffle"": true}}"
0590e7a6c519,1,0.6923471239111721,0.0,0.6923471239111721,0.0,0.52,0.0,66.0,0.0,"{""callbacks"": {""early_stopping"": true, ""min_delta"": 0.0, ""mode"": ""auto"", ""monitor"": ""val_loss"", ""patience"": 40, ""restore_best_weights"": true, ""verbose"": 0}, ""cv"": {""k"": 3, ""seed"": 42, ""shuffle"": true}, ""data"": {""train_path"": ""data/MONK/MONK1/monks-1.train""}, ""model"": {""activation"": ""sigmoid"", ""dropout"": 0.2, ""hidden_units"": [8, 4]}, ""optim"": {""lr"": 0.01, ""momentum"": 0.9, ""name"": ""sgd""}, ""regularizer"": {""l2"": ""1e-1""}, ""seed"": 42, ""split"": {""stratified"": true, ""val_size"": 0.2}, ""training"": {""batch_size"": 32, ""epochs"": 800, ""include_reg_in_val"": false, ""shuffle"": true}}"
da63132a60e7,1,0.6923471319837077,0.0,0.6923471319837077,0.0,0.52,0.0,100.0,0.0,"{""callbacks"": {""early_stopping"": true, ""min_delta"": 0.0, ""mode"": ""auto"", ""monitor"": ""val_loss"", ""patience"": 40, ""restore_best_weights"": true, ""verbose"": 0}, ""cv"": {""k"": 3, ""seed"": 42, ""shuffle"": true}, ""data"": {""train_path"": ""data/MONK/MONK1/monks-1.train""}, ""model"": {""activation"": ""relu"", ""dropout"": 0.0, ""hidden_units"": [8, 4]}, ""optim"": {""lr"": 0.2, ""momentum"": 0.9, ""name"": ""sgd""}, ""regularizer"": {""l2"": ""1e-1""}, ""seed"": 42, ""split"": {""stratified"": true, ""val_size"": 0.2}, ""training"": {""batch_size"": 16, ""epochs"": 800, ""include_reg_in_val"": false, ""shuffle"": true}}"
4d93da7a882f,1,0.6923471319837077,0.0,0.6923471319837077,0.0,0.52,0.0,100.0,0.0,"{""callbacks"": {""early_stopping"": true, ""min_delta"": 0.0, ""mode"": ""auto"", ""monitor"": ""val_loss"", ""patience"": 40, ""restore_best_weights"": true, ""verbose"": 0}, ""cv"": {""k"": 3, ""seed"": 42, ""shuffle"": true}, ""data"": {""train_path"": ""data/MONK/MONK1/monks-1.train""}, ""model"": {""activation"": ""relu"", ""dropout"": 0.2, ""hidden_units"": [8, 4]}, ""optim"": {""lr"": 0.2, ""momentum"": 0.9, ""name"": ""sgd""}, ""regularizer"": {""l2"": ""1e-1""}, ""seed"": 42, ""split"": {""stratified"": true, ""val_size"": 0.2}, ""training"": {""batch_size"": 16, ""epochs"": 800, ""include_reg_in_val"": false, ""shuffle"": true}}"
a7a006f2cefd,1,0.6923471386148927,0.0,0.6923471386148927,0.0,0.52,0.0,62.0,0.0,"{""callbacks"": {""early_stopping"": true, ""min_delta"": 0.0, ""mode"": ""auto"", ""monitor"": ""val_loss"", ""patience"": 40, ""restore_best_weights"": true, ""verbose"": 0}, ""cv"": {""k"": 3, ""seed"": 42, ""shuffle"": true}, ""data"": {""train_path"": ""data/MONK/MONK1/monks-1.train""}, ""model"": {""activation"": ""sigmoid"", ""dropout"": 0.0, ""hidden_units"": [8, 4]}, ""optim"": {""lr"": 0.1, ""momentum"": 0.9, ""name"": ""sgd""}, ""regularizer"": {""l2"": ""1e-1""}, ""seed"": 42, ""split"": {""stratified"": true, ""val_size"": 0.2}, ""training"": {""batch_size"": 32, ""epochs"": 800, ""include_reg_in_val"": false, ""shuffle"": true}}"
8aa80311bba0,1,0.6923472012456854,0.0,0.6923472012456854,0.0,0.52,0.0,61.0,0.0,"{""callbacks"": {""early_stopping"": true, ""min_delta"": 0.0, ""mode"": ""auto"", ""monitor"": ""val_loss"", ""patience"": 40, ""restore_best_weights"": true, ""verbose"": 0}, ""cv"": {""k"": 3, ""seed"": 42, ""shuffle"": true}, ""data"": {""train_path"": ""data/MONK/MONK1/monks-1.train""}, ""model"": {""activation"": ""sigmoid"", ""dropout"": 0.0, ""hidden_units"": [8, 4]}, ""optim"": {""lr"": 0.1, ""momentum"": 0.0, ""name"": ""sgd""}, ""regularizer"": {""l2"": ""1e-1""}, ""seed"": 42, ""split"": {""stratified"": true, ""val_size"": 0.2}, ""training"": {""batch_size"": 16, ""epochs"": 800, ""include_reg_in_val"": false, ""shuffle"": true}}"
06735a568e32,1,0.6923472297167459,0.0,0.6923472297167459,0.0,0.52,0.0,57.0,0.0,"{""callbacks"": {""early_stopping"": true, ""min_delta"": 0.0, ""mode"": ""auto"", ""monitor"": ""val_loss"", ""patience"": 40, ""restore_best_weights"": true, ""verbose"": 0}, ""cv"": {""k"": 3, ""seed"": 42, ""shuffle"": true}, ""data"": {""train_path"": ""data/MONK/MONK1/monks-1.train""}, ""model"": {""activation"": ""sigmoid"", ""dropout"": 0.2, ""hidden_units"": [8, 4]}, ""optim"": {""lr"": 0.2, ""momentum"": 0.0, ""name"": ""sgd""}, ""regularizer"": {""l2"": ""1e-1""}, ""seed"": 42, ""split"": {""stratified"": true, ""val_size"": 0.2}, ""training"": {""batch_size"": 16, ""epochs"": 800, ""include_reg_in_val"": false, ""shuffle"": true}}"
3790e3fb83c1,1,0.6923472720975395,0.0,0.6923472720975395,0.0,0.52,0.0,84.0,0.0,"{""callbacks"": {""early_stopping"": true, ""min_delta"": 0.0, ""mode"": ""auto"", ""monitor"": ""val_loss"", ""patience"": 40, ""restore_best_weights"": true, ""verbose"": 0}, ""cv"": {""k"": 3, ""seed"": 42, ""shuffle"": true}, ""data"": {""train_path"": ""data/MONK/MONK1/monks-1.train""}, ""model"": {""activation"": ""sigmoid"", ""dropout"": 0.2, ""hidden_units"": [8, 4]}, ""optim"": {""lr"": 0.1, ""momentum"": 0.0, ""name"": ""sgd""}, ""regularizer"": {""l2"": ""1e-1""}, ""seed"": 42, ""split"": {""stratified"": true, ""val_size"": 0.2}, ""training"": {""batch_size"": 32, ""epochs"": 800, ""include_reg_in_val"": false, ""shuffle"": true}}"
9a59a9ebe737,1,0.6923472733114393,0.0,0.6923472733114393,0.0,0.52,0.0,21.0,0.0,"{""callbacks"": {""early_stopping"": true, ""min_delta"": 0.0, ""mode"": ""auto"", ""monitor"": ""val_loss"", ""patience"": 40, ""restore_best_weights"": true, ""verbose"": 0}, ""cv"": {""k"": 3, ""seed"": 42, ""shuffle"": true}, ""data"": {""train_path"": ""data/MONK/MONK1/monks-1.train""}, ""model"": {""activation"": ""sigmoid"", ""dropout"": 0.0, ""hidden_units"": [8, 4]}, ""optim"": {""lr"": 0.2, ""momentum"": 0.0, ""name"": ""sgd""}, ""regularizer"": {""l2"": ""1e-1""}, ""seed"": 42, ""split"": {""stratified"": true, ""val_size"": 0.2}, ""training"": {""batch_size"": 16, ""epochs"": 800, ""include_reg_in_val"": false, ""shuffle"": true}}"
8f1e22712c34,1,0.6923473192148702,0.0,0.6923473192148702,0.0,0.52,0.0,84.0,0.0,"{""callbacks"": {""early_stopping"": true, ""min_delta"": 0.0, ""mode"": ""auto"", ""monitor"": ""val_loss"", ""patience"": 40, ""restore_best_weights"": true, ""verbose"": 0}, ""cv"": {""k"": 3, ""seed"": 42, ""shuffle"": true}, ""data"": {""train_path"": ""data/MONK/MONK1/monks-1.train""}, ""model"": {""activation"": ""sigmoid"", ""dropout"": 0.0, ""hidden_units"": [8, 4]}, ""optim"": {""lr"": 0.1, ""momentum"": 0.1, ""name"": ""sgd""}, ""regularizer"": {""l2"": ""1e-1""}, ""seed"": 42, ""split"": {""stratified"": true, ""val_size"": 0.2}, ""training"": {""batch_size"": 32, ""epochs"": 800, ""include_reg_in_val"": false, ""shuffle"": true}}"
d477bd9a67d3,1,0.6923473300097461,0.0,0.6923473300097461,0.0,0.52,0.0,87.0,0.0,"{""callbacks"": {""early_stopping"": true, ""min_delta"": 0.0, ""mode"": ""auto"", ""monitor"": ""val_loss"", ""patience"": 40, ""restore_best_weights"": true, ""verbose"": 0}, ""cv"": {""k"": 3, ""seed"": 42, ""shuffle"": true}, ""data"": {""train_path"": ""data/MONK/MONK1/monks-1.train""}, ""model"": {""activation"": ""sigmoid"", ""dropout"": 0.2, ""hidden_units"": [8, 4]}, ""optim"": {""lr"": 0.2, ""momentum"": 0.0, ""name"": ""sgd""}, ""regularizer"": {""l2"": ""1e-1""}, ""seed"": 42, ""split"": {""stratified"": true, ""val_size"": 0.2}, ""training"": {""batch_size"": 32, ""epochs"": 800, ""include_reg_in_val"": false, ""shuffle"": true}}"
a7277be6f063,1,0.6923473748790262,0.0,0.6923473748790262,0.0,0.52,0.0,41.0,0.0,"{""callbacks"": {""early_stopping"": true, ""min_delta"": 0.0, ""mode"": ""auto"", ""monitor"": ""val_loss"", ""patience"": 40, ""restore_best_weights"": true, ""verbose"": 0}, ""cv"": {""k"": 3, ""seed"": 42, ""shuffle"": true}, ""data"": {""train_path"": ""data/MONK/MONK1/monks-1.train""}, ""model"": {""activation"": ""sigmoid"", ""dropout"": 0.2, ""hidden_units"": [8, 4]}, ""optim"": {""lr"": 0.1, ""momentum"": 0.1, ""name"": ""sgd""}, ""regularizer"": {""l2"": ""1e-1""}, ""seed"": 42, ""split"": {""stratified"": true, ""val_size"": 0.2}, ""training"": {""batch_size"": 16, ""epochs"": 800, ""include_reg_in_val"": false, ""shuffle"": true}}"
c6644b708c68,1,0.6923474837316611,0.0,0.6923474837316611,0.0,0.52,0.0,63.0,0.0,"{""callbacks"": {""early_stopping"": true, ""min_delta"": 0.0, ""mode"": ""auto"", ""monitor"": ""val_loss"", ""patience"": 40, ""restore_best_weights"": true, ""verbose"": 0}, ""cv"": {""k"": 3, ""seed"": 42, ""shuffle"": true}, ""data"": {""train_path"": ""data/MONK/MONK1/monks-1.train""}, ""model"": {""activation"": ""sigmoid"", ""dropout"": 0.2, ""hidden_units"": [8, 4]}, ""optim"": {""lr"": 0.1, ""momentum"": 0.1, ""name"": ""sgd""}, ""regularizer"": {""l2"": ""1e-1""}, ""seed"": 42, ""split"": {""stratified"": true, ""val_size"": 0.2}, ""training"": {""batch_size"": 32, ""epochs"": 800, ""include_reg_in_val"": false, ""shuffle"": true}}"
e3c8b8339af6,1,0.6923476030735709,0.0,0.6923476030735709,0.0,0.52,0.0,66.0,0.0,"{""callbacks"": {""early_stopping"": true, ""min_delta"": 0.0, ""mode"": ""auto"", ""monitor"": ""val_loss"", ""patience"": 40, ""restore_best_weights"": true, ""verbose"": 0}, ""cv"": {""k"": 3, ""seed"": 42, ""shuffle"": true}, ""data"": {""train_path"": ""data/MONK/MONK1/monks-1.train""}, ""model"": {""activation"": ""sigmoid"", ""dropout"": 0.0, ""hidden_units"": [8, 4]}, ""optim"": {""lr"": 0.2, ""momentum"": 0.0, ""name"": ""sgd""}, ""regularizer"": {""l2"": ""1e-1""}, ""seed"": 42, ""split"": {""stratified"": true, ""val_size"": 0.2}, ""training"": {""batch_size"": 32, ""epochs"": 800, ""include_reg_in_val"": false, ""shuffle"": true}}"
aa940909ea92,1,0.6923476696385024,0.0,0.6923476696385024,0.0,0.52,0.0,41.0,0.0,"{""callbacks"": {""early_stopping"": true, ""min_delta"": 0.0, ""mode"": ""auto"", ""monitor"": ""val_loss"", ""patience"": 40, ""restore_best_weights"": true, ""verbose"": 0}, ""cv"": {""k"": 3, ""seed"": 42, ""shuffle"": true}, ""data"": {""train_path"": ""data/MONK/MONK1/monks-1.train""}, ""model"": {""activation"": ""sigmoid"", ""dropout"": 0.2, ""hidden_units"": [8, 4]}, ""optim"": {""lr"": 0.1, ""momentum"": 0.0, ""name"": ""sgd""}, ""regularizer"": {""l2"": ""1e-1""}, ""seed"": 42, ""split"": {""stratified"": true, ""val_size"": 0.2}, ""training"": {""batch_size"": 16, ""epochs"": 800, ""include_reg_in_val"": false, ""shuffle"": true}}"
83efd7fef2c6,1,0.6923478767677994,0.0,0.6923478767677994,0.0,0.52,0.0,92.0,0.0,"{""callbacks"": {""early_stopping"": true, ""min_delta"": 0.0, ""mode"": ""auto"", ""monitor"": ""val_loss"", ""patience"": 40, ""restore_best_weights"": true, ""verbose"": 0}, ""cv"": {""k"": 3, ""seed"": 42, ""shuffle"": true}, ""data"": {""train_path"": ""data/MONK/MONK1/monks-1.train""}, ""model"": {""activation"": ""sigmoid"", ""dropout"": 0.0, ""hidden_units"": [8, 4]}, ""optim"": {""lr"": 0.01, ""momentum"": 0.9, ""name"": ""sgd""}, ""regularizer"": {""l2"": ""1e-1""}, ""seed"": 42, ""split"": {""stratified"": true, ""val_size"": 0.2}, ""training"": {""batch_size"": 32, ""epochs"": 800, ""include_reg_in_val"": false, ""shuffle"": true}}"
11f62846e16f,1,0.6923481889852878,0.0,0.6923481889852878,0.0,0.52,0.0,84.0,0.0,"{""callbacks"": {""early_stopping"": true, ""min_delta"": 0.0, ""mode"": ""auto"", ""monitor"": ""val_loss"", ""patience"": 40, ""restore_best_weights"": true, ""verbose"": 0}, ""cv"": {""k"": 3, ""seed"": 42, ""shuffle"": true}, ""data"": {""train_path"": ""data/MONK/MONK1/monks-1.train""}, ""model"": {""activation"": ""sigmoid"", ""dropout"": 0.0, ""hidden_units"": [8, 4]}, ""optim"": {""lr"": 0.1, ""momentum"": 0.0, ""name"": ""sgd""}, ""regularizer"": {""l2"": ""1e-1""}, ""seed"": 42, ""split"": {""stratified"": true, ""val_size"": 0.2}, ""training"": {""batch_size"": 32, ""epochs"": 800, ""include_reg_in_val"": false, ""shuffle"": true}}"
123672832ebe,1,0.6923484798651139,0.0,0.6923484798651139,0.0,0.52,0.0,61.0,0.0,"{""callbacks"": {""early_stopping"": true, ""min_delta"": 0.0, ""mode"": ""auto"", ""monitor"": ""val_loss"", ""patience"": 40, ""restore_best_weights"": true, ""verbose"": 0}, ""cv"": {""k"": 3, ""seed"": 42, ""shuffle"": true}, ""data"": {""train_path"": ""data/MONK/MONK1/monks-1.train""}, ""model"": {""activation"": ""sigmoid"", ""dropout"": 0.0, ""hidden_units"": [8, 4]}, ""optim"": {""lr"": 0.1, ""momentum"": 0.1, ""name"": ""sgd""}, ""regularizer"": {""l2"": ""1e-1""}, ""seed"": 42, ""split"": {""stratified"": true, ""val_size"": 0.2}, ""training"": {""batch_size"": 16, ""epochs"": 800, ""include_reg_in_val"": false, ""shuffle"": true}}"
bf4d0ff7e413,1,0.6923485469525608,0.0,0.6923485469525608,0.0,0.52,0.0,41.0,0.0,"{""callbacks"": {""early_stopping"": true, ""min_delta"": 0.0, ""mode"": ""auto"", ""monitor"": ""val_loss"", ""patience"": 40, ""restore_best_weights"": true, ""verbose"": 0}, ""cv"": {""k"": 3, ""seed"": 42, ""shuffle"": true}, ""data"": {""train_path"": ""data/MONK/MONK1/monks-1.train""}, ""model"": {""activation"": ""sigmoid"", ""dropout"": 0.2, ""hidden_units"": [8, 4]}, ""optim"": {""lr"": 0.01, ""momentum"": 0.9, ""name"": ""sgd""}, ""regularizer"": {""l2"": ""1e-1""}, ""seed"": 42, ""split"": {""stratified"": true, ""val_size"": 0.2}, ""training"": {""batch_size"": 16, ""epochs"": 800, ""include_reg_in_val"": false, ""shuffle"": true}}"
5a63287d51fe,1,0.6923485580150149,0.0,0.6923485580150149,0.0,0.52,0.0,41.0,0.0,"{""callbacks"": {""early_stopping"": true, ""min_delta"": 0.0, ""mode"": ""auto"", ""monitor"": ""val_loss"", ""patience"": 40, ""restore_best_weights"": true, ""verbose"": 0}, ""cv"": {""k"": 3, ""seed"": 42, ""shuffle"": true}, ""data"": {""train_path"": ""data/MONK/MONK1/monks-1.train""}, ""model"": {""activation"": ""sigmoid"", ""dropout"": 0.0, ""hidden_units"": [8, 4]}, ""optim"": {""lr"": 0.01, ""momentum"": 0.9, ""name"": ""sgd""}, ""regularizer"": {""l2"": ""1e-1""}, ""seed"": 42, ""split"": {""stratified"": true, ""val_size"": 0.2}, ""training"": {""batch_size"": 16, ""epochs"": 800, ""include_reg_in_val"": false, ""shuffle"": true}}"
8aaf3c0f78aa,1,0.6923490120299499,0.0,0.6923490120299499,0.0,0.52,0.0,97.0,0.0,"{""callbacks"": {""early_stopping"": true, ""min_delta"": 0.0, ""mode"": ""auto"", ""monitor"": ""val_loss"", ""patience"": 40, ""restore_best_weights"": true, ""verbose"": 0}, ""cv"": {""k"": 3, ""seed"": 42, ""shuffle"": true}, ""data"": {""train_path"": ""data/MONK/MONK1/monks-1.train""}, ""model"": {""activation"": ""sigmoid"", ""dropout"": 0.2, ""hidden_units"": [8, 4]}, ""optim"": {""lr"": 0.1, ""momentum"": 0.9, ""name"": ""sgd""}, ""regularizer"": {""l2"": ""1e-1""}, ""seed"": 42, ""split"": {""stratified"": true, ""val_size"": 0.2}, ""training"": {""batch_size"": 32, ""epochs"": 800, ""include_reg_in_val"": false, ""shuffle"": true}}"
3b1602c9d301,1,0.6923498863799864,0.0,0.6923498863799864,0.0,0.52,0.0,9.0,0.0,"{""callbacks"": {""early_stopping"": true, ""min_delta"": 0.0, ""mode"": ""auto"", ""monitor"": ""val_loss"", ""patience"": 40, ""restore_best_weights"": true, ""verbose"": 0}, ""cv"": {""k"": 3, ""seed"": 42, ""shuffle"": true}, ""data"": {""train_path"": ""data/MONK/MONK1/monks-1.train""}, ""model"": {""activation"": ""sigmoid"", ""dropout"": 0.0, ""hidden_units"": [8, 4]}, ""optim"": {""lr"": 0.2, ""momentum"": 0.9, ""name"": ""sgd""}, ""regularizer"": {""l2"": ""1e-1""}, ""seed"": 42, ""split"": {""stratified"": true, ""val_size"": 0.2}, ""training"": {""batch_size"": 32, ""epochs"": 800, ""include_reg_in_val"": false, ""shuffle"": true}}"
0f92302a015e,1,0.6923504487695876,0.0,0.6923504487695876,0.0,0.52,0.0,11.0,0.0,"{""callbacks"": {""early_stopping"": true, ""min_delta"": 0.0, ""mode"": ""auto"", ""monitor"": ""val_loss"", ""patience"": 40, ""restore_best_weights"": true, ""verbose"": 0}, ""cv"": {""k"": 3, ""seed"": 42, ""shuffle"": true}, ""data"": {""train_path"": ""data/MONK/MONK1/monks-1.train""}, ""model"": {""activation"": ""sigmoid"", ""dropout"": 0.2, ""hidden_units"": [8, 4]}, ""optim"": {""lr"": 0.1, ""momentum"": 0.9, ""name"": ""sgd""}, ""regularizer"": {""l2"": ""1e-1""}, ""seed"": 42, ""split"": {""stratified"": true, ""val_size"": 0.2}, ""training"": {""batch_size"": 16, ""epochs"": 800, ""include_reg_in_val"": false, ""shuffle"": true}}"
0f44565ae648,1,0.6923504796431783,0.0,0.6923504796431783,0.0,0.52,0.0,4.0,0.0,"{""callbacks"": {""early_stopping"": true, ""min_delta"": 0.0, ""mode"": ""auto"", ""monitor"": ""val_loss"", ""patience"": 40, ""restore_best_weights"": true, ""verbose"": 0}, ""cv"": {""k"": 3, ""seed"": 42, ""shuffle"": true}, ""data"": {""train_path"": ""data/MONK/MONK1/monks-1.train""}, ""model"": {""activation"": ""sigmoid"", ""dropout"": 0.2, ""hidden_units"": [8, 4]}, ""optim"": {""lr"": 0.2, ""momentum"": 0.9, ""name"": ""sgd""}, ""regularizer"": {""l2"": ""1e-1""}, ""seed"": 42, ""split"": {""stratified"": true, ""val_size"": 0.2}, ""training"": {""batch_size"": 16, ""epochs"": 800, ""include_reg_in_val"": false, ""shuffle"": true}}"
cf1b75ad93f0,1,0.6923557607789657,0.0,0.6923557607789657,0.0,0.52,0.0,21.0,0.0,"{""callbacks"": {""early_stopping"": true, ""min_delta"": 0.0, ""mode"": ""auto"", ""monitor"": ""val_loss"", ""patience"": 40, ""restore_best_weights"": true, ""verbose"": 0}, ""cv"": {""k"": 3, ""seed"": 42, ""shuffle"": true}, ""data"": {""train_path"": ""data/MONK/MONK1/monks-1.train""}, ""model"": {""activation"": ""sigmoid"", ""dropout"": 0.0, ""hidden_units"": [8, 4]}, ""optim"": {""lr"": 0.2, ""momentum"": 0.1, ""name"": ""sgd""}, ""regularizer"": {""l2"": ""1e-1""}, ""seed"": 42, ""split"": {""stratified"": true, ""val_size"": 0.2}, ""training"": {""batch_size"": 32, ""epochs"": 800, ""include_reg_in_val"": false, ""shuffle"": true}}"
1014c2bd6f44,1,0.6923569609660489,0.0,0.6923569609660489,0.0,0.52,0.0,37.0,0.0,"{""callbacks"": {""early_stopping"": true, ""min_delta"": 0.0, ""mode"": ""auto"", ""monitor"": ""val_loss"", ""patience"": 40, ""restore_best_weights"": true, ""verbose"": 0}, ""cv"": {""k"": 3, ""seed"": 42, ""shuffle"": true}, ""data"": {""train_path"": ""data/MONK/MONK1/monks-1.train""}, ""model"": {""activation"": ""relu"", ""dropout"": 0.2, ""hidden_units"": [8, 4]}, ""optim"": {""lr"": 0.1, ""momentum"": 0.9, ""name"": ""sgd""}, ""regularizer"": {""l2"": ""1e-1""}, ""seed"": 42, ""split"": {""stratified"": true, ""val_size"": 0.2}, ""training"": {""batch_size"": 32, ""epochs"": 800, ""include_reg_in_val"": false, ""shuffle"": true}}"
0a9e0347fa1d,1,0.6923569686628248,0.0,0.6923569686628248,0.0,0.52,0.0,37.0,0.0,"{""callbacks"": {""early_stopping"": true, ""min_delta"": 0.0, ""mode"": ""auto"", ""monitor"": ""val_loss"", ""patience"": 40, ""restore_best_weights"": true, ""verbose"": 0}, ""cv"": {""k"": 3, ""seed"": 42, ""shuffle"": true}, ""data"": {""train_path"": ""data/MONK/MONK1/monks-1.train""}, ""model"": {""activation"": ""relu"", ""dropout"": 0.0, ""hidden_units"": [8, 4]}, ""optim"": {""lr"": 0.1, ""momentum"": 0.9, ""name"": ""sgd""}, ""regularizer"": {""l2"": ""1e-1""}, ""seed"": 42, ""split"": {""stratified"": true, ""val_size"": 0.2}, ""training"": {""batch_size"": 32, ""epochs"": 800, ""include_reg_in_val"": false, ""shuffle"": true}}"
79e0ad6f7b09,1,0.6923603116445058,0.0,0.6923603116445058,0.0,0.52,0.0,11.0,0.0,"{""callbacks"": {""early_stopping"": true, ""min_delta"": 0.0, ""mode"": ""auto"", ""monitor"": ""val_loss"", ""patience"": 40, ""restore_best_weights"": true, ""verbose"": 0}, ""cv"": {""k"": 3, ""seed"": 42, ""shuffle"": true}, ""data"": {""train_path"": ""data/MONK/MONK1/monks-1.train""}, ""model"": {""activation"": ""sigmoid"", ""dropout"": 0.2, ""hidden_units"": [8, 4]}, ""optim"": {""lr"": 0.2, ""momentum"": 0.1, ""name"": ""sgd""}, ""regularizer"": {""l2"": ""1e-1""}, ""seed"": 42, ""split"": {""stratified"": true, ""val_size"": 0.2}, ""training"": {""batch_size"": 16, ""epochs"": 800, ""include_reg_in_val"": false, ""shuffle"": true}}"
c8f96e745425,1,0.6923615738921722,0.0,0.6923615738921722,0.0,0.52,0.0,43.0,0.0,"{""callbacks"": {""early_stopping"": true, ""min_delta"": 0.0, ""mode"": ""auto"", ""monitor"": ""val_loss"", ""patience"": 40, ""restore_best_weights"": true, ""verbose"": 0}, ""cv"": {""k"": 3, ""seed"": 42, ""shuffle"": true}, ""data"": {""train_path"": ""data/MONK/MONK1/monks-1.train""}, ""model"": {""activation"": ""sigmoid"", ""dropout"": 0.2, ""hidden_units"": [8, 4]}, ""optim"": {""lr"": 0.2, ""momentum"": 0.9, ""name"": ""sgd""}, ""regularizer"": {""l2"": ""1e-1""}, ""seed"": 42, ""split"": {""stratified"": true, ""val_size"": 0.2}, ""training"": {""batch_size"": 32, ""epochs"": 800, ""include_reg_in_val"": false, ""shuffle"": true}}"
98f7644ad35f,1,0.6923631817993894,0.0,0.6923631817993894,0.0,0.52,0.0,23.0,0.0,"{""callbacks"": {""early_stopping"": true, ""min_delta"": 0.0, ""mode"": ""auto"", ""monitor"": ""val_loss"", ""patience"": 40, ""restore_best_weights"": true, ""verbose"": 0}, ""cv"": {""k"": 3, ""seed"": 42, ""shuffle"": true}, ""data"": {""train_path"": ""data/MONK/MONK1/monks-1.train""}, ""model"": {""activation"": ""sigmoid"", ""dropout"": 0.0, ""hidden_units"": [8]}, ""optim"": {""lr"": 0.2, ""momentum"": 0.9, ""name"": ""sgd""}, ""regularizer"": {""l2"": ""1e-1""}, ""seed"": 42, ""split"": {""stratified"": true, ""val_size"": 0.2}, ""training"": {""batch_size"": 32, ""epochs"": 800, ""include_reg_in_val"": false, ""shuffle"": true}}"
ec3c248d4f8b,1,0.6923878388562573,0.0,0.6923878388562573,0.0,0.52,0.0,12.0,0.0,"{""callbacks"": {""early_stopping"": true, ""min_delta"": 0.0, ""mode"": ""auto"", ""monitor"": ""val_loss"", ""patience"": 40, ""restore_best_weights"": true, ""verbose"": 0}, ""cv"": {""k"": 3, ""seed"": 42, ""shuffle"": true}, ""data"": {""train_path"": ""data/MONK/MONK1/monks-1.train""}, ""model"": {""activation"": ""sigmoid"", ""dropout"": 0.0, ""hidden_units"": [8]}, ""optim"": {""lr"": 0.1, ""momentum"": 0.9, ""name"": ""sgd""}, ""regularizer"": {""l2"": ""1e-1""}, ""seed"": 42, ""split"": {""stratified"": true, ""val_size"": 0.2}, ""training"": {""batch_size"": 32, ""epochs"": 800, ""include_reg_in_val"": false, ""shuffle"": true}}"
22a769fe994c,1,0.692388260157107,0.0,0.692388260157107,0.0,0.52,0.0,17.0,0.0,"{""callbacks"": {""early_stopping"": true, ""min_delta"": 0.0, ""mode"": ""auto"", ""monitor"": ""val_loss"", ""patience"": 40, ""restore_best_weights"": true, ""verbose"": 0}, ""cv"": {""k"": 3, ""seed"": 42, ""shuffle"": true}, ""data"": {""train_path"": ""data/MONK/MONK1/monks-1.train""}, ""model"": {""activation"": ""sigmoid"", ""dropout"": 0.0, ""hidden_units"": [8]}, ""optim"": {""lr"": 0.1, ""momentum"": 0.9, ""name"": ""sgd""}, ""regularizer"": {""l2"": ""1e-1""}, ""seed"": 42, ""split"": {""stratified"": true, ""val_size"": 0.2}, ""training"": {""batch_size"": 16, ""epochs"": 800, ""include_reg_in_val"": false, ""shuffle"": true}}"
143f8ff6509c,1,0.692393267053319,0.0,0.692393267053319,0.0,0.52,0.0,90.0,0.0,"{""callbacks"": {""early_stopping"": true, ""min_delta"": 0.0, ""mode"": ""auto"", ""monitor"": ""val_loss"", ""patience"": 40, ""restore_best_weights"": true, ""verbose"": 0}, ""cv"": {""k"": 3, ""seed"": 42, ""shuffle"": true}, ""data"": {""train_path"": ""data/MONK/MONK1/monks-1.train""}, ""model"": {""activation"": ""sigmoid"", ""dropout"": 0.2, ""hidden_units"": [8, 4]}, ""optim"": {""lr"": 0.1, ""momentum"": 0.1, ""name"": ""sgd""}, ""regularizer"": {""l2"": ""1e-2""}, ""seed"": 42, ""split"": {""stratified"": true, ""val_size"": 0.2}, ""training"": {""batch_size"": 32, ""epochs"": 800, ""include_reg_in_val"": false, ""shuffle"": true}}"
dd1dfd2d8f84,1,0.6924415022564383,0.0,0.6924415022564383,0.0,0.52,0.0,160.0,0.0,"{""callbacks"": {""early_stopping"": true, ""min_delta"": 0.0, ""mode"": ""auto"", ""monitor"": ""val_loss"", ""patience"": 40, ""restore_best_weights"": true, ""verbose"": 0}, ""cv"": {""k"": 3, ""seed"": 42, ""shuffle"": true}, ""data"": {""train_path"": ""data/MONK/MONK1/monks-1.train""}, ""model"": {""activation"": ""sigmoid"", ""dropout"": 0.2, ""hidden_units"": [8, 4]}, ""optim"": {""lr"": 0.01, ""momentum"": 0.1, ""name"": ""sgd""}, ""regularizer"": {""l2"": ""1e-1""}, ""seed"": 42, ""split"": {""stratified"": true, ""val_size"": 0.2}, ""training"": {""batch_size"": 16, ""epochs"": 800, ""include_reg_in_val"": false, ""shuffle"": true}}"
61064335d2bd,1,0.6924557651753657,0.0,0.6924557651753657,0.0,0.52,0.0,160.0,0.0,"{""callbacks"": {""early_stopping"": true, ""min_delta"": 0.0, ""mode"": ""auto"", ""monitor"": ""val_loss"", ""patience"": 40, ""restore_best_weights"": true, ""verbose"": 0}, ""cv"": {""k"": 3, ""seed"": 42, ""shuffle"": true}, ""data"": {""train_path"": ""data/MONK/MONK1/monks-1.train""}, ""model"": {""activation"": ""sigmoid"", ""dropout"": 0.2, ""hidden_units"": [8, 4]}, ""optim"": {""lr"": 0.01, ""momentum"": 0.0, ""name"": ""sgd""}, ""regularizer"": {""l2"": ""1e-1""}, ""seed"": 42, ""split"": {""stratified"": true, ""val_size"": 0.2}, ""training"": {""batch_size"": 16, ""epochs"": 800, ""include_reg_in_val"": false, ""shuffle"": true}}"
8982325e4f91,1,0.6924624957867893,0.0,0.6924624957867893,0.0,0.52,0.0,160.0,0.0,"{""callbacks"": {""early_stopping"": true, ""min_delta"": 0.0, ""mode"": ""auto"", ""monitor"": ""val_loss"", ""patience"": 40, ""restore_best_weights"": true, ""verbose"": 0}, ""cv"": {""k"": 3, ""seed"": 42, ""shuffle"": true}, ""data"": {""train_path"": ""data/MONK/MONK1/monks-1.train""}, ""model"": {""activation"": ""sigmoid"", ""dropout"": 0.0, ""hidden_units"": [8, 4]}, ""optim"": {""lr"": 0.01, ""momentum"": 0.1, ""name"": ""sgd""}, ""regularizer"": {""l2"": ""1e-1""}, ""seed"": 42, ""split"": {""stratified"": true, ""val_size"": 0.2}, ""training"": {""batch_size"": 16, ""epochs"": 800, ""include_reg_in_val"": false, ""shuffle"": true}}"
d1a96744e8da,1,0.6924827706960113,0.0,0.6924827706960113,0.0,0.52,0.0,160.0,0.0,"{""callbacks"": {""early_stopping"": true, ""min_delta"": 0.0, ""mode"": ""auto"", ""monitor"": ""val_loss"", ""patience"": 40, ""restore_best_weights"": true, ""verbose"": 0}, ""cv"": {""k"": 3, ""seed"": 42, ""shuffle"": true}, ""data"": {""train_path"": ""data/MONK/MONK1/monks-1.train""}, ""model"": {""activation"": ""sigmoid"", ""dropout"": 0.0, ""hidden_units"": [8, 4]}, ""optim"": {""lr"": 0.01, ""momentum"": 0.0, ""name"": ""sgd""}, ""regularizer"": {""l2"": ""1e-1""}, ""seed"": 42, ""split"": {""stratified"": true, ""val_size"": 0.2}, ""training"": {""batch_size"": 16, ""epochs"": 800, ""include_reg_in_val"": false, ""shuffle"": true}}"
c3c04b490600,1,0.6925501183506552,0.0,0.6925501183506552,0.0,0.52,0.0,174.0,0.0,"{""callbacks"": {""early_stopping"": true, ""min_delta"": 0.0, ""mode"": ""auto"", ""monitor"": ""val_loss"", ""patience"": 40, ""restore_best_weights"": true, ""verbose"": 0}, ""cv"": {""k"": 3, ""seed"": 42, ""shuffle"": true}, ""data"": {""train_path"": ""data/MONK/MONK1/monks-1.train""}, ""model"": {""activation"": ""sigmoid"", ""dropout"": 0.2, ""hidden_units"": [8, 4]}, ""optim"": {""lr"": 0.01, ""momentum"": 0.1, ""name"": ""sgd""}, ""regularizer"": {""l2"": ""1e-1""}, ""seed"": 42, ""split"": {""stratified"": true, ""val_size"": 0.2}, ""training"": {""batch_size"": 32, ""epochs"": 800, ""include_reg_in_val"": false, ""shuffle"": true}}"
62f407e696c7,1,0.6926049594568713,0.0,0.6926049594568713,0.0,0.52,0.0,174.0,0.0,"{""callbacks"": {""early_stopping"": true, ""min_delta"": 0.0, ""mode"": ""auto"", ""monitor"": ""val_loss"", ""patience"": 40, ""restore_best_weights"": true, ""verbose"": 0}, ""cv"": {""k"": 3, ""seed"": 42, ""shuffle"": true}, ""data"": {""train_path"": ""data/MONK/MONK1/monks-1.train""}, ""model"": {""activation"": ""sigmoid"", ""dropout"": 0.0, ""hidden_units"": [8, 4]}, ""optim"": {""lr"": 0.01, ""momentum"": 0.1, ""name"": ""sgd""}, ""regularizer"": {""l2"": ""1e-1""}, ""seed"": 42, ""split"": {""stratified"": true, ""val_size"": 0.2}, ""training"": {""batch_size"": 32, ""epochs"": 800, ""include_reg_in_val"": false, ""shuffle"": true}}"
b05aab908f3a,1,0.6926071182251949,0.0,0.6926071182251949,0.0,0.52,0.0,174.0,0.0,"{""callbacks"": {""early_stopping"": true, ""min_delta"": 0.0, ""mode"": ""auto"", ""monitor"": ""val_loss"", ""patience"": 40, ""restore_best_weights"": true, ""verbose"": 0}, ""cv"": {""k"": 3, ""seed"": 42, ""shuffle"": true}, ""data"": {""train_path"": ""data/MONK/MONK1/monks-1.train""}, ""model"": {""activation"": ""sigmoid"", ""dropout"": 0.2, ""hidden_units"": [8, 4]}, ""optim"": {""lr"": 0.01, ""momentum"": 0.0, ""name"": ""sgd""}, ""regularizer"": {""l2"": ""1e-1""}, ""seed"": 42, ""split"": {""stratified"": true, ""val_size"": 0.2}, ""training"": {""batch_size"": 32, ""epochs"": 800, ""include_reg_in_val"": false, ""shuffle"": true}}"
5e909bc21adb,1,0.6926747440528099,0.0,0.6926747440528099,0.0,0.52,0.0,174.0,0.0,"{""callbacks"": {""early_stopping"": true, ""min_delta"": 0.0, ""mode"": ""auto"", ""monitor"": ""val_loss"", ""patience"": 40, ""restore_best_weights"": true, ""verbose"": 0}, ""cv"": {""k"": 3, ""seed"": 42, ""shuffle"": true}, ""data"": {""train_path"": ""data/MONK/MONK1/monks-1.train""}, ""model"": {""activation"": ""sigmoid"", ""dropout"": 0.0, ""hidden_units"": [8, 4]}, ""optim"": {""lr"": 0.01, ""momentum"": 0.0, ""name"": ""sgd""}, ""regularizer"": {""l2"": ""1e-1""}, ""seed"": 42, ""split"": {""stratified"": true, ""val_size"": 0.2}, ""training"": {""batch_size"": 32, ""epochs"": 800, ""include_reg_in_val"": false, ""shuffle"": true}}"
89857df67667,1,0.6932552178312121,0.0,0.6932552178312121,0.0,0.52,0.0,160.0,0.0,"{""callbacks"": {""early_stopping"": true, ""min_delta"": 0.0, ""mode"": ""auto"", ""monitor"": ""val_loss"", ""patience"": 40, ""restore_best_weights"": true, ""verbose"": 0}, ""cv"": {""k"": 3, ""seed"": 42, ""shuffle"": true}, ""data"": {""train_path"": ""data/MONK/MONK1/monks-1.train""}, ""model"": {""activation"": ""sigmoid"", ""dropout"": 0.2, ""hidden_units"": [8, 4]}, ""optim"": {""lr"": 0.01, ""momentum"": 0.1, ""name"": ""sgd""}, ""regularizer"": {""l2"": ""1e-2""}, ""seed"": 42, ""split"": {""stratified"": true, ""val_size"": 0.2}, ""training"": {""batch_size"": 16, ""epochs"": 800, ""include_reg_in_val"": false, ""shuffle"": true}}"
a5ee1d9be2f9,1,0.6933540197055388,0.0,0.6933540197055388,0.0,0.52,0.0,160.0,0.0,"{""callbacks"": {""early_stopping"": true, ""min_delta"": 0.0, ""mode"": ""auto"", ""monitor"": ""val_loss"", ""patience"": 40, ""restore_best_weights"": true, ""verbose"": 0}, ""cv"": {""k"": 3, ""seed"": 42, ""shuffle"": true}, ""data"": {""train_path"": ""data/MONK/MONK1/monks-1.train""}, ""model"": {""activation"": ""sigmoid"", ""dropout"": 0.2, ""hidden_units"": [8, 4]}, ""optim"": {""lr"": 0.01, ""momentum"": 0.0, ""name"": ""sgd""}, ""regularizer"": {""l2"": ""1e-2""}, ""seed"": 42, ""split"": {""stratified"": true, ""val_size"": 0.2}, ""training"": {""batch_size"": 16, ""epochs"": 800, ""include_reg_in_val"": false, ""shuffle"": true}}"
5cf04744f00c,1,0.6934826416154968,0.0,0.6934826416154968,0.0,0.52,0.0,160.0,0.0,"{""callbacks"": {""early_stopping"": true, ""min_delta"": 0.0, ""mode"": ""auto"", ""monitor"": ""val_loss"", ""patience"": 40, ""restore_best_weights"": true, ""verbose"": 0}, ""cv"": {""k"": 3, ""seed"": 42, ""shuffle"": true}, ""data"": {""train_path"": ""data/MONK/MONK1/monks-1.train""}, ""model"": {""activation"": ""sigmoid"", ""dropout"": 0.2, ""hidden_units"": [8, 4]}, ""optim"": {""lr"": 0.01, ""momentum"": 0.1, ""name"": ""sgd""}, ""regularizer"": {""l2"": ""1e-3""}, ""seed"": 42, ""split"": {""stratified"": true, ""val_size"": 0.2}, ""training"": {""batch_size"": 16, ""epochs"": 800, ""include_reg_in_val"": false, ""shuffle"": true}}"
ec17883041f6,1,0.693510452800925,0.0,0.693510452800925,0.0,0.52,0.0,160.0,0.0,"{""callbacks"": {""early_stopping"": true, ""min_delta"": 0.0, ""mode"": ""auto"", ""monitor"": ""val_loss"", ""patience"": 40, ""restore_best_weights"": true, ""verbose"": 0}, ""cv"": {""k"": 3, ""seed"": 42, ""shuffle"": true}, ""data"": {""train_path"": ""data/MONK/MONK1/monks-1.train""}, ""model"": {""activation"": ""sigmoid"", ""dropout"": 0.2, ""hidden_units"": [8, 4]}, ""optim"": {""lr"": 0.01, ""momentum"": 0.1, ""name"": ""sgd""}, ""regularizer"": {""l2"": 0.0}, ""seed"": 42, ""split"": {""stratified"": true, ""val_size"": 0.2}, ""training"": {""batch_size"": 16, ""epochs"": 800, ""include_reg_in_val"": false, ""shuffle"": true}}"
f480d21e4e1a,1,0.6935323579440847,0.0,0.6935323579440847,0.0,0.48,0.0,160.0,0.0,"{""callbacks"": {""early_stopping"": true, ""min_delta"": 0.0, ""mode"": ""auto"", ""monitor"": ""val_loss"", ""patience"": 40, ""restore_best_weights"": true, ""verbose"": 0}, ""cv"": {""k"": 3, ""seed"": 42, ""shuffle"": true}, ""data"": {""train_path"": ""data/MONK/MONK1/monks-1.train""}, ""model"": {""activation"": ""sigmoid"", ""dropout"": 0.0, ""hidden_units"": [8, 4]}, ""optim"": {""lr"": 0.01, ""momentum"": 0.1, ""name"": ""sgd""}, ""regularizer"": {""l2"": ""1e-2""}, ""seed"": 42, ""split"": {""stratified"": true, ""val_size"": 0.2}, ""training"": {""batch_size"": 16, ""epochs"": 800, ""include_reg_in_val"": false, ""shuffle"": true}}"
3dcf5af06976,1,0.6935897193579171,0.0,0.6935897193579171,0.0,0.52,0.0,160.0,0.0,"{""callbacks"": {""early_stopping"": true, ""min_delta"": 0.0, ""mode"": ""auto"", ""monitor"": ""val_loss"", ""patience"": 40, ""restore_best_weights"": true, ""verbose"": 0}, ""cv"": {""k"": 3, ""seed"": 42, ""shuffle"": true}, ""data"": {""train_path"": ""data/MONK/MONK1/monks-1.train""}, ""model"": {""activation"": ""sigmoid"", ""dropout"": 0.2, ""hidden_units"": [8, 4]}, ""optim"": {""lr"": 0.01, ""momentum"": 0.0, ""name"": ""sgd""}, ""regularizer"": {""l2"": ""1e-3""}, ""seed"": 42, ""split"": {""stratified"": true, ""val_size"": 0.2}, ""training"": {""batch_size"": 16, ""epochs"": 800, ""include_reg_in_val"": false, ""shuffle"": true}}"
ce562561877b,1,0.6936184686932338,0.0,0.6936184686932338,0.0,0.52,0.0,160.0,0.0,"{""callbacks"": {""early_stopping"": true, ""min_delta"": 0.0, ""mode"": ""auto"", ""monitor"": ""val_loss"", ""patience"": 40, ""restore_best_weights"": true, ""verbose"": 0}, ""cv"": {""k"": 3, ""seed"": 42, ""shuffle"": true}, ""data"": {""train_path"": ""data/MONK/MONK1/monks-1.train""}, ""model"": {""activation"": ""sigmoid"", ""dropout"": 0.2, ""hidden_units"": [8, 4]}, ""optim"": {""lr"": 0.01, ""momentum"": 0.0, ""name"": ""sgd""}, ""regularizer"": {""l2"": 0.0}, ""seed"": 42, ""split"": {""stratified"": true, ""val_size"": 0.2}, ""training"": {""batch_size"": 16, ""epochs"": 800, ""include_reg_in_val"": false, ""shuffle"": true}}"
b2216804f6bd,1,0.6936279448156357,0.0,0.6936279448156357,0.0,0.52,0.0,162.0,0.0,"{""callbacks"": {""early_stopping"": true, ""min_delta"": 0.0, ""mode"": ""auto"", ""monitor"": ""val_loss"", ""patience"": 40, ""restore_best_weights"": true, ""verbose"": 0}, ""cv"": {""k"": 3, ""seed"": 42, ""shuffle"": true}, ""data"": {""train_path"": ""data/MONK/MONK1/monks-1.train""}, ""model"": {""activation"": ""sigmoid"", ""dropout"": 0.2, ""hidden_units"": [8, 4]}, ""optim"": {""lr"": 0.01, ""momentum"": 0.1, ""name"": ""sgd""}, ""regularizer"": {""l2"": ""1e-2""}, ""seed"": 42, ""split"": {""stratified"": true, ""val_size"": 0.2}, ""training"": {""batch_size"": 32, ""epochs"": 800, ""include_reg_in_val"": false, ""shuffle"": true}}"
d0dd84918b9b,1,0.6936578445531483,0.0,0.6936578445531483,0.0,0.48,0.0,160.0,0.0,"{""callbacks"": {""early_stopping"": true, ""min_delta"": 0.0, ""mode"": ""auto"", ""monitor"": ""val_loss"", ""patience"": 40, ""restore_best_weights"": true, ""verbose"": 0}, ""cv"": {""k"": 3, ""seed"": 42, ""shuffle"": true}, ""data"": {""train_path"": ""data/MONK/MONK1/monks-1.train""}, ""model"": {""activation"": ""sigmoid"", ""dropout"": 0.0, ""hidden_units"": [8, 4]}, ""optim"": {""lr"": 0.01, ""momentum"": 0.0, ""name"": ""sgd""}, ""regularizer"": {""l2"": ""1e-2""}, ""seed"": 42, ""split"": {""stratified"": true, ""val_size"": 0.2}, ""training"": {""batch_size"": 16, ""epochs"": 800, ""include_reg_in_val"": false, ""shuffle"": true}}"
0d76ce7795d9,1,0.6937823916577198,0.0,0.6937823916577198,0.0,0.52,0.0,174.0,0.0,"{""callbacks"": {""early_stopping"": true, ""min_delta"": 0.0, ""mode"": ""auto"", ""monitor"": ""val_loss"", ""patience"": 40, ""restore_best_weights"": true, ""verbose"": 0}, ""cv"": {""k"": 3, ""seed"": 42, ""shuffle"": true}, ""data"": {""train_path"": ""data/MONK/MONK1/monks-1.train""}, ""model"": {""activation"": ""sigmoid"", ""dropout"": 0.2, ""hidden_units"": [8, 4]}, ""optim"": {""lr"": 0.01, ""momentum"": 0.0, ""name"": ""sgd""}, ""regularizer"": {""l2"": ""1e-2""}, ""seed"": 42, ""split"": {""stratified"": true, ""val_size"": 0.2}, ""training"": {""batch_size"": 32, ""epochs"": 800, ""include_reg_in_val"": false, ""shuffle"": true}}"
7546dfdc7843,1,0.6938273549090553,0.0,0.6938273549090553,0.0,0.44,0.0,160.0,0.0,"{""callbacks"": {""early_stopping"": true, ""min_delta"": 0.0, ""mode"": ""auto"", ""monitor"": ""val_loss"", ""patience"": 40, ""restore_best_weights"": true, ""verbose"": 0}, ""cv"": {""k"": 3, ""seed"": 42, ""shuffle"": true}, ""data"": {""train_path"": ""data/MONK/MONK1/monks-1.train""}, ""model"": {""activation"": ""sigmoid"", ""dropout"": 0.0, ""hidden_units"": [8, 4]}, ""optim"": {""lr"": 0.01, ""momentum"": 0.1, ""name"": ""sgd""}, ""regularizer"": {""l2"": ""1e-3""}, ""seed"": 42, ""split"": {""stratified"": true, ""val_size"": 0.2}, ""training"": {""batch_size"": 16, ""epochs"": 800, ""include_reg_in_val"": false, ""shuffle"": true}}"
1761869e9d7b,1,0.6938519202875273,0.0,0.6938519202875273,0.0,0.52,0.0,162.0,0.0,"{""callbacks"": {""early_stopping"": true, ""min_delta"": 0.0, ""mode"": ""auto"", ""monitor"": ""val_loss"", ""patience"": 40, ""restore_best_weights"": true, ""verbose"": 0}, ""cv"": {""k"": 3, ""seed"": 42, ""shuffle"": true}, ""data"": {""train_path"": ""data/MONK/MONK1/monks-1.train""}, ""model"": {""activation"": ""sigmoid"", ""dropout"": 0.2, ""hidden_units"": [8, 4]}, ""optim"": {""lr"": 0.01, ""momentum"": 0.1, ""name"": ""sgd""}, ""regularizer"": {""l2"": ""1e-3""}, ""seed"": 42, ""split"": {""stratified"": true, ""val_size"": 0.2}, ""training"": {""batch_size"": 32, ""epochs"": 800, ""include_reg_in_val"": false, ""shuffle"": true}}"
d23971f9ca17,1,0.6938632496514012,0.0,0.6938632496514012,0.0,0.44,0.0,160.0,0.0,"{""callbacks"": {""early_stopping"": true, ""min_delta"": 0.0, ""mode"": ""auto"", ""monitor"": ""val_loss"", ""patience"": 40, ""restore_best_weights"": true, ""verbose"": 0}, ""cv"": {""k"": 3, ""seed"": 42, ""shuffle"": true}, ""data"": {""train_path"": ""data/MONK/MONK1/monks-1.train""}, ""model"": {""activation"": ""sigmoid"", ""dropout"": 0.0, ""hidden_units"": [8, 4]}, ""optim"": {""lr"": 0.01, ""momentum"": 0.1, ""name"": ""sgd""}, ""regularizer"": {""l2"": 0.0}, ""seed"": 42, ""split"": {""stratified"": true, ""val_size"": 0.2}, ""training"": {""batch_size"": 16, ""epochs"": 800, ""include_reg_in_val"": false, ""shuffle"": true}}"
4eb72aa3731d,1,0.6938788219048594,0.0,0.6938788219048594,0.0,0.52,0.0,162.0,0.0,"{""callbacks"": {""early_stopping"": true, ""min_delta"": 0.0, ""mode"": ""auto"", ""monitor"": ""val_loss"", ""patience"": 40, ""restore_best_weights"": true, ""verbose"": 0}, ""cv"": {""k"": 3, ""seed"": 42, ""shuffle"": true}, ""data"": {""train_path"": ""data/MONK/MONK1/monks-1.train""}, ""model"": {""activation"": ""sigmoid"", ""dropout"": 0.2, ""hidden_units"": [8, 4]}, ""optim"": {""lr"": 0.01, ""momentum"": 0.1, ""name"": ""sgd""}, ""regularizer"": {""l2"": 0.0}, ""seed"": 42, ""split"": {""stratified"": true, ""val_size"": 0.2}, ""training"": {""batch_size"": 32, ""epochs"": 800, ""include_reg_in_val"": false, ""shuffle"": true}}"
cb6de4cff76a,1,0.6939658620879592,0.0,0.6939658620879592,0.0,0.44,0.0,160.0,0.0,"{""callbacks"": {""early_stopping"": true, ""min_delta"": 0.0, ""mode"": ""auto"", ""monitor"": ""val_loss"", ""patience"": 40, ""restore_best_weights"": true, ""verbose"": 0}, ""cv"": {""k"": 3, ""seed"": 42, ""shuffle"": true}, ""data"": {""train_path"": ""data/MONK/MONK1/monks-1.train""}, ""model"": {""activation"": ""sigmoid"", ""dropout"": 0.0, ""hidden_units"": [8, 4]}, ""optim"": {""lr"": 0.01, ""momentum"": 0.0, ""name"": ""sgd""}, ""regularizer"": {""l2"": ""1e-3""}, ""seed"": 42, ""split"": {""stratified"": true, ""val_size"": 0.2}, ""training"": {""batch_size"": 16, ""epochs"": 800, ""include_reg_in_val"": false, ""shuffle"": true}}"
2d05665f01c3,1,0.6940033674352111,0.0,0.6940033674352111,0.0,0.48,0.0,160.0,0.0,"{""callbacks"": {""early_stopping"": true, ""min_delta"": 0.0, ""mode"": ""auto"", ""monitor"": ""val_loss"", ""patience"": 40, ""restore_best_weights"": true, ""verbose"": 0}, ""cv"": {""k"": 3, ""seed"": 42, ""shuffle"": true}, ""data"": {""train_path"": ""data/MONK/MONK1/monks-1.train""}, ""model"": {""activation"": ""sigmoid"", ""dropout"": 0.0, ""hidden_units"": [8, 4]}, ""optim"": {""lr"": 0.01, ""momentum"": 0.0, ""name"": ""sgd""}, ""regularizer"": {""l2"": 0.0}, ""seed"": 42, ""split"": {""stratified"": true, ""val_size"": 0.2}, ""training"": {""batch_size"": 16, ""epochs"": 800, ""include_reg_in_val"": false, ""shuffle"": true}}"
c1eba8b2eb89,1,0.6940139601776286,0.0,0.6940139601776286,0.0,0.52,0.0,160.0,0.0,"{""callbacks"": {""early_stopping"": true, ""min_delta"": 0.0, ""mode"": ""auto"", ""monitor"": ""val_loss"", ""patience"": 40, ""restore_best_weights"": true, ""verbose"": 0}, ""cv"": {""k"": 3, ""seed"": 42, ""shuffle"": true}, ""data"": {""train_path"": ""data/MONK/MONK1/monks-1.train""}, ""model"": {""activation"": ""sigmoid"", ""dropout"": 0.0, ""hidden_units"": [8, 4]}, ""optim"": {""lr"": 0.01, ""momentum"": 0.1, ""name"": ""sgd""}, ""regularizer"": {""l2"": ""1e-2""}, ""seed"": 42, ""split"": {""stratified"": true, ""val_size"": 0.2}, ""training"": {""batch_size"": 32, ""epochs"": 800, ""include_reg_in_val"": false, ""shuffle"": true}}"
17ed3307350c,1,0.6940144876167689,0.0,0.6940144876167689,0.0,0.48,0.0,160.0,0.0,"{""callbacks"": {""early_stopping"": true, ""min_delta"": 0.0, ""mode"": ""auto"", ""monitor"": ""val_loss"", ""patience"": 40, ""restore_best_weights"": true, ""verbose"": 0}, ""cv"": {""k"": 3, ""seed"": 42, ""shuffle"": true}, ""data"": {""train_path"": ""data/MONK/MONK1/monks-1.train""}, ""model"": {""activation"": ""sigmoid"", ""dropout"": 0.2, ""hidden_units"": [8, 4]}, ""optim"": {""lr"": 0.01, ""momentum"": 0.0, ""name"": ""sgd""}, ""regularizer"": {""l2"": ""1e-3""}, ""seed"": 42, ""split"": {""stratified"": true, ""val_size"": 0.2}, ""training"": {""batch_size"": 32, ""epochs"": 800, ""include_reg_in_val"": false, ""shuffle"": true}}"
de20e727633a,1,0.6940421450227139,0.0,0.6940421450227139,0.0,0.48,0.0,160.0,0.0,"{""callbacks"": {""early_stopping"": true, ""min_delta"": 0.0, ""mode"": ""auto"", ""monitor"": ""val_loss"", ""patience"": 40, ""restore_best_weights"": true, ""verbose"": 0}, ""cv"": {""k"": 3, ""seed"": 42, ""shuffle"": true}, ""data"": {""train_path"": ""data/MONK/MONK1/monks-1.train""}, ""model"": {""activation"": ""sigmoid"", ""dropout"": 0.2, ""hidden_units"": [8, 4]}, ""optim"": {""lr"": 0.01, ""momentum"": 0.0, ""name"": ""sgd""}, ""regularizer"": {""l2"": 0.0}, ""seed"": 42, ""split"": {""stratified"": true, ""val_size"": 0.2}, ""training"": {""batch_size"": 32, ""epochs"": 800, ""include_reg_in_val"": false, ""shuffle"": true}}"
de1b0dcdef3c,1,0.694212057717069,0.0,0.694212057717069,0.0,0.48,0.0,174.0,0.0,"{""callbacks"": {""early_stopping"": true, ""min_delta"": 0.0, ""mode"": ""auto"", ""monitor"": ""val_loss"", ""patience"": 40, ""restore_best_weights"": true, ""verbose"": 0}, ""cv"": {""k"": 3, ""seed"": 42, ""shuffle"": true}, ""data"": {""train_path"": ""data/MONK/MONK1/monks-1.train""}, ""model"": {""activation"": ""sigmoid"", ""dropout"": 0.0, ""hidden_units"": [8, 4]}, ""optim"": {""lr"": 0.01, ""momentum"": 0.0, ""name"": ""sgd""}, ""regularizer"": {""l2"": ""1e-2""}, ""seed"": 42, ""split"": {""stratified"": true, ""val_size"": 0.2}, ""training"": {""batch_size"": 32, ""epochs"": 800, ""include_reg_in_val"": false, ""shuffle"": true}}"
73c3c87212e6,1,0.6943148558742298,0.0,0.6943148558742298,0.0,0.44,0.0,160.0,0.0,"{""callbacks"": {""early_stopping"": true, ""min_delta"": 0.0, ""mode"": ""auto"", ""monitor"": ""val_loss"", ""patience"": 40, ""restore_best_weights"": true, ""verbose"": 0}, ""cv"": {""k"": 3, ""seed"": 42, ""shuffle"": true}, ""data"": {""train_path"": ""data/MONK/MONK1/monks-1.train""}, ""model"": {""activation"": ""sigmoid"", ""dropout"": 0.0, ""hidden_units"": [8, 4]}, ""optim"": {""lr"": 0.01, ""momentum"": 0.1, ""name"": ""sgd""}, ""regularizer"": {""l2"": ""1e-3""}, ""seed"": 42, ""split"": {""stratified"": true, ""val_size"": 0.2}, ""training"": {""batch_size"": 32, ""epochs"": 800, ""include_reg_in_val"": false, ""shuffle"": true}}"
74393208b890,1,0.694351043755855,0.0,0.694351043755855,0.0,0.44,0.0,160.0,0.0,"{""callbacks"": {""early_stopping"": true, ""min_delta"": 0.0, ""mode"": ""auto"", ""monitor"": ""val_loss"", ""patience"": 40, ""restore_best_weights"": true, ""verbose"": 0}, ""cv"": {""k"": 3, ""seed"": 42, ""shuffle"": true}, ""data"": {""train_path"": ""data/MONK/MONK1/monks-1.train""}, ""model"": {""activation"": ""sigmoid"", ""dropout"": 0.0, ""hidden_units"": [8, 4]}, ""optim"": {""lr"": 0.01, ""momentum"": 0.1, ""name"": ""sgd""}, ""regularizer"": {""l2"": 0.0}, ""seed"": 42, ""split"": {""stratified"": true, ""val_size"": 0.2}, ""training"": {""batch_size"": 32, ""epochs"": 800, ""include_reg_in_val"": false, ""shuffle"": true}}"
7bc95fddc68c,1,0.6945358776875262,0.0,0.6945358776875262,0.0,0.48,0.0,174.0,0.0,"{""callbacks"": {""early_stopping"": true, ""min_delta"": 0.0, ""mode"": ""auto"", ""monitor"": ""val_loss"", ""patience"": 40, ""restore_best_weights"": true, ""verbose"": 0}, ""cv"": {""k"": 3, ""seed"": 42, ""shuffle"": true}, ""data"": {""train_path"": ""data/MONK/MONK1/monks-1.train""}, ""model"": {""activation"": ""sigmoid"", ""dropout"": 0.0, ""hidden_units"": [8, 4]}, ""optim"": {""lr"": 0.01, ""momentum"": 0.0, ""name"": ""sgd""}, ""regularizer"": {""l2"": ""1e-3""}, ""seed"": 42, ""split"": {""stratified"": true, ""val_size"": 0.2}, ""training"": {""batch_size"": 32, ""epochs"": 800, ""include_reg_in_val"": false, ""shuffle"": true}}"
f3bb5edec4c7,1,0.6945747255098061,0.0,0.6945747255098061,0.0,0.44,0.0,174.0,0.0,"{""callbacks"": {""early_stopping"": true, ""min_delta"": 0.0, ""mode"": ""auto"", ""monitor"": ""val_loss"", ""patience"": 40, ""restore_best_weights"": true, ""verbose"": 0}, ""cv"": {""k"": 3, ""seed"": 42, ""shuffle"": true}, ""data"": {""train_path"": ""data/MONK/MONK1/monks-1.train""}, ""model"": {""activation"": ""sigmoid"", ""dropout"": 0.0, ""hidden_units"": [8, 4]}, ""optim"": {""lr"": 0.01, ""momentum"": 0.0, ""name"": ""sgd""}, ""regularizer"": {""l2"": 0.0}, ""seed"": 42, ""split"": {""stratified"": true, ""val_size"": 0.2}, ""training"": {""batch_size"": 32, ""epochs"": 800, ""include_reg_in_val"": false, ""shuffle"": true}}"
